{
  "type": "Feature",
  "properties": {},
  "geometry": {
    "type": "LineString",
    "coordinates": [
      [
        -2.0586540922522545,
        53.75008120201528,
        272.6
      ],
      [
        -2.058588545769453,
        53.75004943460226,
        272
      ],
      [
        -2.0585777331143618,
        53.75007080845535,
        271.6
      ],
      [
        -2.0585908088833094,
        53.750092098489404,
        271.4
      ],
      [
        -2.058592149987817,
        53.7501494307071,
        271.20000000000005
      ],
      [
        -2.0585999451577663,
        53.750170301645994,
        271
      ],
      [
        -2.0586095843464136,
        53.75017734244466,
        270.6
      ],
      [
        -2.0586437825113535,
        53.75021246261895,
        270.4
      ],
      [
        -2.058678148314357,
        53.7502527795732,
        270
      ],
      [
        -2.0586949959397316,
        53.75027650035918,
        269.79999999999995
      ],
      [
        -2.058784766122699,
        53.75033483840525,
        269.4
      ],
      [
        -2.0588831696659327,
        53.750397618860006,
        268.4
      ],
      [
        -2.058917786926031,
        53.7504306435585,
        268.4
      ],
      [
        -2.058922816067934,
        53.75045780092478,
        268.20000000000005
      ],
      [
        -2.0589306112378836,
        53.75053868629038,
        268.4
      ],
      [
        -2.058936059474945,
        53.75065385363996,
        268.6
      ],
      [
        -2.058923738077283,
        53.75072208233178,
        269
      ],
      [
        -2.0589090697467327,
        53.750766422599554,
        269.20000000000005
      ],
      [
        -2.0589028671383858,
        53.75077941454947,
        269.4
      ],
      [
        -2.058888031169772,
        53.75085124745965,
        270
      ],
      [
        -2.0588781405240297,
        53.75087706372142,
        270.20000000000005
      ],
      [
        -2.0588701777160168,
        53.75090464018285,
        270.4
      ],
      [
        -2.058868920430541,
        53.75094596296549,
        270.79999999999995
      ],
      [
        -2.0588637236505747,
        53.75098208896816,
        271.4
      ],
      [
        -2.058848887681961,
        53.7510022893548,
        271.6
      ],
      [
        -2.0588286872953176,
        53.751059621572495,
        272.20000000000005
      ],
      [
        -2.058822652325034,
        53.75107060186565,
        272.20000000000005
      ],
      [
        -2.0587966684252024,
        53.75111552886665,
        272.6
      ],
      [
        -2.0587660744786263,
        53.75116783194244,
        273.20000000000005
      ],
      [
        -2.058720225468278,
        53.75123186968267,
        273.6
      ],
      [
        -2.0586894638836384,
        53.75126355327666,
        274.20000000000005
      ],
      [
        -2.058623917400837,
        53.751311749219894,
        274.79999999999995
      ],
      [
        -2.0586001127958298,
        53.75133831985295,
        275
      ],
      [
        -2.0585233345627785,
        53.75140738673508,
        276
      ],
      [
        -2.058459799736738,
        53.75146295875311,
        276.79999999999995
      ],
      [
        -2.0584490709006786,
        53.75147293321788,
        277
      ],
      [
        -2.0583882182836533,
        53.75153101980686,
        278
      ],
      [
        -2.0583746396005154,
        53.75154200010002,
        278.20000000000005
      ],
      [
        -2.058306159451604,
        53.75160360708833,
        279.20000000000005
      ],
      [
        -2.0582703687250614,
        53.75163160264492,
        279.6
      ],
      [
        -2.058224603533745,
        53.75169035978615,
        280.20000000000005
      ],
      [
        -2.058207420632243,
        53.75170980580151,
        280.6
      ],
      [
        -2.058143885806203,
        53.75176403671503,
        281.4
      ],
      [
        -2.0581154711544514,
        53.751784320920706,
        281.79999999999995
      ],
      [
        -2.058041710406542,
        53.75183000229299,
        282.4
      ],
      [
        -2.058010445907712,
        53.75185548327863,
        282.79999999999995
      ],
      [
        -2.0579469949007034,
        53.751899152994156,
        283.4
      ],
      [
        -2.0579268783330917,
        53.75191608443856,
        283.79999999999995
      ],
      [
        -2.057865187525749,
        53.751967046409845,
        284.4
      ],
      [
        -2.0578515250235796,
        53.75197609886527,
        284.6
      ],
      [
        -2.057778686285019,
        53.75201817601919,
        285.4
      ],
      [
        -2.057703584432602,
        53.75204826705158,
        286.20000000000005
      ],
      [
        -2.0576563104987144,
        53.752072071656585,
        286.6
      ],
      [
        -2.057577269151807,
        53.75213636085391,
        287.4
      ],
      [
        -2.0575123094022274,
        53.7521730735898,
        287.79999999999995
      ],
      [
        -2.057452881708741,
        53.75219017267227,
        288.20000000000005
      ],
      [
        -2.0573720801621675,
        53.75221791677177,
        288.79999999999995
      ],
      [
        -2.0573181845247746,
        53.75223786570132,
        289.20000000000005
      ],
      [
        -2.057204693555832,
        53.75228522345424,
        289.79999999999995
      ],
      [
        -2.0571509655565023,
        53.75231020152569,
        290.20000000000005
      ],
      [
        -2.0570321939885616,
        53.75235412269831,
        290.79999999999995
      ],
      [
        -2.056979387998581,
        53.75237281434238,
        291.20000000000005
      ],
      [
        -2.0568387396633625,
        53.752428302541375,
        291.79999999999995
      ],
      [
        -2.0566331315785646,
        53.75251388177276,
        292.79999999999995
      ],
      [
        -2.0566142722964287,
        53.752521593123674,
        292.79999999999995
      ],
      [
        -2.0564394257962704,
        53.75259996391833,
        293.6
      ],
      [
        -2.056346470490098,
        53.75264061614871,
        294
      ],
      [
        -2.056262483820319,
        53.75267154537141,
        294.4
      ],
      [
        -2.0560872182250023,
        53.7527481559664,
        295
      ],
      [
        -2.0559704583138227,
        53.752817222848535,
        295.4
      ],
      [
        -2.0558676961809397,
        53.75292241573334,
        295.79999999999995
      ],
      [
        -2.055844645947218,
        53.75295761972666,
        296
      ],
      [
        -2.0557760819792747,
        53.75305283814669,
        296.6
      ],
      [
        -2.0557246170938015,
        53.753098603338,
        297
      ],
      [
        -2.0556796062737703,
        53.75312760472298,
        297.4
      ],
      [
        -2.0555076096206903,
        53.75320505350828,
        297.79999999999995
      ],
      [
        -2.0554483495652676,
        53.75322416424751,
        298
      ],
      [
        -2.055335193872452,
        53.75325961969793,
        298.6
      ],
      [
        -2.0551774464547634,
        53.753312677145004,
        299.20000000000005
      ],
      [
        -2.054990865290165,
        53.75336757861078,
        299.79999999999995
      ],
      [
        -2.054946944117546,
        53.75338333658874,
        300
      ],
      [
        -2.0548440143465996,
        53.75342600047588,
        300.6
      ],
      [
        -2.054825071245432,
        53.75343329273164,
        300.79999999999995
      ],
      [
        -2.054754663258791,
        53.75345810316503,
        301.20000000000005
      ],
      [
        -2.054693140089512,
        53.7534892000258,
        301.6
      ],
      [
        -2.0545984245836735,
        53.753532618284225,
        302.20000000000005
      ],
      [
        -2.0545539166778326,
        53.75355432741344,
        302.4
      ],
      [
        -2.0544893760234118,
        53.75358366407454,
        302.79999999999995
      ],
      [
        -2.0544797368347645,
        53.75358869321644,
        303
      ],
      [
        -2.054440174251795,
        53.753605959936976,
        303.20000000000005
      ],
      [
        -2.0544210635125637,
        53.75361358746886,
        303.20000000000005
      ],
      [
        -2.054327605292201,
        53.75366781838238,
        303.79999999999995
      ],
      [
        -2.054241271689534,
        53.753699166700244,
        304.4
      ],
      [
        -2.0542031340301037,
        53.7537186127156,
        304.79999999999995
      ],
      [
        -2.054086457937956,
        53.75377460382879,
        305.4
      ],
      [
        -2.054055528715253,
        53.753789104521275,
        305.4
      ],
      [
        -2.0539049059152603,
        53.753866804763675,
        306.4
      ],
      [
        -2.053762413561344,
        53.753913240507245,
        306.6
      ],
      [
        -2.053685635328293,
        53.75393788330257,
        306.79999999999995
      ],
      [
        -2.053541047498584,
        53.75397610478103,
        307.20000000000005
      ],
      [
        -2.0533449109643698,
        53.75402522273362,
        307.20000000000005
      ],
      [
        -2.053139302879572,
        53.754083728417754,
        307.20000000000005
      ],
      [
        -2.052987338975072,
        53.75412832014263,
        307.4
      ],
      [
        -2.052907207980752,
        53.75414952635765,
        307.6
      ],
      [
        -2.0527091436088085,
        53.754197638481855,
        307.6
      ],
      [
        -2.052646866068244,
        53.75422244891524,
        307.6
      ],
      [
        -2.052650386467576,
        53.7542315851897,
        307.6
      ],
      [
        -2.0526873506605625,
        53.75426192767918,
        308.20000000000005
      ],
      [
        -2.052689278498292,
        53.754269890487194,
        308.20000000000005
      ],
      [
        -2.052692798897624,
        53.754341723397374,
        308.6
      ],
      [
        -2.052703108638525,
        53.754390673711896,
        309
      ],
      [
        -2.0527041982859373,
        53.75441825017333,
        309.6
      ],
      [
        -2.0527158491313457,
        53.754488825798035,
        310
      ],
      [
        -2.0527256559580564,
        53.7545751594007,
        310.6
      ],
      [
        -2.0527249854058027,
        53.754586558789015,
        310.79999999999995
      ],
      [
        -2.052741162478924,
        53.75462394207716,
        311
      ],
      [
        -2.052748203277588,
        53.754664259031415,
        311.6
      ],
      [
        -2.0527518913149834,
        53.754673982039094,
        311.79999999999995
      ],
      [
        -2.0527563337236643,
        53.75471689738333,
        312.4
      ],
      [
        -2.052757339552045,
        53.75472754240036,
        312.4
      ],
      [
        -2.05277762375772,
        53.7547720503062,
        312.79999999999995
      ],
      [
        -2.0527645479887724,
        53.75481412746012,
        313.4
      ],
      [
        -2.052772594615817,
        53.75484438613057,
        314
      ],
      [
        -2.0527836587280035,
        53.75486542470753,
        314.20000000000005
      ],
      [
        -2.0527839940041304,
        53.75494102947414,
        315.20000000000005
      ],
      [
        -2.0527945552021265,
        53.754998529329896,
        316.20000000000005
      ],
      [
        -2.052795309573412,
        53.75500833615661,
        316.4
      ],
      [
        -2.05280645750463,
        53.75507706776261,
        317.6
      ],
      [
        -2.0528087206184864,
        53.7550862878561,
        317.79999999999995
      ],
      [
        -2.0528096426278353,
        53.75512048602104,
        318.6
      ],
      [
        -2.052816515788436,
        53.75515351071954,
        319.4
      ],
      [
        -2.0528170187026262,
        53.75516683794558,
        319.6
      ],
      [
        -2.0528211258351803,
        53.75520153902471,
        320.4
      ],
      [
        -2.052822969853878,
        53.75521478243172,
        320.79999999999995
      ],
      [
        -2.0528259873390198,
        53.75522802583873,
        321.20000000000005
      ],
      [
        -2.0528336986899376,
        53.75524453818798,
        321.79999999999995
      ],
      [
        -2.0528369676321745,
        53.755255937576294,
        322.20000000000005
      ],
      [
        -2.052822047844529,
        53.755268175154924,
        322.79999999999995
      ],
      [
        -2.05280888825655,
        53.75526901334524,
        322.79999999999995
      ],
      [
        -2.0527492091059685,
        53.75527722761035,
        323
      ],
      [
        -2.0526732690632343,
        53.755291141569614,
        323.20000000000005
      ],
      [
        -2.0526547450572252,
        53.75533766113222,
        324
      ],
      [
        -2.052668910473585,
        53.755387449637055,
        325
      ],
      [
        -2.05266865901649,
        53.75540094450116,
        325.4
      ],
      [
        -2.052655750885606,
        53.75543128699064,
        326.20000000000005
      ],
      [
        -2.052643345668912,
        53.75544645823538,
        326.6
      ],
      [
        -2.052633287385106,
        53.755467077717185,
        327.20000000000005
      ],
      [
        -2.0526201277971268,
        53.75548887066543,
        327.79999999999995
      ],
      [
        -2.05261736176908,
        53.75550638884306,
        328.4
      ],
      [
        -2.052612081170082,
        53.75552985817194,
        329.20000000000005
      ],
      [
        -2.0525993406772614,
        53.755542263388634,
        329.4
      ],
      [
        -2.0525548327714205,
        53.75557185150683,
        330
      ],
      [
        -2.0525304414331913,
        53.75559540465474,
        330.4
      ],
      [
        -2.0525015238672495,
        53.75562474131584,
        331.20000000000005
      ],
      [
        -2.052489537745714,
        53.75563790090382,
        331.6
      ],
      [
        -2.052483418956399,
        53.75565097667277,
        332.20000000000005
      ],
      [
        -2.052484340965748,
        53.75565659254789,
        332.79999999999995
      ],
      [
        -2.0524965785443783,
        53.75568090006709,
        333.79999999999995
      ],
      [
        -2.052501356229186,
        53.75567888841033,
        334.20000000000005
      ],
      [
        -2.052536392584443,
        53.755706548690796,
        334.20000000000005
      ],
      [
        -2.052573189139366,
        53.75573446042836,
        334.79999999999995
      ],
      [
        -2.0525899529457092,
        53.7557477876544,
        335.20000000000005
      ],
      [
        -2.0526136737316847,
        53.75576916150749,
        335.79999999999995
      ],
      [
        -2.052627755329013,
        53.75577620230615,
        336
      ],
      [
        -2.0526390708982944,
        53.755781231448054,
        336.20000000000005
      ],
      [
        -2.0526482071727514,
        53.755784751847386,
        336.4
      ],
      [
        -2.0526570919901133,
        53.755788104608655,
        336.6
      ],
      [
        -2.0526687428355217,
        53.75579606741667,
        337
      ],
      [
        -2.052682153880596,
        53.755804868415,
        337.4
      ],
      [
        -2.052704030647874,
        53.75581425614655,
        338
      ],
      [
        -2.052753735333681,
        53.75583806075156,
        338.79999999999995
      ],
      [
        -2.0527803897857666,
        53.75584417954087,
        339.20000000000005
      ],
      [
        -2.052840320393443,
        53.75585423782468,
        340.20000000000005
      ],
      [
        -2.052843840792775,
        53.755855998024344,
        340.4
      ],
      [
        -2.052892204374075,
        53.75587519258261,
        341.6
      ],
      [
        -2.052954314276576,
        53.75591240823269,
        342.6
      ],
      [
        -2.0530348643660545,
        53.755945432931185,
        343.79999999999995
      ],
      [
        -2.053051460534334,
        53.75595448538661,
        344
      ],
      [
        -2.053097141906619,
        53.755971835926175,
        344.79999999999995
      ],
      [
        -2.053133938461542,
        53.75596881844103,
        345.4
      ],
      [
        -2.0531326811760664,
        53.75597535632551,
        346
      ],
      [
        -2.053130166605115,
        53.755971333011985,
        346.4
      ],
      [
        -2.0531739201396704,
        53.7559930421412,
        346.79999999999995
      ],
      [
        -2.053220523521304,
        53.75600662082434,
        347
      ],
      [
        -2.0532592479139566,
        53.75601642765105,
        347.6
      ],
      [
        -2.0533013250678778,
        53.75603478401899,
        348.20000000000005
      ],
      [
        -2.0533219445496798,
        53.75605179928243,
        348.4
      ],
      [
        -2.053360501304269,
        53.756076442077756,
        349.20000000000005
      ],
      [
        -2.0533827133476734,
        53.756087170913815,
        349.4
      ],
      [
        -2.053429065272212,
        53.75610267743468,
        350.20000000000005
      ],
      [
        -2.053458569571376,
        53.75611281953752,
        350.79999999999995
      ],
      [
        -2.05348614603281,
        53.756127739325166,
        351.4
      ],
      [
        -2.053512716665864,
        53.75614601187408,
        352
      ],
      [
        -2.0535205118358135,
        53.7561693135649,
        352.6
      ],
      [
        -2.0535247027873993,
        53.75619295053184,
        353.20000000000005
      ],
      [
        -2.0535303186625242,
        53.75620845705271,
        353.6
      ],
      [
        -2.0535278879106045,
        53.75620719976723,
        354
      ],
      [
        -2.053537191823125,
        53.75620334409177,
        354.20000000000005
      ],
      [
        -2.053536856546998,
        53.75621574930847,
        354.20000000000005
      ],
      [
        -2.053536856546998,
        53.7562470138073,
        354.4
      ],
      [
        -2.053537778556347,
        53.7562570720911,
        354.6
      ],
      [
        -2.053541298955679,
        53.75628724694252,
        355.20000000000005
      ],
      [
        -2.0535419695079327,
        53.756308034062386,
        355.79999999999995
      ],
      [
        -2.053552782163024,
        53.7563212774694,
        356.4
      ],
      [
        -2.05353987403214,
        53.756352458149195,
        356.79999999999995
      ],
      [
        -2.0535547100007534,
        53.756371485069394,
        357
      ],
      [
        -2.053603660315275,
        53.756394451484084,
        357.4
      ],
      [
        -2.0536211784929037,
        53.75640342012048,
        357.4
      ],
      [
        -2.0536291413009167,
        53.756411047652364,
        357.4
      ],
      [
        -2.053682953119278,
        53.7564610876143,
        358
      ],
      [
        -2.0536877308040857,
        53.756477516144514,
        358.20000000000005
      ],
      [
        -2.0536780077964067,
        53.75653141178191,
        359
      ],
      [
        -2.0536759961396456,
        53.75654281117022,
        359.20000000000005
      ],
      [
        -2.0536687038838863,
        53.75661757774651,
        360.20000000000005
      ],
      [
        -2.0536407083272934,
        53.756660241633654,
        361
      ],
      [
        -2.0536333322525024,
        53.75666007399559,
        361.20000000000005
      ],
      [
        -2.0536332484334707,
        53.75666451640427,
        361.4
      ],
      [
        -2.0536333322525024,
        53.75666007399559,
        361.6
      ],
      [
        -2.0536333322525024,
        53.75666007399559,
        361.6
      ],
      [
        -2.0536456536501646,
        53.756661834195256,
        361.79999999999995
      ],
      [
        -2.053648419678211,
        53.756661331281066,
        361.79999999999995
      ],
      [
        -2.053670547902584,
        53.756676418706775,
        361.79999999999995
      ],
      [
        -2.0537037402391434,
        53.756721932440996,
        361.79999999999995
      ],
      [
        -2.053748331964016,
        53.75675043091178,
        362.20000000000005
      ],
      [
        -2.0537776686251163,
        53.75677239149809,
        362.6
      ],
      [
        -2.053796024993062,
        53.75680189579725,
        363.4
      ],
      [
        -2.0538097713142633,
        53.756815223023295,
        363.79999999999995
      ],
      [
        -2.053824858739972,
        53.756833244115114,
        364.20000000000005
      ],
      [
        -2.053822008892894,
        53.75684120692313,
        364.4
      ],
      [
        -2.0538317319005728,
        53.75686123967171,
        364.79999999999995
      ],
      [
        -2.0538530219346285,
        53.75688060186803,
        365.6
      ],
      [
        -2.053860817104578,
        53.75689837150276,
        366
      ],
      [
        -2.05385553650558,
        53.75690029934049,
        366.4
      ],
      [
        -2.0538512617349625,
        53.756893845275044,
        366.4
      ],
      [
        -2.053890908136964,
        53.7569341622293,
        366.4
      ],
      [
        -2.0538918301463127,
        53.75694916583598,
        366.4
      ],
      [
        -2.0538736414164305,
        53.75697816722095,
        366.4
      ],
      [
        -2.053864924237132,
        53.75698990188539,
        366.4
      ],
      [
        -2.0538544468581676,
        53.75701613724232,
        366.6
      ],
      [
        -2.0538203325122595,
        53.757077660411596,
        367
      ],
      [
        -2.0538102742284536,
        53.75715888105333,
        367.4
      ],
      [
        -2.0537369325757027,
        53.75724345445633,
        367.6
      ],
      [
        -2.0536417979747057,
        53.757297433912754,
        367.6
      ],
      [
        -2.05354280769825,
        53.757382007315755,
        367.4
      ],
      [
        -2.0535056758672,
        53.75741980969906,
        367.4
      ],
      [
        -2.053492348641157,
        53.75743615441024,
        367.4
      ],
      [
        -2.0534908398985863,
        53.75744839198887,
        367.4
      ],
      [
        -2.053459659218788,
        53.757520224899054,
        367.4
      ],
      [
        -2.053389335051179,
        53.75759985297918,
        367
      ],
      [
        -2.0532714016735554,
        53.757699094712734,
        366.6
      ],
      [
        -2.0531916059553623,
        53.757777800783515,
        365.6
      ],
      [
        -2.053105104714632,
        53.75784292817116,
        365
      ],
      [
        -2.0530458446592093,
        53.757883328944445,
        364.4
      ],
      [
        -2.0530022587627172,
        53.75791794620454,
        364
      ],
      [
        -2.052969317883253,
        53.75795348547399,
        363.4
      ],
      [
        -2.0529450941830873,
        53.75798516906798,
        363
      ],
      [
        -2.0529011730104685,
        53.75803126953542,
        362.4
      ],
      [
        -2.052866220474243,
        53.75807208940387,
        361.6
      ],
      [
        -2.052847947925329,
        53.758098827674985,
        361.20000000000005
      ],
      [
        -2.0527922082692385,
        53.75816697254777,
        360.20000000000005
      ],
      [
        -2.0527352951467037,
        53.75824601389468,
        359.20000000000005
      ],
      [
        -2.0527104008942842,
        53.75828146934509,
        358.79999999999995
      ],
      [
        -2.0526511408388615,
        53.75833746045828,
        358.20000000000005
      ],
      [
        -2.052635382860899,
        53.758358834311366,
        357.6
      ],
      [
        -2.052621468901634,
        53.75839437358081,
        357
      ],
      [
        -2.052618870511651,
        53.758417423814535,
        356.6
      ],
      [
        -2.052623312920332,
        53.75842337496579,
        356.4
      ],
      [
        -2.0526329521089792,
        53.7585177551955,
        356
      ],
      [
        -2.052638651803136,
        53.75854038633406,
        356
      ],
      [
        -2.052647452801466,
        53.75856217928231,
        355.6
      ],
      [
        -2.0526540745049715,
        53.75858682207763,
        355.20000000000005
      ],
      [
        -2.0526579301804304,
        53.75860970467329,
        354.79999999999995
      ],
      [
        -2.052653906866908,
        53.758678771555424,
        354
      ],
      [
        -2.0526504702866077,
        53.75868941657245,
        353.79999999999995
      ],
      [
        -2.052662204951048,
        53.75875571742654,
        352.6
      ],
      [
        -2.052664216607809,
        53.75876954756677,
        352.4
      ],
      [
        -2.0527304336428642,
        53.75883752480149,
        351.79999999999995
      ],
      [
        -2.0527527295053005,
        53.7588594853878,
        351.6
      ],
      [
        -2.0527865923941135,
        53.75889946706593,
        351.20000000000005
      ],
      [
        -2.052804445847869,
        53.75890986062586,
        351.20000000000005
      ],
      [
        -2.0528189465403557,
        53.75892151147127,
        351.20000000000005
      ],
      [
        -2.052827328443527,
        53.75893207266927,
        351.20000000000005
      ],
      [
        -2.052838057279587,
        53.75894154421985,
        351
      ],
      [
        -2.052850043401122,
        53.75895126722753,
        350.79999999999995
      ],
      [
        -2.0528888516128063,
        53.75898001715541,
        350.6
      ],
      [
        -2.0529043581336737,
        53.75898848287761,
        350.4
      ],
      [
        -2.0529565773904324,
        53.7590703740716,
        350
      ],
      [
        -2.053029080852866,
        53.75914949923754,
        349.4
      ],
      [
        -2.053076019510627,
        53.75917883589864,
        349.20000000000005
      ],
      [
        -2.0531073678284883,
        53.75920255668461,
        348.79999999999995
      ],
      [
        -2.053131004795432,
        53.75922292470932,
        348.6
      ],
      [
        -2.0531559828668833,
        53.75925368629396,
        348.4
      ],
      [
        -2.053162604570389,
        53.75926449894905,
        348.20000000000005
      ],
      [
        -2.0532294921576977,
        53.75932208262384,
        347.20000000000005
      ],
      [
        -2.0532380416989326,
        53.75933088362217,
        347.20000000000005
      ],
      [
        -2.0532790292054415,
        53.75940305180848,
        346.6
      ],
      [
        -2.053312975913286,
        53.75943708233535,
        346
      ],
      [
        -2.053354550153017,
        53.75947563908994,
        345.79999999999995
      ],
      [
        -2.053403165191412,
        53.75952643342316,
        345
      ],
      [
        -2.0534204319119453,
        53.759546214714646,
        344.79999999999995
      ],
      [
        -2.0535179134458303,
        53.75961779616773,
        344.20000000000005
      ],
      [
        -2.0536071807146072,
        53.759704884141684,
        344
      ],
      [
        -2.053639702498913,
        53.75973698683083,
        344
      ],
      [
        -2.053678510710597,
        53.759771352633834,
        343.79999999999995
      ],
      [
        -2.0537718012928963,
        53.759850058704615,
        343.4
      ],
      [
        -2.0538860466331244,
        53.7599266692996,
        343
      ],
      [
        -2.053997777402401,
        53.759972266852856,
        342.79999999999995
      ],
      [
        -2.0540196541696787,
        53.75999012030661,
        342.79999999999995
      ],
      [
        -2.054065754637122,
        53.76003731042147,
        342.6
      ],
      [
        -2.05409643240273,
        53.76007226295769,
        342.6
      ],
      [
        -2.054179161787033,
        53.760163709521294,
        342.20000000000005
      ],
      [
        -2.0542267709970474,
        53.760225316509604,
        341.79999999999995
      ],
      [
        -2.054252838715911,
        53.76025046221912,
        341.6
      ],
      [
        -2.054347302764654,
        53.76032816246152,
        340.79999999999995
      ],
      [
        -2.054355600848794,
        53.76034417189658,
        340.79999999999995
      ],
      [
        -2.054411843419075,
        53.760414915159345,
        340
      ],
      [
        -2.054459536448121,
        53.760463781654835,
        339.79999999999995
      ],
      [
        -2.0545260049402714,
        53.76051004976034,
        339.4
      ],
      [
        -2.054538242518902,
        53.7605189345777,
        339.4
      ],
      [
        -2.054637735709548,
        53.76062178052962,
        338.79999999999995
      ],
      [
        -2.054648967459798,
        53.760633850470185,
        338.6
      ],
      [
        -2.05473261885345,
        53.76069109886885,
        338.20000000000005
      ],
      [
        -2.054808558896184,
        53.76077877357602,
        337.79999999999995
      ],
      [
        -2.0548109896481037,
        53.76080031506717,
        337.6
      ],
      [
        -2.054844433441758,
        53.76084121875465,
        337.6
      ],
      [
        -2.054917523637414,
        53.760916152969,
        337.6
      ],
      [
        -2.0550054498016834,
        53.760998295620084,
        337.20000000000005
      ],
      [
        -2.0550740137696266,
        53.76107582822442,
        337.20000000000005
      ],
      [
        -2.0551651250571012,
        53.76115755178034,
        337.20000000000005
      ],
      [
        -2.055233521386981,
        53.76121119596064,
        337.20000000000005
      ],
      [
        -2.0552873332053423,
        53.76129602082074,
        337.4
      ],
      [
        -2.0553446654230356,
        53.7613860424608,
        337.4
      ],
      [
        -2.0553944539278746,
        53.76145779155195,
        337.4
      ],
      [
        -2.0554418954998255,
        53.761515878140926,
        337.4
      ],
      [
        -2.055470561608672,
        53.761539766564965,
        337.4
      ],
      [
        -2.0554920192807913,
        53.761562230065465,
        337.4
      ],
      [
        -2.055513309314847,
        53.761583687737584,
        337.4
      ],
      [
        -2.055528648197651,
        53.761593997478485,
        337.4
      ],
      [
        -2.0556029956787825,
        53.76165342517197,
        337.4
      ],
      [
        -2.05567323602736,
        53.7617364898324,
        337.6
      ],
      [
        -2.0557134691625834,
        53.76178476959467,
        337.6
      ],
      [
        -2.0557214319705963,
        53.76178711652756,
        337.79999999999995
      ],
      [
        -2.055737776681781,
        53.76181025058031,
        337.79999999999995
      ],
      [
        -2.0557358488440514,
        53.76182349398732,
        337.79999999999995
      ],
      [
        -2.0557540375739336,
        53.76184687949717,
        337.79999999999995
      ],
      [
        -2.0558082684874535,
        53.76190169714391,
        337.79999999999995
      ],
      [
        -2.0558609906584024,
        53.76198509708047,
        337.79999999999995
      ],
      [
        -2.055957969278097,
        53.762060618028045,
        337.79999999999995
      ],
      [
        -2.0560373459011316,
        53.76213815063238,
        338.20000000000005
      ],
      [
        -2.056072549894452,
        53.76219782978296,
        338.4
      ],
      [
        -2.0560785848647356,
        53.762211157009006,
        338.4
      ],
      [
        -2.056101970374584,
        53.76223378814757,
        338.4
      ],
      [
        -2.0561630744487047,
        53.76231199130416,
        338.6
      ],
      [
        -2.0561787486076355,
        53.76234577037394,
        338.6
      ],
      [
        -2.056213030591607,
        53.762395894154906,
        338.6
      ],
      [
        -2.056308416649699,
        53.762466637417674,
        338.79999999999995
      ],
      [
        -2.056388882920146,
        53.762555150315166,
        339
      ],
      [
        -2.056454261764884,
        53.762618601322174,
        339.20000000000005
      ],
      [
        -2.0564582012593746,
        53.76262958161533,
        339.20000000000005
      ],
      [
        -2.0565397571772337,
        53.76271189190447,
        339.4
      ],
      [
        -2.0566270127892494,
        53.76279822550714,
        339.6
      ],
      [
        -2.0566534996032715,
        53.76282320357859,
        339.79999999999995
      ],
      [
        -2.056701024994254,
        53.762899143621325,
        340
      ],
      [
        -2.0567984227091074,
        53.76297592185438,
        340
      ],
      [
        -2.0569193735718727,
        53.76303610391915,
        340.4
      ],
      [
        -2.057010903954506,
        53.76307927072048,
        340.79999999999995
      ],
      [
        -2.0570433419197798,
        53.76308983191848,
        341
      ],
      [
        -2.0572136621922255,
        53.763171723112464,
        341.4
      ],
      [
        -2.0573176816105843,
        53.76323609612882,
        341.79999999999995
      ],
      [
        -2.0573322661221027,
        53.763243639841676,
        341.79999999999995
      ],
      [
        -2.057414073497057,
        53.763309102505445,
        342.4
      ],
      [
        -2.0575232058763504,
        53.763393592089415,
        342.6
      ],
      [
        -2.0576306618750095,
        53.76347489655018,
        342.79999999999995
      ],
      [
        -2.057648431509733,
        53.76348520629108,
        342.79999999999995
      ],
      [
        -2.0577290654182434,
        53.763563660904765,
        343.20000000000005
      ],
      [
        -2.057805173099041,
        53.76366633921862,
        343.4
      ],
      [
        -2.057918244972825,
        53.76371579244733,
        343.6
      ],
      [
        -2.05802402459085,
        53.76374085433781,
        343.4
      ],
      [
        -2.05810415558517,
        53.76381000503898,
        343.20000000000005
      ],
      [
        -2.0581663493067026,
        53.76386943273246,
        343.6
      ],
      [
        -2.058175317943096,
        53.76388602890074,
        344
      ],
      [
        -2.0582210831344128,
        53.76391327008605,
        344
      ],
      [
        -2.058297526091337,
        53.763944786041975,
        344.20000000000005
      ],
      [
        -2.0583658386021852,
        53.763989713042974,
        344.79999999999995
      ],
      [
        -2.0584107656031847,
        53.76404704526067,
        344.4
      ],
      [
        -2.0584858674556017,
        53.76409297809005,
        344
      ],
      [
        -2.0585728716105223,
        53.76416003331542,
        343.4
      ],
      [
        -2.058605309575796,
        53.76419532112777,
        343.6
      ],
      [
        -2.058660127222538,
        53.76424636691809,
        344.6
      ],
      [
        -2.058686278760433,
        53.76426128670573,
        345
      ],
      [
        -2.0587382465600967,
        53.76429204829037,
        345.6
      ],
      [
        -2.058781748637557,
        53.76432272605598,
        345.79999999999995
      ],
      [
        -2.0587896276265383,
        53.7643320299685,
        346
      ],
      [
        -2.0587975904345512,
        53.76434016041458,
        346.20000000000005
      ],
      [
        -2.058833045884967,
        53.76436958089471,
        346.4
      ],
      [
        -2.05886984243989,
        53.764411909505725,
        346.79999999999995
      ],
      [
        -2.0588908810168505,
        53.764450969174504,
        347.20000000000005
      ],
      [
        -2.0588885340839624,
        53.764448035508394,
        347.6
      ],
      [
        -2.0588885340839624,
        53.76444828696549,
        347.6
      ],
      [
        -2.0588993467390537,
        53.764487095177174,
        347.4
      ],
      [
        -2.058922229334712,
        53.764584911987185,
        347
      ],
      [
        -2.0589135121554136,
        53.76464115455747,
        347.20000000000005
      ],
      [
        -2.058905716985464,
        53.76471307128668,
        347.6
      ],
      [
        -2.058905214071274,
        53.764746095985174,
        347.79999999999995
      ],
      [
        -2.0589240733534098,
        53.76476604491472,
        347.79999999999995
      ],
      [
        -2.0589232351630926,
        53.76477878540754,
        348
      ],
      [
        -2.058923402801156,
        53.764797896146774,
        348
      ],
      [
        -2.058929856866598,
        53.76480560749769,
        348
      ],
      [
        -2.0589494705200195,
        53.76485724002123,
        348
      ],
      [
        -2.058938993141055,
        53.76486612483859,
        348
      ],
      [
        -2.0589244924485683,
        53.76494466327131,
        348
      ],
      [
        -2.058972269296646,
        53.76498145982623,
        348.20000000000005
      ],
      [
        -2.0589772146195173,
        53.76499017700553,
        348.4
      ],
      [
        -2.058984925970435,
        53.76500291749835,
        348.4
      ],
      [
        -2.058988781645894,
        53.765014819800854,
        348.4
      ],
      [
        -2.058989619836211,
        53.76502697356045,
        348.6
      ],
      [
        -2.0589903742074966,
        53.76503770239651,
        348.79999999999995
      ],
      [
        -2.0590004324913025,
        53.76507567241788,
        349.20000000000005
      ],
      [
        -2.0590374805033207,
        53.76515546813607,
        349.79999999999995
      ],
      [
        -2.0590826589614153,
        53.765219170600176,
        350.4
      ],
      [
        -2.059092801064253,
        53.765228474512696,
        350.4
      ],
      [
        -2.0591337885707617,
        53.76530055887997,
        350.79999999999995
      ],
      [
        -2.0591933000832796,
        53.76537968404591,
        351.20000000000005
      ],
      [
        -2.0592145062983036,
        53.76540097407997,
        351.4
      ],
      [
        -2.059275107458234,
        53.76545051112771,
        351.79999999999995
      ],
      [
        -2.0593658834695816,
        53.76550608314574,
        352.4
      ],
      [
        -2.05938633531332,
        53.76552460715175,
        352.4
      ],
      [
        -2.0595263969153166,
        53.76559962518513,
        353
      ],
      [
        -2.0595747604966164,
        53.765625692903996,
        353.20000000000005
      ],
      [
        -2.059592781588435,
        53.76565997488797,
        353.4
      ],
      [
        -2.0596258901059628,
        53.765688640996814,
        353.6
      ],
      [
        -2.0596695598214865,
        53.76572526991367,
        353.79999999999995
      ],
      [
        -2.059753043577075,
        53.76578360795975,
        354
      ],
      [
        -2.059870306402445,
        53.76584487967193,
        354.4
      ],
      [
        -2.0598980505019426,
        53.765857703983784,
        354.6
      ],
      [
        -2.0599873177707195,
        53.7658981885761,
        355
      ],
      [
        -2.060034591704607,
        53.76593330875039,
        355.4
      ],
      [
        -2.060053450986743,
        53.76595853827894,
        355.4
      ],
      [
        -2.0601510163396597,
        53.76599080860615,
        355.4
      ],
      [
        -2.0602859649807215,
        53.766057193279266,
        355.4
      ],
      [
        -2.060386883094907,
        53.76609072089195,
        355.79999999999995
      ],
      [
        -2.06039534881711,
        53.76609843224287,
        355.79999999999995
      ],
      [
        -2.0604982785880566,
        53.766154423356056,
        356.79999999999995
      ],
      [
        -2.0606298744678497,
        53.76622164621949,
        358
      ],
      [
        -2.060732049867511,
        53.76628174446523,
        358.6
      ],
      [
        -2.0607644878327847,
        53.76629842445254,
        359
      ],
      [
        -2.0608275197446346,
        53.76633672975004,
        359.4
      ],
      [
        -2.060903627425432,
        53.7664008513093,
        360.20000000000005
      ],
      [
        -2.0609744545072317,
        53.76645524986088,
        360.6
      ],
      [
        -2.06108040176332,
        53.766530100256205,
        361
      ],
      [
        -2.0611017756164074,
        53.76654686406255,
        361.20000000000005
      ],
      [
        -2.0611582696437836,
        53.76657921820879,
        361.79999999999995
      ],
      [
        -2.0612125005573034,
        53.76661970280111,
        362.20000000000005
      ],
      [
        -2.0612492971122265,
        53.76664526760578,
        362.20000000000005
      ],
      [
        -2.061253571882844,
        53.76666873693466,
        362.20000000000005
      ],
      [
        -2.0612705033272505,
        53.76670528203249,
        362.79999999999995
      ],
      [
        -2.061312748119235,
        53.76674191094935,
        363.4
      ],
      [
        -2.061339318752289,
        53.766807625070214,
        364.4
      ],
      [
        -2.061388185247779,
        53.766865376383066,
        364.79999999999995
      ],
      [
        -2.061476865783334,
        53.766931258141994,
        365.20000000000005
      ],
      [
        -2.061511902138591,
        53.76695640385151,
        365.20000000000005
      ],
      [
        -2.0615481957793236,
        53.76696570776403,
        365.4
      ],
      [
        -2.061557248234749,
        53.76697450876236,
        365.4
      ],
      [
        -2.061619022861123,
        53.76702639274299,
        365.6
      ],
      [
        -2.061699153855443,
        53.76706302165985,
        366
      ],
      [
        -2.0618206914514303,
        53.76709520816803,
        366.4
      ],
      [
        -2.0618297439068556,
        53.767098393291235,
        366.4
      ],
      [
        -2.0618912670761347,
        53.76712353900075,
        366.79999999999995
      ],
      [
        -2.061914149671793,
        53.76714172773063,
        367
      ],
      [
        -2.0619635190814734,
        53.767175590619445,
        367.20000000000005
      ],
      [
        -2.062001070007682,
        53.767189253121614,
        367.20000000000005
      ],
      [
        -2.062005763873458,
        53.76722613349557,
        367.4
      ],
      [
        -2.0620152354240417,
        53.76722722314298,
        367.4
      ],
      [
        -2.0620185881853104,
        53.7672262173146,
        367.4
      ],
      [
        -2.062020767480135,
        53.76724918372929,
        367.6
      ],
      [
        -2.0620812010020018,
        53.76731129363179,
        367.79999999999995
      ],
      [
        -2.0621574763208628,
        53.76737583428621,
        368.20000000000005
      ],
      [
        -2.0622197538614273,
        53.76745470799506,
        368.4
      ],
      [
        -2.0622811932116747,
        53.76749670132995,
        368.4
      ],
      [
        -2.0623189117759466,
        53.7675248645246,
        368.6
      ],
      [
        -2.06240214407444,
        53.76758420839906,
        368.6
      ],
      [
        -2.0624956861138344,
        53.76766635105014,
        368.6
      ],
      [
        -2.0625860430300236,
        53.767717480659485,
        368.6
      ],
      [
        -2.0626509189605713,
        53.76781772822142,
        368.6
      ],
      [
        -2.062756111845374,
        53.767908085137606,
        368.20000000000005
      ],
      [
        -2.0628004521131516,
        53.768006907776,
        368
      ],
      [
        -2.0628408528864384,
        53.768078573048115,
        367.4
      ],
      [
        -2.062856024131179,
        53.76809500157833,
        367.4
      ],
      [
        -2.0628744643181562,
        53.7681863643229,
        367.20000000000005
      ],
      [
        -2.0628975983709097,
        53.76825425773859,
        366.4
      ],
      [
        -2.062907489016652,
        53.76826582476497,
        366.4
      ],
      [
        -2.0630243327468634,
        53.768320893868804,
        366
      ],
      [
        -2.063159281387925,
        53.76834411174059,
        366.20000000000005
      ],
      [
        -2.0632731076329947,
        53.768395660445094,
        366.20000000000005
      ],
      [
        -2.0633362233638763,
        53.76850831322372,
        366.20000000000005
      ],
      [
        -2.0633308589458466,
        53.76855315640569,
        366.20000000000005
      ],
      [
        -2.0632852613925934,
        53.76857218332589,
        366.20000000000005
      ],
      [
        -2.063191970810294,
        53.76863974146545,
        365.79999999999995
      ],
      [
        -2.063269419595599,
        53.76871543005109,
        365.6
      ],
      [
        -2.063413755968213,
        53.76874971203506,
        365.6
      ],
      [
        -2.0635808911174536,
        53.76874920912087,
        366.20000000000005
      ],
      [
        -2.063699159771204,
        53.768781730905175,
        366.20000000000005
      ],
      [
        -2.0637385547161102,
        53.76879916526377,
        366.20000000000005
      ],
      [
        -2.06393008120358,
        53.76888457685709,
        366.6
      ],
      [
        -2.0641212724149227,
        53.76895532011986,
        366.6
      ],
      [
        -2.064266949892044,
        53.769018771126866,
        366.79999999999995
      ],
      [
        -2.064427128061652,
        53.76907551661134,
        367
      ],
      [
        -2.064527040347457,
        53.769160928204656,
        367
      ],
      [
        -2.064610943198204,
        53.769249860197306,
        367.20000000000005
      ],
      [
        -2.0646364241838455,
        53.76928573474288,
        367.4
      ],
      [
        -2.0646653417497873,
        53.76930434256792,
        367.4
      ],
      [
        -2.0646829437464476,
        53.769328985363245,
        367.4
      ],
      [
        -2.06472409889102,
        53.76937751658261,
        367.6
      ],
      [
        -2.0647775754332542,
        53.76940341666341,
        367.6
      ],
      [
        -2.0649219956249,
        53.769487319514155,
        367.6
      ],
      [
        -2.0650307089090347,
        53.76955294981599,
        367.6
      ],
      [
        -2.0652707666158676,
        53.769622184336185,
        367.79999999999995
      ],
      [
        -2.065347796306014,
        53.76970835030079,
        367.6
      ],
      [
        -2.0654698368161917,
        53.769756546244025,
        367.79999999999995
      ],
      [
        -2.0655941404402256,
        53.76983793452382,
        368
      ],
      [
        -2.065751636400819,
        53.76991270110011,
        368.20000000000005
      ],
      [
        -2.0659533888101578,
        53.76994874328375,
        368.4
      ],
      [
        -2.066008457913995,
        53.76996064558625,
        368.6
      ],
      [
        -2.066098479554057,
        53.769983695819974,
        368.6
      ],
      [
        -2.066246587783098,
        53.770049242302775,
        369
      ],
      [
        -2.0663827937096357,
        53.77012635581195,
        369.4
      ],
      [
        -2.066403580829501,
        53.770130882039666,
        369.6
      ],
      [
        -2.066548503935337,
        53.770163487643,
        369.79999999999995
      ],
      [
        -2.0667068380862474,
        53.77020581625402,
        370.20000000000005
      ],
      [
        -2.066869866102934,
        53.770273961126804,
        370
      ],
      [
        -2.066999115049839,
        53.770331628620625,
        370
      ],
      [
        -2.0671499893069267,
        53.77038384787738,
        370
      ],
      [
        -2.0672486443072557,
        53.770436653867364,
        370.20000000000005
      ],
      [
        -2.0673662424087524,
        53.77055131830275,
        370.4
      ],
      [
        -2.0674727763980627,
        53.77063907682896,
        370.20000000000005
      ],
      [
        -2.067571012303233,
        53.770721135661006,
        370.20000000000005
      ],
      [
        -2.0675932243466377,
        53.77072809264064,
        370
      ],
      [
        -2.067717108875513,
        53.770798332989216,
        370
      ],
      [
        -2.067816434428096,
        53.77086890861392,
        370.20000000000005
      ],
      [
        -2.067936882376671,
        53.770944932475686,
        370.20000000000005
      ],
      [
        -2.067962447181344,
        53.770959516987205,
        370.20000000000005
      ],
      [
        -2.068046433851123,
        53.77098768018186,
        370
      ],
      [
        -2.068177442997694,
        53.771036798134446,
        370.20000000000005
      ],
      [
        -2.068241396918893,
        53.771059764549136,
        370.20000000000005
      ],
      [
        -2.068326473236084,
        53.77107468433678,
        370.4
      ],
      [
        -2.0684754196554422,
        53.771143248304725,
        370.4
      ],
      [
        -2.06860332749784,
        53.77119177952409,
        370
      ],
      [
        -2.068718411028385,
        53.771253135055304,
        370
      ],
      [
        -2.068838020786643,
        53.77131004817784,
        370
      ],
      [
        -2.0689839497208595,
        53.77139571122825,
        369.79999999999995
      ],
      [
        -2.0690784137696028,
        53.7714328430593,
        369.79999999999995
      ],
      [
        -2.069199699908495,
        53.771457904949784,
        369.79999999999995
      ],
      [
        -2.0692570321261883,
        53.77147517167032,
        369.79999999999995
      ],
      [
        -2.0692828483879566,
        53.771471651270986,
        369.79999999999995
      ],
      [
        -2.069428190588951,
        53.771479446440935,
        370
      ],
      [
        -2.0695762149989605,
        53.77148497849703,
        370.20000000000005
      ],
      [
        -2.069716192781925,
        53.77152169123292,
        370.4
      ],
      [
        -2.0697902888059616,
        53.77153728157282,
        370.6
      ],
      [
        -2.069898247718811,
        53.77156712114811,
        370.79999999999995
      ],
      [
        -2.0699944719672203,
        53.771582040935755,
        370.6
      ],
      [
        -2.070016600191593,
        53.77158422023058,
        370.6
      ],
      [
        -2.0701532252132893,
        53.771616322919726,
        370.4
      ],
      [
        -2.0703006628900766,
        53.77165521495044,
        370.4
      ],
      [
        -2.0704750064760447,
        53.771694442257285,
        370.6
      ],
      [
        -2.0704915188252926,
        53.771699387580156,
        370.6
      ],
      [
        -2.0704915188252926,
        53.771699387580156,
        370.6
      ],
      [
        -2.0704915188252926,
        53.771699387580156,
        370.6
      ],
      [
        -2.0704915188252926,
        53.771699387580156,
        370.6
      ],
      [
        -2.0704915188252926,
        53.771699387580156,
        370.6
      ],
      [
        -2.0704915188252926,
        53.771699387580156,
        370.6
      ],
      [
        -2.0704915188252926,
        53.771699387580156,
        370.6
      ],
      [
        -2.0704915188252926,
        53.771699387580156,
        370.6
      ],
      [
        -2.0704915188252926,
        53.771699387580156,
        370.6
      ],
      [
        -2.0704915188252926,
        53.771699387580156,
        370.6
      ],
      [
        -2.07048405893147,
        53.77169419080019,
        370.6
      ],
      [
        -2.070484645664692,
        53.771694442257285,
        370.6
      ],
      [
        -2.070506941527128,
        53.771705171093345,
        370.6
      ],
      [
        -2.0706007350236177,
        53.77172562293708,
        370.6
      ],
      [
        -2.0707353483885527,
        53.771758982911706,
        370.4
      ],
      [
        -2.070867447182536,
        53.771779015660286,
        370
      ],
      [
        -2.0709801837801933,
        53.771801982074976,
        369.79999999999995
      ],
      [
        -2.0710707921534777,
        53.77181732095778,
        369.6
      ],
      [
        -2.07110901363194,
        53.77182469703257,
        369.4
      ],
      [
        -2.0712639950215816,
        53.771862834692,
        369
      ],
      [
        -2.0714168809354305,
        53.771906001493335,
        368.4
      ],
      [
        -2.0714605506509542,
        53.77191153354943,
        368.4
      ],
      [
        -2.071600779891014,
        53.77194472588599,
        367.79999999999995
      ],
      [
        -2.071775458753109,
        53.771967524662614,
        367.6
      ],
      [
        -2.071793479844928,
        53.7719682790339,
        367.4
      ],
      [
        -2.0719637162983418,
        53.771988144144416,
        366.79999999999995
      ],
      [
        -2.0720984134823084,
        53.77200499176979,
        366.79999999999995
      ],
      [
        -2.0722850784659386,
        53.77201580442488,
        366.6
      ],
      [
        -2.072336794808507,
        53.77202142030001,
        366.4
      ],
      [
        -2.072365041822195,
        53.7720251083374,
        366.4
      ],
      [
        -2.07240778952837,
        53.77203290350735,
        366.4
      ],
      [
        -2.0726011600345373,
        53.77203818410635,
        365.4
      ],
      [
        -2.0726470928639174,
        53.772042375057936,
        365.4
      ],
      [
        -2.072686990723014,
        53.77204790711403,
        365.20000000000005
      ],
      [
        -2.072789501398802,
        53.7720631621778,
        365.20000000000005
      ],
      [
        -2.0729996357113123,
        53.77209677360952,
        364.6
      ],
      [
        -2.0731232687830925,
        53.772108759731054,
        364.20000000000005
      ],
      [
        -2.0731819421052933,
        53.77211278304458,
        363.79999999999995
      ],
      [
        -2.0733225904405117,
        53.772129379212856,
        363.6
      ],
      [
        -2.073394004255533,
        53.77215058542788,
        363.20000000000005
      ],
      [
        -2.073411187157035,
        53.77215628512204,
        363
      ],
      [
        -2.073521912097931,
        53.77217791043222,
        362.20000000000005
      ],
      [
        -2.0735650788992643,
        53.77218620851636,
        362
      ],
      [
        -2.073610173538327,
        53.77219584770501,
        361.6
      ],
      [
        -2.073694495484233,
        53.772219233214855,
        360.79999999999995
      ],
      [
        -2.0737461280077696,
        53.77223691903055,
        360.6
      ],
      [
        -2.0737956650555134,
        53.77225267700851,
        359.79999999999995
      ],
      [
        -2.073903875425458,
        53.77227899618447,
        358.79999999999995
      ],
      [
        -2.073923656716943,
        53.7722806725651,
        358.79999999999995
      ],
      [
        -2.0740218088030815,
        53.77230699174106,
        357.79999999999995
      ],
      [
        -2.074086433276534,
        53.77231830731034,
        357.20000000000005
      ],
      [
        -2.0741171948611736,
        53.772331131622195,
        356.79999999999995
      ],
      [
        -2.0741354674100876,
        53.77233331091702,
        356.4
      ],
      [
        -2.0741906203329563,
        53.77234219573438,
        355.79999999999995
      ],
      [
        -2.0742368046194315,
        53.77236071974039,
        355.4
      ],
      [
        -2.074326239526272,
        53.77239718101919,
        354.4
      ],
      [
        -2.074339147657156,
        53.77240472473204,
        354.20000000000005
      ],
      [
        -2.07440628670156,
        53.77244613133371,
        353.20000000000005
      ],
      [
        -2.0744426641613245,
        53.77245987765491,
        353
      ],
      [
        -2.0745279919356108,
        53.77247270196676,
        352.20000000000005
      ],
      [
        -2.0745845697820187,
        53.772481251508,
        351.6
      ],
      [
        -2.074606027454138,
        53.772481586784124,
        351.4
      ],
      [
        -2.074644584208727,
        53.772492399439216,
        351.20000000000005
      ],
      [
        -2.074773581698537,
        53.77252785488963,
        350.4
      ],
      [
        -2.074792943894863,
        53.77253372222185,
        350
      ],
      [
        -2.074946416541934,
        53.772559287026525,
        349.79999999999995
      ],
      [
        -2.075099302455783,
        53.77259633503854,
        349.4
      ],
      [
        -2.075166441500187,
        53.77261812798679,
        349
      ],
      [
        -2.075254200026393,
        53.77267839387059,
        348.4
      ],
      [
        -2.0752863865345716,
        53.77269448712468,
        348.4
      ],
      [
        -2.0753770787268877,
        53.77271493896842,
        348
      ],
      [
        -2.075401972979307,
        53.772719129920006,
        348
      ],
      [
        -2.075614035129547,
        53.77276682294905,
        347.6
      ],
      [
        -2.075791899114847,
        53.772803116589785,
        347
      ],
      [
        -2.075817883014679,
        53.77280697226524,
        347
      ],
      [
        -2.0758398436009884,
        53.77281208522618,
        347
      ],
      [
        -2.0759952440857887,
        53.77284687012434,
        346.4
      ],
      [
        -2.07615802064538,
        53.77287863753736,
        345.79999999999995
      ],
      [
        -2.076242845505476,
        53.77289774827659,
        345.4
      ],
      [
        -2.0764336176216602,
        53.77293488010764,
        345
      ],
      [
        -2.0765021815896034,
        53.77294887788594,
        344.79999999999995
      ],
      [
        -2.076637716963887,
        53.772980477660894,
        344.6
      ],
      [
        -2.0768450014293194,
        53.77301920205355,
        344.79999999999995
      ],
      [
        -2.077002078294754,
        53.77306572161615,
        344.4
      ],
      [
        -2.0771742425858974,
        53.77310276962817,
        344.20000000000005
      ],
      [
        -2.0773682836443186,
        53.77313914708793,
        343.79999999999995
      ],
      [
        -2.077383454889059,
        53.7731440924108,
        343.79999999999995
      ],
      [
        -2.0775529369711876,
        53.77320167608559,
        343.4
      ],
      [
        -2.0777290407568216,
        53.77324651926756,
        343
      ],
      [
        -2.077796934172511,
        53.77319538965821,
        343
      ],
      [
        -2.077909419313073,
        53.773218942806125,
        343
      ],
      [
        -2.078022323548794,
        53.77326185815036,
        342.79999999999995
      ],
      [
        -2.0780595391988754,
        53.77326965332031,
        342.4
      ],
      [
        -2.078228434547782,
        53.773327404633164,
        342.20000000000005
      ],
      [
        -2.078386852517724,
        53.77336378209293,
        342.20000000000005
      ],
      [
        -2.078552646562457,
        53.77337266691029,
        341.79999999999995
      ],
      [
        -2.078626323491335,
        53.77338565886021,
        341.79999999999995
      ],
      [
        -2.0786576718091965,
        53.77338582649827,
        341.6
      ],
      [
        -2.078698156401515,
        53.7733808811754,
        341.4
      ],
      [
        -2.0788459293544292,
        53.77340326085687,
        341.6
      ],
      [
        -2.078885491937399,
        53.77340971492231,
        341.6
      ],
      [
        -2.0789542235434055,
        53.773412480950356,
        341.4
      ],
      [
        -2.078977106139064,
        53.77341281622648,
        341.4
      ],
      [
        -2.079131668433547,
        53.77340912818909,
        341.4
      ],
      [
        -2.0792970433831215,
        53.77342882566154,
        341.6
      ],
      [
        -2.0794224366545677,
        53.77346402965486,
        341.4
      ],
      [
        -2.079582028090954,
        53.7734810449183,
        340.79999999999995
      ],
      [
        -2.079741368070245,
        53.77349277958274,
        340.79999999999995
      ],
      [
        -2.079787803813815,
        53.77349562942982,
        340.79999999999995
      ],
      [
        -2.0798069145530462,
        53.77349764108658,
        340.79999999999995
      ],
      [
        -2.0798274502158165,
        53.773500826209784,
        340.6
      ],
      [
        -2.0800035540014505,
        53.773518512025476,
        340.6
      ],
      [
        -2.0801305398344994,
        53.77352463081479,
        340.6
      ],
      [
        -2.0803216472268105,
        53.77353779040277,
        340.4
      ],
      [
        -2.080438071861863,
        53.773549776524305,
        340.20000000000005
      ],
      [
        -2.0805012714117765,
        53.77355296164751,
        340.20000000000005
      ],
      [
        -2.0806232281029224,
        53.77355136908591,
        340.20000000000005
      ],
      [
        -2.080726744607091,
        53.773568384349346,
        340.4
      ],
      [
        -2.080878708511591,
        53.773577604442835,
        340.6
      ],
      [
        -2.080990020185709,
        53.773590261116624,
        340.79999999999995
      ],
      [
        -2.081034192815423,
        53.77358715981245,
        340.79999999999995
      ],
      [
        -2.0811795350164175,
        53.7735931109637,
        341
      ],
      [
        -2.081295708194375,
        53.773588333278894,
        341
      ],
      [
        -2.081417664885521,
        53.77357886172831,
        341.20000000000005
      ],
      [
        -2.081568958237767,
        53.77359478734434,
        341.4
      ],
      [
        -2.0816848799586296,
        53.77359059639275,
        341.4
      ],
      [
        -2.0818592235445976,
        53.773587411269546,
        341.4
      ],
      [
        -2.081891829147935,
        53.773594200611115,
        341.4
      ],
      [
        -2.0819557830691338,
        53.773593781515956,
        341.4
      ],
      [
        -2.082128617912531,
        53.77360266633332,
        341
      ],
      [
        -2.0821314677596092,
        53.77360132522881,
        340.79999999999995
      ],
      [
        -2.082166252657771,
        53.77361456863582,
        341
      ],
      [
        -2.0822035521268845,
        53.77364348620176,
        341
      ],
      [
        -2.082197265699506,
        53.77366712316871,
        340.6
      ],
      [
        -2.082197181880474,
        53.77366720698774,
        340.6
      ],
      [
        -2.082197181880474,
        53.77366720698774,
        340.6
      ],
      [
        -2.082197181880474,
        53.77366720698774,
        340.6
      ],
      [
        -2.0821958407759666,
        53.77367231994867,
        340.6
      ],
      [
        -2.082196343690157,
        53.773675337433815,
        340.6
      ],
      [
        -2.0822109282016754,
        53.77373166382313,
        340.20000000000005
      ],
      [
        -2.082207575440407,
        53.773784721270204,
        339.6
      ],
      [
        -2.082218136638403,
        53.77382545731962,
        339
      ],
      [
        -2.082229955121875,
        53.773863008245826,
        338.6
      ],
      [
        -2.082229368388653,
        53.7739229388535,
        337.79999999999995
      ],
      [
        -2.082239259034395,
        53.77396401017904,
        337.4
      ],
      [
        -2.082243198528886,
        53.77404464408755,
        336.6
      ],
      [
        -2.082242276519537,
        53.77405755221844,
        336.4
      ],
      [
        -2.0822547655552626,
        53.77415411174297,
        335.20000000000005
      ],
      [
        -2.0822573639452457,
        53.77416752278805,
        335.20000000000005
      ],
      [
        -2.0822727028280497,
        53.77426383085549,
        334.20000000000005
      ],
      [
        -2.082273541018367,
        53.77430238761008,
        333.79999999999995
      ],
      [
        -2.0822653267532587,
        53.77435762435198,
        333.20000000000005
      ],
      [
        -2.082262309268117,
        53.77437287941575,
        333.20000000000005
      ],
      [
        -2.0822583697736263,
        53.77442283555865,
        332.6
      ],
      [
        -2.082277564331889,
        53.774501541629434,
        332
      ],
      [
        -2.082317629829049,
        53.77456574700773,
        330.6
      ],
      [
        -2.082352414727211,
        53.774645794183016,
        329.6
      ],
      [
        -2.08240220323205,
        53.77474277280271,
        328.6
      ],
      [
        -2.082409579306841,
        53.77475366927683,
        328.4
      ],
      [
        -2.082449560984969,
        53.774841679260135,
        327.4
      ],
      [
        -2.082459954544902,
        53.77488342113793,
        327.4
      ],
      [
        -2.082461379468441,
        53.77498475834727,
        326.4
      ],
      [
        -2.082458697259426,
        53.77500814385712,
        326.4
      ],
      [
        -2.0824573561549187,
        53.77505240030587,
        325.6
      ],
      [
        -2.0824544224888086,
        53.77507855184376,
        325.20000000000005
      ],
      [
        -2.0824488066136837,
        53.775118282064795,
        324.79999999999995
      ],
      [
        -2.082447800785303,
        53.7751645501703,
        324.20000000000005
      ],
      [
        -2.0824480522423983,
        53.77517678774893,
        324.20000000000005
      ],
      [
        -2.0824338030070066,
        53.77521567977965,
        323.79999999999995
      ],
      [
        -2.082418045029044,
        53.77525138668716,
        323.20000000000005
      ],
      [
        -2.082438999786973,
        53.77531575970352,
        322.79999999999995
      ],
      [
        -2.082460541278124,
        53.775379629805684,
        322.20000000000005
      ],
      [
        -2.0824750419706106,
        53.77541701309383,
        321.79999999999995
      ],
      [
        -2.0824774727225304,
        53.77548172138631,
        321
      ],
      [
        -2.082481076940894,
        53.77552413381636,
        320.79999999999995
      ],
      [
        -2.082500271499157,
        53.77559253014624,
        320
      ],
      [
        -2.0825195498764515,
        53.77563150599599,
        319.4
      ],
      [
        -2.0825359784066677,
        53.77568431198597,
        319
      ],
      [
        -2.082543857395649,
        53.77574600279331,
        318.20000000000005
      ],
      [
        -2.0825509820133448,
        53.7757708132267,
        317.79999999999995
      ],
      [
        -2.0825558435171843,
        53.77585966140032,
        316.79999999999995
      ],
      [
        -2.082556262612343,
        53.7758762575686,
        316.79999999999995
      ],
      [
        -2.0825783908367157,
        53.77595261670649,
        316.4
      ],
      [
        -2.082573026418686,
        53.77601673826575,
        315.79999999999995
      ],
      [
        -2.0825781393796206,
        53.776066694408655,
        315.6
      ],
      [
        -2.082615690305829,
        53.77619091421366,
        314.79999999999995
      ],
      [
        -2.0826265029609203,
        53.77628495916724,
        313.79999999999995
      ],
      [
        -2.0826163608580828,
        53.77631270326674,
        313.6
      ],
      [
        -2.082617115229368,
        53.77636391669512,
        313
      ],
      [
        -2.0826185401529074,
        53.776418482884765,
        312.4
      ],
      [
        -2.082641003653407,
        53.776521077379584,
        311.6
      ],
      [
        -2.082642260938883,
        53.776534739881754,
        311.4
      ],
      [
        -2.0826629642397165,
        53.7766479793936,
        310.20000000000005
      ],
      [
        -2.0826853439211845,
        53.77675719559193,
        309.20000000000005
      ],
      [
        -2.082694061100483,
        53.776832381263375,
        308.6
      ],
      [
        -2.082702023908496,
        53.77687378786504,
        308.20000000000005
      ],
      [
        -2.0827130042016506,
        53.77695048227906,
        307.6
      ],
      [
        -2.0827062148600817,
        53.77696841955185,
        307.4
      ],
      [
        -2.082693139091134,
        53.77700622193515,
        307
      ],
      [
        -2.0826880261301994,
        53.777036061510444,
        306.79999999999995
      ],
      [
        -2.082633376121521,
        53.77710764296353,
        306
      ],
      [
        -2.0826214738190174,
        53.777117701247334,
        305.79999999999995
      ],
      [
        -2.0825250819325447,
        53.77720990218222,
        305
      ],
      [
        -2.08250823430717,
        53.777220379561186,
        304.79999999999995
      ],
      [
        -2.082446962594986,
        53.77725902013481,
        304.20000000000005
      ],
      [
        -2.082418715581298,
        53.77727863378823,
        303.79999999999995
      ],
      [
        -2.082315366715193,
        53.777351304888725,
        303
      ],
      [
        -2.0822943281382322,
        53.777390364557505,
        302.79999999999995
      ],
      [
        -2.082269685342908,
        53.77743671648204,
        302.4
      ],
      [
        -2.08225904032588,
        53.77751047722995,
        301.6
      ],
      [
        -2.0822633989155293,
        53.77752975560725,
        301.4
      ],
      [
        -2.082251077517867,
        53.77755171619356,
        301.20000000000005
      ],
      [
        -2.0822492334991693,
        53.77755238674581,
        301.20000000000005
      ],
      [
        -2.082289382815361,
        53.777575017884374,
        301.20000000000005
      ],
      [
        -2.0823276042938232,
        53.777601420879364,
        301
      ],
      [
        -2.082334393635392,
        53.77764131873846,
        300.6
      ],
      [
        -2.082330957055092,
        53.7776548974216,
        300.4
      ],
      [
        -2.082276390865445,
        53.77770443446934,
        299.4
      ],
      [
        -2.082243701443076,
        53.777738800272346,
        299.20000000000005
      ],
      [
        -2.0822218246757984,
        53.7777928635478,
        298.4
      ],
      [
        -2.0822359900921583,
        53.77784114331007,
        297.6
      ],
      [
        -2.082224925979972,
        53.77787391655147,
        297.20000000000005
      ],
      [
        -2.082196930423379,
        53.777936194092035,
        296.6
      ],
      [
        -2.0821585413068533,
        53.777995370328426,
        296
      ],
      [
        -2.08214420825243,
        53.77804926596582,
        295.4
      ],
      [
        -2.082140017300844,
        53.7780777644366,
        295
      ],
      [
        -2.0821632351726294,
        53.77815378829837,
        294.4
      ],
      [
        -2.0821708627045155,
        53.77814750187099,
        294.20000000000005
      ],
      [
        -2.0821840222924948,
        53.77817440778017,
        294
      ],
      [
        -2.0821822620928288,
        53.77819100394845,
        294
      ],
      [
        -2.082141190767288,
        53.77824414521456,
        293.20000000000005
      ],
      [
        -2.0821345690637827,
        53.778254287317395,
        293
      ],
      [
        -2.082122163847089,
        53.77831765450537,
        292.20000000000005
      ],
      [
        -2.082119984552264,
        53.77834288403392,
        291.79999999999995
      ],
      [
        -2.082116547971964,
        53.77835612744093,
        291.6
      ],
      [
        -2.082088803872466,
        53.77842075191438,
        290.6
      ],
      [
        -2.0820715371519327,
        53.77846014685929,
        290.20000000000005
      ],
      [
        -2.082055192440748,
        53.7785080075264,
        289.4
      ],
      [
        -2.0820297114551067,
        53.77855687402189,
        288.6
      ],
      [
        -2.082018479704857,
        53.77858478575945,
        288.20000000000005
      ],
      [
        -2.0819994527846575,
        53.77864111214876,
        287.4
      ],
      [
        -2.0819940883666277,
        53.77865016460419,
        287.20000000000005
      ],
      [
        -2.0819584652781487,
        53.7787152081728,
        286.20000000000005
      ],
      [
        -2.0819292962551117,
        53.77879022620618,
        285.20000000000005
      ],
      [
        -2.0819102693349123,
        53.77882861532271,
        284.79999999999995
      ],
      [
        -2.0818752329796553,
        53.7789446208626,
        284.20000000000005
      ],
      [
        -2.0818710420280695,
        53.77895434387028,
        284
      ],
      [
        -2.081841705366969,
        53.77900555729866,
        283.6
      ],
      [
        -2.081805747002363,
        53.779044868424535,
        283
      ],
      [
        -2.081787222996354,
        53.779089292511344,
        282.79999999999995
      ],
      [
        -2.081755204126239,
        53.779141176491976,
        281.79999999999995
      ],
      [
        -2.0817423798143864,
        53.779181744903326,
        281
      ],
      [
        -2.0817243587225676,
        53.77921820618212,
        280.6
      ],
      [
        -2.081710696220398,
        53.77927805297077,
        280
      ],
      [
        -2.0817152224481106,
        53.779303869232535,
        279.6
      ],
      [
        -2.0816923398524523,
        53.779345443472266,
        278.6
      ],
      [
        -2.0816884003579617,
        53.77935592085123,
        278.4
      ],
      [
        -2.0816213451325893,
        53.77941518090665,
        277.4
      ],
      [
        -2.08161648362875,
        53.77943705767393,
        277
      ],
      [
        -2.0815960317850113,
        53.779461029917,
        276.4
      ],
      [
        -2.081574574112892,
        53.77947645261884,
        275.4
      ],
      [
        -2.0815770886838436,
        53.77947888337076,
        275.20000000000005
      ],
      [
        -2.0815753284841776,
        53.7794800568372,
        275.20000000000005
      ],
      [
        -2.081558732315898,
        53.779498832300305,
        275
      ],
      [
        -2.081546662375331,
        53.77951383590698,
        274.79999999999995
      ],
      [
        -2.081495700404048,
        53.77952640876174,
        274
      ],
      [
        -2.081457143649459,
        53.77954023890197,
        273.4
      ],
      [
        -2.0814296510070562,
        53.77955515868962,
        273
      ],
      [
        -2.0813689660280943,
        53.77957385033369,
        272
      ],
      [
        -2.081309286877513,
        53.77960016950965,
        270.79999999999995
      ],
      [
        -2.081283302977681,
        53.779605366289616,
        270.4
      ],
      [
        -2.0812410581856966,
        53.7796233035624,
        269.79999999999995
      ],
      [
        -2.0812408067286015,
        53.77963084727526,
        269.6
      ],
      [
        -2.081210045143962,
        53.77964375540614,
        269
      ],
      [
        -2.0812009926885366,
        53.779645431786776,
        268.79999999999995
      ],
      [
        -2.081153467297554,
        53.779653226956725,
        268.20000000000005
      ],
      [
        -2.081130500882864,
        53.77965783700347,
        267.6
      ],
      [
        -2.0811170898377895,
        53.77966269850731,
        267.4
      ],
      [
        -2.0810561534017324,
        53.77967359498143,
        266.4
      ],
      [
        -2.081012148410082,
        53.77966462634504,
        265.6
      ],
      [
        -2.0809913612902164,
        53.779664458706975,
        265.20000000000005
      ],
      [
        -2.0809466019272804,
        53.77966923639178,
        264.4
      ],
      [
        -2.080946182832122,
        53.779663955792785,
        264.20000000000005
      ],
      [
        -2.080888096243143,
        53.77966512925923,
        263.20000000000005
      ],
      [
        -2.0808743499219418,
        53.77966035157442,
        263
      ],
      [
        -2.0807975716888905,
        53.779654148966074,
        262
      ],
      [
        -2.0807843282818794,
        53.77965406514704,
        261
      ],
      [
        -2.0807674806565046,
        53.77965339459479,
        261
      ],
      [
        -2.0807042811065912,
        53.779648868367076,
        260
      ],
      [
        -2.080684332177043,
        53.77964283339679,
        259.6
      ],
      [
        -2.0806677360087633,
        53.779639564454556,
        258.79999999999995
      ],
      [
        -2.0806073863059282,
        53.77965247258544,
        257.79999999999995
      ],
      [
        -2.0805263333022594,
        53.77964082174003,
        256.79999999999995
      ],
      [
        -2.0805263333022594,
        53.77964082174003,
        256.6
      ],
      [
        -2.0804668217897415,
        53.77968809567392,
        255.60000000000002
      ],
      [
        -2.0804190449416637,
        53.779711313545704,
        255
      ],
      [
        -2.080432204529643,
        53.77971349284053,
        254.60000000000002
      ],
      [
        -2.080429522320628,
        53.77971357665956,
        254.39999999999998
      ],
      [
        -2.0804306119680405,
        53.7797131575644,
        254.39999999999998
      ],
      [
        -2.0804296899586916,
        53.77972983755171,
        254.60000000000002
      ],
      [
        -2.0804385747760534,
        53.779760766774416,
        254.60000000000002
      ],
      [
        -2.0804365631192923,
        53.77975800074637,
        254.60000000000002
      ],
      [
        -2.0804385747760534,
        53.779760766774416,
        254.79999999999995
      ],
      [
        -2.0804390776902437,
        53.77976110205054,
        254.79999999999995
      ],
      [
        -2.080413093790412,
        53.77981432713568,
        255.20000000000005
      ],
      [
        -2.080396581441164,
        53.77982748672366,
        255.20000000000005
      ],
      [
        -2.0803202223032713,
        53.779881466180086,
        254.79999999999995
      ],
      [
        -2.0802980940788984,
        53.77991968765855,
        254.60000000000002
      ],
      [
        -2.0803089067339897,
        53.77996310591698,
        254.39999999999998
      ],
      [
        -2.0802813302725554,
        53.780001075938344,
        254.60000000000002
      ],
      [
        -2.0801643189042807,
        53.78000040538609,
        255.39999999999998
      ],
      [
        -2.080135904252529,
        53.78000778146088,
        255.39999999999998
      ],
      [
        -2.0801314618438482,
        53.78003074787557,
        255.20000000000005
      ],
      [
        -2.0801355689764023,
        53.78006293438375,
        255.20000000000005
      ],
      [
        -2.080136826261878,
        53.780074920505285,
        255.20000000000005
      ],
      [
        -2.0801364071667194,
        53.780087074264884,
        255.20000000000005
      ],
      [
        -2.080139173194766,
        53.780166702345014,
        255.20000000000005
      ],
      [
        -2.080123834311962,
        53.780248844996095,
        255.39999999999998
      ],
      [
        -2.0801190566271544,
        53.780261501669884,
        255.60000000000002
      ],
      [
        -2.080098604783416,
        53.780348589643836,
        256.20000000000005
      ],
      [
        -2.0800853613764048,
        53.7803899962455,
        256.6
      ],
      [
        -2.080059628933668,
        53.780425284057856,
        257
      ],
      [
        -2.0800450444221497,
        53.78046886995435,
        257.4
      ],
      [
        -2.0800297055393457,
        53.780493596568704,
        257.6
      ],
      [
        -2.0800105948001146,
        53.780546486377716,
        258
      ],
      [
        -2.079998357221484,
        53.78057029098272,
        258
      ],
      [
        -2.079964494332671,
        53.78063860349357,
        258.6
      ],
      [
        -2.0799614768475294,
        53.780642710626125,
        258.6
      ],
      [
        -2.07992778159678,
        53.780723847448826,
        258.6
      ],
      [
        -2.0798893086612225,
        53.7807684391737,
        259
      ],
      [
        -2.0798536855727434,
        53.78080657683313,
        259.4
      ],
      [
        -2.0798266120254993,
        53.7808582931757,
        259.6
      ],
      [
        -2.079812027513981,
        53.78087304532528,
        259.79999999999995
      ],
      [
        -2.079773135483265,
        53.78091210499406,
        260.79999999999995
      ],
      [
        -2.0797491632401943,
        53.78093029372394,
        261.20000000000005
      ],
      [
        -2.079740446060896,
        53.7809325568378,
        261.6
      ],
      [
        -2.0797140430659056,
        53.780941274017096,
        262
      ],
      [
        -2.0796904899179935,
        53.780958876013756,
        262.6
      ],
      [
        -2.0796757377684116,
        53.78096675500274,
        263
      ],
      [
        -2.0796492509543896,
        53.7809809204191,
        263.79999999999995
      ],
      [
        -2.079632570967078,
        53.78098930232227,
        264.20000000000005
      ],
      [
        -2.07960675470531,
        53.781004808843136,
        265
      ],
      [
        -2.079599043354392,
        53.78100941888988,
        265.20000000000005
      ],
      [
        -2.0795530267059803,
        53.78103079274297,
        266.4
      ],
      [
        -2.07954422570765,
        53.781041940674186,
        266.79999999999995
      ],
      [
        -2.0795149728655815,
        53.78106750547886,
        267.6
      ],
      [
        -2.0795060880482197,
        53.781079994514585,
        268.20000000000005
      ],
      [
        -2.0794901624321938,
        53.78110262565315,
        268.79999999999995
      ],
      [
        -2.0794763322919607,
        53.78112626262009,
        269.20000000000005
      ],
      [
        -2.0794434752315283,
        53.78116297535598,
        269.79999999999995
      ],
      [
        -2.079430315643549,
        53.781174374744296,
        269.79999999999995
      ],
      [
        -2.0793529506772757,
        53.78122818656266,
        270
      ],
      [
        -2.079295450821519,
        53.78126297146082,
        270.79999999999995
      ],
      [
        -2.079279273748398,
        53.78127194009721,
        271.20000000000005
      ],
      [
        -2.07924272865057,
        53.78129138611257,
        272
      ],
      [
        -2.0792128890752792,
        53.78131125122309,
        272.4
      ],
      [
        -2.0791986398398876,
        53.78132130950689,
        273
      ],
      [
        -2.079171482473612,
        53.781346287578344,
        273.6
      ],
      [
        -2.0791076123714447,
        53.781403535977006,
        274
      ],
      [
        -2.079097218811512,
        53.78141057677567,
        274
      ],
      [
        -2.07906830124557,
        53.78143547102809,
        274.20000000000005
      ],
      [
        -2.0789827220141888,
        53.781467489898205,
        274.6
      ],
      [
        -2.078949110582471,
        53.78148743882775,
        275
      ],
      [
        -2.078918432816863,
        53.78152574412525,
        275.79999999999995
      ],
      [
        -2.0788959693163633,
        53.781539825722575,
        276.20000000000005
      ],
      [
        -2.0788471028208733,
        53.78158299252391,
        276.4
      ],
      [
        -2.078762948513031,
        53.78161911852658,
        276.79999999999995
      ],
      [
        -2.0787586737424135,
        53.781628757715225,
        276.79999999999995
      ],
      [
        -2.0787114836275578,
        53.78168072551489,
        277
      ],
      [
        -2.0787003356963396,
        53.7817058712244,
        277.20000000000005
      ],
      [
        -2.0786597672849894,
        53.7817388959229,
        277.6
      ],
      [
        -2.0786581747233868,
        53.781735794618726,
        277.6
      ],
      [
        -2.0786417461931705,
        53.78176236525178,
        277.4
      ],
      [
        -2.0786279998719692,
        53.78179497085512,
        277.4
      ],
      [
        -2.078613918274641,
        53.78181173466146,
        277.4
      ],
      [
        -2.078601261600852,
        53.7818303424865,
        277.4
      ],
      [
        -2.078601261600852,
        53.7818303424865,
        277.4
      ],
      [
        -2.078601261600852,
        53.7818303424865,
        277.4
      ],
      [
        -2.078601261600852,
        53.7818303424865,
        277.4
      ],
      [
        -2.07860067486763,
        53.78182841464877,
        277.20000000000005
      ],
      [
        -2.0785994175821543,
        53.78182631917298,
        277.20000000000005
      ],
      [
        -2.0785907842218876,
        53.78182623535395,
        277.20000000000005
      ],
      [
        -2.0785807259380817,
        53.781836461275816,
        277
      ],
      [
        -2.0785681530833244,
        53.78184350207448,
        277
      ],
      [
        -2.0785387326031923,
        53.781902845948935,
        277
      ],
      [
        -2.078526495024562,
        53.78195783123374,
        277.20000000000005
      ],
      [
        -2.0785053726285696,
        53.78198213875294,
        277.20000000000005
      ],
      [
        -2.0784482918679714,
        53.782072411850095,
        277.6
      ],
      [
        -2.078418955206871,
        53.78214315511286,
        277.6
      ],
      [
        -2.078401017934084,
        53.782196547836065,
        277.6
      ],
      [
        -2.0784026943147182,
        53.782209288328886,
        277.20000000000005
      ],
      [
        -2.0784441009163857,
        53.7822878267616,
        276.79999999999995
      ],
      [
        -2.0784303545951843,
        53.782371394336224,
        276.6
      ],
      [
        -2.078433455899358,
        53.782395450398326,
        276.6
      ],
      [
        -2.0784371439367533,
        53.782406095415354,
        276.6
      ],
      [
        -2.07843404263258,
        53.782414896413684,
        276.6
      ],
      [
        -2.0784329529851675,
        53.78245085477829,
        276.4
      ],
      [
        -2.0784250739961863,
        53.782463259994984,
        276.20000000000005
      ],
      [
        -2.078401017934084,
        53.78255931660533,
        276.6
      ],
      [
        -2.078396324068308,
        53.78256375901401,
        276.79999999999995
      ],
      [
        -2.0783990062773228,
        53.78256459720433,
        276.79999999999995
      ],
      [
        -2.078400095924735,
        53.78256912343204,
        276.79999999999995
      ],
      [
        -2.078431276604533,
        53.78260776400566,
        276.6
      ],
      [
        -2.0784429274499416,
        53.78263659775257,
        276
      ],
      [
        -2.0784473698586226,
        53.782672975212336,
        275.79999999999995
      ],
      [
        -2.0784435980021954,
        53.782765846699476,
        275.6
      ],
      [
        -2.078448375687003,
        53.78283558413386,
        276
      ],
      [
        -2.0784694142639637,
        53.78289023414254,
        276.4
      ],
      [
        -2.078508725389838,
        53.7829823512584,
        275.79999999999995
      ],
      [
        -2.0785592682659626,
        53.7830407731235,
        275.79999999999995
      ],
      [
        -2.078572092577815,
        53.78305326215923,
        275.79999999999995
      ],
      [
        -2.078608889132738,
        53.78311009146273,
        275.20000000000005
      ],
      [
        -2.0786363817751408,
        53.78317119553685,
        275.6
      ],
      [
        -2.0786824822425842,
        53.78323364071548,
        276.4
      ],
      [
        -2.0787513814866543,
        53.78333833068609,
        276.6
      ],
      [
        -2.0787995774298906,
        53.783433213829994,
        276.6
      ],
      [
        -2.0788184367120266,
        53.78351837396622,
        277
      ],
      [
        -2.078825980424881,
        53.783528516069055,
        277.20000000000005
      ],
      [
        -2.078863028436899,
        53.78360588103533,
        277.79999999999995
      ],
      [
        -2.078897561877966,
        53.78369137644768,
        278.20000000000005
      ],
      [
        -2.0789038483053446,
        53.783705374225974,
        278.20000000000005
      ],
      [
        -2.0789215341210365,
        53.783798748627305,
        278.6
      ],
      [
        -2.0789165049791336,
        53.78385826013982,
        279.20000000000005
      ],
      [
        -2.0789097994565964,
        53.78385725431144,
        279.4
      ],
      [
        -2.078873924911022,
        53.78388449549675,
        279.6
      ],
      [
        -2.0788185205310583,
        53.783921375870705,
        280
      ],
      [
        -2.0787926204502583,
        53.783926824107766,
        280.20000000000005
      ],
      [
        -2.078768229112029,
        53.783929254859686,
        280.4
      ],
      [
        -2.0786641258746386,
        53.783969823271036,
        281.20000000000005
      ],
      [
        -2.0786491222679615,
        53.78397242166102,
        281.4
      ],
      [
        -2.0785932149738073,
        53.783990778028965,
        282
      ],
      [
        -2.0785381458699703,
        53.784010810777545,
        282.6
      ],
      [
        -2.07850587554276,
        53.78401449881494,
        282.79999999999995
      ],
      [
        -2.0784052927047014,
        53.78404467366636,
        283.79999999999995
      ],
      [
        -2.078388025984168,
        53.78404878079891,
        283.79999999999995
      ],
      [
        -2.078289370983839,
        53.78408423624933,
        284.6
      ],
      [
        -2.078262297436595,
        53.78408926539123,
        284.79999999999995
      ],
      [
        -2.0782124251127243,
        53.78410343080759,
        285.4
      ],
      [
        -2.078180070966482,
        53.784116422757506,
        285.4
      ],
      [
        -2.0781446155160666,
        53.78412505611777,
        285.79999999999995
      ],
      [
        -2.078137071803212,
        53.7841304205358,
        286
      ],
      [
        -2.0781384129077196,
        53.78414492122829,
        286.6
      ],
      [
        -2.078145034611225,
        53.78414651378989,
        286.79999999999995
      ],
      [
        -2.078143022954464,
        53.78415171056986,
        286.79999999999995
      ],
      [
        -2.078161546960473,
        53.78418196924031,
        287
      ],
      [
        -2.0781840942800045,
        53.78425187431276,
        287.4
      ],
      [
        -2.078241426497698,
        53.784305937588215,
        287.79999999999995
      ],
      [
        -2.0782585255801678,
        53.78432488068938,
        287.79999999999995
      ],
      [
        -2.0783325377851725,
        53.784389002248645,
        288
      ],
      [
        -2.0783829130232334,
        53.78444449044764,
        287.79999999999995
      ],
      [
        -2.0784765388816595,
        53.784512635320425,
        287.6
      ],
      [
        -2.078505791723728,
        53.78455680795014,
        287.6
      ],
      [
        -2.0785508025437593,
        53.784599052742124,
        287.6
      ],
      [
        -2.078656665980816,
        53.7846848834306,
        287.4
      ],
      [
        -2.0787336956709623,
        53.78475294448435,
        287.20000000000005
      ],
      [
        -2.0788573287427425,
        53.78486534580588,
        287
      ],
      [
        -2.078886413946748,
        53.78489191643894,
        286.79999999999995
      ],
      [
        -2.078942656517029,
        53.784935334697366,
        286.6
      ],
      [
        -2.0790776051580906,
        53.78504346124828,
        286.6
      ],
      [
        -2.079192604869604,
        53.78514965996146,
        286.6
      ],
      [
        -2.079293690621853,
        53.785224594175816,
        286.6
      ],
      [
        -2.079328978434205,
        53.785255774855614,
        286.6
      ],
      [
        -2.079485049471259,
        53.78535660915077,
        286.6
      ],
      [
        -2.0796185731887817,
        53.78544093109667,
        286.79999999999995
      ],
      [
        -2.0797623228281736,
        53.78553363494575,
        287
      ],
      [
        -2.0798722933977842,
        53.78559088334441,
        287
      ],
      [
        -2.079897690564394,
        53.78560898825526,
        287
      ],
      [
        -2.0800485648214817,
        53.78571535460651,
        286.79999999999995
      ],
      [
        -2.0801723655313253,
        53.78579489886761,
        286.6
      ],
      [
        -2.080201618373394,
        53.78581250086427,
        286.4
      ],
      [
        -2.0802960824221373,
        53.78589221276343,
        286.4
      ],
      [
        -2.080397168174386,
        53.7859558314085,
        285.79999999999995
      ],
      [
        -2.0804105792194605,
        53.78596563823521,
        285.79999999999995
      ],
      [
        -2.0805153530091047,
        53.78604585304856,
        284.79999999999995
      ],
      [
        -2.080542929470539,
        53.78607518970966,
        284.4
      ],
      [
        -2.080610152333975,
        53.78613788634539,
        283.79999999999995
      ],
      [
        -2.080670837312937,
        53.7861836515367,
        283.20000000000005
      ],
      [
        -2.0806969050318003,
        53.78621424548328,
        282.79999999999995
      ],
      [
        -2.0807780418545008,
        53.78628607839346,
        281.79999999999995
      ],
      [
        -2.0808562450110912,
        53.78633595071733,
        281.79999999999995
      ],
      [
        -2.0808690693229437,
        53.78634341061115,
        281.79999999999995
      ],
      [
        -2.0808803848922253,
        53.78635095432401,
        281.79999999999995
      ],
      [
        -2.08101499825716,
        53.78646151162684,
        281.6
      ],
      [
        -2.081119017675519,
        53.78653812222183,
        281.6
      ],
      [
        -2.0811436604708433,
        53.78655781969428,
        281.6
      ],
      [
        -2.0812278985977173,
        53.78663015551865,
        281.79999999999995
      ],
      [
        -2.081254720687866,
        53.786647506058216,
        281.79999999999995
      ],
      [
        -2.0813851431012154,
        53.78674138337374,
        281.6
      ],
      [
        -2.081519840285182,
        53.78683148883283,
        280.6
      ],
      [
        -2.081547500565648,
        53.786850431934,
        280.4
      ],
      [
        -2.0816622488200665,
        53.78691220656037,
        279.79999999999995
      ],
      [
        -2.0818413700908422,
        53.787001222372055,
        279.6
      ],
      [
        -2.081978917121887,
        53.78709342330694,
        280
      ],
      [
        -2.0820618979632854,
        53.78716500476003,
        280.20000000000005
      ],
      [
        -2.082081763073802,
        53.78717263229191,
        280.4
      ],
      [
        -2.0821225829422474,
        53.787184031680226,
        281
      ],
      [
        -2.0821700245141983,
        53.78723323345184,
        281.79999999999995
      ],
      [
        -2.0821735449135303,
        53.787238933146,
        282
      ],
      [
        -2.082138927653432,
        53.7872595526278,
        282.79999999999995
      ],
      [
        -2.082127360627055,
        53.78726156428456,
        282.79999999999995
      ],
      [
        -2.082112357020378,
        53.787266006693244,
        283
      ],
      [
        -2.0820575393736362,
        53.78726868890226,
        284
      ],
      [
        -2.0820345729589462,
        53.78727019764483,
        284.20000000000005
      ],
      [
        -2.0819385163486004,
        53.78729316405952,
        285.20000000000005
      ],
      [
        -2.081895098090172,
        53.78731898032129,
        286.20000000000005
      ],
      [
        -2.0818901527673006,
        53.78732945770025,
        286.20000000000005
      ],
      [
        -2.081851176917553,
        53.787382850423455,
        287.4
      ],
      [
        -2.081844974309206,
        53.787395590916276,
        287.6
      ],
      [
        -2.081808764487505,
        53.787434566766024,
        288.4
      ],
      [
        -2.0817961916327477,
        53.787450827658176,
        288.6
      ],
      [
        -2.081770459190011,
        53.78747396171093,
        288.79999999999995
      ],
      [
        -2.0817555394023657,
        53.787494665011764,
        289.4
      ],
      [
        -2.081750426441431,
        53.787501538172364,
        289.4
      ],
      [
        -2.0817134622484446,
        53.78751503303647,
        290.20000000000005
      ],
      [
        -2.0817105285823345,
        53.78751553595066,
        290.4
      ],
      [
        -2.081647999584675,
        53.787536239251494,
        290.79999999999995
      ],
      [
        -2.081592846661806,
        53.787571024149656,
        291.20000000000005
      ],
      [
        -2.0815561339259148,
        53.78757756203413,
        291.6
      ],
      [
        -2.0814139768481255,
        53.787602707743645,
        292.20000000000005
      ],
      [
        -2.081291852518916,
        53.78762433305383,
        292.6
      ],
      [
        -2.0812328439205885,
        53.78763782791793,
        292.79999999999995
      ],
      [
        -2.081064535304904,
        53.787667164579034,
        293.4
      ],
      [
        -2.08099152892828,
        53.78768250346184,
        293.6
      ],
      [
        -2.0808691531419754,
        53.787705805152655,
        294.20000000000005
      ],
      [
        -2.080776449292898,
        53.78773086704314,
        294.6
      ],
      [
        -2.080704029649496,
        53.78774075768888,
        295.20000000000005
      ],
      [
        -2.0806276705116034,
        53.78775819204748,
        295.79999999999995
      ],
      [
        -2.080564722418785,
        53.787766909226775,
        296.4
      ],
      [
        -2.0805719308555126,
        53.78776875324547,
        296.79999999999995
      ],
      [
        -2.0804824959486723,
        53.78778576850891,
        296.79999999999995
      ],
      [
        -2.0803637243807316,
        53.78781502135098,
        297.79999999999995
      ],
      [
        -2.080345368012786,
        53.787819631397724,
        298
      ],
      [
        -2.08020924590528,
        53.787843184545636,
        298.79999999999995
      ],
      [
        -2.080167168751359,
        53.787850979715586,
        299
      ],
      [
        -2.07999131642282,
        53.78788182511926,
        300
      ],
      [
        -2.079845890402794,
        53.787916358560324,
        300.79999999999995
      ],
      [
        -2.079824348911643,
        53.787919376045465,
        301
      ],
      [
        -2.0796972792595625,
        53.78794267773628,
        301.6
      ],
      [
        -2.0796271227300167,
        53.78795826807618,
        302
      ],
      [
        -2.079524863511324,
        53.7879744451493,
        302.6
      ],
      [
        -2.07944649271667,
        53.78798794001341,
        303.20000000000005
      ],
      [
        -2.079355800524354,
        53.7880040332675,
        303.79999999999995
      ],
      [
        -2.0792963728308678,
        53.78801769576967,
        304.20000000000005
      ],
      [
        -2.079158490523696,
        53.78804334439337,
        305
      ],
      [
        -2.079121610149741,
        53.78805357031524,
        305.20000000000005
      ],
      [
        -2.0790111366659403,
        53.78807553090155,
        305.79999999999995
      ],
      [
        -2.078925557434559,
        53.788095228374004,
        306.4
      ],
      [
        -2.0788453426212072,
        53.78811115399003,
        307
      ],
      [
        -2.0787845738232136,
        53.78812230192125,
        307.4
      ],
      [
        -2.078679045662284,
        53.78813797608018,
        308.20000000000005
      ],
      [
        -2.0786547381430864,
        53.78814250230789,
        308.4
      ],
      [
        -2.0785237289965153,
        53.78817552700639,
        309.6
      ],
      [
        -2.078399257734418,
        53.78820586949587,
        310.79999999999995
      ],
      [
        -2.0783784706145525,
        53.78820997662842,
        311
      ],
      [
        -2.0782111678272486,
        53.788245851174,
        311.79999999999995
      ],
      [
        -2.078176634386182,
        53.78825322724879,
        312
      ],
      [
        -2.078023161739111,
        53.78828834742308,
        312.79999999999995
      ],
      [
        -2.0780012011528015,
        53.78829153254628,
        313
      ],
      [
        -2.077914448454976,
        53.78830745816231,
        313.6
      ],
      [
        -2.0779195614159107,
        53.78830259665847,
        313.4
      ],
      [
        -2.0779193937778473,
        53.788302429020405,
        313.4
      ],
      [
        -2.0778563618659973,
        53.788319109007716,
        313.6
      ],
      [
        -2.0777365006506443,
        53.788346853107214,
        313.79999999999995
      ],
      [
        -2.0777194015681744,
        53.78835355862975,
        314
      ],
      [
        -2.077610269188881,
        53.788378704339266,
        314.20000000000005
      ],
      [
        -2.0775264501571655,
        53.788378704339266,
        314.4
      ],
      [
        -2.0774946827441454,
        53.78838423639536,
        314.6
      ],
      [
        -2.0774625800549984,
        53.788395803421736,
        314.6
      ],
      [
        -2.0772684551775455,
        53.78844500519335,
        315
      ],
      [
        -2.0772210136055946,
        53.78844827413559,
        315
      ],
      [
        -2.077114898711443,
        53.78846897743642,
        315.20000000000005
      ],
      [
        -2.0769812911748886,
        53.78849362023175,
        315.20000000000005
      ],
      [
        -2.076813904568553,
        53.78851876594126,
        315.20000000000005
      ],
      [
        -2.0766264013946056,
        53.78855933435261,
        315.20000000000005
      ],
      [
        -2.0764824841171503,
        53.788588754832745,
        315.20000000000005
      ],
      [
        -2.076389528810978,
        53.78861264325678,
        315
      ],
      [
        -2.0762303564697504,
        53.78864826634526,
        314.6
      ],
      [
        -2.0761734433472157,
        53.788656648248434,
        314.6
      ],
      [
        -2.0759840961545706,
        53.788691936060786,
        314
      ],
      [
        -2.075961632654071,
        53.78869738429785,
        314
      ],
      [
        -2.0757167134433985,
        53.78874591551721,
        313.4
      ],
      [
        -2.07549886777997,
        53.788791513070464,
        313
      ],
      [
        -2.0754808466881514,
        53.78879528492689,
        313
      ],
      [
        -2.075238861143589,
        53.78886007703841,
        312
      ],
      [
        -2.0752160623669624,
        53.78886502236128,
        311.79999999999995
      ],
      [
        -2.074997127056122,
        53.78890081308782,
        311
      ],
      [
        -2.0749313291162252,
        53.78891137428582,
        310.79999999999995
      ],
      [
        -2.0747474301606417,
        53.78894523717463,
        310
      ],
      [
        -2.0746894273906946,
        53.78895630128682,
        309.79999999999995
      ],
      [
        -2.0745616871863604,
        53.78898245282471,
        309.4
      ],
      [
        -2.0744352880865335,
        53.78900525160134,
        309
      ],
      [
        -2.074401257559657,
        53.78900734707713,
        308.79999999999995
      ],
      [
        -2.074221046641469,
        53.789040204137564,
        308.4
      ],
      [
        -2.0740406680852175,
        53.78906878642738,
        307.79999999999995
      ],
      [
        -2.0740140974521637,
        53.78907113336027,
        307.6
      ],
      [
        -2.0738892909139395,
        53.789101392030716,
        307.20000000000005
      ],
      [
        -2.073811925947666,
        53.78912176005542,
        306.79999999999995
      ],
      [
        -2.0736877899616957,
        53.78915335983038,
        306.20000000000005
      ],
      [
        -2.0735323056578636,
        53.78917783498764,
        305.6
      ],
      [
        -2.0733116939663887,
        53.789238100871444,
        304.79999999999995
      ],
      [
        -2.073260061442852,
        53.78925260156393,
        304.6
      ],
      [
        -2.0731632504612207,
        53.789288559928536,
        304
      ],
      [
        -2.0730375219136477,
        53.78933231346309,
        303.6
      ],
      [
        -2.0729819498956203,
        53.789351005107164,
        303.4
      ],
      [
        -2.0728063490241766,
        53.78941965289414,
        302.4
      ],
      [
        -2.0727881602942944,
        53.789427196606994,
        302.4
      ],
      [
        -2.072640471160412,
        53.78947832621634,
        301.79999999999995
      ],
      [
        -2.072621025145054,
        53.789484445005655,
        301.6
      ],
      [
        -2.0725725777447224,
        53.7895028013736,
        301.6
      ],
      [
        -2.0725554786622524,
        53.78950875252485,
        301.4
      ],
      [
        -2.072518849745393,
        53.789519146084785,
        301.4
      ],
      [
        -2.0723757706582546,
        53.78957312554121,
        300.6
      ],
      [
        -2.072352133691311,
        53.78957932814956,
        300.4
      ],
      [
        -2.072345344349742,
        53.78958293236792,
        300.20000000000005
      ],
      [
        -2.072327993810177,
        53.78959030844271,
        300.20000000000005
      ],
      [
        -2.072251969948411,
        53.789627607911825,
        299.79999999999995
      ],
      [
        -2.0721738506108522,
        53.78969592042267,
        299.6
      ],
      [
        -2.072112327441573,
        53.78976766951382,
        299.6
      ],
      [
        -2.0720916241407394,
        53.789799101650715,
        299.6
      ],
      [
        -2.0720580127090216,
        53.789850063622,
        299.79999999999995
      ],
      [
        -2.072000177577138,
        53.789944695308805,
        300.20000000000005
      ],
      [
        -2.071945108473301,
        53.79003186710179,
        300.4
      ],
      [
        -2.071870928630233,
        53.79013320431113,
        300.79999999999995
      ],
      [
        -2.071773950010538,
        53.79024208523333,
        301.20000000000005
      ],
      [
        -2.07174570299685,
        53.79027443937957,
        301.4
      ],
      [
        -2.071660291403532,
        53.790362952277064,
        302
      ],
      [
        -2.071606060490012,
        53.79042296670377,
        302.20000000000005
      ],
      [
        -2.0715644862502813,
        53.79046395421028,
        302.4
      ],
      [
        -2.0715488120913506,
        53.79048155620694,
        302.6
      ],
      [
        -2.0714639872312546,
        53.790567219257355,
        303
      ],
      [
        -2.0713742170482874,
        53.790664952248335,
        303.6
      ],
      [
        -2.0713598001748323,
        53.790675261989236,
        303.6
      ],
      [
        -2.0712473150342703,
        53.79078632220626,
        304.20000000000005
      ],
      [
        -2.07110364921391,
        53.79094063304365,
        304.6
      ],
      [
        -2.071003234013915,
        53.79105663858354,
        305.20000000000005
      ],
      [
        -2.0709640067070723,
        53.791098380461335,
        305.4
      ],
      [
        -2.0709226839244366,
        53.79115043208003,
        305.6
      ],
      [
        -2.0708399545401335,
        53.791260654106736,
        306
      ],
      [
        -2.070752866566181,
        53.79137062467635,
        306.6
      ],
      [
        -2.070740796625614,
        53.79139618948102,
        306.6
      ],
      [
        -2.070682207122445,
        53.7914645858109,
        307
      ],
      [
        -2.0706097036600113,
        53.791554272174835,
        307.79999999999995
      ],
      [
        -2.0706081110984087,
        53.79156198352575,
        307.79999999999995
      ],
      [
        -2.0705437380820513,
        53.791639767587185,
        308.20000000000005
      ],
      [
        -2.0704755932092667,
        53.791727274656296,
        308.6
      ],
      [
        -2.0704553090035915,
        53.79175493493676,
        308.79999999999995
      ],
      [
        -2.0703984797000885,
        53.791819140315056,
        309
      ],
      [
        -2.070370400324464,
        53.79186239093542,
        309.20000000000005
      ],
      [
        -2.07034969702363,
        53.791885608807206,
        309.4
      ],
      [
        -2.0703080389648676,
        53.79194880835712,
        309.79999999999995
      ],
      [
        -2.0702809654176235,
        53.79197831265628,
        310
      ],
      [
        -2.070262273773551,
        53.79199876450002,
        310.20000000000005
      ],
      [
        -2.0701861660927534,
        53.792077554389834,
        310.6
      ],
      [
        -2.0701555721461773,
        53.792126504704356,
        311
      ],
      [
        -2.0700907800346613,
        53.792217364534736,
        311.4
      ],
      [
        -2.0700112357735634,
        53.792310236021876,
        312
      ],
      [
        -2.06999690271914,
        53.79232079721987,
        312
      ],
      [
        -2.0698863454163074,
        53.792429342865944,
        313
      ],
      [
        -2.0698772091418505,
        53.79244233481586,
        313
      ],
      [
        -2.069801101461053,
        53.79252498038113,
        313.6
      ],
      [
        -2.06976723857224,
        53.792567728087306,
        314
      ],
      [
        -2.0697644725441933,
        53.79257736727595,
        314
      ],
      [
        -2.0697558391839266,
        53.792586671188474,
        314
      ],
      [
        -2.069725664332509,
        53.79262740723789,
        314.4
      ],
      [
        -2.0696586091071367,
        53.79269253462553,
        315
      ],
      [
        -2.0696342177689075,
        53.792715668678284,
        315
      ],
      [
        -2.069622064009309,
        53.79272723570466,
        315.20000000000005
      ],
      [
        -2.0695114228874445,
        53.79281516186893,
        316
      ],
      [
        -2.0694866124540567,
        53.79283620044589,
        316.20000000000005
      ],
      [
        -2.0693782344460487,
        53.79290208220482,
        316.6
      ],
      [
        -2.0692466385662556,
        53.79298849962652,
        317
      ],
      [
        -2.069146977737546,
        53.7930463347584,
        317.20000000000005
      ],
      [
        -2.0691114384680986,
        53.79306888207793,
        317.20000000000005
      ],
      [
        -2.0689533557742834,
        53.79316309466958,
        317.6
      ],
      [
        -2.0688034873455763,
        53.79322889260948,
        317.6
      ],
      [
        -2.0686153136193752,
        53.793333917856216,
        318
      ],
      [
        -2.0685840491205454,
        53.79335596226156,
        318.20000000000005
      ],
      [
        -2.068490842357278,
        53.793408097699285,
        318.4
      ],
      [
        -2.0683233719319105,
        53.79350859671831,
        318.79999999999995
      ],
      [
        -2.0681798737496138,
        53.79358629696071,
        319
      ],
      [
        -2.0680315140634775,
        53.79366550594568,
        319.20000000000005
      ],
      [
        -2.0679533947259188,
        53.79371680319309,
        319.20000000000005
      ],
      [
        -2.067949455231428,
        53.79371521063149,
        319.20000000000005
      ],
      [
        -2.067948617041111,
        53.79371261224151,
        319.20000000000005
      ],
      [
        -2.067940402776003,
        53.79370833747089,
        319.20000000000005
      ],
      [
        -2.067894972860813,
        53.79367279820144,
        318.6
      ],
      [
        -2.067843172699213,
        53.79365016706288,
        318.20000000000005
      ],
      [
        -2.0677790511399508,
        53.7936232611537,
        317.6
      ],
      [
        -2.067725658416748,
        53.79360121674836,
        317
      ],
      [
        -2.067652987316251,
        53.793568862602115,
        316.4
      ],
      [
        -2.0676222257316113,
        53.79355679266155,
        316
      ],
      [
        -2.067523906007409,
        53.79351404495537,
        314.79999999999995
      ],
      [
        -2.067439164966345,
        53.793475069105625,
        313.79999999999995
      ],
      [
        -2.067427681759,
        53.79346752539277,
        313.6
      ],
      [
        -2.067333133891225,
        53.79342192783952,
        312.79999999999995
      ],
      [
        -2.067249147221446,
        53.7933864723891,
        312
      ],
      [
        -2.067233808338642,
        53.79337993450463,
        311.6
      ],
      [
        -2.0671203173696995,
        53.79332721233368,
        310.6
      ],
      [
        -2.067104559391737,
        53.793319249525666,
        310.4
      ],
      [
        -2.067003222182393,
        53.79326820373535,
        309.6
      ],
      [
        -2.066947566345334,
        53.793243393301964,
        309
      ],
      [
        -2.06688629463315,
        53.793215565383434,
        308.4
      ],
      [
        -2.0667987875640392,
        53.79317642189562,
        307.6
      ],
      [
        -2.0667521841824055,
        53.79315588623285,
        307.20000000000005
      ],
      [
        -2.0666988752782345,
        53.7931414693594,
        306.6
      ],
      [
        -2.0665857195854187,
        53.793145241215825,
        306.20000000000005
      ],
      [
        -2.0665512699633837,
        53.793152114376426,
        306
      ],
      [
        -2.066361755132675,
        53.79316099919379,
        305.20000000000005
      ],
      [
        -2.066284054890275,
        53.79314457066357,
        304.6
      ],
      [
        -2.0662247110158205,
        53.793115988373756,
        304.20000000000005
      ],
      [
        -2.066197134554386,
        53.79310819320381,
        304.20000000000005
      ],
      [
        -2.066101497039199,
        53.79309134557843,
        303
      ],
      [
        -2.0660589169710875,
        53.7930809520185,
        302.79999999999995
      ],
      [
        -2.065955735743046,
        53.79304675385356,
        302
      ],
      [
        -2.0659149158746004,
        53.79304189234972,
        301.6
      ],
      [
        -2.0658503752201796,
        53.79302521236241,
        301
      ],
      [
        -2.065858254209161,
        53.79302035085857,
        301
      ],
      [
        -2.0658029336482286,
        53.792998222634196,
        301
      ],
      [
        -2.0656395703554153,
        53.79293686710298,
        301
      ],
      [
        -2.0655293483287096,
        53.79289839416742,
        301
      ],
      [
        -2.0653820782899857,
        53.79283091984689,
        301
      ],
      [
        -2.0652819983661175,
        53.792792027816176,
        301
      ],
      [
        -2.065118383616209,
        53.79273360595107,
        300.79999999999995
      ],
      [
        -2.0650168787688017,
        53.792699575424194,
        300.79999999999995
      ],
      [
        -2.064865753054619,
        53.792637130245566,
        300.79999999999995
      ],
      [
        -2.0647076703608036,
        53.7925888504833,
        300.6
      ],
      [
        -2.0645536947995424,
        53.792540822178125,
        300.79999999999995
      ],
      [
        -2.0644019823521376,
        53.79248877055943,
        300.79999999999995
      ],
      [
        -2.0642435643821955,
        53.79243026487529,
        300.79999999999995
      ],
      [
        -2.0640812069177628,
        53.79236756823957,
        301
      ],
      [
        -2.063902672380209,
        53.79229900427163,
        301
      ],
      [
        -2.0637621078640223,
        53.792253909632564,
        301
      ],
      [
        -2.0635668095201254,
        53.79218299873173,
        301
      ],
      [
        -2.0634072180837393,
        53.79211837425828,
        301
      ],
      [
        -2.063265312463045,
        53.7920690048486,
        300.79999999999995
      ],
      [
        -2.0632331259548664,
        53.792067412287,
        300.79999999999995
      ],
      [
        -2.0632299408316612,
        53.79206255078316,
        300.79999999999995
      ],
      [
        -2.063210913911462,
        53.79207487218082,
        300.79999999999995
      ],
      [
        -2.063111085444689,
        53.792152404785156,
        300.79999999999995
      ],
      [
        -2.062980579212308,
        53.79225089214742,
        300.79999999999995
      ],
      [
        -2.062862226739526,
        53.7923557497561,
        300.79999999999995
      ],
      [
        -2.0627816766500473,
        53.79244392737746,
        300.79999999999995
      ],
      [
        -2.062711352482438,
        53.79250301979482,
        300.6
      ],
      [
        -2.0626976061612368,
        53.79250301979482,
        300.6
      ],
      [
        -2.0626944210380316,
        53.79249908030033,
        300.6
      ],
      [
        -2.0627068262547255,
        53.792503606528044,
        300.6
      ],
      [
        -2.062699533998966,
        53.79251911304891,
        300.6
      ],
      [
        -2.062699533998966,
        53.79251911304891,
        300.4
      ],
      [
        -2.062699533998966,
        53.79251911304891,
        300.4
      ],
      [
        -2.062699533998966,
        53.79251911304891,
        300.4
      ],
      [
        -2.062699533998966,
        53.79251911304891,
        300.4
      ],
      [
        -2.062699533998966,
        53.79251911304891,
        300.4
      ],
      [
        -2.062699533998966,
        53.79251911304891,
        300.4
      ],
      [
        -2.062699533998966,
        53.79251911304891,
        300
      ],
      [
        -2.062699533998966,
        53.79251911304891,
        300.20000000000005
      ],
      [
        -2.0626746397465467,
        53.79251668229699,
        300.20000000000005
      ],
      [
        -2.0626746397465467,
        53.79251668229699,
        300.20000000000005
      ],
      [
        -2.0626746397465467,
        53.79251668229699,
        300
      ],
      [
        -2.0626746397465467,
        53.79251668229699,
        300
      ],
      [
        -2.062676567584276,
        53.79251416772604,
        300
      ],
      [
        -2.0626746397465467,
        53.79251668229699,
        300
      ],
      [
        -2.062730211764574,
        53.79251517355442,
        300.20000000000005
      ],
      [
        -2.062730211764574,
        53.79251517355442,
        300.20000000000005
      ],
      [
        -2.0627111848443747,
        53.79250788129866,
        300.20000000000005
      ],
      [
        -2.062704898416996,
        53.792509976774454,
        300
      ],
      [
        -2.062729960307479,
        53.79251601174474,
        300.20000000000005
      ],
      [
        -2.0627288706600666,
        53.792510479688644,
        300.20000000000005
      ],
      [
        -2.0627351570874453,
        53.79252280108631,
        300.20000000000005
      ],
      [
        -2.062730547040701,
        53.79251861013472,
        300.20000000000005
      ],
      [
        -2.0627288706600666,
        53.792510479688644,
        300.20000000000005
      ],
      [
        -2.0627288706600666,
        53.792510479688644,
        300.20000000000005
      ],
      [
        -2.0626844465732574,
        53.792509054765105,
        300.20000000000005
      ],
      [
        -2.0626844465732574,
        53.792509054765105,
        300
      ],
      [
        -2.0626844465732574,
        53.792509054765105,
        300
      ],
      [
        -2.0626844465732574,
        53.792509054765105,
        300
      ],
      [
        -2.0626844465732574,
        53.792509054765105,
        300
      ],
      [
        -2.0626729633659124,
        53.79251064732671,
        300
      ],
      [
        -2.0626844465732574,
        53.792509054765105,
        300
      ],
      [
        -2.0626844465732574,
        53.792509054765105,
        300.20000000000005
      ],
      [
        -2.0626844465732574,
        53.792509054765105,
        300
      ],
      [
        -2.0626844465732574,
        53.792509054765105,
        300
      ],
      [
        -2.0626844465732574,
        53.792509054765105,
        300
      ],
      [
        -2.0626844465732574,
        53.792509054765105,
        300
      ],
      [
        -2.0626794174313545,
        53.79251307807863,
        300
      ],
      [
        -2.0627006236463785,
        53.79250603727996,
        299.79999999999995
      ],
      [
        -2.0627048145979643,
        53.792507126927376,
        299.79999999999995
      ],
      [
        -2.062704898416996,
        53.79250779747963,
        299.6
      ],
      [
        -2.062704898416996,
        53.79250779747963,
        299.6
      ],
      [
        -2.062704898416996,
        53.79250779747963,
        299.6
      ],
      [
        -2.062686625868082,
        53.79251123405993,
        300
      ],
      [
        -2.062704898416996,
        53.79250779747963,
        300
      ],
      [
        -2.062704898416996,
        53.79250779747963,
        300
      ],
      [
        -2.062704898416996,
        53.79250779747963,
        300
      ],
      [
        -2.062704898416996,
        53.79250779747963,
        299.79999999999995
      ],
      [
        -2.062704898416996,
        53.79250779747963,
        300
      ],
      [
        -2.062704898416996,
        53.79250779747963,
        300
      ],
      [
        -2.062704898416996,
        53.79250779747963,
        300
      ],
      [
        -2.062688050791621,
        53.792510982602835,
        300
      ],
      [
        -2.062704898416996,
        53.79250779747963,
        300
      ],
      [
        -2.0626826025545597,
        53.7925108987838,
        300
      ],
      [
        -2.0626826025545597,
        53.7925108987838,
        300.20000000000005
      ],
      [
        -2.0626826025545597,
        53.7925108987838,
        300.20000000000005
      ],
      [
        -2.0626826025545597,
        53.7925108987838,
        300.20000000000005
      ],
      [
        -2.0626826025545597,
        53.7925108987838,
        300
      ],
      [
        -2.0626826025545597,
        53.7925108987838,
        300
      ],
      [
        -2.0626826025545597,
        53.7925108987838,
        300.4
      ],
      [
        -2.0626826025545597,
        53.7925108987838,
        300.20000000000005
      ],
      [
        -2.0626826025545597,
        53.7925108987838,
        300.20000000000005
      ],
      [
        -2.0626826025545597,
        53.7925108987838,
        300.4
      ],
      [
        -2.0626826025545597,
        53.7925108987838,
        300.4
      ],
      [
        -2.0626826025545597,
        53.7925108987838,
        300.4
      ],
      [
        -2.0626826025545597,
        53.7925108987838,
        300.4
      ],
      [
        -2.0626826025545597,
        53.7925108987838,
        300.4
      ],
      [
        -2.0626826025545597,
        53.7925108987838,
        300.4
      ],
      [
        -2.0626826025545597,
        53.7925108987838,
        300.4
      ],
      [
        -2.0626826025545597,
        53.7925108987838,
        300.4
      ],
      [
        -2.0626826025545597,
        53.7925108987838,
        300.4
      ],
      [
        -2.0626826025545597,
        53.7925108987838,
        300.4
      ],
      [
        -2.0626826025545597,
        53.7925108987838,
        300.4
      ],
      [
        -2.0626826025545597,
        53.7925108987838,
        300.4
      ],
      [
        -2.0626826025545597,
        53.7925108987838,
        300.4
      ],
      [
        -2.0626826025545597,
        53.7925108987838,
        300.4
      ],
      [
        -2.0626826025545597,
        53.7925108987838,
        300.4
      ],
      [
        -2.0626714546233416,
        53.79250687547028,
        300.4
      ],
      [
        -2.062670113518834,
        53.79250679165125,
        300.4
      ],
      [
        -2.0626826025545597,
        53.7925108987838,
        300.4
      ],
      [
        -2.0626826025545597,
        53.7925108987838,
        300.4
      ],
      [
        -2.0626826025545597,
        53.7925108987838,
        300.4
      ],
      [
        -2.0626826025545597,
        53.7925108987838,
        300.4
      ],
      [
        -2.0626826025545597,
        53.7925108987838,
        300.6
      ],
      [
        -2.0626826025545597,
        53.7925108987838,
        300.6
      ],
      [
        -2.0626826025545597,
        53.7925108987838,
        300.6
      ],
      [
        -2.0626826025545597,
        53.7925108987838,
        300.6
      ],
      [
        -2.0626826025545597,
        53.7925108987838,
        300.6
      ],
      [
        -2.062678663060069,
        53.79250444471836,
        300.6
      ],
      [
        -2.0626826025545597,
        53.7925108987838,
        300.6
      ],
      [
        -2.0626826025545597,
        53.7925108987838,
        300.6
      ],
      [
        -2.0626826025545597,
        53.7925108987838,
        300.79999999999995
      ],
      [
        -2.0626826025545597,
        53.7925108987838,
        300.79999999999995
      ],
      [
        -2.0626826025545597,
        53.7925108987838,
        300.79999999999995
      ],
      [
        -2.0626826025545597,
        53.7925108987838,
        301
      ],
      [
        -2.0626826025545597,
        53.7925108987838,
        301
      ],
      [
        -2.0626826025545597,
        53.7925108987838,
        301
      ],
      [
        -2.0626826025545597,
        53.7925108987838,
        301.20000000000005
      ],
      [
        -2.0626826025545597,
        53.7925108987838,
        301.20000000000005
      ],
      [
        -2.0626847818493843,
        53.792509054765105,
        301.20000000000005
      ],
      [
        -2.0626826025545597,
        53.7925108987838,
        301.20000000000005
      ],
      [
        -2.062688134610653,
        53.79250251688063,
        301.4
      ],
      [
        -2.0626826025545597,
        53.7925108987838,
        301
      ],
      [
        -2.0626826025545597,
        53.7925108987838,
        301
      ],
      [
        -2.0626826025545597,
        53.7925108987838,
        300.79999999999995
      ],
      [
        -2.0626826025545597,
        53.7925108987838,
        301.4
      ],
      [
        -2.062712274491787,
        53.792521711438894,
        301.4
      ],
      [
        -2.062717555090785,
        53.79251919686794,
        301.4
      ],
      [
        -2.0627365820109844,
        53.792512994259596,
        301.4
      ],
      [
        -2.0627365820109844,
        53.792512994259596,
        301.6
      ],
      [
        -2.0627365820109844,
        53.792512994259596,
        301.79999999999995
      ],
      [
        -2.0627365820109844,
        53.792512994259596,
        302
      ],
      [
        -2.0627365820109844,
        53.792512994259596,
        301.79999999999995
      ],
      [
        -2.0627365820109844,
        53.792512994259596,
        301.6
      ],
      [
        -2.062702802941203,
        53.792511066421866,
        301.6
      ],
      [
        -2.062702802941203,
        53.792511066421866,
        301.6
      ],
      [
        -2.062702802941203,
        53.792511066421866,
        301.6
      ],
      [
        -2.062702802941203,
        53.792511066421866,
        301.6
      ],
      [
        -2.062702802941203,
        53.792511066421866,
        301.6
      ],
      [
        -2.0626852847635746,
        53.79251123405993,
        301.79999999999995
      ],
      [
        -2.062678411602974,
        53.79250922240317,
        301.79999999999995
      ],
      [
        -2.0626785792410374,
        53.79250913858414,
        301.79999999999995
      ],
      [
        -2.0626785792410374,
        53.79250913858414,
        301.79999999999995
      ],
      [
        -2.0626785792410374,
        53.79250913858414,
        301.79999999999995
      ],
      [
        -2.0626785792410374,
        53.79250913858414,
        301.79999999999995
      ],
      [
        -2.0626785792410374,
        53.79250913858414,
        301.79999999999995
      ],
      [
        -2.0626785792410374,
        53.79250913858414,
        301.79999999999995
      ],
      [
        -2.0626785792410374,
        53.79250913858414,
        301.79999999999995
      ],
      [
        -2.0626785792410374,
        53.79250913858414,
        301.79999999999995
      ],
      [
        -2.0626785792410374,
        53.79250913858414,
        301.79999999999995
      ],
      [
        -2.0626785792410374,
        53.79250913858414,
        301.6
      ],
      [
        -2.062696684151888,
        53.792513916268945,
        301.6
      ],
      [
        -2.0627002883702517,
        53.792514419183135,
        301.79999999999995
      ],
      [
        -2.0627002883702517,
        53.792514419183135,
        301.79999999999995
      ],
      [
        -2.0627002883702517,
        53.792514419183135,
        301.6
      ],
      [
        -2.0627036411315203,
        53.79250980913639,
        301.4
      ],
      [
        -2.0627029705792665,
        53.79251131787896,
        301.20000000000005
      ],
      [
        -2.0627273619174957,
        53.79251693375409,
        301.79999999999995
      ],
      [
        -2.0627276971936226,
        53.79251676611602,
        301.79999999999995
      ],
      [
        -2.0627276971936226,
        53.79251676611602,
        302
      ],
      [
        -2.0627077482640743,
        53.792513497173786,
        301.79999999999995
      ],
      [
        -2.0627276971936226,
        53.79251676611602,
        301.79999999999995
      ],
      [
        -2.0627276971936226,
        53.79251676611602,
        301.79999999999995
      ],
      [
        -2.0627276971936226,
        53.79251676611602,
        301.79999999999995
      ],
      [
        -2.062705233693123,
        53.79250528290868,
        301.79999999999995
      ],
      [
        -2.0626977737993,
        53.79250301979482,
        301.79999999999995
      ],
      [
        -2.0626977737993,
        53.79250301979482,
        301.79999999999995
      ],
      [
        -2.0626977737993,
        53.79250301979482,
        301.79999999999995
      ],
      [
        -2.0626977737993,
        53.79250301979482,
        301.79999999999995
      ],
      [
        -2.0626977737993,
        53.79250301979482,
        301.79999999999995
      ],
      [
        -2.0626977737993,
        53.79250301979482,
        301.79999999999995
      ],
      [
        -2.0626977737993,
        53.79250301979482,
        301.6
      ],
      [
        -2.0626977737993,
        53.79250301979482,
        301.6
      ],
      [
        -2.0626977737993,
        53.79250301979482,
        301.6
      ],
      [
        -2.0626977737993,
        53.79250301979482,
        301.6
      ],
      [
        -2.0626977737993,
        53.79250301979482,
        301.6
      ],
      [
        -2.0626977737993,
        53.79250301979482,
        301.6
      ],
      [
        -2.0626977737993,
        53.79250301979482,
        301.6
      ],
      [
        -2.0626977737993,
        53.79250301979482,
        301.6
      ],
      [
        -2.0626977737993,
        53.79250301979482,
        301.6
      ],
      [
        -2.0626977737993,
        53.79250301979482,
        301.6
      ],
      [
        -2.0626977737993,
        53.79250301979482,
        301.6
      ],
      [
        -2.0626977737993,
        53.79250301979482,
        301.4
      ],
      [
        -2.0626977737993,
        53.79250301979482,
        301.4
      ],
      [
        -2.062678746879101,
        53.79250385798514,
        301.4
      ],
      [
        -2.0626977737993,
        53.79250301979482,
        301.4
      ],
      [
        -2.0626977737993,
        53.79250301979482,
        301.4
      ],
      [
        -2.0626761484891176,
        53.7925074622035,
        301.4
      ],
      [
        -2.0626795012503862,
        53.79251416772604,
        301.4
      ],
      [
        -2.0627000369131565,
        53.79251550883055,
        301.4
      ],
      [
        -2.0627056527882814,
        53.79251559264958,
        301.4
      ],
      [
        -2.0627365820109844,
        53.79251031205058,
        301.4
      ],
      [
        -2.0627404376864433,
        53.79250737838447,
        301.4
      ],
      [
        -2.0627127774059772,
        53.79250385798514,
        301.4
      ],
      [
        -2.0627132803201675,
        53.79250310361385,
        301.4
      ],
      [
        -2.0627132803201675,
        53.79250310361385,
        301.4
      ],
      [
        -2.0627132803201675,
        53.79250310361385,
        301.4
      ],
      [
        -2.062679333612323,
        53.79250042140484,
        301.4
      ],
      [
        -2.062678160145879,
        53.792501175776124,
        301.4
      ],
      [
        -2.062678160145879,
        53.792501175776124,
        301.6
      ],
      [
        -2.0626732148230076,
        53.79249941557646,
        301.6
      ],
      [
        -2.062678160145879,
        53.792501175776124,
        301.4
      ],
      [
        -2.062678160145879,
        53.792501175776124,
        301.6
      ],
      [
        -2.0626891404390335,
        53.79250628873706,
        301.4
      ],
      [
        -2.062678160145879,
        53.792501175776124,
        301.4
      ],
      [
        -2.062678160145879,
        53.792501175776124,
        301.4
      ],
      [
        -2.062678160145879,
        53.792501175776124,
        301.4
      ],
      [
        -2.062678160145879,
        53.792501175776124,
        301.6
      ],
      [
        -2.062678160145879,
        53.792501175776124,
        301.6
      ],
      [
        -2.062678160145879,
        53.792501175776124,
        301.6
      ],
      [
        -2.062678160145879,
        53.792501175776124,
        301.6
      ],
      [
        -2.062678160145879,
        53.792501175776124,
        301.6
      ],
      [
        -2.062678160145879,
        53.792501175776124,
        301.6
      ],
      [
        -2.062678160145879,
        53.792501175776124,
        301.6
      ],
      [
        -2.0626824349164963,
        53.79251450300217,
        301.79999999999995
      ],
      [
        -2.0626824349164963,
        53.79251450300217,
        301.79999999999995
      ],
      [
        -2.0626824349164963,
        53.79251450300217,
        301.79999999999995
      ],
      [
        -2.0626824349164963,
        53.79251450300217,
        301.79999999999995
      ],
      [
        -2.0626824349164963,
        53.79251450300217,
        302
      ],
      [
        -2.0626824349164963,
        53.79251450300217,
        302
      ],
      [
        -2.0626824349164963,
        53.79251450300217,
        302.20000000000005
      ],
      [
        -2.0626824349164963,
        53.79251450300217,
        302.20000000000005
      ],
      [
        -2.0626824349164963,
        53.79251450300217,
        302.20000000000005
      ],
      [
        -2.0626824349164963,
        53.79251450300217,
        302.20000000000005
      ],
      [
        -2.0626824349164963,
        53.79251450300217,
        302.20000000000005
      ],
      [
        -2.0626824349164963,
        53.79251450300217,
        302.20000000000005
      ],
      [
        -2.0626824349164963,
        53.79251450300217,
        302.20000000000005
      ],
      [
        -2.0626824349164963,
        53.79251450300217,
        302.20000000000005
      ],
      [
        -2.0626824349164963,
        53.79251450300217,
        302.4
      ],
      [
        -2.0626824349164963,
        53.79251450300217,
        302.4
      ],
      [
        -2.0626824349164963,
        53.79251450300217,
        302.4
      ],
      [
        -2.0626824349164963,
        53.79251450300217,
        302.6
      ],
      [
        -2.0626824349164963,
        53.79251450300217,
        302.6
      ],
      [
        -2.0626824349164963,
        53.79251450300217,
        302.6
      ],
      [
        -2.0626824349164963,
        53.79251450300217,
        302.79999999999995
      ],
      [
        -2.0626824349164963,
        53.79251450300217,
        302.79999999999995
      ],
      [
        -2.0626824349164963,
        53.79251450300217,
        302.79999999999995
      ],
      [
        -2.0626939181238413,
        53.79250134341419,
        302.79999999999995
      ],
      [
        -2.0626939181238413,
        53.79250134341419,
        302.79999999999995
      ],
      [
        -2.0626939181238413,
        53.79250134341419,
        302.79999999999995
      ],
      [
        -2.0626939181238413,
        53.79250134341419,
        302.79999999999995
      ],
      [
        -2.0626939181238413,
        53.79250134341419,
        302.79999999999995
      ],
      [
        -2.0626939181238413,
        53.79250134341419,
        303
      ],
      [
        -2.0626939181238413,
        53.79250134341419,
        303
      ],
      [
        -2.0626939181238413,
        53.79250134341419,
        302.79999999999995
      ],
      [
        -2.0626939181238413,
        53.79250134341419,
        303
      ],
      [
        -2.0626939181238413,
        53.79250134341419,
        303
      ],
      [
        -2.0626720413565636,
        53.792496398091316,
        303
      ],
      [
        -2.0626720413565636,
        53.792496398091316,
        303
      ],
      [
        -2.0626720413565636,
        53.792496398091316,
        303
      ],
      [
        -2.0626720413565636,
        53.792496398091316,
        303
      ],
      [
        -2.0626720413565636,
        53.792496398091316,
        303
      ],
      [
        -2.062663910910487,
        53.79249455407262,
        303
      ],
      [
        -2.0626720413565636,
        53.792496398091316,
        303
      ],
      [
        -2.0626720413565636,
        53.792496398091316,
        303
      ],
      [
        -2.0626720413565636,
        53.792496398091316,
        303
      ],
      [
        -2.0626720413565636,
        53.792496398091316,
        303
      ],
      [
        -2.0626720413565636,
        53.792496398091316,
        303
      ],
      [
        -2.0626720413565636,
        53.792496398091316,
        303
      ],
      [
        -2.0626705326139927,
        53.79249857738614,
        302.79999999999995
      ],
      [
        -2.0626717898994684,
        53.792495559901,
        302.79999999999995
      ],
      [
        -2.062678076326847,
        53.79250486381352,
        302.79999999999995
      ],
      [
        -2.0626720413565636,
        53.792496398091316,
        302.79999999999995
      ],
      [
        -2.0626720413565636,
        53.792496398091316,
        302.79999999999995
      ],
      [
        -2.0626947563141584,
        53.79250000230968,
        302.79999999999995
      ],
      [
        -2.0626947563141584,
        53.79250000230968,
        302.79999999999995
      ],
      [
        -2.0626947563141584,
        53.79250000230968,
        302.79999999999995
      ],
      [
        -2.0626947563141584,
        53.79250000230968,
        302.6
      ],
      [
        -2.0626947563141584,
        53.79250000230968,
        302.4
      ],
      [
        -2.0626947563141584,
        53.79250000230968,
        302.4
      ],
      [
        -2.0626927446573973,
        53.792498828843236,
        302.4
      ],
      [
        -2.0626927446573973,
        53.792499331757426,
        302.4
      ],
      [
        -2.062692828476429,
        53.792499331757426,
        302.4
      ],
      [
        -2.0626947563141584,
        53.79250000230968,
        302.4
      ],
      [
        -2.0626947563141584,
        53.79250000230968,
        302.4
      ],
      [
        -2.0626947563141584,
        53.79250000230968,
        302.4
      ],
      [
        -2.0626947563141584,
        53.79250000230968,
        302.4
      ],
      [
        -2.0626947563141584,
        53.79250000230968,
        302.4
      ],
      [
        -2.0626947563141584,
        53.79250000230968,
        302.4
      ],
      [
        -2.0626947563141584,
        53.79250000230968,
        302.4
      ],
      [
        -2.0626947563141584,
        53.79250000230968,
        302.4
      ],
      [
        -2.0626947563141584,
        53.79250000230968,
        302.4
      ],
      [
        -2.0626852847635746,
        53.792506624013186,
        302.4
      ],
      [
        -2.0626864582300186,
        53.79250645637512,
        302.4
      ],
      [
        -2.0626947563141584,
        53.79250000230968,
        302.4
      ],
      [
        -2.0626947563141584,
        53.79250000230968,
        302.4
      ],
      [
        -2.0626947563141584,
        53.79250000230968,
        302.4
      ],
      [
        -2.0626947563141584,
        53.79250000230968,
        302.4
      ],
      [
        -2.0626947563141584,
        53.79250000230968,
        302.4
      ],
      [
        -2.0626947563141584,
        53.79250000230968,
        302.4
      ],
      [
        -2.0626947563141584,
        53.79250000230968,
        302.4
      ],
      [
        -2.0626947563141584,
        53.79250000230968,
        302.4
      ],
      [
        -2.0626947563141584,
        53.79250000230968,
        302.4
      ],
      [
        -2.0626947563141584,
        53.79250000230968,
        302.4
      ],
      [
        -2.0626947563141584,
        53.79250000230968,
        302.4
      ],
      [
        -2.0626947563141584,
        53.79250000230968,
        302.4
      ],
      [
        -2.0626767352223396,
        53.79250863566995,
        302.4
      ],
      [
        -2.0626767352223396,
        53.79250863566995,
        302.4
      ],
      [
        -2.0626767352223396,
        53.79250863566995,
        302.4
      ],
      [
        -2.0626767352223396,
        53.79250863566995,
        302.20000000000005
      ],
      [
        -2.062681345269084,
        53.79251131787896,
        302.20000000000005
      ],
      [
        -2.0626767352223396,
        53.79250863566995,
        302.20000000000005
      ],
      [
        -2.0626767352223396,
        53.79250863566995,
        302.20000000000005
      ],
      [
        -2.062684027478099,
        53.79250721074641,
        302.20000000000005
      ],
      [
        -2.0626767352223396,
        53.79250863566995,
        302.20000000000005
      ],
      [
        -2.0626767352223396,
        53.79250863566995,
        302
      ],
      [
        -2.0626767352223396,
        53.79250863566995,
        302.20000000000005
      ],
      [
        -2.0626767352223396,
        53.79250863566995,
        302
      ],
      [
        -2.0626767352223396,
        53.79250863566995,
        302
      ],
      [
        -2.0626767352223396,
        53.79250863566995,
        301.79999999999995
      ],
      [
        -2.0626767352223396,
        53.79250863566995,
        301.79999999999995
      ],
      [
        -2.0626767352223396,
        53.79250863566995,
        301.79999999999995
      ],
      [
        -2.0626767352223396,
        53.79250863566995,
        301.79999999999995
      ],
      [
        -2.0626767352223396,
        53.79250863566995,
        301.79999999999995
      ],
      [
        -2.0626767352223396,
        53.79250863566995,
        301.79999999999995
      ],
      [
        -2.0626767352223396,
        53.79250863566995,
        301.79999999999995
      ],
      [
        -2.0626767352223396,
        53.79250863566995,
        301.79999999999995
      ],
      [
        -2.0626767352223396,
        53.79250863566995,
        301.79999999999995
      ],
      [
        -2.0626767352223396,
        53.79250863566995,
        301.79999999999995
      ],
      [
        -2.0626767352223396,
        53.79250863566995,
        301.79999999999995
      ],
      [
        -2.0626767352223396,
        53.79250863566995,
        301.79999999999995
      ],
      [
        -2.0626767352223396,
        53.79250863566995,
        301.79999999999995
      ],
      [
        -2.0626767352223396,
        53.79250863566995,
        301.79999999999995
      ],
      [
        -2.0626767352223396,
        53.79250863566995,
        301.79999999999995
      ],
      [
        -2.06268310546875,
        53.792506540194154,
        301.79999999999995
      ],
      [
        -2.062699366360903,
        53.79251265898347,
        301.79999999999995
      ],
      [
        -2.062709592282772,
        53.79251223988831,
        302
      ],
      [
        -2.062695175409317,
        53.792519783601165,
        302
      ],
      [
        -2.0626921579241753,
        53.79251576028764,
        302.20000000000005
      ],
      [
        -2.062692493200302,
        53.79251668229699,
        302
      ],
      [
        -2.062692241743207,
        53.79251408390701,
        302
      ],
      [
        -2.062702216207981,
        53.79250721074641,
        302
      ],
      [
        -2.062730547040701,
        53.79251123405993,
        302
      ],
      [
        -2.062722248956561,
        53.79251911304891,
        302.20000000000005
      ],
      [
        -2.062716716900468,
        53.79251810722053,
        302.4
      ],
      [
        -2.0627260208129883,
        53.79252682439983,
        302.79999999999995
      ],
      [
        -2.0627233386039734,
        53.792531015351415,
        302.79999999999995
      ],
      [
        -2.0627176389098167,
        53.792531518265605,
        302.79999999999995
      ],
      [
        -2.0627162978053093,
        53.79251467064023,
        301.6
      ],
      [
        -2.062712023034692,
        53.79251064732671,
        301.6
      ],
      [
        -2.0626986119896173,
        53.79250838421285,
        301.6
      ],
      [
        -2.062699869275093,
        53.792515341192484,
        301.6
      ],
      [
        -2.062692493200302,
        53.79251668229699,
        301.79999999999995
      ],
      [
        -2.062692493200302,
        53.79251668229699,
        301.6
      ],
      [
        -2.062692493200302,
        53.79251668229699,
        301.4
      ],
      [
        -2.062709843739867,
        53.7925077136606,
        301.4
      ],
      [
        -2.062709843739867,
        53.7925077136606,
        301.4
      ],
      [
        -2.0627162978053093,
        53.79250972531736,
        301.79999999999995
      ],
      [
        -2.062709843739867,
        53.7925077136606,
        301.79999999999995
      ],
      [
        -2.062709843739867,
        53.7925077136606,
        301.79999999999995
      ],
      [
        -2.0626844465732574,
        53.792497320100665,
        301.79999999999995
      ],
      [
        -2.0627024676650763,
        53.79250000230968,
        302.20000000000005
      ],
      [
        -2.0627043955028057,
        53.7925042770803,
        302
      ],
      [
        -2.0626988634467125,
        53.79250033758581,
        302
      ],
      [
        -2.0626878831535578,
        53.79249614663422,
        302
      ],
      [
        -2.0626878831535578,
        53.79249614663422,
        302.20000000000005
      ],
      [
        -2.0626878831535578,
        53.79249614663422,
        302
      ],
      [
        -2.062693666666746,
        53.792497739195824,
        302
      ],
      [
        -2.0626878831535578,
        53.79249614663422,
        302
      ],
      [
        -2.062703976407647,
        53.79250897094607,
        302
      ],
      [
        -2.062692241743207,
        53.79250528290868,
        302
      ],
      [
        -2.0627024676650763,
        53.792509054765105,
        302.20000000000005
      ],
      [
        -2.0627024676650763,
        53.792509054765105,
        302
      ],
      [
        -2.0627024676650763,
        53.792509054765105,
        302.20000000000005
      ],
      [
        -2.0627024676650763,
        53.792509054765105,
        302.20000000000005
      ],
      [
        -2.0626903139054775,
        53.79250779747963,
        302.20000000000005
      ],
      [
        -2.0626897271722555,
        53.79250846803188,
        302.20000000000005
      ],
      [
        -2.0627024676650763,
        53.792509054765105,
        302.20000000000005
      ],
      [
        -2.0626961812376976,
        53.79250939004123,
        302.4
      ],
      [
        -2.0627024676650763,
        53.792509054765105,
        302.4
      ],
      [
        -2.062679920345545,
        53.792505618184805,
        302.4
      ],
      [
        -2.0626767352223396,
        53.7925093062222,
        302.4
      ],
      [
        -2.0626767352223396,
        53.7925093062222,
        302.4
      ],
      [
        -2.0626767352223396,
        53.7925093062222,
        302.6
      ],
      [
        -2.0626767352223396,
        53.7925093062222,
        302.6
      ],
      [
        -2.0626814290881157,
        53.79251223988831,
        302.6
      ],
      [
        -2.062699282541871,
        53.792518274858594,
        302.79999999999995
      ],
      [
        -2.062699282541871,
        53.792518274858594,
        302.79999999999995
      ],
      [
        -2.062699282541871,
        53.792518274858594,
        302.79999999999995
      ],
      [
        -2.062699282541871,
        53.792518274858594,
        303
      ],
      [
        -2.062699282541871,
        53.792518274858594,
        303
      ],
      [
        -2.062699282541871,
        53.792518274858594,
        303
      ],
      [
        -2.062699282541871,
        53.792518274858594,
        303
      ],
      [
        -2.0626967679709196,
        53.792521795257926,
        303
      ],
      [
        -2.062699282541871,
        53.792518274858594,
        303
      ],
      [
        -2.0626912359148264,
        53.79251508973539,
        303
      ],
      [
        -2.062699282541871,
        53.792518274858594,
        303.4
      ],
      [
        -2.0626955945044756,
        53.79250528290868,
        303.4
      ],
      [
        -2.062693079933524,
        53.79251173697412,
        303.4
      ],
      [
        -2.0626955945044756,
        53.79250528290868,
        303.4
      ],
      [
        -2.0626955945044756,
        53.79250528290868,
        303.4
      ],
      [
        -2.0626955945044756,
        53.79250528290868,
        303.4
      ],
      [
        -2.0626779925078154,
        53.79250503145158,
        303.20000000000005
      ],
      [
        -2.062688386067748,
        53.792514838278294,
        303.4
      ],
      [
        -2.0626856200397015,
        53.792513916268945,
        303.4
      ],
      [
        -2.062684027478099,
        53.79251383244991,
        303.4
      ],
      [
        -2.0627007074654102,
        53.792522717267275,
        303.4
      ],
      [
        -2.062714621424675,
        53.79251517355442,
        303.4
      ],
      [
        -2.062700539827347,
        53.792526656761765,
        303.20000000000005
      ],
      [
        -2.062581181526184,
        53.792619025334716,
        303.20000000000005
      ],
      [
        -2.0624773297458887,
        53.79269697703421,
        303
      ],
      [
        -2.062390660867095,
        53.79278289154172,
        302.79999999999995
      ],
      [
        -2.0623089373111725,
        53.79286008886993,
        302.79999999999995
      ],
      [
        -2.0622061751782894,
        53.79293384961784,
        302.6
      ],
      [
        -2.062191255390644,
        53.79294332116842,
        302.6
      ],
      [
        -2.062064940109849,
        53.7930291518569,
        302.79999999999995
      ],
      [
        -2.061979779973626,
        53.79311238415539,
        303
      ],
      [
        -2.0619113836437464,
        53.79318321123719,
        302.79999999999995
      ],
      [
        -2.0618312526494265,
        53.793251691386104,
        302.79999999999995
      ],
      [
        -2.061726478859782,
        53.79333215765655,
        302.79999999999995
      ],
      [
        -2.0616113115102053,
        53.7933864723891,
        303.20000000000005
      ],
      [
        -2.0614743512123823,
        53.7934176530689,
        303.6
      ],
      [
        -2.061440320685506,
        53.79342360422015,
        304.20000000000005
      ],
      [
        -2.0614186115562916,
        53.79343391396105,
        304.4
      ],
      [
        -2.0614168513566256,
        53.79343265667558,
        304.6
      ],
      [
        -2.0613430067896843,
        53.79344648681581,
        304.6
      ],
      [
        -2.061270670965314,
        53.793474147096276,
        304.79999999999995
      ],
      [
        -2.061209650710225,
        53.79347917623818,
        304.6
      ],
      [
        -2.061164891347289,
        53.793466771021485,
        305.20000000000005
      ],
      [
        -2.061137231066823,
        53.793484373018146,
        305.6
      ],
      [
        -2.0610702596604824,
        53.79353592172265,
        306.20000000000005
      ],
      [
        -2.061055591329932,
        53.79354455508292,
        306.20000000000005
      ],
      [
        -2.0610137656331062,
        53.793581603094935,
        306.6
      ],
      [
        -2.0609785616397858,
        53.79361362196505,
        306.6
      ],
      [
        -2.060884265229106,
        53.79367564804852,
        307
      ],
      [
        -2.060874793678522,
        53.79368495196104,
        307
      ],
      [
        -2.0608231611549854,
        53.79375125281513,
        307.20000000000005
      ],
      [
        -2.060770271345973,
        53.79378612153232,
        307.20000000000005
      ],
      [
        -2.0607609674334526,
        53.79379827529192,
        307.20000000000005
      ],
      [
        -2.060688380151987,
        53.7938545178622,
        307.20000000000005
      ],
      [
        -2.0606407709419727,
        53.793897181749344,
        307.20000000000005
      ],
      [
        -2.0606190618127584,
        53.79391654394567,
        307.20000000000005
      ],
      [
        -2.0605390146374702,
        53.793981755152345,
        307.20000000000005
      ],
      [
        -2.0604596380144358,
        53.79405618645251,
        307.20000000000005
      ],
      [
        -2.0603855419903994,
        53.79412014037371,
        307.4
      ],
      [
        -2.060374226421118,
        53.79413112066686,
        307.4
      ],
      [
        -2.060286048799753,
        53.79418836906552,
        307.6
      ],
      [
        -2.0602362602949142,
        53.794225584715605,
        307.6
      ],
      [
        -2.0602128747850657,
        53.794247545301914,
        307.79999999999995
      ],
      [
        -2.0601806044578552,
        53.79428995773196,
        308
      ],
      [
        -2.0601177401840687,
        53.794344775378704,
        308
      ],
      [
        -2.0600473321974277,
        53.79445097409189,
        307.79999999999995
      ],
      [
        -2.059948928654194,
        53.794531021267176,
        307.20000000000005
      ],
      [
        -2.059925626963377,
        53.79460453055799,
        307
      ],
      [
        -2.0599257946014404,
        53.79467778839171,
        306.79999999999995
      ],
      [
        -2.0599280577152967,
        53.7946901936084,
        306.79999999999995
      ],
      [
        -2.0598832983523607,
        53.794769402593374,
        306.6
      ],
      [
        -2.0597581565380096,
        53.794873505830765,
        306.79999999999995
      ],
      [
        -2.059639301151037,
        53.79497132264078,
        306.79999999999995
      ],
      [
        -2.0595397241413593,
        53.795045502483845,
        307
      ],
      [
        -2.05949236638844,
        53.795082215219736,
        307
      ],
      [
        -2.0594887621700764,
        53.79508296959102,
        307
      ],
      [
        -2.05945523455739,
        53.7950926925987,
        306.4
      ],
      [
        -2.059400249272585,
        53.795135859400034,
        307
      ],
      [
        -2.059302097186446,
        53.795199980959296,
        307.4
      ],
      [
        -2.059230851009488,
        53.79524130374193,
        307.4
      ],
      [
        -2.0591648016124964,
        53.79527449607849,
        307.20000000000005
      ],
      [
        -2.0590481255203485,
        53.795336186885834,
        307.4
      ],
      [
        -2.058902448043227,
        53.79541656933725,
        307.6
      ],
      [
        -2.058786191046238,
        53.79547365009785,
        307.79999999999995
      ],
      [
        -2.058616289868951,
        53.79555252380669,
        308
      ],
      [
        -2.0584508311003447,
        53.79560968838632,
        308.20000000000005
      ],
      [
        -2.0584129448980093,
        53.79562033340335,
        308.20000000000005
      ],
      [
        -2.058371789753437,
        53.79563299007714,
        308.4
      ],
      [
        -2.058291407302022,
        53.79565595649183,
        308.4
      ],
      [
        -2.0582358352839947,
        53.795669618994,
        308.6
      ],
      [
        -2.058068448677659,
        53.79571865312755,
        309.20000000000005
      ],
      [
        -2.05794682726264,
        53.795749582350254,
        309.4
      ],
      [
        -2.0578844659030437,
        53.79576827399433,
        309.6
      ],
      [
        -2.0577564742416143,
        53.79580448381603,
        309.79999999999995
      ],
      [
        -2.057611970230937,
        53.7958509195596,
        310.4
      ],
      [
        -2.0575755927711725,
        53.79585586488247,
        310.4
      ],
      [
        -2.0574548095464706,
        53.7958871293813,
        310.6
      ],
      [
        -2.05730183981359,
        53.79593012854457,
        311
      ],
      [
        -2.0571223832666874,
        53.79596742801368,
        311.4
      ],
      [
        -2.0570627879351377,
        53.795981677249074,
        311.4
      ],
      [
        -2.056940495967865,
        53.79601126536727,
        311.6
      ],
      [
        -2.056770594790578,
        53.79604839719832,
        312.20000000000005
      ],
      [
        -2.0566887874156237,
        53.7960668373853,
        312.4
      ],
      [
        -2.0565699320286512,
        53.79608737304807,
        312.79999999999995
      ],
      [
        -2.056405898183584,
        53.796130288392305,
        313.20000000000005
      ],
      [
        -2.056319313123822,
        53.79615778103471,
        313.6
      ],
      [
        -2.0563039742410183,
        53.79615836776793,
        313.6
      ],
      [
        -2.0561630744487047,
        53.7961667496711,
        314
      ],
      [
        -2.05598839558661,
        53.79615928977728,
        314.6
      ],
      [
        -2.0559690333902836,
        53.79615937359631,
        314.6
      ],
      [
        -2.0558099448680878,
        53.79617236554623,
        315.20000000000005
      ],
      [
        -2.055747164413333,
        53.79616968333721,
        315.6
      ],
      [
        -2.0557031594216824,
        53.796164905652404,
        316
      ],
      [
        -2.0556313265115023,
        53.79616800695658,
        316.6
      ],
      [
        -2.055593943223357,
        53.79616850987077,
        317
      ],
      [
        -2.0555099565535784,
        53.796178651973605,
        317.6
      ],
      [
        -2.0554989762604237,
        53.79617974162102,
        317.6
      ],
      [
        -2.0553785283118486,
        53.79618535749614,
        318.4
      ],
      [
        -2.055354891344905,
        53.79618862643838,
        318.79999999999995
      ],
      [
        -2.0552772749215364,
        53.79619122482836,
        319.4
      ],
      [
        -2.055208208039403,
        53.796189464628696,
        319.79999999999995
      ],
      [
        -2.055140985175967,
        53.79617311991751,
        320.4
      ],
      [
        -2.055042078718543,
        53.79613892175257,
        320.79999999999995
      ],
      [
        -2.0549980737268925,
        53.79612919874489,
        321
      ],
      [
        -2.0548381470143795,
        53.79611302167177,
        320.6
      ],
      [
        -2.0547777134925127,
        53.7961252592504,
        320.4
      ],
      [
        -2.054737564176321,
        53.796177143231034,
        320.20000000000005
      ],
      [
        -2.0547059644013643,
        53.79618820734322,
        320.20000000000005
      ],
      [
        -2.0546234864741564,
        53.79620270803571,
        320
      ],
      [
        -2.0546117518097162,
        53.79620706662536,
        320
      ],
      [
        -2.0546083990484476,
        53.79620723426342,
        320
      ],
      [
        -2.0545577723532915,
        53.796210838481784,
        320
      ],
      [
        -2.054502787068486,
        53.79621645435691,
        320
      ],
      [
        -2.0543910562992096,
        53.79622927866876,
        320
      ],
      [
        -2.0542323868721724,
        53.79624386318028,
        320.20000000000005
      ],
      [
        -2.0541280321776867,
        53.79626112990081,
        320.4
      ],
      [
        -2.05412819981575,
        53.79626439884305,
        320.4
      ],
      [
        -2.0541446283459663,
        53.796315528452396,
        320.79999999999995
      ],
      [
        -2.0540909003466368,
        53.796338494867086,
        320.79999999999995
      ],
      [
        -2.053930386900902,
        53.796378560364246,
        320.6
      ],
      [
        -2.0537737291306257,
        53.79642625339329,
        320.79999999999995
      ],
      [
        -2.053700052201748,
        53.796448884531856,
        320.79999999999995
      ],
      [
        -2.0536854676902294,
        53.79645382985473,
        320.79999999999995
      ],
      [
        -2.053675828501582,
        53.796448800712824,
        320.79999999999995
      ],
      [
        -2.0536645129323006,
        53.79645098000765,
        320.79999999999995
      ],
      [
        -2.053533336147666,
        53.796484004706144,
        320.6
      ],
      [
        -2.05336838029325,
        53.79654200747609,
        320.79999999999995
      ],
      [
        -2.0532637741416693,
        53.79658408463001,
        320.79999999999995
      ],
      [
        -2.0531267300248146,
        53.79661534912884,
        320.79999999999995
      ],
      [
        -2.052995301783085,
        53.79666010849178,
        320.79999999999995
      ],
      [
        -2.0529777836054564,
        53.79666589200497,
        320.79999999999995
      ],
      [
        -2.0529638696461916,
        53.79667150788009,
        320.79999999999995
      ],
      [
        -2.0529450941830873,
        53.79667595028877,
        320.79999999999995
      ],
      [
        -2.0528207905590534,
        53.79671651870012,
        320.79999999999995
      ],
      [
        -2.0526699163019657,
        53.79676337353885,
        320.79999999999995
      ],
      [
        -2.0525174494832754,
        53.79680888727307,
        321
      ],
      [
        -2.052375376224518,
        53.796839229762554,
        321
      ],
      [
        -2.0521705225110054,
        53.79688734188676,
        321
      ],
      [
        -2.0520132780075073,
        53.79694132134318,
        321
      ],
      [
        -2.051856117323041,
        53.796989768743515,
        321
      ],
      [
        -2.0516862999647856,
        53.79703352227807,
        321.20000000000005
      ],
      [
        -2.051547998562455,
        53.79708247259259,
        321.20000000000005
      ],
      [
        -2.05142461694777,
        53.79717676900327,
        321.4
      ],
      [
        -2.051307102665305,
        53.7972667068243,
        321.4
      ],
      [
        -2.0511836372315884,
        53.79735899157822,
        321.4
      ],
      [
        -2.051073918119073,
        53.797452449798584,
        321.6
      ],
      [
        -2.0509362034499645,
        53.79756610840559,
        321.6
      ],
      [
        -2.0508207846432924,
        53.79764766432345,
        321.6
      ],
      [
        -2.050721039995551,
        53.79772796295583,
        321.6
      ],
      [
        -2.0506476145237684,
        53.7977952696383,
        321.6
      ],
      [
        -2.050522891804576,
        53.797892332077026,
        321.6
      ],
      [
        -2.050375873222947,
        53.79798813723028,
        321.79999999999995
      ],
      [
        -2.0503451954573393,
        53.798003643751144,
        321.79999999999995
      ],
      [
        -2.0502064749598503,
        53.79808637313545,
        322.20000000000005
      ],
      [
        -2.0501000247895718,
        53.798196259886026,
        322.20000000000005
      ],
      [
        -2.050044285133481,
        53.79831134341657,
        322.20000000000005
      ],
      [
        -2.0500017888844013,
        53.79842567257583,
        322
      ],
      [
        -2.049949988722801,
        53.798550479114056,
        322.20000000000005
      ],
      [
        -2.049882598221302,
        53.7986637186259,
        322.20000000000005
      ],
      [
        -2.049836413934827,
        53.79875256679952,
        322.20000000000005
      ],
      [
        -2.0497799199074507,
        53.79884568974376,
        322.20000000000005
      ],
      [
        -2.0497157145291567,
        53.79893965087831,
        322.4
      ],
      [
        -2.0496533531695604,
        53.79905800335109,
        322.4
      ],
      [
        -2.0496088452637196,
        53.79913989454508,
        322.4
      ],
      [
        -2.0495258644223213,
        53.79927920177579,
        322.4
      ],
      [
        -2.0494412910193205,
        53.79936536774039,
        322.4
      ],
      [
        -2.04932545311749,
        53.79949310794473,
        322.6
      ],
      [
        -2.049230905249715,
        53.79957877099514,
        322.6
      ],
      [
        -2.049220511689782,
        53.79959042184055,
        322.6
      ],
      [
        -2.049132166430354,
        53.799669379368424,
        322.6
      ],
      [
        -2.0490589924156666,
        53.79975898191333,
        322.6
      ],
      [
        -2.048916080966592,
        53.79987674765289,
        322.79999999999995
      ],
      [
        -2.0487495325505733,
        53.79994288086891,
        322.79999999999995
      ],
      [
        -2.0485571678727865,
        53.79999987781048,
        323
      ],
      [
        -2.048436552286148,
        53.80002602934837,
        323.79999999999995
      ],
      [
        -2.0484069641679525,
        53.80004547536373,
        324
      ],
      [
        -2.048359690234065,
        53.80008679814637,
        324
      ],
      [
        -2.0482850912958384,
        53.80016625858843,
        324
      ],
      [
        -2.048273105174303,
        53.80017447285354,
        324
      ],
      [
        -2.048205127939582,
        53.800245467573404,
        324.4
      ],
      [
        -2.048154082149267,
        53.80031302571297,
        325
      ],
      [
        -2.048147963359952,
        53.800323167815804,
        325.20000000000005
      ],
      [
        -2.0481228176504374,
        53.800410171970725,
        326
      ],
      [
        -2.0481224823743105,
        53.80041888915002,
        326.20000000000005
      ],
      [
        -2.048121392726898,
        53.80050455220044,
        327.20000000000005
      ],
      [
        -2.0481188781559467,
        53.800584180280566,
        328.20000000000005
      ],
      [
        -2.0481230691075325,
        53.80059164017439,
        328.4
      ],
      [
        -2.0481401681900024,
        53.800598848611116,
        328.4
      ],
      [
        -2.0481576025485992,
        53.800614355131984,
        328.79999999999995
      ],
      [
        -2.048156512901187,
        53.80062340758741,
        329.20000000000005
      ],
      [
        -2.0481569319963455,
        53.800623659044504,
        329.20000000000005
      ],
      [
        -2.048150561749935,
        53.80061871372163,
        329.4
      ],
      [
        -2.04813614487648,
        53.80061603151262,
        329.20000000000005
      ],
      [
        -2.048138827085495,
        53.80061896517873,
        328.79999999999995
      ],
      [
        -2.0481489691883326,
        53.8006186299026,
        328.79999999999995
      ],
      [
        -2.0481489691883326,
        53.8006186299026,
        328.79999999999995
      ],
      [
        -2.0481489691883326,
        53.8006186299026,
        328.6
      ],
      [
        -2.0481489691883326,
        53.8006186299026,
        328.79999999999995
      ],
      [
        -2.0481489691883326,
        53.8006186299026,
        328.79999999999995
      ],
      [
        -2.0481489691883326,
        53.8006186299026,
        328.79999999999995
      ],
      [
        -2.0481489691883326,
        53.8006186299026,
        328.79999999999995
      ],
      [
        -2.0481576025485992,
        53.800618294626474,
        328.79999999999995
      ],
      [
        -2.0481595303863287,
        53.80061401985586,
        329
      ],
      [
        -2.048142347484827,
        53.80060094408691,
        329
      ],
      [
        -2.0481056347489357,
        53.80065634846687,
        329.20000000000005
      ],
      [
        -2.048123488202691,
        53.800732120871544,
        330
      ],
      [
        -2.048127092421055,
        53.80077352747321,
        330.4
      ],
      [
        -2.0481291878968477,
        53.80084594711661,
        330.79999999999995
      ],
      [
        -2.0481321215629578,
        53.8009122479707,
        331.20000000000005
      ],
      [
        -2.048143856227398,
        53.800969161093235,
        331.4
      ],
      [
        -2.048148550093174,
        53.80106865428388,
        331.79999999999995
      ],
      [
        -2.0481074787676334,
        53.80116697400808,
        332.20000000000005
      ],
      [
        -2.0480667427182198,
        53.80120703950524,
        332.4
      ],
      [
        -2.0480588637292385,
        53.80121609196067,
        332.79999999999995
      ],
      [
        -2.0480627194046974,
        53.80122346803546,
        332.79999999999995
      ],
      [
        -2.048040507361293,
        53.801240902394056,
        333.4
      ],
      [
        -2.047960963100195,
        53.801256995648146,
        334.6
      ],
      [
        -2.0478924829512835,
        53.80133016966283,
        335.6
      ],
      [
        -2.047832887619734,
        53.80136780440807,
        336.4
      ],
      [
        -2.0477878767997026,
        53.80138917826116,
        336.79999999999995
      ],
      [
        -2.0477755554020405,
        53.801389345899224,
        337
      ],
      [
        -2.0477058179676533,
        53.8014165032655,
        337.79999999999995
      ],
      [
        -2.0476901438087225,
        53.80142195150256,
        338
      ],
      [
        -2.047609593719244,
        53.801449025049806,
        338.79999999999995
      ],
      [
        -2.0475976914167404,
        53.801451371982694,
        339
      ],
      [
        -2.0475341565907,
        53.801467549055815,
        339.79999999999995
      ],
      [
        -2.0475028920918703,
        53.80147266201675,
        340.20000000000005
      ],
      [
        -2.0474182348698378,
        53.80148691125214,
        341.20000000000005
      ],
      [
        -2.0474007166922092,
        53.80148791708052,
        341.4
      ],
      [
        -2.047331314533949,
        53.80149168893695,
        342.4
      ],
      [
        -2.0473002176731825,
        53.80149428732693,
        342.6
      ],
      [
        -2.047230899333954,
        53.801504764705896,
        343.4
      ],
      [
        -2.0472172368317842,
        53.80150828510523,
        343.79999999999995
      ],
      [
        -2.0471571385860443,
        53.80154751241207,
        344.6
      ],
      [
        -2.047074241563678,
        53.801570227369666,
        345.6
      ],
      [
        -2.0470022410154343,
        53.8015978038311,
        346.6
      ],
      [
        -2.046944908797741,
        53.80164708942175,
        347.79999999999995
      ],
      [
        -2.0469303242862225,
        53.80165245383978,
        348
      ],
      [
        -2.046884223818779,
        53.80166972056031,
        348.79999999999995
      ],
      [
        -2.0468746684491634,
        53.8016736600548,
        349
      ],
      [
        -2.0467822160571814,
        53.80170132033527,
        350
      ],
      [
        -2.046676855534315,
        53.80175446160138,
        350.6
      ],
      [
        -2.046635616570711,
        53.80176477134228,
        351
      ],
      [
        -2.0465285796672106,
        53.801792431622744,
        351.6
      ],
      [
        -2.046438306570053,
        53.80182486958802,
        352
      ],
      [
        -2.0463790465146303,
        53.80185278132558,
        352.4
      ],
      [
        -2.046255748718977,
        53.801891254261136,
        353
      ],
      [
        -2.046237224712968,
        53.80189720541239,
        353.20000000000005
      ],
      [
        -2.0461284276098013,
        53.80193970166147,
        353.4
      ],
      [
        -2.0459876116365194,
        53.80197792313993,
        354
      ],
      [
        -2.0459183771163225,
        53.80200834944844,
        354.20000000000005
      ],
      [
        -2.0458509027957916,
        53.80203508771956,
        354.4
      ],
      [
        -2.045753253623843,
        53.80208898335695,
        354.6
      ],
      [
        -2.045741183683276,
        53.80209619179368,
        354.6
      ],
      [
        -2.045624256134033,
        53.802160983905196,
        355
      ],
      [
        -2.0455384254455566,
        53.80221731029451,
        355.20000000000005
      ],
      [
        -2.045499114319682,
        53.802244970574975,
        355.20000000000005
      ],
      [
        -2.0453865453600883,
        53.8023145403713,
        355.4
      ],
      [
        -2.0452333241701126,
        53.802385115996,
        355.4
      ],
      [
        -2.045118659734726,
        53.80245225504041,
        355.6
      ],
      [
        -2.045061159878969,
        53.80249936133623,
        355.6
      ],
      [
        -2.0450004749000072,
        53.80253632552922,
        355.6
      ],
      [
        -2.0449817832559347,
        53.80254277959466,
        355.79999999999995
      ],
      [
        -2.044941382482648,
        53.80254998803139,
        356.20000000000005
      ],
      [
        -2.044867789372802,
        53.80255786702037,
        356.4
      ],
      [
        -2.04476754181087,
        53.802588544785976,
        356.79999999999995
      ],
      [
        -2.044719345867634,
        53.8026113435626,
        357.4
      ],
      [
        -2.0446445792913437,
        53.80264746956527,
        357.79999999999995
      ],
      [
        -2.0445420686155558,
        53.80267387256026,
        358.4
      ],
      [
        -2.0445056911557913,
        53.80268334411085,
        358.6
      ],
      [
        -2.0444022584706545,
        53.802705304697156,
        359.20000000000005
      ],
      [
        -2.044368479400873,
        53.80271435715258,
        359.4
      ],
      [
        -2.0442782901227474,
        53.80274671129882,
        360
      ],
      [
        -2.044185334816575,
        53.80277629941702,
        360.6
      ],
      [
        -2.044148873537779,
        53.80278954282403,
        360.6
      ],
      [
        -2.0440815668553114,
        53.802823489531875,
        361
      ],
      [
        -2.0440573431551456,
        53.802831284701824,
        361
      ],
      [
        -2.0439705066382885,
        53.802843019366264,
        361.6
      ],
      [
        -2.0439575985074043,
        53.80284712649882,
        361.6
      ],
      [
        -2.0438480470329523,
        53.80287453532219,
        362.4
      ],
      [
        -2.0438265055418015,
        53.802879732102156,
        362.6
      ],
      [
        -2.043752744793892,
        53.802896831184626,
        362.79999999999995
      ],
      [
        -2.0437225699424744,
        53.80290253087878,
        363
      ],
      [
        -2.0436635613441467,
        53.80290823057294,
        363.6
      ],
      [
        -2.0435994397848845,
        53.802937902510166,
        364
      ],
      [
        -2.0435545966029167,
        53.80298098549247,
        364.6
      ],
      [
        -2.043479075655341,
        53.8030051253736,
        365
      ],
      [
        -2.0433911494910717,
        53.80302205681801,
        365.79999999999995
      ],
      [
        -2.043343707919121,
        53.80303370766342,
        366
      ],
      [
        -2.043268606066704,
        53.80307000130415,
        366.79999999999995
      ],
      [
        -2.0432430412620306,
        53.80309162661433,
        367.20000000000005
      ],
      [
        -2.043203143402934,
        53.803122052922845,
        367.79999999999995
      ],
      [
        -2.043157797306776,
        53.80314476788044,
        368.20000000000005
      ],
      [
        -2.043046234175563,
        53.803195310756564,
        368.79999999999995
      ],
      [
        -2.0430121198296547,
        53.803213415667415,
        369
      ],
      [
        -2.042941376566887,
        53.80325515754521,
        369.4
      ],
      [
        -2.0429019816219807,
        53.80327703431249,
        369.79999999999995
      ],
      [
        -2.0428869780153036,
        53.803284745663404,
        370
      ],
      [
        -2.0427973754704,
        53.803324894979596,
        370.4
      ],
      [
        -2.0427291467785835,
        53.803361942991614,
        371
      ],
      [
        -2.0427170768380165,
        53.80337066017091,
        371.20000000000005
      ],
      [
        -2.042663684114814,
        53.803431848064065,
        371.6
      ],
      [
        -2.0426257140934467,
        53.803467052057385,
        372
      ],
      [
        -2.042590258643031,
        53.80349479615688,
        372.20000000000005
      ],
      [
        -2.0425332617014647,
        53.803558414801955,
        373
      ],
      [
        -2.042488669976592,
        53.80361717194319,
        373.79999999999995
      ],
      [
        -2.042452460154891,
        53.80364868789911,
        374.20000000000005
      ],
      [
        -2.0424228720366955,
        53.80366461351514,
        374.6
      ],
      [
        -2.042389176785946,
        53.803682969883084,
        375.20000000000005
      ],
      [
        -2.042358247563243,
        53.80369017831981,
        375.6
      ],
      [
        -2.0422950480133295,
        53.803722113370895,
        376.4
      ],
      [
        -2.0422708243131638,
        53.8037358596921,
        376.6
      ],
      [
        -2.042187424376607,
        53.803795371204615,
        377.4
      ],
      [
        -2.042104946449399,
        53.8038410525769,
        378
      ],
      [
        -2.0420352928340435,
        53.80386686883867,
        378.6
      ],
      [
        -2.042022719979286,
        53.80387181416154,
        378.6
      ],
      [
        -2.04190906137228,
        53.803928727284074,
        379.20000000000005
      ],
      [
        -2.04182842746377,
        53.80394171923399,
        379.6
      ],
      [
        -2.0418102387338877,
        53.80394599400461,
        379.79999999999995
      ],
      [
        -2.0416816603392363,
        53.80396141670644,
        380.79999999999995
      ],
      [
        -2.0416503120213747,
        53.80396963097155,
        380.79999999999995
      ],
      [
        -2.041548555716872,
        53.80402830429375,
        381.6
      ],
      [
        -2.0415337197482586,
        53.80403718911111,
        381.79999999999995
      ],
      [
        -2.0415166206657887,
        53.80404967814684,
        382
      ],
      [
        -2.0414977613836527,
        53.804065100848675,
        382.20000000000005
      ],
      [
        -2.041474962607026,
        53.804083624854684,
        382.4
      ],
      [
        -2.041427521035075,
        53.804104244336486,
        382.79999999999995
      ],
      [
        -2.041357783600688,
        53.80412385798991,
        383.4
      ],
      [
        -2.041281843557954,
        53.804140789434314,
        383.79999999999995
      ],
      [
        -2.0412528421729803,
        53.80414548330009,
        384.20000000000005
      ],
      [
        -2.041176985949278,
        53.80416115745902,
        385
      ],
      [
        -2.0411500800400972,
        53.8041724730283,
        385.20000000000005
      ],
      [
        -2.0410757325589657,
        53.80420172587037,
        386
      ],
      [
        -2.041062992066145,
        53.80420885048807,
        386.20000000000005
      ],
      [
        -2.040982525795698,
        53.804252268746495,
        386.79999999999995
      ],
      [
        -2.040970455855131,
        53.80425830371678,
        387
      ],
      [
        -2.0408852957189083,
        53.8042795099318,
        388
      ],
      [
        -2.0408319029957056,
        53.804341619834304,
        388.79999999999995
      ],
      [
        -2.040801141411066,
        53.80436190403998,
        389.20000000000005
      ],
      [
        -2.0407977886497974,
        53.80436106584966,
        389.6
      ],
      [
        -2.040811199694872,
        53.804359221830964,
        390
      ],
      [
        -2.040808266028762,
        53.804361652582884,
        390
      ],
      [
        -2.040725201368332,
        53.8043677713722,
        390.20000000000005
      ],
      [
        -2.040710784494877,
        53.804365592077374,
        390.4
      ],
      [
        -2.0406243670731783,
        53.80438017658889,
        391.6
      ],
      [
        -2.040543146431446,
        53.80441512912512,
        392.79999999999995
      ],
      [
        -2.0404881611466408,
        53.80443759262562,
        393.6
      ],
      [
        -2.040476342663169,
        53.804448656737804,
        393.79999999999995
      ],
      [
        -2.0404155738651752,
        53.8044695276767,
        394.4
      ],
      [
        -2.0403721556067467,
        53.804485872387886,
        394.79999999999995
      ],
      [
        -2.040326138958335,
        53.80450431257486,
        395.4
      ],
      [
        -2.0402362011373043,
        53.80454429425299,
        396
      ],
      [
        -2.0402278192341328,
        53.80454798229039,
        396.20000000000005
      ],
      [
        -2.040142910555005,
        53.8045868743211,
        397.20000000000005
      ],
      [
        -2.040123548358679,
        53.80459542386234,
        397.6
      ],
      [
        -2.040123548358679,
        53.80459542386234,
        398.20000000000005
      ],
      [
        -2.0400683116167784,
        53.80461419932544,
        398.4
      ],
      [
        -2.040070239454508,
        53.80461369641125,
        398.6
      ],
      [
        -2.040034616366029,
        53.80462434142828,
        398.6
      ],
      [
        -2.0399699080735445,
        53.80465334281325,
        399.20000000000005
      ],
      [
        -2.039936799556017,
        53.804667172953486,
        399.6
      ],
      [
        -2.039851974695921,
        53.804692067205906,
        400.6
      ],
      [
        -2.03983873128891,
        53.80469374358654,
        400.79999999999995
      ],
      [
        -2.039790116250515,
        53.80470497533679,
        401.79999999999995
      ],
      [
        -2.039749464020133,
        53.80471972748637,
        402.4
      ],
      [
        -2.0397081412374973,
        53.804738000035286,
        402.79999999999995
      ],
      [
        -2.0396609511226416,
        53.80476021207869,
        403.6
      ],
      [
        -2.039651731029153,
        53.804765744134784,
        403.79999999999995
      ],
      [
        -2.0395643077790737,
        53.80479399114847,
        404.79999999999995
      ],
      [
        -2.039547711610794,
        53.80479893647134,
        405
      ],
      [
        -2.039451152086258,
        53.80483455955982,
        405.79999999999995
      ],
      [
        -2.0394397526979446,
        53.804843528196216,
        406.20000000000005
      ],
      [
        -2.0393352303653955,
        53.80488962866366,
        406.79999999999995
      ],
      [
        -2.039260296151042,
        53.80491804331541,
        407.20000000000005
      ],
      [
        -2.0391941629350185,
        53.80494503304362,
        407.79999999999995
      ],
      [
        -2.0391463860869408,
        53.80496925674379,
        408
      ],
      [
        -2.0391216594725847,
        53.80498057231307,
        408.20000000000005
      ],
      [
        -2.0390896406024694,
        53.804988618940115,
        408.4
      ],
      [
        -2.038954021409154,
        53.80502440966666,
        409.4
      ],
      [
        -2.0388490799814463,
        53.80507101304829,
        410.20000000000005
      ],
      [
        -2.0388433802872896,
        53.80507377907634,
        410.4
      ],
      [
        -2.038801973685622,
        53.80510873161256,
        411.4
      ],
      [
        -2.038792921230197,
        53.805116107687354,
        411.4
      ],
      [
        -2.038741707801819,
        53.80516581237316,
        412.20000000000005
      ],
      [
        -2.0387340802699327,
        53.80517243407667,
        412.6
      ],
      [
        -2.03866308555007,
        53.80521845072508,
        413.20000000000005
      ],
      [
        -2.0386422146111727,
        53.80523504689336,
        413.6
      ],
      [
        -2.0385874807834625,
        53.80527377128601,
        414.4
      ],
      [
        -2.0385621674358845,
        53.805291624739766,
        414.79999999999995
      ],
      [
        -2.038471894338727,
        53.80533521063626,
        415.20000000000005
      ],
      [
        -2.0383996423333883,
        53.80536136217415,
        415.79999999999995
      ],
      [
        -2.0383295696228743,
        53.80537829361856,
        416.4
      ],
      [
        -2.038211803883314,
        53.80539597943425,
        417
      ],
      [
        -2.038178276270628,
        53.805403942242265,
        417.20000000000005
      ],
      [
        -2.0380594208836555,
        53.805440152063966,
        418
      ],
      [
        -2.0380378793925047,
        53.805448869243264,
        418.20000000000005
      ],
      [
        -2.0379758533090353,
        53.805474350228906,
        419
      ],
      [
        -2.0379414036870003,
        53.80548927001655,
        419.4
      ],
      [
        -2.0378747675567865,
        53.80551919341087,
        420.20000000000005
      ],
      [
        -2.037828750908375,
        53.80554098635912,
        420.6
      ],
      [
        -2.037681732326746,
        53.80559069104493,
        421.20000000000005
      ],
      [
        -2.037551309913397,
        53.80562488920987,
        422.20000000000005
      ],
      [
        -2.037528846412897,
        53.80562715232372,
        422.4
      ],
      [
        -2.0374438539147377,
        53.805656572803855,
        423
      ],
      [
        -2.037390461191535,
        53.805683394894004,
        423.4
      ],
      [
        -2.037352826446295,
        53.80570191890001,
        424
      ],
      [
        -2.0373410917818546,
        53.80570862442255,
        424.20000000000005
      ],
      [
        -2.0372986793518066,
        53.80572220310569,
        424.6
      ],
      [
        -2.037233719602227,
        53.805745504796505,
        425.20000000000005
      ],
      [
        -2.0371880382299423,
        53.805761178955436,
        425.79999999999995
      ],
      [
        -2.037134226411581,
        53.80577609874308,
        426
      ],
      [
        -2.0370530895888805,
        53.805800741538405,
        426.79999999999995
      ],
      [
        -2.036973712965846,
        53.80582882091403,
        427.6
      ],
      [
        -2.036941275000572,
        53.805840304121375,
        427.79999999999995
      ],
      [
        -2.036828538402915,
        53.8058924395591,
        428.6
      ],
      [
        -2.036796687170863,
        53.80590568296611,
        429
      ],
      [
        -2.036708677187562,
        53.80593518726528,
        429.4
      ],
      [
        -2.036589067429304,
        53.80598036572337,
        430
      ],
      [
        -2.036560568958521,
        53.805995201691985,
        430.20000000000005
      ],
      [
        -2.036457806825638,
        53.80603929050267,
        430.79999999999995
      ],
      [
        -2.0364089403301477,
        53.80605739541352,
        431
      ],
      [
        -2.0363433100283146,
        53.80609016865492,
        431.4
      ],
      [
        -2.0362714771181345,
        53.80613509565592,
        432
      ],
      [
        -2.036260077729821,
        53.80614590831101,
        432.20000000000005
      ],
      [
        -2.0361721515655518,
        53.80621153861284,
        433
      ],
      [
        -2.0361575670540333,
        53.806220004335046,
        433.20000000000005
      ],
      [
        -2.036071065813303,
        53.80626115947962,
        433.79999999999995
      ],
      [
        -2.035923209041357,
        53.80632385611534,
        434
      ],
      [
        -2.0358544774353504,
        53.80636685527861,
        434.20000000000005
      ],
      [
        -2.035783315077424,
        53.806395856663585,
        434.4
      ],
      [
        -2.03564727678895,
        53.806453021243215,
        434.6
      ],
      [
        -2.035555327311158,
        53.80652175284922,
        434.79999999999995
      ],
      [
        -2.035511238500476,
        53.806573217734694,
        435
      ],
      [
        -2.035407889634371,
        53.806634824723005,
        435.20000000000005
      ],
      [
        -2.035382241010666,
        53.8066556956619,
        435.4
      ],
      [
        -2.0353238191455603,
        53.80673230625689,
        435.6
      ],
      [
        -2.0353182032704353,
        53.806742867454886,
        435.6
      ],
      [
        -2.035235809162259,
        53.80683163180947,
        436
      ],
      [
        -2.03518895432353,
        53.806928945705295,
        436.20000000000005
      ],
      [
        -2.035199012607336,
        53.80696448497474,
        436.20000000000005
      ],
      [
        -2.035227343440056,
        53.80701603367925,
        436.4
      ],
      [
        -2.0352041255682707,
        53.80710605531931,
        437
      ],
      [
        -2.035232037305832,
        53.80718870088458,
        437.4
      ],
      [
        -2.035208735615015,
        53.807295402511954,
        437.6
      ],
      [
        -2.0351061411201954,
        53.80735172890127,
        437.6
      ],
      [
        -2.034960212185979,
        53.80737436003983,
        437.6
      ],
      [
        -2.0349064003676176,
        53.8073705881834,
        437.6
      ],
      [
        -2.0349064003676176,
        53.8073705881834,
        437.6
      ],
      [
        -2.0349064003676176,
        53.8073705881834,
        437.6
      ],
      [
        -2.0349135249853134,
        53.80737436003983,
        437.6
      ],
      [
        -2.034913608804345,
        53.80737620405853,
        437.6
      ],
      [
        -2.0349060650914907,
        53.807372683659196,
        437.4
      ],
      [
        -2.034887708723545,
        53.80736413411796,
        437.6
      ],
      [
        -2.0348302088677883,
        53.80741844885051,
        437.20000000000005
      ],
      [
        -2.0347218308597803,
        53.80749120377004,
        437.79999999999995
      ],
      [
        -2.0345403626561165,
        53.80756680853665,
        438
      ],
      [
        -2.0343804359436035,
        53.80763520486653,
        438.4
      ],
      [
        -2.0343233551830053,
        53.80767141468823,
        438.4
      ],
      [
        -2.0342573057860136,
        53.807721454650164,
        438.79999999999995
      ],
      [
        -2.0341327507048845,
        53.80778918042779,
        439.4
      ],
      [
        -2.0341026596724987,
        53.807809045538306,
        439.6
      ],
      [
        -2.034035185351968,
        53.80787660367787,
        439.79999999999995
      ],
      [
        -2.033934434875846,
        53.807951621711254,
        440.4
      ],
      [
        -2.033906187862158,
        53.80797307938337,
        440.6
      ],
      [
        -2.0338055212050676,
        53.80802127532661,
        441
      ],
      [
        -2.0337071176618338,
        53.80801448598504,
        441.20000000000005
      ],
      [
        -2.0337021723389626,
        53.808022532612085,
        441.20000000000005
      ],
      [
        -2.033636039122939,
        53.80808338522911,
        441.4
      ],
      [
        -2.033593961969018,
        53.80811364389956,
        441.6
      ],
      [
        -2.033512992784381,
        53.80818857811391,
        442
      ],
      [
        -2.033444596454501,
        53.808237025514245,
        442.79999999999995
      ],
      [
        -2.0333697460591793,
        53.80829360336065,
        443.20000000000005
      ],
      [
        -2.033234629780054,
        53.80838479846716,
        444
      ],
      [
        -2.033221051096916,
        53.80839670076966,
        444
      ],
      [
        -2.0331025309860706,
        53.80847465246916,
        444.4
      ],
      [
        -2.03299549408257,
        53.808561405166984,
        444.79999999999995
      ],
      [
        -2.0329702645540237,
        53.80858185701072,
        445
      ],
      [
        -2.032888373360038,
        53.808634746819735,
        445.4
      ],
      [
        -2.0327503234148026,
        53.80872501991689,
        445.6
      ],
      [
        -2.0325662568211555,
        53.808825854212046,
        445.6
      ],
      [
        -2.032422758638859,
        53.808906404301524,
        445.6
      ],
      [
        -2.032292000949383,
        53.808981170877814,
        445.6
      ],
      [
        -2.0321909990161657,
        53.8090680912137,
        445.6
      ],
      [
        -2.0320679526776075,
        53.80913782864809,
        446
      ],
      [
        -2.032047500833869,
        53.80915492773056,
        446
      ],
      [
        -2.031952114775777,
        53.80920412950218,
        446
      ],
      [
        -2.0319104567170143,
        53.809229861944914,
        446.20000000000005
      ],
      [
        -2.0318756718188524,
        53.809267999604344,
        446.20000000000005
      ],
      [
        -2.031866032630205,
        53.80929364822805,
        446.4
      ],
      [
        -2.031828984618187,
        53.8094290997833,
        446.6
      ],
      [
        -2.0317925233393908,
        53.80946338176727,
        447
      ],
      [
        -2.031729156151414,
        53.80949540063739,
        447
      ],
      [
        -2.031688755378127,
        53.80953311920166,
        447.20000000000005
      ],
      [
        -2.0316885877400637,
        53.80953278392553,
        447.4
      ],
      [
        -2.031683474779129,
        53.80953521467745,
        447.4
      ],
      [
        -2.0316482707858086,
        53.80955893546343,
        447.20000000000005
      ],
      [
        -2.0315467659384012,
        53.809655494987965,
        447.6
      ],
      [
        -2.0314445067197084,
        53.8097573351115,
        447.79999999999995
      ],
      [
        -2.0313461031764746,
        53.809829922392964,
        448
      ],
      [
        -2.0313301775604486,
        53.8098384719342,
        448
      ],
      [
        -2.0311864279210567,
        53.809922290965915,
        448
      ],
      [
        -2.031056173145771,
        53.80997241474688,
        448
      ],
      [
        -2.0309284329414368,
        53.810081044211984,
        448.4
      ],
      [
        -2.0308720227330923,
        53.81013058125973,
        448.20000000000005
      ],
      [
        -2.0307763013988733,
        53.81019713357091,
        448.20000000000005
      ],
      [
        -2.0306811667978764,
        53.81026905030012,
        448.20000000000005
      ],
      [
        -2.0306192245334387,
        53.810308780521154,
        447.79999999999995
      ],
      [
        -2.030618889257312,
        53.810308864340186,
        448
      ],
      [
        -2.0305784046649933,
        53.81033333949745,
        447.79999999999995
      ],
      [
        -2.0304958429187536,
        53.810441214591265,
        447.4
      ],
      [
        -2.03046684153378,
        53.81048949435353,
        447
      ],
      [
        -2.03041797503829,
        53.81057431921363,
        446.4
      ],
      [
        -2.0303934160619974,
        53.81060600280762,
        445.79999999999995
      ],
      [
        -2.030344633385539,
        53.81066719070077,
        445.4
      ],
      [
        -2.030309261754155,
        53.810722259804606,
        445
      ],
      [
        -2.030321666970849,
        53.810732988640666,
        444.6
      ],
      [
        -2.0303321443498135,
        53.81073902361095,
        444.6
      ],
      [
        -2.0303368382155895,
        53.810755871236324,
        444.6
      ],
      [
        -2.0303014665842056,
        53.81078596226871,
        444.4
      ],
      [
        -2.030264250934124,
        53.81086014211178,
        443.6
      ],
      [
        -2.0302567072212696,
        53.810873134061694,
        443.4
      ],
      [
        -2.0301448926329613,
        53.81094924174249,
        442.4
      ],
      [
        -2.0301327388733625,
        53.8109590485692,
        442.4
      ],
      [
        -2.0300761610269547,
        53.81100573576987,
        441.4
      ],
      [
        -2.0300371013581753,
        53.81103968247771,
        440.79999999999995
      ],
      [
        -2.030027713626623,
        53.81106751039624,
        440.20000000000005
      ],
      [
        -2.0300096925348043,
        53.811107659712434,
        439.79999999999995
      ],
      [
        -2.0300079323351383,
        53.81114898249507,
        439.20000000000005
      ],
      [
        -2.029989827424288,
        53.81121285259724,
        438.79999999999995
      ],
      [
        -2.0299640111625195,
        53.81127202883363,
        438
      ],
      [
        -2.029906092211604,
        53.81132676266134,
        437.4
      ],
      [
        -2.029863176867366,
        53.811360374093056,
        437
      ],
      [
        -2.029826967045665,
        53.811414102092385,
        436.20000000000005
      ],
      [
        -2.0298205967992544,
        53.811442852020264,
        436
      ],
      [
        -2.029789248481393,
        53.81151149980724,
        435.20000000000005
      ],
      [
        -2.029754798859358,
        53.81153882481158,
        434.79999999999995
      ],
      [
        -2.0297127217054367,
        53.8115809019655,
        434.20000000000005
      ],
      [
        -2.0296904258430004,
        53.811608646065,
        433.79999999999995
      ],
      [
        -2.0296320877969265,
        53.81166857667267,
        432.79999999999995
      ],
      [
        -2.0295684691518545,
        53.81173378787935,
        431.6
      ],
      [
        -2.0295496936887503,
        53.81175742484629,
        431.4
      ],
      [
        -2.0295199379324913,
        53.811803106218576,
        430.6
      ],
      [
        -2.0294942893087864,
        53.81183554418385,
        430.20000000000005
      ],
      [
        -2.029460845515132,
        53.811874855309725,
        429.6
      ],
      [
        -2.0294359512627125,
        53.81190444342792,
        429.4
      ],
      [
        -2.029426312074065,
        53.811974013224244,
        428.4
      ],
      [
        -2.029432849958539,
        53.81198734045029,
        428.4
      ],
      [
        -2.02944852411747,
        53.81205481477082,
        427.4
      ],
      [
        -2.029467886313796,
        53.81211357191205,
        427.4
      ],
      [
        -2.0294816326349974,
        53.81214139983058,
        427.20000000000005
      ],
      [
        -2.029533851891756,
        53.81225321441889,
        426.79999999999995
      ],
      [
        -2.0295872446149588,
        53.81234331987798,
        426.4
      ],
      [
        -2.029613396152854,
        53.81237978115678,
        426.20000000000005
      ],
      [
        -2.0296686328947544,
        53.81245178170502,
        425.4
      ],
      [
        -2.029694113880396,
        53.81247508339584,
        425.4
      ],
      [
        -2.02974708750844,
        53.812519423663616,
        425.20000000000005
      ],
      [
        -2.0298353489488363,
        53.812553035095334,
        425.20000000000005
      ],
      [
        -2.0298691280186176,
        53.81256401538849,
        425.4
      ],
      [
        -2.029910199344158,
        53.81260449998081,
        425.4
      ],
      [
        -2.0299395360052586,
        53.8126930128783,
        425.20000000000005
      ],
      [
        -2.0299143064767122,
        53.812759229913354,
        424.6
      ],
      [
        -2.029911708086729,
        53.81277171894908,
        424.20000000000005
      ],
      [
        -2.0299319084733725,
        53.81284195929766,
        423.6
      ],
      [
        -2.0299407094717026,
        53.812866350635886,
        423.20000000000005
      ],
      [
        -2.0299495942890644,
        53.81293055601418,
        422.4
      ],
      [
        -2.0299878995865583,
        53.81302401423454,
        422.4
      ],
      [
        -2.0300284679979086,
        53.81310154683888,
        422.20000000000005
      ],
      [
        -2.0300263725221157,
        53.81315435282886,
        422
      ],
      [
        -2.0300777535885572,
        53.81325686350465,
        422
      ],
      [
        -2.030140282586217,
        53.81336499005556,
        421.6
      ],
      [
        -2.0302105229347944,
        53.81347035057843,
        421.6
      ],
      [
        -2.0302541088312864,
        53.81357168778777,
        421.79999999999995
      ],
      [
        -2.030182359740138,
        53.8136478792876,
        421.6
      ],
      [
        -2.030144976451993,
        53.81375893950462,
        421.4
      ],
      [
        -2.030130308121443,
        53.8138291798532,
        421
      ],
      [
        -2.0301224291324615,
        53.8138949777931,
        420.79999999999995
      ],
      [
        -2.030165009200573,
        53.81400461308658,
        420.79999999999995
      ],
      [
        -2.0302769914269447,
        53.814061023294926,
        421.6
      ],
      [
        -2.0303863752633333,
        53.81412195973098,
        421
      ],
      [
        -2.0303877163678408,
        53.814200749620795,
        420.6
      ],
      [
        -2.0303114410489798,
        53.814266212284565,
        420.6
      ],
      [
        -2.0302455592900515,
        53.814331172034144,
        421.4
      ],
      [
        -2.030192334204912,
        53.814385989680886,
        421.20000000000005
      ],
      [
        -2.030152603983879,
        53.814415242522955,
        421
      ],
      [
        -2.0300505962222815,
        53.81450057029724,
        420.20000000000005
      ],
      [
        -2.029955545440316,
        53.814551616087556,
        420.20000000000005
      ],
      [
        -2.029955545440316,
        53.814551616087556,
        420.4
      ],
      [
        -2.029955545440316,
        53.814551616087556,
        420.4
      ],
      [
        -2.029945235699415,
        53.81455706432462,
        420.4
      ],
      [
        -2.0299469120800495,
        53.814556393772364,
        420.4
      ],
      [
        -2.029946241527796,
        53.81455672904849,
        420.4
      ],
      [
        -2.0299190003424883,
        53.814574498683214,
        420.4
      ],
      [
        -2.0298703853040934,
        53.81461959332228,
        420
      ],
      [
        -2.029863763600588,
        53.81462948396802,
        420
      ],
      [
        -2.029863763600588,
        53.81462948396802,
        420
      ],
      [
        -2.029863763600588,
        53.81462948396802,
        420
      ],
      [
        -2.0298700500279665,
        53.81463585421443,
        420
      ],
      [
        -2.0298397075384855,
        53.81466309539974,
        420
      ],
      [
        -2.029767958447337,
        53.81472872570157,
        419.6
      ],
      [
        -2.029748847708106,
        53.81473652087152,
        419.6
      ],
      [
        -2.029689336195588,
        53.81478630937636,
        419.4
      ],
      [
        -2.029653796926141,
        53.81480818614364,
        419
      ],
      [
        -2.0296568982303143,
        53.814822770655155,
        418.79999999999995
      ],
      [
        -2.0296604186296463,
        53.814820256084204,
        418.6
      ],
      [
        -2.0296633522957563,
        53.81482704542577,
        418.6
      ],
      [
        -2.0296633522957563,
        53.81482704542577,
        418.6
      ],
      [
        -2.0296630170196295,
        53.814817909151316,
        418.6
      ],
      [
        -2.0296644419431686,
        53.81481749005616,
        418.6
      ],
      [
        -2.0296382904052734,
        53.814826710149646,
        418.4
      ],
      [
        -2.0295943692326546,
        53.814843306317925,
        418.4
      ],
      [
        -2.029578695073724,
        53.81486493162811,
        418
      ],
      [
        -2.0295593328773975,
        53.81488806568086,
        418
      ],
      [
        -2.029480542987585,
        53.814961491152644,
        417.20000000000005
      ],
      [
        -2.029463443905115,
        53.81498822942376,
        417
      ],
      [
        -2.0294223725795746,
        53.81501203402877,
        416.4
      ],
      [
        -2.0293785352259874,
        53.815044639632106,
        416.20000000000005
      ],
      [
        -2.0293458458036184,
        53.815065091475844,
        415.79999999999995
      ],
      [
        -2.0293034333735704,
        53.81510683335364,
        415.6
      ],
      [
        -2.0292289182543755,
        53.815175564959645,
        414.79999999999995
      ],
      [
        -2.0291967317461967,
        53.81520984694362,
        414.79999999999995
      ],
      [
        -2.0291663892567158,
        53.81523624993861,
        414.20000000000005
      ],
      [
        -2.0291198696941137,
        53.81527975201607,
        413.79999999999995
      ],
      [
        -2.0290751103311777,
        53.81532954052091,
        412.6
      ],
      [
        -2.029047282412648,
        53.815349573269486,
        412.20000000000005
      ],
      [
        -2.028998164460063,
        53.81539324298501,
        411.6
      ],
      [
        -2.028989866375923,
        53.81539852358401,
        411.4
      ],
      [
        -2.0289347134530544,
        53.815452586859465,
        410.4
      ],
      [
        -2.0289090648293495,
        53.81547320634127,
        409.79999999999995
      ],
      [
        -2.028862964361906,
        53.81550799123943,
        409.20000000000005
      ],
      [
        -2.0287938974797726,
        53.815543530508876,
        408.4
      ],
      [
        -2.028776379302144,
        53.815552750602365,
        408
      ],
      [
        -2.028701948001981,
        53.81558661349118,
        407
      ],
      [
        -2.028691805899143,
        53.8155922293663,
        406.79999999999995
      ],
      [
        -2.0286148600280285,
        53.81561603397131,
        405.79999999999995
      ],
      [
        -2.028585523366928,
        53.815643610432744,
        405
      ],
      [
        -2.0285730343312025,
        53.81565157324076,
        404.79999999999995
      ],
      [
        -2.0284949988126755,
        53.815697338432074,
        403.4
      ],
      [
        -2.0284815039485693,
        53.81570446304977,
        403.20000000000005
      ],
      [
        -2.0284496527165174,
        53.81573815830052,
        402.4
      ],
      [
        -2.0284484792500734,
        53.815750647336245,
        402.20000000000005
      ],
      [
        -2.028443366289139,
        53.81576355546713,
        402
      ],
      [
        -2.0284160412847996,
        53.81577763706446,
        401.6
      ],
      [
        -2.028400283306837,
        53.81578350439668,
        401.20000000000005
      ],
      [
        -2.028340520337224,
        53.8157959934324,
        400.20000000000005
      ],
      [
        -2.028319565579295,
        53.81579984910786,
        400
      ],
      [
        -2.0282199047505856,
        53.81582323461771,
        398.79999999999995
      ],
      [
        -2.028174391016364,
        53.81582826375961,
        398
      ],
      [
        -2.028135498985648,
        53.81583438254893,
        397.6
      ],
      [
        -2.0280708745121956,
        53.815875202417374,
        396.79999999999995
      ],
      [
        -2.0280526019632816,
        53.81589791737497,
        396.20000000000005
      ],
      [
        -2.0280499197542667,
        53.81592767313123,
        395.6
      ],
      [
        -2.0280659291893244,
        53.81593706086278,
        395.4
      ],
      [
        -2.028074814006686,
        53.81593722850084,
        395.20000000000005
      ],
      [
        -2.028043381869793,
        53.815935300663114,
        395.20000000000005
      ],
      [
        -2.028010105714202,
        53.81594946607947,
        395.20000000000005
      ],
      [
        -2.0279669389128685,
        53.815995482727885,
        394.6
      ],
      [
        -2.027947409078479,
        53.81601492874324,
        394.20000000000005
      ],
      [
        -2.027854872867465,
        53.816068321466446,
        393
      ],
      [
        -2.0277640130370855,
        53.81613755598664,
        391.79999999999995
      ],
      [
        -2.027761247009039,
        53.816150380298495,
        391.6
      ],
      [
        -2.027729647234082,
        53.81620737724006,
        390.79999999999995
      ],
      [
        -2.0276871509850025,
        53.8162711635232,
        390.20000000000005
      ],
      [
        -2.027662843465805,
        53.81630703806877,
        389.6
      ],
      [
        -2.027631578966975,
        53.81638088263571,
        388.79999999999995
      ],
      [
        -2.027630154043436,
        53.81639647297561,
        388.6
      ],
      [
        -2.02761959284544,
        53.816402005031705,
        388.6
      ],
      [
        -2.027552956715226,
        53.816441567614675,
        387.79999999999995
      ],
      [
        -2.0275246258825064,
        53.81645346991718,
        387.4
      ],
      [
        -2.027475591748953,
        53.81648037582636,
        386.20000000000005
      ],
      [
        -2.027398394420743,
        53.81650451570749,
        385
      ],
      [
        -2.027299404144287,
        53.81653762422502,
        383.79999999999995
      ],
      [
        -2.0272624399513006,
        53.816555896773934,
        383.4
      ],
      [
        -2.027243245393038,
        53.81657559424639,
        382.79999999999995
      ],
      [
        -2.0271761063486338,
        53.81663443520665,
        382.20000000000005
      ],
      [
        -2.027135957032442,
        53.81667198613286,
        381.79999999999995
      ],
      [
        -2.0270864199846983,
        53.8167112134397,
        381
      ],
      [
        -2.0270642079412937,
        53.81672948598862,
        380.79999999999995
      ],
      [
        -2.027035793289542,
        53.816741136834025,
        380.20000000000005
      ],
      [
        -2.027039732784033,
        53.816739208996296,
        380.20000000000005
      ],
      [
        -2.0269894413650036,
        53.816774832084775,
        380.20000000000005
      ],
      [
        -2.0269257389009,
        53.8168409653008,
        379.79999999999995
      ],
      [
        -2.026911908760667,
        53.81686435081065,
        379.6
      ],
      [
        -2.0268790517002344,
        53.81691053509712,
        379.6
      ],
      [
        -2.0268569234758615,
        53.81695160642266,
        379.6
      ],
      [
        -2.026808224618435,
        53.81704833358526,
        379.79999999999995
      ],
      [
        -2.026785258203745,
        53.81716450676322,
        379.4
      ],
      [
        -2.02677084133029,
        53.81728319451213,
        378.79999999999995
      ],
      [
        -2.0267456118017435,
        53.81738553754985,
        379.20000000000005
      ],
      [
        -2.0267068035900593,
        53.81748712621629,
        379.20000000000005
      ],
      [
        -2.026660116389394,
        53.817554684355855,
        378.79999999999995
      ],
      [
        -2.026632037013769,
        53.817630875855684,
        377.6
      ],
      [
        -2.026617955416441,
        53.817656273022294,
        377
      ],
      [
        -2.02659884467721,
        53.81768837571144,
        376.4
      ],
      [
        -2.026584343984723,
        53.81772391498089,
        376
      ],
      [
        -2.026579650118947,
        53.817819468677044,
        375.4
      ],
      [
        -2.0265406742691994,
        53.817896749824286,
        376
      ],
      [
        -2.0265167858451605,
        53.81791175343096,
        376.4
      ],
      [
        -2.0264552626758814,
        53.817940251901746,
        377.20000000000005
      ],
      [
        -2.0264240819960833,
        53.81794746033847,
        377.4
      ],
      [
        -2.026333976536989,
        53.81797168403864,
        377.79999999999995
      ],
      [
        -2.026289887726307,
        53.81798232905567,
        377.79999999999995
      ],
      [
        -2.026228867471218,
        53.818018371239305,
        377.6
      ],
      [
        -2.026216546073556,
        53.81809062324464,
        377.6
      ],
      [
        -2.0262264367192984,
        53.818107387050986,
        377.79999999999995
      ],
      [
        -2.0262338127940893,
        53.81812465377152,
        377.4
      ],
      [
        -2.0262343157082796,
        53.8181187864393,
        377.20000000000005
      ],
      [
        -2.0262266881763935,
        53.81812867708504,
        377
      ],
      [
        -2.026226185262203,
        53.8181618694216,
        376.79999999999995
      ],
      [
        -2.026205398142338,
        53.81824241951108,
        376.79999999999995
      ],
      [
        -2.0261618960648775,
        53.81831098347902,
        376.79999999999995
      ],
      [
        -2.026150329038501,
        53.8183259870857,
        377
      ],
      [
        -2.026041029021144,
        53.8184089679271,
        377
      ],
      [
        -2.02597732655704,
        53.81848415359855,
        377
      ],
      [
        -2.0258646737784147,
        53.818565206602216,
        376.4
      ],
      [
        -2.0257790107280016,
        53.818625221028924,
        376
      ],
      [
        -2.025685552507639,
        53.818689342588186,
        375.79999999999995
      ],
      [
        -2.0255751628428698,
        53.81874441169202,
        375.79999999999995
      ],
      [
        -2.0254150684922934,
        53.818807108327746,
        375.4
      ],
      [
        -2.0253884978592396,
        53.81882403977215,
        375.20000000000005
      ],
      [
        -2.025253549218178,
        53.818881371989846,
        374.20000000000005
      ],
      [
        -2.025081804022193,
        53.81895110942423,
        373.79999999999995
      ],
      [
        -2.024974264204502,
        53.81902579218149,
        373.20000000000005
      ],
      [
        -2.024901257827878,
        53.819072060287,
        373.20000000000005
      ],
      [
        -2.024812577292323,
        53.819118328392506,
        372.79999999999995
      ],
      [
        -2.024683328345418,
        53.81919049657881,
        372.4
      ],
      [
        -2.0246640499681234,
        53.81920021958649,
        372.20000000000005
      ],
      [
        -2.0245895348489285,
        53.81921572610736,
        371.79999999999995
      ],
      [
        -2.024547792971134,
        53.819220419973135,
        371.79999999999995
      ],
      [
        -2.024527508765459,
        53.819224359467626,
        371.79999999999995
      ],
      [
        -2.024481911212206,
        53.81923190318048,
        371.6
      ],
      [
        -2.024347297847271,
        53.819267777726054,
        371.20000000000005
      ],
      [
        -2.0242131873965263,
        53.819322595372796,
        370.6
      ],
      [
        -2.0242131873965263,
        53.819322595372796,
        370.6
      ],
      [
        -2.0242131873965263,
        53.819322595372796,
        370.6
      ],
      [
        -2.0242131873965263,
        53.819322595372796,
        370.6
      ],
      [
        -2.0242131873965263,
        53.819322595372796,
        370.4
      ],
      [
        -2.0242131873965263,
        53.819322595372796,
        370.4
      ],
      [
        -2.0242131873965263,
        53.819322595372796,
        370.4
      ],
      [
        -2.0242166239768267,
        53.81932133808732,
        370.4
      ],
      [
        -2.024216875433922,
        53.81932142190635,
        370.20000000000005
      ],
      [
        -2.0242198929190636,
        53.81932133808732,
        370.20000000000005
      ],
      [
        -2.024177061393857,
        53.819339694455266,
        370
      ],
      [
        -2.024110509082675,
        53.81936643272638,
        369.20000000000005
      ],
      [
        -2.0240758918225765,
        53.8193778321147,
        368.79999999999995
      ],
      [
        -2.024000035598874,
        53.81942443549633,
        368
      ],
      [
        -2.02398419380188,
        53.819427620619535,
        367.79999999999995
      ],
      [
        -2.0238196570426226,
        53.819485791027546,
        367.4
      ],
      [
        -2.0236650947481394,
        53.819517977535725,
        368.20000000000005
      ],
      [
        -2.023602481931448,
        53.819536501541734,
        369
      ],
      [
        -2.023586304858327,
        53.81954270415008,
        369.20000000000005
      ],
      [
        -2.023496450856328,
        53.819568268954754,
        369.79999999999995
      ],
      [
        -2.0234247855842113,
        53.81958486512303,
        369.79999999999995
      ],
      [
        -2.023338032886386,
        53.81960900500417,
        369.4
      ],
      [
        -2.023257901892066,
        53.81964722648263,
        368.79999999999995
      ],
      [
        -2.0231805369257927,
        53.819726184010506,
        367.79999999999995
      ],
      [
        -2.0231729093939066,
        53.81973942741752,
        367.79999999999995
      ],
      [
        -2.023067381232977,
        53.81984210573137,
        367
      ],
      [
        -2.0230497792363167,
        53.81986943073571,
        366.79999999999995
      ],
      [
        -2.0230029243975878,
        53.81994327530265,
        366.20000000000005
      ],
      [
        -2.022887757048011,
        53.82001376710832,
        366
      ],
      [
        -2.022745180875063,
        53.820055928081274,
        366.79999999999995
      ],
      [
        -2.022572010755539,
        53.820100435987115,
        367.79999999999995
      ],
      [
        -2.0224601961672306,
        53.82014226168394,
        368.4
      ],
      [
        -2.0223002694547176,
        53.82017830386758,
        368.6
      ],
      [
        -2.0221141912043095,
        53.8202219735831,
        368.6
      ],
      [
        -2.021891735494137,
        53.82026681676507,
        368.4
      ],
      [
        -2.021685289219022,
        53.82032046094537,
        368.20000000000005
      ],
      [
        -2.021446069702506,
        53.82039397023618,
        368.4
      ],
      [
        -2.0212612487375736,
        53.82044627331197,
        368.20000000000005
      ],
      [
        -2.021080367267132,
        53.82051299326122,
        368
      ],
      [
        -2.0209432393312454,
        53.820580299943686,
        368
      ],
      [
        -2.020770823583007,
        53.82064157165587,
        368.20000000000005
      ],
      [
        -2.0205839909613132,
        53.82069571875036,
        368.4
      ],
      [
        -2.0204454381018877,
        53.82073871791363,
        368.6
      ],
      [
        -2.0202955696731806,
        53.8208041805774,
        368.6
      ],
      [
        -2.0201001036912203,
        53.82091188803315,
        368.20000000000005
      ],
      [
        -2.019923832267523,
        53.82099729962647,
        368
      ],
      [
        -2.0197350718080997,
        53.82109394297004,
        368
      ],
      [
        -2.0196093432605267,
        53.82115320302546,
        368
      ],
      [
        -2.019419325515628,
        53.82123325020075,
        367.79999999999995
      ],
      [
        -2.0192562136799097,
        53.82131497375667,
        367.79999999999995
      ],
      [
        -2.0190922636538744,
        53.82135855965316,
        368
      ],
      [
        -2.0189824607223272,
        53.82139979861677,
        368.20000000000005
      ],
      [
        -2.0188503619283438,
        53.821457298472524,
        368
      ],
      [
        -2.018695045262575,
        53.82151949219406,
        368.4
      ],
      [
        -2.0185331907123327,
        53.82157992571592,
        369
      ],
      [
        -2.018467476591468,
        53.82159794680774,
        369
      ],
      [
        -2.0183259062469006,
        53.82164077833295,
        369.20000000000005
      ],
      [
        -2.0180731918662786,
        53.82168344222009,
        369.6
      ],
      [
        -2.0178915560245514,
        53.82165804505348,
        370
      ],
      [
        -2.017842438071966,
        53.82164119742811,
        370.20000000000005
      ],
      [
        -2.017741184681654,
        53.82162812165916,
        370.20000000000005
      ],
      [
        -2.0176175516098738,
        53.82162602618337,
        370.20000000000005
      ],
      [
        -2.017467515543103,
        53.82165125571191,
        370.20000000000005
      ],
      [
        -2.017240449786186,
        53.82170833647251,
        370.20000000000005
      ],
      [
        -2.017102651298046,
        53.821728033944964,
        370.20000000000005
      ],
      [
        -2.0170250348746777,
        53.821728620678186,
        370
      ],
      [
        -2.0169921778142452,
        53.82173599675298,
        370
      ],
      [
        -2.0168457459658384,
        53.82175485603511,
        370
      ],
      [
        -2.0168251264840364,
        53.821752006188035,
        370.20000000000005
      ],
      [
        -2.0167555566877127,
        53.82175259292126,
        370
      ],
      [
        -2.0166060235351324,
        53.82175611332059,
        370
      ],
      [
        -2.0166082866489887,
        53.821757370606065,
        370
      ],
      [
        -2.016569646075368,
        53.82175477221608,
        370
      ],
      [
        -2.01640946790576,
        53.82172132842243,
        369.79999999999995
      ],
      [
        -2.0162208750844,
        53.82169844582677,
        369.4
      ],
      [
        -2.016028678044677,
        53.82169408723712,
        369.20000000000005
      ],
      [
        -2.015910828486085,
        53.821685034781694,
        369
      ],
      [
        -2.015838995575905,
        53.82168595679104,
        369
      ],
      [
        -2.015684600919485,
        53.821701714769006,
        368.79999999999995
      ],
      [
        -2.0154774840921164,
        53.82171898148954,
        368.4
      ],
      [
        -2.0153947547078133,
        53.8217365834862,
        368
      ],
      [
        -2.015296434983611,
        53.82176214829087,
        367.6
      ],
      [
        -2.015141788870096,
        53.82178687490523,
        367.4
      ],
      [
        -2.0150515995919704,
        53.821794083341956,
        367
      ],
      [
        -2.0149278827011585,
        53.821821911260486,
        366
      ],
      [
        -2.014854457229376,
        53.82183104753494,
        365.79999999999995
      ],
      [
        -2.0147495996207,
        53.82185669615865,
        365.4
      ],
      [
        -2.01462060213089,
        53.82189047522843,
        365
      ],
      [
        -2.0145773515105247,
        53.821905478835106,
        364.6
      ],
      [
        -2.014436786994338,
        53.82193414494395,
        364.20000000000005
      ],
      [
        -2.0142460986971855,
        53.821976808831096,
        364
      ],
      [
        -2.0141085516661406,
        53.82202165201306,
        363.4
      ],
      [
        -2.01400687918067,
        53.82205467671156,
        362.79999999999995
      ],
      [
        -2.0139189530164003,
        53.82207035087049,
        362.4
      ],
      [
        -2.0138983335345984,
        53.8220698479563,
        362.20000000000005
      ],
      [
        -2.0137786399573088,
        53.82209516130388,
        361.20000000000005
      ],
      [
        -2.013758523389697,
        53.82209968753159,
        361.20000000000005
      ],
      [
        -2.013620473444462,
        53.822133634239435,
        360.6
      ],
      [
        -2.013581581413746,
        53.822146793827415,
        360.20000000000005
      ],
      [
        -2.0134591218084097,
        53.82217478938401,
        359.4
      ],
      [
        -2.013417212292552,
        53.82217830978334,
        359.20000000000005
      ],
      [
        -2.0132572017610073,
        53.82219993509352,
        358.4
      ],
      [
        -2.013194840401411,
        53.822201527655125,
        358.20000000000005
      ],
      [
        -2.0130412839353085,
        53.822216195985675,
        357.6
      ],
      [
        -2.0129163935780525,
        53.82222516462207,
        357
      ],
      [
        -2.012871215119958,
        53.82222801446915,
        356.79999999999995
      ],
      [
        -2.0126563031226397,
        53.822241174057126,
        356
      ],
      [
        -2.0124607533216476,
        53.822279730811715,
        355.4
      ],
      [
        -2.012375006452203,
        53.82229817099869,
        355
      ],
      [
        -2.012265454977751,
        53.82231795229018,
        354.79999999999995
      ],
      [
        -2.0120743475854397,
        53.822334883734584,
        354.4
      ],
      [
        -2.011815095320344,
        53.8223497197032,
        354
      ],
      [
        -2.0116991735994816,
        53.82234251126647,
        354
      ],
      [
        -2.011586520820856,
        53.822334883734584,
        353.6
      ],
      [
        -2.0113882049918175,
        53.82234896533191,
        353.6
      ],
      [
        -2.011291729286313,
        53.82235902361572,
        353.4
      ],
      [
        -2.011070866137743,
        53.82234301418066,
        353
      ],
      [
        -2.0110133662819862,
        53.82233337499201,
        352.79999999999995
      ],
      [
        -2.0108769088983536,
        53.82230814546347,
        352.6
      ],
      [
        -2.0107364282011986,
        53.82228618487716,
        352.4
      ],
      [
        -2.0106127951294184,
        53.82224293425679,
        352.20000000000005
      ],
      [
        -2.010452952235937,
        53.8222218118608,
        352
      ],
      [
        -2.010402074083686,
        53.82223262451589,
        351.79999999999995
      ],
      [
        -2.0102222822606564,
        53.822258776053786,
        351.79999999999995
      ],
      [
        -2.010124968364835,
        53.82227646186948,
        351.79999999999995
      ],
      [
        -2.0101112220436335,
        53.82228082045913,
        351.6
      ],
      [
        -2.0099654607474804,
        53.82233270443976,
        351.6
      ],
      [
        -2.009797655045986,
        53.82241350598633,
        350.79999999999995
      ],
      [
        -2.0095970761030912,
        53.82247972302139,
        350.4
      ],
      [
        -2.00942549854517,
        53.822520626708865,
        349.79999999999995
      ],
      [
        -2.0093790628015995,
        53.822533870115876,
        349.6
      ],
      [
        -2.0092554297298193,
        53.82257267832756,
        348.79999999999995
      ],
      [
        -2.009218130260706,
        53.82258198224008,
        348.6
      ],
      [
        -2.009081421419978,
        53.822632022202015,
        348.4
      ],
      [
        -2.008927194401622,
        53.82266932167113,
        347.79999999999995
      ],
      [
        -2.008907664567232,
        53.8226758595556,
        347.79999999999995
      ],
      [
        -2.008672971278429,
        53.822734113782644,
        347.20000000000005
      ],
      [
        -2.00851958245039,
        53.822770826518536,
        346.6
      ],
      [
        -2.008503656834364,
        53.82277585566044,
        346.6
      ],
      [
        -2.008299808949232,
        53.822831343859434,
        345.79999999999995
      ],
      [
        -2.008254798129201,
        53.8228434138,
        345.6
      ],
      [
        -2.008050363510847,
        53.82290359586477,
        345
      ],
      [
        -2.007967885583639,
        53.822923209518194,
        344.6
      ],
      [
        -2.0078921131789684,
        53.82294156588614,
        344.20000000000005
      ],
      [
        -2.0077481120824814,
        53.82297685369849,
        343.6
      ],
      [
        -2.007693462073803,
        53.82299579679966,
        343.20000000000005
      ],
      [
        -2.0075666438788176,
        53.8230577390641,
        342.4
      ],
      [
        -2.0075231418013573,
        53.8230836391449,
        342.20000000000005
      ],
      [
        -2.0073793921619654,
        53.82314985617995,
        341.6
      ],
      [
        -2.007361873984337,
        53.82315513677895,
        341.4
      ],
      [
        -2.007221644744277,
        53.8232025783509,
        340.4
      ],
      [
        -2.0072021149098873,
        53.823207104578614,
        340.4
      ],
      [
        -2.0070226583629847,
        53.823257898911834,
        339.6
      ],
      [
        -2.0068321377038956,
        53.8232977129519,
        339.4
      ],
      [
        -2.006711522117257,
        53.823319505900145,
        339
      ],
      [
        -2.0065338257700205,
        53.82334523834288,
        338.6
      ],
      [
        -2.006401475518942,
        53.82336803711951,
        338.4
      ],
      [
        -2.0063376054167747,
        53.82338706403971,
        338
      ],
      [
        -2.006195532158017,
        53.82341254502535,
        337.20000000000005
      ],
      [
        -2.006130488589406,
        53.823417741805315,
        337
      ],
      [
        -2.0059836376458406,
        53.82344489917159,
        336.20000000000005
      ],
      [
        -2.005963521078229,
        53.82344892248511,
        336
      ],
      [
        -2.0058242976665497,
        53.82346199825406,
        335.20000000000005
      ],
      [
        -2.0058017503470182,
        53.82346577011049,
        335
      ],
      [
        -2.0057048555463552,
        53.82346962578595,
        334.20000000000005
      ],
      [
        -2.005613325163722,
        53.823476331308484,
        333.4
      ],
      [
        -2.0055427495390177,
        53.82348546758294,
        333
      ],
      [
        -2.0053749438375235,
        53.8235099427402,
        332
      ],
      [
        -2.0053511392325163,
        53.8235136307776,
        332
      ],
      [
        -2.005117367953062,
        53.82353475317359,
        331
      ],
      [
        -2.0049473829567432,
        53.82353123277426,
        330
      ],
      [
        -2.004724759608507,
        53.82350977510214,
        329
      ],
      [
        -2.004702966660261,
        53.82350885309279,
        328.79999999999995
      ],
      [
        -2.0045190677046776,
        53.82350382395089,
        327.6
      ],
      [
        -2.0044707879424095,
        53.82350089028478,
        327.4
      ],
      [
        -2.004370540380478,
        53.82349896244705,
        326.6
      ],
      [
        -2.0042272936552763,
        53.823504159227014,
        325.79999999999995
      ],
      [
        -2.0042062550783157,
        53.8235065061599,
        325.6
      ],
      [
        -2.004091674461961,
        53.82351472042501,
        324.6
      ],
      [
        -2.004005340859294,
        53.823520420119166,
        324
      ],
      [
        -2.0039144810289145,
        53.82352511398494,
        323.4
      ],
      [
        -2.0038222800940275,
        53.82354171015322,
        322.79999999999995
      ],
      [
        -2.003775257617235,
        53.82354464381933,
        322.4
      ],
      [
        -2.0036190189421177,
        53.82355042733252,
        321.20000000000005
      ],
      [
        -2.0034730061888695,
        53.82355621084571,
        320.4
      ],
      [
        -2.0034526381641626,
        53.823556546121836,
        320
      ],
      [
        -2.0032910350710154,
        53.82356408983469,
        318.79999999999995
      ],
      [
        -2.003193721175194,
        53.8235723040998,
        318.4
      ],
      [
        -2.003130102530122,
        53.823579931631684,
        317.79999999999995
      ],
      [
        -2.0029640570282936,
        53.82361798547208,
        317
      ],
      [
        -2.0029449462890625,
        53.82362368516624,
        316.79999999999995
      ],
      [
        -2.002792814746499,
        53.82367104291916,
        315.79999999999995
      ],
      [
        -2.0027581974864006,
        53.82368730381131,
        315.6
      ],
      [
        -2.002625009045005,
        53.823733823373914,
        314.79999999999995
      ],
      [
        -2.0025367476046085,
        53.82376986555755,
        314.20000000000005
      ],
      [
        -2.0024807564914227,
        53.823794927448034,
        313.6
      ],
      [
        -2.0023980271071196,
        53.823848655447364,
        313.20000000000005
      ],
      [
        -2.002318985760212,
        53.823881512507796,
        312.79999999999995
      ],
      [
        -2.002274477854371,
        53.8238950073719,
        312.6
      ],
      [
        -2.0021149702370167,
        53.823943454772234,
        311.6
      ],
      [
        -2.0021002180874348,
        53.823948903009295,
        311.4
      ],
      [
        -2.0019899122416973,
        53.82401084527373,
        310.4
      ],
      [
        -2.0019580610096455,
        53.82402685470879,
        310
      ],
      [
        -2.001874493435025,
        53.8240694347769,
        309.4
      ],
      [
        -2.0018014032393694,
        53.824105728417635,
        308.4
      ],
      [
        -2.001768294721842,
        53.82412073202431,
        308.20000000000005
      ],
      [
        -2.001606272533536,
        53.8241870328784,
        307
      ],
      [
        -2.0014783646911383,
        53.824242018163204,
        306
      ],
      [
        -2.0014574099332094,
        53.824254255741835,
        305.79999999999995
      ],
      [
        -2.0013525523245335,
        53.82429759018123,
        304.79999999999995
      ],
      [
        -2.001302596181631,
        53.82432189770043,
        304.20000000000005
      ],
      [
        -2.001254567876458,
        53.824345115572214,
        303.79999999999995
      ],
      [
        -2.0011257380247116,
        53.8244061358273,
        302.79999999999995
      ],
      [
        -2.0011066272854805,
        53.82441384717822,
        302.6
      ],
      [
        -2.0010180305689573,
        53.824451733380556,
        301.6
      ],
      [
        -2.000928595662117,
        53.82449548691511,
        300.6
      ],
      [
        -2.0009099040180445,
        53.82450386881828,
        300.4
      ],
      [
        -2.0008014421910048,
        53.82454317994416,
        299.4
      ],
      [
        -2.0006990153342485,
        53.82458341307938,
        298.4
      ],
      [
        -2.000679485499859,
        53.82458886131644,
        298.20000000000005
      ],
      [
        -2.00054369866848,
        53.82463068701327,
        297
      ],
      [
        -2.0004671718925238,
        53.82465767674148,
        296.6
      ],
      [
        -2.000388130545616,
        53.82468299008906,
        295.79999999999995
      ],
      [
        -2.000314202159643,
        53.82470654323697,
        295.4
      ],
      [
        -2.0002257730811834,
        53.824735125526786,
        294.6
      ],
      [
        -2.0001451391726732,
        53.82475742138922,
        294
      ],
      [
        -2.0000882260501385,
        53.8247705809772,
        293.4
      ],
      [
        -1.9999909959733486,
        53.82479924708605,
        292.6
      ],
      [
        -1.9999559596180916,
        53.824813244864345,
        292.20000000000005
      ],
      [
        -1.9998184964060783,
        53.824855824932456,
        291.20000000000005
      ],
      [
        -1.9996794406324625,
        53.824889017269015,
        290.20000000000005
      ],
      [
        -1.9996661134064198,
        53.82489471696317,
        290
      ],
      [
        -1.9995165802538395,
        53.82493067532778,
        288.79999999999995
      ],
      [
        -1.9993934500962496,
        53.82496680133045,
        287.6
      ],
      [
        -1.999377440661192,
        53.82497367449105,
        287.4
      ],
      [
        -1.999280797317624,
        53.82500644773245,
        286.6
      ],
      [
        -1.9991593435406685,
        53.82503922097385,
        285.6
      ],
      [
        -1.99909882619977,
        53.82506025955081,
        285
      ],
      [
        -1.9990302622318268,
        53.825086830183864,
        284.4
      ],
      [
        -1.9989900290966034,
        53.82511750794947,
        283.79999999999995
      ],
      [
        -1.9989363849163055,
        53.825138714164495,
        283.4
      ],
      [
        -1.9988259114325047,
        53.82517609745264,
        282.4
      ],
      [
        -1.998807555064559,
        53.82518196478486,
        282.20000000000005
      ],
      [
        -1.9986713491380215,
        53.82524801418185,
        281.4
      ],
      [
        -1.99862290173769,
        53.825281793251634,
        281.20000000000005
      ],
      [
        -1.9985482189804316,
        53.82533283904195,
        281
      ],
      [
        -1.9984221551567316,
        53.82540953345597,
        280.6
      ],
      [
        -1.9983256794512272,
        53.82545462809503,
        280.4
      ],
      [
        -1.998317465186119,
        53.82546376436949,
        280.20000000000005
      ],
      [
        -1.9983256794512272,
        53.82545462809503,
        280.4
      ],
      [
        -1.9983256794512272,
        53.82545462809503,
        280.4
      ],
      [
        -1.9983256794512272,
        53.82545462809503,
        280.4
      ],
      [
        -1.9983468018472195,
        53.8254442345351,
        280.4
      ],
      [
        -1.9983422756195068,
        53.82544775493443,
        280.4
      ],
      [
        -1.9983423594385386,
        53.82544825784862,
        280.4
      ],
      [
        -1.9983539264649153,
        53.82543593645096,
        280.4
      ],
      [
        -1.9983615539968014,
        53.82542386651039,
        280.4
      ],
      [
        -1.9983759708702564,
        53.825414311140776,
        280.4
      ],
      [
        -1.9984431099146605,
        53.82538665086031,
        280.6
      ],
      [
        -1.9985736161470413,
        53.82530651986599,
        281
      ],
      [
        -1.9986860174685717,
        53.82525388151407,
        281.20000000000005
      ],
      [
        -1.9987021945416927,
        53.82524583488703,
        281.20000000000005
      ],
      [
        -1.9988444354385138,
        53.82517509162426,
        281.6
      ],
      [
        -1.9988889433443546,
        53.82515707053244,
        282
      ],
      [
        -1.9989041145890951,
        53.8251522090286,
        282.20000000000005
      ],
      [
        -1.9989170227199793,
        53.825147012248635,
        282.4
      ],
      [
        -1.9989578425884247,
        53.82513594813645,
        282.6
      ],
      [
        -1.9989952258765697,
        53.82512320764363,
        283.20000000000005
      ],
      [
        -1.999031351879239,
        53.82510778494179,
        283.4
      ],
      [
        -1.9990527257323265,
        53.825099151581526,
        283.6
      ],
      [
        -1.99915892444551,
        53.82505774497986,
        284.6
      ],
      [
        -1.9991991575807333,
        53.825044417753816,
        285
      ],
      [
        -1.999277025461197,
        53.825000831857324,
        285.79999999999995
      ],
      [
        -1.9992950465530157,
        53.8249970600009,
        286
      ],
      [
        -1.9994139857590199,
        53.82496805861592,
        287
      ],
      [
        -1.9995386246591806,
        53.82493704557419,
        288
      ],
      [
        -1.9995975494384766,
        53.82491952739656,
        288.6
      ],
      [
        -1.9996461644768715,
        53.82490603253245,
        289.20000000000005
      ],
      [
        -1.9997562188655138,
        53.824874851852655,
        290
      ],
      [
        -1.9998063426464796,
        53.824863620102406,
        290.4
      ],
      [
        -1.999894268810749,
        53.82484442554414,
        291
      ],
      [
        -1.9999498408287764,
        53.82483017630875,
        291.6
      ],
      [
        -2.000032151117921,
        53.82479924708605,
        292
      ],
      [
        -2.0000920817255974,
        53.82477938197553,
        292.6
      ],
      [
        -2.00016844086349,
        53.8247618637979,
        293.20000000000005
      ],
      [
        -2.0002159662544727,
        53.82474862039089,
        293.6
      ],
      [
        -2.0002669282257557,
        53.824738478288054,
        294.20000000000005
      ],
      [
        -2.000337168574333,
        53.824715092778206,
        294.79999999999995
      ],
      [
        -2.0004029665142298,
        53.82469195872545,
        295.4
      ],
      [
        -2.0004669204354286,
        53.824675949290395,
        295.79999999999995
      ],
      [
        -2.000565743073821,
        53.824643259868026,
        296.4
      ],
      [
        -2.0006185490638018,
        53.82463429123163,
        296.79999999999995
      ],
      [
        -2.0007550064474344,
        53.82458936423063,
        298
      ],
      [
        -2.0008645579218864,
        53.82454326376319,
        299
      ],
      [
        -2.000886769965291,
        53.824537228792906,
        299
      ],
      [
        -2.000965978950262,
        53.82450160570443,
        300
      ],
      [
        -2.0009844191372395,
        53.82449196651578,
        300.20000000000005
      ],
      [
        -2.001034878194332,
        53.824465312063694,
        300.4
      ],
      [
        -2.001106459647417,
        53.82443723268807,
        301.20000000000005
      ],
      [
        -2.0011383946985006,
        53.82442306727171,
        301.6
      ],
      [
        -2.0011551585048437,
        53.82441619411111,
        301.79999999999995
      ],
      [
        -2.001205701380968,
        53.824392557144165,
        302.4
      ],
      [
        -2.0012647099792957,
        53.8243701774627,
        303
      ],
      [
        -2.0012972317636013,
        53.82435626350343,
        303.4
      ],
      [
        -2.001413991674781,
        53.824301194399595,
        304.4
      ],
      [
        -2.0015107188373804,
        53.824258614331484,
        305.20000000000005
      ],
      [
        -2.001536702737212,
        53.82424436509609,
        305.6
      ],
      [
        -2.0015863236039877,
        53.82422374561429,
        306
      ],
      [
        -2.0016005728393793,
        53.824216620996594,
        306.20000000000005
      ],
      [
        -2.001668466255069,
        53.82418468594551,
        306.6
      ],
      [
        -2.001728229224682,
        53.82416029460728,
        307.20000000000005
      ],
      [
        -2.0017763413488865,
        53.82414411753416,
        307.6
      ],
      [
        -2.0018278062343597,
        53.82411561906338,
        308
      ],
      [
        -2.0018584839999676,
        53.82410153746605,
        308.20000000000005
      ],
      [
        -2.001922018826008,
        53.824065662920475,
        309
      ],
      [
        -2.001999383792281,
        53.82402190938592,
        309.79999999999995
      ],
      [
        -2.0020261220633984,
        53.82400791160762,
        310
      ],
      [
        -2.0020961109548807,
        53.82396390661597,
        310.79999999999995
      ],
      [
        -2.0021085999906063,
        53.8239573687315,
        311
      ],
      [
        -2.0022062491625547,
        53.82392375729978,
        311.6
      ],
      [
        -2.0022578816860914,
        53.8239108491689,
        312.20000000000005
      ],
      [
        -2.0022743940353394,
        53.823909256607294,
        312.6
      ],
      [
        -2.0022713765501976,
        53.823909340426326,
        312.79999999999995
      ],
      [
        -2.0022713765501976,
        53.823909340426326,
        312.79999999999995
      ],
      [
        -2.0022713765501976,
        53.823909340426326,
        312.79999999999995
      ],
      [
        -2.0022917445749044,
        53.82390456274152,
        312.79999999999995
      ],
      [
        -2.0023070834577084,
        53.82392073981464,
        312.79999999999995
      ],
      [
        -2.002305407077074,
        53.823920572176576,
        313.20000000000005
      ],
      [
        -2.002307754009962,
        53.82391948252916,
        313.4
      ],
      [
        -2.002305407077074,
        53.823920572176576,
        313.20000000000005
      ],
      [
        -2.0023237634450197,
        53.82392467930913,
        313.20000000000005
      ],
      [
        -2.002336084842682,
        53.82392669096589,
        313.20000000000005
      ],
      [
        -2.002334240823984,
        53.823929373174906,
        313.6
      ],
      [
        -2.002334324643016,
        53.82392945699394,
        313.6
      ],
      [
        -2.002324601635337,
        53.823941107839346,
        313.79999999999995
      ],
      [
        -2.0023394376039505,
        53.82395971566439,
        313.79999999999995
      ],
      [
        -2.002352848649025,
        53.82397002540529,
        313.79999999999995
      ],
      [
        -2.002440607175231,
        53.8240107614547,
        313.4
      ],
      [
        -2.002394674345851,
        53.82407530210912,
        313.6
      ],
      [
        -2.002382939681411,
        53.824086114764214,
        313.4
      ],
      [
        -2.0023721270263195,
        53.824109667912126,
        313.20000000000005
      ],
      [
        -2.002347568050027,
        53.8241695985198,
        312.79999999999995
      ],
      [
        -2.002304568886757,
        53.824256267398596,
        312.20000000000005
      ],
      [
        -2.0022925827652216,
        53.82429021410644,
        311.79999999999995
      ],
      [
        -2.002259474247694,
        53.82437244057655,
        311.20000000000005
      ],
      [
        -2.00224949978292,
        53.8243992626667,
        311
      ],
      [
        -2.0021694526076317,
        53.82451585493982,
        310.4
      ],
      [
        -2.0021314825862646,
        53.82455449551344,
        310
      ],
      [
        -2.002099212259054,
        53.82460788823664,
        309.4
      ],
      [
        -2.0020561292767525,
        53.824666645377874,
        309
      ],
      [
        -2.002069875597954,
        53.82469246163964,
        308.6
      ],
      [
        -2.002115473151207,
        53.824743842706084,
        308
      ],
      [
        -2.002128465101123,
        53.82476253435016,
        308
      ],
      [
        -2.002132823690772,
        53.82478533312678,
        307.79999999999995
      ],
      [
        -2.0022089313715696,
        53.824897315353155,
        307.20000000000005
      ],
      [
        -2.0022386871278286,
        53.8249328546226,
        306.79999999999995
      ],
      [
        -2.0022405311465263,
        53.824947690591216,
        306.79999999999995
      ],
      [
        -2.0022710412740707,
        53.82497753016651,
        306.6
      ],
      [
        -2.002288643270731,
        53.824983816593885,
        306.6
      ],
      [
        -2.002340527251363,
        53.825026396662,
        306.20000000000005
      ],
      [
        -2.002368187531829,
        53.8250641990453,
        305.79999999999995
      ],
      [
        -2.002414120361209,
        53.825104432180524,
        304.79999999999995
      ],
      [
        -2.0024622324854136,
        53.82513703778386,
        304.79999999999995
      ],
      [
        -2.0024991966784,
        53.82516000419855,
        304.6
      ],
      [
        -2.002514870837331,
        53.82517358288169,
        304.4
      ],
      [
        -2.002514870837331,
        53.82517358288169,
        305.6
      ],
      [
        -2.002514870837331,
        53.82517358288169,
        305.6
      ],
      [
        -2.002514870837331,
        53.82517358288169,
        305.6
      ],
      [
        -2.002515122294426,
        53.825164614245296,
        305.79999999999995
      ],
      [
        -2.002514870837331,
        53.82517358288169,
        305.79999999999995
      ],
      [
        -2.002514870837331,
        53.82517358288169,
        305.6
      ],
      [
        -2.0025146193802357,
        53.82516478188336,
        305.6
      ],
      [
        -2.002519816160202,
        53.82516385987401,
        305.79999999999995
      ],
      [
        -2.0025673415511847,
        53.82518372498453,
        305.4
      ],
      [
        -2.0025726221501827,
        53.82518942467868,
        304.6
      ],
      [
        -2.0025582052767277,
        53.82522135972977,
        303.79999999999995
      ],
      [
        -2.0025288686156273,
        53.825237872079015,
        303.79999999999995
      ],
      [
        -2.0025231689214706,
        53.825244242325425,
        303.79999999999995
      ],
      [
        -2.002520067617297,
        53.82525220513344,
        303.6
      ],
      [
        -2.002500621601939,
        53.825282379984856,
        303.4
      ],
      [
        -2.002475056797266,
        53.82530006580055,
        303
      ],
      [
        -2.002430632710457,
        53.82532889954746,
        302.4
      ],
      [
        -2.0023804251104593,
        53.825362427160144,
        301.79999999999995
      ],
      [
        -2.0023670978844166,
        53.825365863740444,
        301.4
      ],
      [
        -2.002369025722146,
        53.825365947559476,
        301.20000000000005
      ],
      [
        -2.0023332349956036,
        53.825380532070994,
        301
      ],
      [
        -2.0022905711084604,
        53.8253958709538,
        301
      ],
      [
        -2.0022227615118027,
        53.82543987594545,
        300.4
      ],
      [
        -2.002181187272072,
        53.82545521482825,
        300
      ],
      [
        -2.002155538648367,
        53.825474828481674,
        299.4
      ],
      [
        -2.0021291356533766,
        53.825495364144444,
        298.20000000000005
      ],
      [
        -2.0021179039031267,
        53.82550114765763,
        298
      ],
      [
        -2.002090662717819,
        53.82552444934845,
        297.20000000000005
      ],
      [
        -2.0020697079598904,
        53.82556485012174,
        296.6
      ],
      [
        -2.0020614936947823,
        53.825575578957796,
        296
      ],
      [
        -2.0020276308059692,
        53.825637102127075,
        295.4
      ],
      [
        -2.0020440593361855,
        53.82565495558083,
        295.20000000000005
      ],
      [
        -2.0020461548119783,
        53.82565897889435,
        295
      ],
      [
        -2.0020461548119783,
        53.82565897889435,
        294.79999999999995
      ],
      [
        -2.0020467415452003,
        53.82564523257315,
        294.79999999999995
      ],
      [
        -2.002041544765234,
        53.82564858533442,
        294.79999999999995
      ],
      [
        -2.0020411256700754,
        53.82564850151539,
        294.79999999999995
      ],
      [
        -2.00204037129879,
        53.825648752972484,
        295
      ],
      [
        -2.002112874761224,
        53.82566216401756,
        294.6
      ],
      [
        -2.0021883118897676,
        53.825702564790845,
        294.20000000000005
      ],
      [
        -2.002191161736846,
        53.82571212016046,
        294.20000000000005
      ],
      [
        -2.0021948497742414,
        53.82572343572974,
        293.79999999999995
      ],
      [
        -2.0022508408874273,
        53.82577917538583,
        293
      ],
      [
        -2.0022542774677277,
        53.82579116150737,
        292.79999999999995
      ],
      [
        -2.002274561673403,
        53.825832484290004,
        292.4
      ],
      [
        -2.0022624917328358,
        53.825844302773476,
        292.4
      ],
      [
        -2.002242123708129,
        53.82583952508867,
        292
      ],
      [
        -2.00220113620162,
        53.82583365775645,
        292
      ],
      [
        -2.0021790079772472,
        53.82583181373775,
        291.79999999999995
      ],
      [
        -2.0020399522036314,
        53.82583097554743,
        291.20000000000005
      ],
      [
        -2.0020348392426968,
        53.825837010517716,
        291.20000000000005
      ],
      [
        -2.0020614098757505,
        53.82584245875478,
        291.20000000000005
      ],
      [
        -2.002181690186262,
        53.825848242267966,
        291.20000000000005
      ],
      [
        -2.0022829435765743,
        53.82588705047965,
        291.6
      ],
      [
        -2.0023040659725666,
        53.82590448483825,
        291.6
      ],
      [
        -2.0022834464907646,
        53.82594178430736,
        291.6
      ],
      [
        -2.0021997950971127,
        53.82598562166095,
        290.6
      ],
      [
        -2.002074485644698,
        53.82595838047564,
        289.6
      ],
      [
        -2.0020487532019615,
        53.82595754228532,
        289.6
      ],
      [
        -2.0020266249775887,
        53.82595385424793,
        289.6
      ],
      [
        -2.0020027365535498,
        53.8259516749531,
        289.6
      ],
      [
        -2.001979434862733,
        53.82594714872539,
        289.6
      ],
      [
        -2.0019156485795975,
        53.82593574933708,
        289.6
      ],
      [
        -2.001852113753557,
        53.82594656199217,
        289.4
      ],
      [
        -2.0018246211111546,
        53.82598411291838,
        289
      ],
      [
        -2.00183124281466,
        53.82602325640619,
        288.4
      ],
      [
        -2.0018308237195015,
        53.82605502381921,
        287.79999999999995
      ],
      [
        -2.0018308237195015,
        53.82607623003423,
        287.4
      ],
      [
        -2.0018338412046432,
        53.826076900586486,
        287.20000000000005
      ],
      [
        -2.0018350146710873,
        53.82608721032739,
        287.20000000000005
      ],
      [
        -2.0018387027084827,
        53.82605787366629,
        287
      ],
      [
        -2.0018487609922886,
        53.8260140363127,
        287.6
      ],
      [
        -2.0018381159752607,
        53.826003139838576,
        287.79999999999995
      ],
      [
        -2.001829147338867,
        53.82599643431604,
        288.20000000000005
      ],
      [
        -2.0018385350704193,
        53.826001128181815,
        288.20000000000005
      ],
      [
        -2.001885809004307,
        53.82599987089634,
        288.4
      ],
      [
        -2.0019412133842707,
        53.825995763763785,
        288.4
      ],
      [
        -2.0020890701562166,
        53.82598394528031,
        289.20000000000005
      ],
      [
        -2.0021050795912743,
        53.825993835926056,
        289.4
      ],
      [
        -2.0021371822804213,
        53.8260349072516,
        289.20000000000005
      ],
      [
        -2.002170877531171,
        53.8261054828763,
        288.79999999999995
      ],
      [
        -2.002187892794609,
        53.82613004185259,
        288.6
      ],
      [
        -2.0022339932620525,
        53.82615770213306,
        288.20000000000005
      ],
      [
        -2.0022914092987776,
        53.82618402130902,
        288
      ],
      [
        -2.002397943288088,
        53.826228864490986,
        287.20000000000005
      ],
      [
        -2.0024154614657164,
        53.82623305544257,
        287.20000000000005
      ],
      [
        -2.0025423634797335,
        53.826262056827545,
        286.4
      ],
      [
        -2.0025738794356585,
        53.82629348896444,
        286
      ],
      [
        -2.0026150345802307,
        53.826325591653585,
        285.6
      ],
      [
        -2.002663230523467,
        53.82635350339115,
        285
      ],
      [
        -2.0026910584419966,
        53.826375463977456,
        284.79999999999995
      ],
      [
        -2.0027149468660355,
        53.826394490897655,
        284.4
      ],
      [
        -2.002728022634983,
        53.826408153399825,
        284.20000000000005
      ],
      [
        -2.0027726143598557,
        53.82643380202353,
        284
      ],
      [
        -2.0027900487184525,
        53.82645634934306,
        283.4
      ],
      [
        -2.0028189662843943,
        53.82647772319615,
        282.79999999999995
      ],
      [
        -2.002915358170867,
        53.826513681560755,
        282.20000000000005
      ],
      [
        -2.0029594469815493,
        53.826539581641555,
        281.79999999999995
      ],
      [
        -2.003021975979209,
        53.826575204730034,
        281
      ],
      [
        -2.003041673451662,
        53.82658467628062,
        280.79999999999995
      ],
      [
        -2.0031661447137594,
        53.826644606888294,
        280.20000000000005
      ],
      [
        -2.003262871876359,
        53.82668299600482,
        279.79999999999995
      ],
      [
        -2.0032733492553234,
        53.82669573649764,
        279.6
      ],
      [
        -2.0033083856105804,
        53.826739909127355,
        279
      ],
      [
        -2.0033151749521494,
        53.8267376460135,
        278.6
      ],
      [
        -2.003312911838293,
        53.8267392385751,
        278.6
      ],
      [
        -2.0033040270209312,
        53.82675390690565,
        278.20000000000005
      ],
      [
        -2.0033300947397947,
        53.82675793021917,
        278.20000000000005
      ],
      [
        -2.0033934619277716,
        53.826760109514,
        278.20000000000005
      ],
      [
        -2.0034718327224255,
        53.82675239816308,
        278.4
      ],
      [
        -2.0035374630242586,
        53.826751140877604,
        278.6
      ],
      [
        -2.0037150755524635,
        53.82673831656575,
        279.20000000000005
      ],
      [
        -2.003920180723071,
        53.826716439798474,
        279.4
      ],
      [
        -2.0039669517427683,
        53.826715182513,
        279.6
      ],
      [
        -2.004098631441593,
        53.826713506132364,
        279.79999999999995
      ],
      [
        -2.0042764954268932,
        53.82672104984522,
        280
      ],
      [
        -2.004469195380807,
        53.826730689033866,
        280.20000000000005
      ],
      [
        -2.00464328750968,
        53.82673957385123,
        280.4
      ],
      [
        -2.004855601117015,
        53.82675155997276,
        280.20000000000005
      ],
      [
        -2.0050105825066566,
        53.82675566710532,
        279.79999999999995
      ],
      [
        -2.005141507834196,
        53.82676715031266,
        279.79999999999995
      ],
      [
        -2.005325322970748,
        53.826798079535365,
        279.20000000000005
      ],
      [
        -2.005521794781089,
        53.82682624273002,
        279
      ],
      [
        -2.005617767572403,
        53.82684686221182,
        278.6
      ],
      [
        -2.005756236612797,
        53.82690285332501,
        277.79999999999995
      ],
      [
        -2.005790015682578,
        53.826921209692955,
        277.4
      ],
      [
        -2.005909038707614,
        53.82699312642217,
        276.4
      ],
      [
        -2.006049770861864,
        53.82709211669862,
        275.4
      ],
      [
        -2.006063098087907,
        53.82710225880146,
        275.20000000000005
      ],
      [
        -2.0062071830034256,
        53.82719211280346,
        274.20000000000005
      ],
      [
        -2.0062164030969143,
        53.82720150053501,
        274
      ],
      [
        -2.0062963664531708,
        53.82724818773568,
        273.20000000000005
      ],
      [
        -2.0063097774982452,
        53.82726017385721,
        273
      ],
      [
        -2.0063122920691967,
        53.82728355936706,
        272.6
      ],
      [
        -2.006301563233137,
        53.82728565484285,
        272.6
      ],
      [
        -2.00626602396369,
        53.8273264747113,
        272
      ],
      [
        -2.0062589831650257,
        53.827336532995105,
        271.79999999999995
      ],
      [
        -2.006236184388399,
        53.827354637905955,
        271
      ],
      [
        -2.0062036626040936,
        53.82737257517874,
        270.4
      ],
      [
        -2.006181702017784,
        53.8273714017123,
        269.79999999999995
      ],
      [
        -2.0061857253313065,
        53.82737165316939,
        269.4
      ],
      [
        -2.0061615016311407,
        53.82744633592665,
        269
      ],
      [
        -2.006157645955682,
        53.827459244057536,
        268.6
      ],
      [
        -2.0061483420431614,
        53.827499728649855,
        267.4
      ],
      [
        -2.0061494316905737,
        53.82751364260912,
        267.20000000000005
      ],
      [
        -2.00614046305418,
        53.827570136636496,
        266.4
      ],
      [
        -2.006139373406768,
        53.827626295387745,
        265.20000000000005
      ],
      [
        -2.006134847179055,
        53.82764012552798,
        264.79999999999995
      ],
      [
        -2.006135433912277,
        53.8276977930218,
        264
      ],
      [
        -2.0061476714909077,
        53.8277287222445,
        263.4
      ],
      [
        -2.006150856614113,
        53.82775604724884,
        263
      ],
      [
        -2.006161753088236,
        53.82781254127622,
        261.79999999999995
      ],
      [
        -2.006168542429805,
        53.827870124951005,
        260.6
      ],
      [
        -2.0061797741800547,
        53.82789719849825,
        260
      ],
      [
        -2.006187653169036,
        53.82792502641678,
        259.20000000000005
      ],
      [
        -2.006207937374711,
        53.827981520444155,
        258.20000000000005
      ],
      [
        -2.0062215998768806,
        53.8280310574919,
        257.20000000000005
      ],
      [
        -2.0062219351530075,
        53.82807514630258,
        256.4
      ],
      [
        -2.0062240306288004,
        53.82810054346919,
        256
      ],
      [
        -2.0062351785600185,
        53.82818201556802,
        255
      ],
      [
        -2.006274238228798,
        53.82826910354197,
        253.79999999999995
      ],
      [
        -2.006273567676544,
        53.82828192785382,
        253.60000000000002
      ],
      [
        -2.0062991324812174,
        53.828373961150646,
        253
      ],
      [
        -2.006304245442152,
        53.8283865340054,
        252.60000000000002
      ],
      [
        -2.0063293911516666,
        53.82846046239138,
        252
      ],
      [
        -2.0063327439129353,
        53.82850153371692,
        251.60000000000002
      ],
      [
        -2.006346406415105,
        53.82854352705181,
        251
      ],
      [
        -2.0063553750514984,
        53.828615779057145,
        250.39999999999998
      ],
      [
        -2.0063605718314648,
        53.82865408435464,
        250
      ],
      [
        -2.006392255425453,
        53.828699346631765,
        249.60000000000002
      ],
      [
        -2.0064293034374714,
        53.828739412128925,
        249.39999999999998
      ],
      [
        -2.006459478288889,
        53.82879205048084,
        248.79999999999995
      ],
      [
        -2.006462747231126,
        53.828805880621076,
        248.60000000000002
      ],
      [
        -2.006464758887887,
        53.82882356643677,
        248.20000000000005
      ],
      [
        -2.0064955204725266,
        53.82897125557065,
        247.20000000000005
      ],
      [
        -2.0065291319042444,
        53.82906312122941,
        246.20000000000005
      ],
      [
        -2.006563665345311,
        53.829167475923896,
        245
      ],
      [
        -2.0066048204898834,
        53.82929806597531,
        244.79999999999995
      ],
      [
        -2.006709175184369,
        53.82939915172756,
        245
      ],
      [
        -2.006844626739621,
        53.829485988244414,
        245.39999999999998
      ],
      [
        -2.0069508254528046,
        53.829548098146915,
        245.79999999999995
      ],
      [
        -2.0070830080658197,
        53.82963418029249,
        244.60000000000002
      ],
      [
        -2.007150650024414,
        53.829677011817694,
        244
      ],
      [
        -2.007166910916567,
        53.82968497462571,
        243.79999999999995
      ],
      [
        -2.0072662364691496,
        53.82972210645676,
        242.79999999999995
      ],
      [
        -2.007374195381999,
        53.829763596877456,
        241.60000000000002
      ],
      [
        -2.0075262431055307,
        53.829827634617686,
        240.60000000000002
      ],
      [
        -2.0076273288577795,
        53.82991028018296,
        240
      ],
      [
        -2.007668986916542,
        53.82997398264706,
        239.60000000000002
      ],
      [
        -2.0076733455061913,
        53.82999183610082,
        239.39999999999998
      ],
      [
        -2.0077378023415804,
        53.83005805313587,
        238.79999999999995
      ],
      [
        -2.0077745988965034,
        53.830079678446054,
        238.39999999999998
      ],
      [
        -2.00783452950418,
        53.83010842837393,
        237.79999999999995
      ],
      [
        -2.007872834801674,
        53.830122761428356,
        237.20000000000005
      ],
      [
        -2.0079153310507536,
        53.83014262653887,
        236.60000000000002
      ],
      [
        -2.007956402376294,
        53.83015218190849,
        236
      ],
      [
        -2.0080337673425674,
        53.8301672693342,
        235.20000000000005
      ],
      [
        -2.0081780198961496,
        53.830140363425016,
        235.20000000000005
      ],
      [
        -2.0083614997565746,
        53.83010432124138,
        235.60000000000002
      ],
      [
        -2.008495358750224,
        53.83006911724806,
        235.39999999999998
      ],
      [
        -2.0086639188230038,
        53.83001463487744,
        235.20000000000005
      ],
      [
        -2.0088389329612255,
        53.82995872758329,
        235.39999999999998
      ],
      [
        -2.008967846632004,
        53.82991933263838,
        235.39999999999998
      ],
      [
        -2.0090833492577076,
        53.82988999597728,
        235.39999999999998
      ],
      [
        -2.009260458871722,
        53.8298543728888,
        235.39999999999998
      ],
      [
        -2.009414518252015,
        53.829828053712845,
        235.79999999999995
      ],
      [
        -2.0095811504870653,
        53.829806009307504,
        236.39999999999998
      ],
      [
        -2.009677793830633,
        53.82977792993188,
        236.79999999999995
      ],
      [
        -2.0096930488944054,
        53.82977390661836,
        237
      ],
      [
        -2.009772090241313,
        53.82975001819432,
        237.20000000000005
      ],
      [
        -2.0098428335040808,
        53.829718586057425,
        237.20000000000005
      ],
      [
        -2.0099928695708513,
        53.829657565802336,
        237.39999999999998
      ],
      [
        -2.0101477671414614,
        53.829589169472456,
        237.39999999999998
      ],
      [
        -2.0102682150900364,
        53.82953041233122,
        237.39999999999998
      ],
      [
        -2.0104573108255863,
        53.82944701239467,
        237.20000000000005
      ],
      [
        -2.010614052414894,
        53.82939630188048,
        237.20000000000005
      ],
      [
        -2.0108008850365877,
        53.82935489527881,
        237.20000000000005
      ],
      [
        -2.010951843112707,
        53.82933176122606,
        237.20000000000005
      ],
      [
        -2.0111181400716305,
        53.82930250838399,
        237.20000000000005
      ],
      [
        -2.011325592175126,
        53.82926772348583,
        237
      ],
      [
        -2.0114950742572546,
        53.829245595261455,
        237.20000000000005
      ],
      [
        -2.0116379018872976,
        53.82921617478132,
        237.39999999999998
      ],
      [
        -2.011820711195469,
        53.82916001603007,
        237.39999999999998
      ],
      [
        -2.011995306238532,
        53.829096565023065,
        237.39999999999998
      ],
      [
        -2.012128494679928,
        53.829032527282834,
        237.39999999999998
      ],
      [
        -2.012300994247198,
        53.82897024974227,
        237.20000000000005
      ],
      [
        -2.0124113000929356,
        53.82893035188317,
        237.20000000000005
      ],
      [
        -2.0126466639339924,
        53.828871343284845,
        237
      ],
      [
        -2.0128498412668705,
        53.828840581700206,
        237.20000000000005
      ],
      [
        -2.0128946844488382,
        53.82883446291089,
        237.20000000000005
      ],
      [
        -2.013099789619446,
        53.828815687447786,
        237.20000000000005
      ],
      [
        -2.0132928248494864,
        53.828799007460475,
        237.20000000000005
      ],
      [
        -2.0135016180574894,
        53.82878257893026,
        237.39999999999998
      ],
      [
        -2.0136752910912037,
        53.828769251704216,
        237.60000000000002
      ],
      [
        -2.013843599706888,
        53.828768664970994,
        237.79999999999995
      ],
      [
        -2.014036802574992,
        53.82879079319537,
        237.79999999999995
      ],
      [
        -2.0141728408634663,
        53.828879138454795,
        238
      ],
      [
        -2.0142051950097084,
        53.82891266606748,
        238.20000000000005
      ],
      [
        -2.0142849069088697,
        53.828993467614055,
        238.60000000000002
      ],
      [
        -2.0142950490117073,
        53.82902850396931,
        238.79999999999995
      ],
      [
        -2.014296306297183,
        53.82902800105512,
        239
      ],
      [
        -2.0143365394324064,
        53.829058008268476,
        239
      ],
      [
        -2.0143595058470964,
        53.82910083979368,
        239.20000000000005
      ],
      [
        -2.014363780617714,
        53.82911106571555,
        239.20000000000005
      ],
      [
        -2.0144033432006836,
        53.82916387170553,
        239.60000000000002
      ],
      [
        -2.0144572388380766,
        53.82924375124276,
        240.20000000000005
      ],
      [
        -2.014469224959612,
        53.829255402088165,
        240.20000000000005
      ],
      [
        -2.0145388785749674,
        53.82933385670185,
        241
      ],
      [
        -2.0145568158477545,
        53.82937048561871,
        241.20000000000005
      ],
      [
        -2.0145938638597727,
        53.82941382005811,
        242
      ],
      [
        -2.014604089781642,
        53.82942848838866,
        242.39999999999998
      ],
      [
        -2.0146542973816395,
        53.829491436481476,
        243.20000000000005
      ],
      [
        -2.014662344008684,
        53.82950099185109,
        243.39999999999998
      ],
      [
        -2.0146817062050104,
        53.829549523070455,
        244.60000000000002
      ],
      [
        -2.0146948657929897,
        53.82958112284541,
        245.20000000000005
      ],
      [
        -2.0147014874964952,
        53.82959369570017,
        245.39999999999998
      ],
      [
        -2.0147078577429056,
        53.82960216142237,
        245.60000000000002
      ],
      [
        -2.0147216878831387,
        53.82963099516928,
        246.20000000000005
      ],
      [
        -2.0147325843572617,
        53.82964784279466,
        246.60000000000002
      ],
      [
        -2.014753455296159,
        53.8296854775399,
        247.60000000000002
      ],
      [
        -2.0147556345909834,
        53.82969620637596,
        247.79999999999995
      ],
      [
        -2.0147892460227013,
        53.829747000709176,
        249
      ],
      [
        -2.014797544106841,
        53.82975747808814,
        249.20000000000005
      ],
      [
        -2.0148106198757887,
        53.82978974841535,
        250
      ],
      [
        -2.0148110389709473,
        53.82981690578163,
        250.60000000000002
      ],
      [
        -2.0148136373609304,
        53.82983450777829,
        251.20000000000005
      ],
      [
        -2.014839956536889,
        53.82985403761268,
        251.60000000000002
      ],
      [
        -2.014866443350911,
        53.82988303899765,
        252.39999999999998
      ],
      [
        -2.0149030722677708,
        53.829912124201655,
        252.79999999999995
      ],
      [
        -2.014950178563595,
        53.8299442268908,
        253.60000000000002
      ],
      [
        -2.014978341758251,
        53.829956129193306,
        253.79999999999995
      ],
      [
        -2.0150484144687653,
        53.82996593602002,
        254.60000000000002
      ],
      [
        -2.015086468309164,
        53.829968785867095,
        255
      ],
      [
        -2.0151682756841183,
        53.82997406646609,
        255.60000000000002
      ],
      [
        -2.0152394380420446,
        53.829972138628364,
        256.20000000000005
      ],
      [
        -2.015290819108486,
        53.82996995933354,
        256.6
      ],
      [
        -2.015335075557232,
        53.82996358908713,
        257.20000000000005
      ],
      [
        -2.0154226664453745,
        53.82996518164873,
        257.6
      ],
      [
        -2.015482345595956,
        53.82996576838195,
        258
      ],
      [
        -2.0156385842710733,
        53.829984376206994,
        258.6
      ],
      [
        -2.0156579464673996,
        53.82998303510249,
        258.79999999999995
      ],
      [
        -2.015744363889098,
        53.83001438342035,
        259.79999999999995
      ],
      [
        -2.0157572720199823,
        53.830019077286124,
        260
      ],
      [
        -2.015825165435672,
        53.83006492629647,
        260.6
      ],
      [
        -2.015832709148526,
        53.83007498458028,
        260.79999999999995
      ],
      [
        -2.0159004349261522,
        53.830115888267756,
        261.4
      ],
      [
        -2.0159391593188047,
        53.83013910613954,
        261.79999999999995
      ],
      [
        -2.0159665681421757,
        53.830139860510826,
        262
      ],
      [
        -2.0160337910056114,
        53.83015729486942,
        262.4
      ],
      [
        -2.0160996727645397,
        53.830182608217,
        262.79999999999995
      ],
      [
        -2.016166727989912,
        53.83020750246942,
        263.4
      ],
      [
        -2.0162693224847317,
        53.83024362847209,
        263.79999999999995
      ],
      [
        -2.016338976100087,
        53.83026282303035,
        264
      ],
      [
        -2.0164045225828886,
        53.83028847165406,
        264.4
      ],
      [
        -2.016526395455003,
        53.83032292127609,
        264.79999999999995
      ],
      [
        -2.0165801234543324,
        53.83034228347242,
        265
      ],
      [
        -2.0166195183992386,
        53.83035401813686,
        265
      ],
      [
        -2.0167671237140894,
        53.83040891960263,
        265.6
      ],
      [
        -2.016821689903736,
        53.83043037727475,
        265.79999999999995
      ],
      [
        -2.016855049878359,
        53.83044311776757,
        266
      ],
      [
        -2.0168708078563213,
        53.83044781163335,
        266
      ],
      [
        -2.0168899185955524,
        53.830452589318156,
        266.20000000000005
      ],
      [
        -2.0169202610850334,
        53.830459378659725,
        266.4
      ],
      [
        -2.017015479505062,
        53.83049466647208,
        267
      ],
      [
        -2.0170303992927074,
        53.83049835450947,
        267.20000000000005
      ],
      [
        -2.017106171697378,
        53.8305298704654,
        267.6
      ],
      [
        -2.017176076769829,
        53.830559542402625,
        268.20000000000005
      ],
      [
        -2.01721228659153,
        53.8305745460093,
        268.4
      ],
      [
        -2.017294345423579,
        53.83060237392783,
        268.79999999999995
      ],
      [
        -2.0173282083123922,
        53.830613773316145,
        269
      ],
      [
        -2.017349749803543,
        53.830620646476746,
        269.20000000000005
      ],
      [
        -2.0174489077180624,
        53.830659287050366,
        269.79999999999995
      ],
      [
        -2.017483524978161,
        53.830671524629,
        270.20000000000005
      ],
      [
        -2.0176105946302414,
        53.830690970644355,
        271
      ],
      [
        -2.017651665955782,
        53.83068451657891,
        271.4
      ],
      [
        -2.017716709524393,
        53.83068585768342,
        272
      ],
      [
        -2.0177186373621225,
        53.830680744722486,
        272.4
      ],
      [
        -2.017719727009535,
        53.830680660903454,
        272.6
      ],
      [
        -2.0177236665040255,
        53.830707566812634,
        272.4
      ],
      [
        -2.0177296176552773,
        53.83071854710579,
        272.20000000000005
      ],
      [
        -2.0177711080759764,
        53.83074679411948,
        272
      ],
      [
        -2.017842521890998,
        53.83076758123934,
        271.79999999999995
      ],
      [
        -2.0178544241935015,
        53.83078216575086,
        271.79999999999995
      ],
      [
        -2.017915863543749,
        53.83080462925136,
        271.79999999999995
      ],
      [
        -2.018044525757432,
        53.830850729718804,
        271.6
      ],
      [
        -2.018193304538727,
        53.830907894298434,
        271.4
      ],
      [
        -2.0182269997894764,
        53.83092088624835,
        271.4
      ],
      [
        -2.0183585956692696,
        53.830964555963874,
        271
      ],
      [
        -2.0184458512812853,
        53.830999340862036,
        270.4
      ],
      [
        -2.0184598490595818,
        53.83100721985102,
        270
      ],
      [
        -2.0186243019998074,
        53.83110369555652,
        269.20000000000005
      ],
      [
        -2.018776433542371,
        53.83120176382363,
        268.6
      ],
      [
        -2.0188443269580603,
        53.831230849027634,
        268.20000000000005
      ],
      [
        -2.018917417153716,
        53.83126638829708,
        268
      ],
      [
        -2.0190504379570484,
        53.83132045157254,
        267.79999999999995
      ],
      [
        -2.019174490123987,
        53.831365294754505,
        267.79999999999995
      ],
      [
        -2.019346486777067,
        53.83140770718455,
        267.6
      ],
      [
        -2.019495265558362,
        53.83143947459757,
        267.4
      ],
      [
        -2.01964077539742,
        53.83147660642862,
        267.20000000000005
      ],
      [
        -2.0198379177600145,
        53.8315124809742,
        267.20000000000005
      ],
      [
        -2.019898686558008,
        53.831519689410925,
        267.20000000000005
      ],
      [
        -2.020003041252494,
        53.831533854827285,
        267
      ],
      [
        -2.020184425637126,
        53.831557827070355,
        266.4
      ],
      [
        -2.0203503873199224,
        53.83157157339156,
        266.20000000000005
      ],
      [
        -2.0203718449920416,
        53.83157500997186,
        266
      ],
      [
        -2.0204885210841894,
        53.83157207630575,
        265.4
      ],
      [
        -2.0205295085906982,
        53.831582218408585,
        265.20000000000005
      ],
      [
        -2.0205532293766737,
        53.83158406242728,
        265.20000000000005
      ],
      [
        -2.0207141619175673,
        53.83158599026501,
        264.6
      ],
      [
        -2.0207611843943596,
        53.83158984594047,
        264
      ],
      [
        -2.020870065316558,
        53.8315901812166,
        263.20000000000005
      ],
      [
        -2.0209181774407625,
        53.83159671910107,
        262.79999999999995
      ],
      [
        -2.021020771935582,
        53.83160686120391,
        262.20000000000005
      ],
      [
        -2.021080870181322,
        53.83163100108504,
        261.6
      ],
      [
        -2.021075254306197,
        53.831644831225276,
        261.6
      ],
      [
        -2.0210674591362476,
        53.83164751343429,
        261.4
      ],
      [
        -2.0210409723222256,
        53.83167643100023,
        260.79999999999995
      ],
      [
        -2.0210277289152145,
        53.83168556727469,
        260.6
      ],
      [
        -2.0210082828998566,
        53.83170861750841,
        260.20000000000005
      ],
      [
        -2.0209581591188908,
        53.83174725808203,
        259.4
      ],
      [
        -2.0208904333412647,
        53.83177843876183,
        258.4
      ],
      [
        -2.020874172449112,
        53.83178631775081,
        258.4
      ],
      [
        -2.020793203264475,
        53.83183644153178,
        257.6
      ],
      [
        -2.020756993442774,
        53.831854881718755,
        257.4
      ],
      [
        -2.0206657983362675,
        53.83191732689738,
        256.6
      ],
      [
        -2.0206461008638144,
        53.83193576708436,
        256.4
      ],
      [
        -2.0205835718661547,
        53.83199536241591,
        255.60000000000002
      ],
      [
        -2.020563706755638,
        53.832014640793204,
        255.20000000000005
      ],
      [
        -2.0204896945506334,
        53.832069374620914,
        254.20000000000005
      ],
      [
        -2.020449712872505,
        53.8321044947952,
        253
      ],
      [
        -2.0204275008291006,
        53.83213257417083,
        252.20000000000005
      ],
      [
        -2.0204198732972145,
        53.83213961496949,
        252
      ],
      [
        -2.0203909557312727,
        53.83217800408602,
        251
      ],
      [
        -2.020359942689538,
        53.83221278898418,
        250
      ],
      [
        -2.020353404805064,
        53.83221932686865,
        249.79999999999995
      ],
      [
        -2.0202979166060686,
        53.83225587196648,
        248.79999999999995
      ],
      [
        -2.020263634622097,
        53.8322807662189,
        247.79999999999995
      ],
      [
        -2.0202545821666718,
        53.83228654973209,
        247.60000000000002
      ],
      [
        -2.0202237367630005,
        53.8323241006583,
        246.60000000000002
      ],
      [
        -2.020202949643135,
        53.83234019391239,
        246
      ],
      [
        -2.0201839227229357,
        53.83234958164394,
        245.39999999999998
      ],
      [
        -2.0201503951102495,
        53.83237657137215,
        244.39999999999998
      ],
      [
        -2.020146958529949,
        53.832382187247276,
        244.20000000000005
      ],
      [
        -2.020118711516261,
        53.8324049860239,
        243.20000000000005
      ],
      [
        -2.0200906321406364,
        53.832417726516724,
        242.60000000000002
      ],
      [
        -2.0200729463249445,
        53.83242895826697,
        242.20000000000005
      ],
      [
        -2.0200475491583347,
        53.83246684446931,
        241.20000000000005
      ],
      [
        -2.0200467947870493,
        53.83247137069702,
        241
      ],
      [
        -2.0200461242347956,
        53.83250942453742,
        240
      ],
      [
        -2.020068923011422,
        53.832528702914715,
        239.39999999999998
      ],
      [
        -2.020097253844142,
        53.83253716863692,
        239
      ],
      [
        -2.0201230701059103,
        53.83255083113909,
        238.20000000000005
      ],
      [
        -2.0201364811509848,
        53.83257136680186,
        238.20000000000005
      ],
      [
        -2.020167578011751,
        53.8326021283865,
        237.79999999999995
      ],
      [
        -2.02015089802444,
        53.83259978145361,
        237.60000000000002
      ],
      [
        -2.0201456174254417,
        53.83260866627097,
        237.60000000000002
      ],
      [
        -2.020161459222436,
        53.832613695412874,
        237.60000000000002
      ],
      [
        -2.020219126716256,
        53.83264428935945,
        237.39999999999998
      ],
      [
        -2.020282493904233,
        53.83268921636045,
        236.60000000000002
      ],
      [
        -2.0203339587897062,
        53.83271813392639,
        236.20000000000005
      ],
      [
        -2.0204217173159122,
        53.83275903761387,
        235.39999999999998
      ],
      [
        -2.020435631275177,
        53.83276750333607,
        235.39999999999998
      ],
      [
        -2.0205933786928654,
        53.83283003233373,
        235.60000000000002
      ],
      [
        -2.0206967275589705,
        53.83289482444525,
        235.60000000000002
      ],
      [
        -2.0207761880010366,
        53.832961125299335,
        235.60000000000002
      ],
      [
        -2.0208604261279106,
        53.83302440866828,
        235.79999999999995
      ],
      [
        -2.02091951854527,
        53.83309632539749,
        236
      ],
      [
        -2.020954806357622,
        53.83315944112837,
        236
      ],
      [
        -2.02097081579268,
        53.833195231854916,
        236
      ],
      [
        -2.020976096391678,
        53.833209313452244,
        236
      ],
      [
        -2.0209793653339148,
        53.83324468508363,
        236
      ],
      [
        -2.0210014935582876,
        53.833353482186794,
        236
      ],
      [
        -2.0210060197860003,
        53.83342271670699,
        236.20000000000005
      ],
      [
        -2.0209998171776533,
        53.83344568312168,
        236.39999999999998
      ],
      [
        -2.0210009906440973,
        53.83348382078111,
        236.20000000000005
      ],
      [
        -2.0209883339703083,
        53.83355121128261,
        236.39999999999998
      ],
      [
        -2.020923625677824,
        53.833660930395126,
        236.60000000000002
      ],
      [
        -2.0208781119436026,
        53.83377299644053,
        235.79999999999995
      ],
      [
        -2.0208878349512815,
        53.83378372527659,
        235.60000000000002
      ],
      [
        -2.0209735818207264,
        53.83381390012801,
        235.60000000000002
      ],
      [
        -2.0211520325392485,
        53.83384675718844,
        235.79999999999995
      ],
      [
        -2.0213193353265524,
        53.833886571228504,
        235.79999999999995
      ],
      [
        -2.021359736099839,
        53.8338987249881,
        236
      ],
      [
        -2.0215272065252066,
        53.833946166560054,
        236
      ],
      [
        -2.0216992869973183,
        53.83399721235037,
        235.79999999999995
      ],
      [
        -2.021867511793971,
        53.83404993452132,
        235.79999999999995
      ],
      [
        -2.021968262270093,
        53.8341233599931,
        235.79999999999995
      ],
      [
        -2.02213522978127,
        53.83417499251664,
        236
      ],
      [
        -2.022229777649045,
        53.83421774022281,
        236
      ],
      [
        -2.0222281850874424,
        53.83420986123383,
        236
      ],
      [
        -2.022242099046707,
        53.83422243408859,
        236.39999999999998
      ],
      [
        -2.022242099046707,
        53.83422243408859,
        236.20000000000005
      ],
      [
        -2.0222446974366903,
        53.83422075770795,
        236
      ],
      [
        -2.022242099046707,
        53.83422243408859,
        236
      ],
      [
        -2.0222426019608974,
        53.83421916514635,
        236
      ],
      [
        -2.02223296277225,
        53.83421782404184,
        236
      ],
      [
        -2.0221971720457077,
        53.834218829870224,
        235.79999999999995
      ],
      [
        -2.022177306935191,
        53.83422369137406,
        235.39999999999998
      ],
      [
        -2.022133134305477,
        53.834230145439506,
        235.20000000000005
      ],
      [
        -2.022089883685112,
        53.8342753238976,
        235.39999999999998
      ],
      [
        -2.0220824237912893,
        53.8342840410769,
        235.39999999999998
      ],
      [
        -2.022056020796299,
        53.83430348709226,
        235.39999999999998
      ],
      [
        -2.022027438506484,
        53.83433626033366,
        235.60000000000002
      ],
      [
        -2.021994749084115,
        53.83434908464551,
        235.79999999999995
      ],
      [
        -2.0219136122614145,
        53.83440348319709,
        236.39999999999998
      ],
      [
        -2.021901709958911,
        53.83440909907222,
        236.60000000000002
      ],
      [
        -2.021823339164257,
        53.83445620536804,
        237.39999999999998
      ],
      [
        -2.0218053180724382,
        53.834463246166706,
        237.60000000000002
      ],
      [
        -2.0217699464410543,
        53.83448403328657,
        238
      ],
      [
        -2.0217611454427242,
        53.834499875083566,
        238.39999999999998
      ],
      [
        -2.0217604748904705,
        53.83451135829091,
        238.79999999999995
      ],
      [
        -2.0217648334801197,
        53.83453331887722,
        239.39999999999998
      ],
      [
        -2.02177120372653,
        53.83456399664283,
        239.79999999999995
      ],
      [
        -2.021756200119853,
        53.834569696336985,
        240.20000000000005
      ],
      [
        -2.0217297971248627,
        53.83458939380944,
        241
      ],
      [
        -2.0217198226600885,
        53.83459576405585,
        241.20000000000005
      ],
      [
        -2.021721750497818,
        53.83461453951895,
        242
      ],
      [
        -2.0217116083949804,
        53.83462359197438,
        242.39999999999998
      ],
      [
        -2.0216936711221933,
        53.83463851176202,
        243.20000000000005
      ],
      [
        -2.0216753147542477,
        53.834658628329635,
        243.79999999999995
      ],
      [
        -2.0216650888323784,
        53.8346775714308,
        244.39999999999998
      ],
      [
        -2.0216418709605932,
        53.83469056338072,
        244.60000000000002
      ],
      [
        -2.021636925637722,
        53.83469031192362,
        245
      ],
      [
        -2.0216338243335485,
        53.834698274731636,
        245.20000000000005
      ],
      [
        -2.0216258615255356,
        53.834700705483556,
        245.39999999999998
      ],
      [
        -2.021602811291814,
        53.83471109904349,
        246
      ],
      [
        -2.02156500890851,
        53.83472735993564,
        246.60000000000002
      ],
      [
        -2.0215566270053387,
        53.83473423309624,
        246.79999999999995
      ],
      [
        -2.0214942656457424,
        53.83476633578539,
        247.60000000000002
      ],
      [
        -2.021485548466444,
        53.8347692694515,
        247.79999999999995
      ],
      [
        -2.021444644778967,
        53.83478888310492,
        248.39999999999998
      ],
      [
        -2.0214117038995028,
        53.83481126278639,
        249
      ],
      [
        -2.021402232348919,
        53.83482056669891,
        249
      ],
      [
        -2.0213500130921602,
        53.83485786616802,
        249.79999999999995
      ],
      [
        -2.0213402062654495,
        53.834863901138306,
        250.20000000000005
      ],
      [
        -2.0213025715202093,
        53.83490069769323,
        250.79999999999995
      ],
      [
        -2.0212804432958364,
        53.83492508903146,
        251.20000000000005
      ],
      [
        -2.0212651044130325,
        53.83493774570525,
        251.60000000000002
      ],
      [
        -2.0212226919829845,
        53.83497789502144,
        252.39999999999998
      ],
      [
        -2.0211593247950077,
        53.83500128053129,
        253.20000000000005
      ],
      [
        -2.0211531221866608,
        53.83500329218805,
        253.39999999999998
      ],
      [
        -2.021111883223057,
        53.83503816090524,
        254
      ],
      [
        -2.0210851449519396,
        53.83506112731993,
        254.60000000000002
      ],
      [
        -2.021058239042759,
        53.83508744649589,
        255.20000000000005
      ],
      [
        -2.0210454147309065,
        53.83510488085449,
        255.60000000000002
      ],
      [
        -2.0210351049900055,
        53.83513103239238,
        256
      ],
      [
        -2.0210315007716417,
        53.83515332825482,
        256.6
      ],
      [
        -2.0210107136517763,
        53.835165901109576,
        256.79999999999995
      ],
      [
        -2.020983723923564,
        53.83519205264747,
        257
      ],
      [
        -2.0209476817399263,
        53.8352320343256,
        257.79999999999995
      ],
      [
        -2.0209338515996933,
        53.83524167351425,
        258
      ],
      [
        -2.020905436947942,
        53.835264975205064,
        258.6
      ],
      [
        -2.0208790339529514,
        53.83527989499271,
        258.79999999999995
      ],
      [
        -2.0208507869392633,
        53.8352888636291,
        259.6
      ],
      [
        -2.0208428241312504,
        53.83529665879905,
        259.79999999999995
      ],
      [
        -2.0208419859409332,
        53.835297245532274,
        260
      ],
      [
        -2.020853217691183,
        53.83529908955097,
        260.4
      ],
      [
        -2.0208564028143883,
        53.83530043065548,
        260.4
      ],
      [
        -2.020855564624071,
        53.83530001156032,
        260.6
      ],
      [
        -2.020804015919566,
        53.83531459607184,
        260.6
      ],
      [
        -2.0207414031028748,
        53.83536295965314,
        260.4
      ],
      [
        -2.020729584619403,
        53.83536463603377,
        260.6
      ],
      [
        -2.0207126531749964,
        53.83536413311958,
        260.6
      ],
      [
        -2.02069035731256,
        53.835372515022755,
        261
      ],
      [
        -2.0206669718027115,
        53.83538207039237,
        261.4
      ],
      [
        -2.0206227153539658,
        53.83539229631424,
        262.20000000000005
      ],
      [
        -2.020601173862815,
        53.83539724163711,
        262.79999999999995
      ],
      [
        -2.0205556601285934,
        53.83540780283511,
        263.20000000000005
      ],
      [
        -2.0205179415643215,
        53.83541819639504,
        263.6
      ],
      [
        -2.0204646326601505,
        53.83543965406716,
        264.20000000000005
      ],
      [
        -2.0204021874815226,
        53.83546035736799,
        265.4
      ],
      [
        -2.0203830767422915,
        53.835464883595705,
        265.79999999999995
      ],
      [
        -2.020342592149973,
        53.83548483252525,
        266.6
      ],
      [
        -2.0203295163810253,
        53.83549187332392,
        266.79999999999995
      ],
      [
        -2.020250726491213,
        53.83550436235964,
        267.79999999999995
      ],
      [
        -2.0202399976551533,
        53.83551056496799,
        268
      ],
      [
        -2.0201850961893797,
        53.835534704849124,
        269
      ],
      [
        -2.020177384838462,
        53.835537135601044,
        269.20000000000005
      ],
      [
        -2.0201208908110857,
        53.83555063046515,
        270.20000000000005
      ],
      [
        -2.0200974214822054,
        53.83555976673961,
        270.4
      ],
      [
        -2.0200782269239426,
        53.83557158522308,
        271.20000000000005
      ],
      [
        -2.0200503151863813,
        53.83557661436498,
        271.79999999999995
      ],
      [
        -2.0200211461633444,
        53.835586588829756,
        272.20000000000005
      ],
      [
        -2.0199996884912252,
        53.83559253998101,
        273
      ],
      [
        -2.0199684239923954,
        53.835601760074496,
        273.4
      ],
      [
        -2.0199147798120975,
        53.835620786994696,
        274.20000000000005
      ],
      [
        -2.0199010334908962,
        53.835626067593694,
        274.4
      ],
      [
        -2.019871026277542,
        53.83563813753426,
        275
      ],
      [
        -2.0198606327176094,
        53.83564794436097,
        275.4
      ],
      [
        -2.0198617223650217,
        53.83566789329052,
        275.79999999999995
      ],
      [
        -2.0198736246675253,
        53.8357397262007,
        276.20000000000005
      ],
      [
        -2.0198815874755383,
        53.83576696738601,
        276.4
      ],
      [
        -2.019891981035471,
        53.83577987551689,
        277
      ],
      [
        -2.01988460496068,
        53.83579923771322,
        277.6
      ],
      [
        -2.0198988541960716,
        53.835799656808376,
        278
      ],
      [
        -2.019891981035471,
        53.835795633494854,
        278.20000000000005
      ],
      [
        -2.0199457928538322,
        53.83580292575061,
        278.20000000000005
      ],
      [
        -2.0199839305132627,
        53.83582605980337,
        278.6
      ],
      [
        -2.019985942170024,
        53.83582974784076,
        278.6
      ],
      [
        -2.020004466176033,
        53.835854809731245,
        279.4
      ],
      [
        -2.0200033765286207,
        53.83587014861405,
        279.6
      ],
      [
        -2.0200148597359657,
        53.83589068427682,
        280.79999999999995
      ],
      [
        -2.0200142730027437,
        53.83589521050453,
        280.79999999999995
      ],
      [
        -2.0199981797486544,
        53.835956901311874,
        281.79999999999995
      ],
      [
        -2.0199925638735294,
        53.83596662431955,
        281.79999999999995
      ],
      [
        -2.0199324656277895,
        53.83601733483374,
        282.20000000000005
      ],
      [
        -2.0198556035757065,
        53.836030159145594,
        283
      ],
      [
        -2.0198329724371433,
        53.83603250607848,
        283
      ],
      [
        -2.019733479246497,
        53.836037032306194,
        284
      ],
      [
        -2.0196591317653656,
        53.83603577502072,
        285
      ],
      [
        -2.019629795104265,
        53.836036026477814,
        285.4
      ],
      [
        -2.0195897296071053,
        53.836035104468465,
        286
      ],
      [
        -2.0195754803717136,
        53.83603435009718,
        286.4
      ],
      [
        -2.0195086766034365,
        53.83602932095528,
        287.4
      ],
      [
        -2.0194220077246428,
        53.8360159099102,
        288.4
      ],
      [
        -2.019408345222473,
        53.8360161613673,
        288.6
      ],
      [
        -2.0193408709019423,
        53.8360161613673,
        289.79999999999995
      ],
      [
        -2.0193136297166348,
        53.83601389825344,
        290.20000000000005
      ],
      [
        -2.0192730613052845,
        53.83601540699601,
        290.79999999999995
      ],
      [
        -2.019218746572733,
        53.836018005385995,
        291.4
      ],
      [
        -2.0191879849880934,
        53.836026806384325,
        291.79999999999995
      ],
      [
        -2.019130904227495,
        53.83604122325778,
        292.79999999999995
      ],
      [
        -2.01911942102015,
        53.83604432456195,
        293
      ],
      [
        -2.019065273925662,
        53.83607701398432,
        294
      ],
      [
        -2.019032249227166,
        53.836104925721884,
        295
      ],
      [
        -2.018992016091943,
        53.83613660931587,
        296
      ],
      [
        -2.0189717318862677,
        53.83614683523774,
        296.20000000000005
      ],
      [
        -2.0188998989760876,
        53.83617181330919,
        297.20000000000005
      ],
      [
        -2.018845835700631,
        53.83618648163974,
        297.6
      ],
      [
        -2.0188110508024693,
        53.836193857714534,
        298.20000000000005
      ],
      [
        -2.0187938679009676,
        53.83619469590485,
        298.4
      ],
      [
        -2.018721029162407,
        53.836206095293164,
        299.4
      ],
      [
        -2.0186569914221764,
        53.83622931316495,
        300.4
      ],
      [
        -2.0186393056064844,
        53.8362334202975,
        300.6
      ],
      [
        -2.018639473244548,
        53.83623668923974,
        301.20000000000005
      ],
      [
        -2.0186504535377026,
        53.83623266592622,
        301.20000000000005
      ],
      [
        -2.0186536386609077,
        53.836234509944916,
        301.20000000000005
      ],
      [
        -2.0186668820679188,
        53.83624314330518,
        301.20000000000005
      ],
      [
        -2.0187154971063137,
        53.83625730872154,
        301.4
      ],
      [
        -2.018742486834526,
        53.836260410025716,
        301.79999999999995
      ],
      [
        -2.0188528764992952,
        53.83629192598164,
        302.79999999999995
      ],
      [
        -2.0188646111637354,
        53.83629477582872,
        302.79999999999995
      ],
      [
        -2.0189521182328463,
        53.83631623350084,
        303.20000000000005
      ],
      [
        -2.019024034962058,
        53.83634699508548,
        303.4
      ],
      [
        -2.019099975004792,
        53.83637314662337,
        303.4
      ],
      [
        -2.019128054380417,
        53.83638094179332,
        303.20000000000005
      ],
      [
        -2.0192412938922644,
        53.83642268367112,
        302.79999999999995
      ],
      [
        -2.0192647632211447,
        53.83643961511552,
        302.79999999999995
      ],
      [
        -2.019299464300275,
        53.83646543137729,
        302.6
      ],
      [
        -2.0193399488925934,
        53.83650549687445,
        302.6
      ],
      [
        -2.019355623051524,
        53.836524272337556,
        302.79999999999995
      ],
      [
        -2.019354533404112,
        53.83654254488647,
        303.20000000000005
      ],
      [
        -2.019386552274227,
        53.83655327372253,
        303.20000000000005
      ],
      [
        -2.019398370757699,
        53.836562829092145,
        303.20000000000005
      ],
      [
        -2.019424354657531,
        53.83661052212119,
        303
      ],
      [
        -2.0194409508258104,
        53.836645893752575,
        302.6
      ],
      [
        -2.019431898370385,
        53.83664597757161,
        302.6
      ],
      [
        -2.0194409508258104,
        53.836645893752575,
        302
      ],
      [
        -2.0194409508258104,
        53.836645893752575,
        301.79999999999995
      ],
      [
        -2.0194409508258104,
        53.836645893752575,
        301.79999999999995
      ],
      [
        -2.0194409508258104,
        53.836645893752575,
        302
      ],
      [
        -2.0194409508258104,
        53.836645893752575,
        302
      ],
      [
        -2.0194409508258104,
        53.836645893752575,
        301.79999999999995
      ],
      [
        -2.0194409508258104,
        53.836645893752575,
        301.79999999999995
      ],
      [
        -2.0194409508258104,
        53.836645893752575,
        301.6
      ],
      [
        -2.0194409508258104,
        53.836645893752575,
        301.6
      ],
      [
        -2.0194409508258104,
        53.836645893752575,
        301.6
      ],
      [
        -2.0194409508258104,
        53.836645893752575,
        301.6
      ],
      [
        -2.0194409508258104,
        53.836645893752575,
        301.6
      ],
      [
        -2.0194409508258104,
        53.836645893752575,
        301.6
      ],
      [
        -2.0194409508258104,
        53.836645893752575,
        301.6
      ],
      [
        -2.0194409508258104,
        53.836645893752575,
        301.6
      ],
      [
        -2.0194409508258104,
        53.836645893752575,
        301.4
      ],
      [
        -2.0194409508258104,
        53.836645893752575,
        301.6
      ],
      [
        -2.0194409508258104,
        53.836645893752575,
        301.4
      ],
      [
        -2.0194409508258104,
        53.836645893752575,
        301.4
      ],
      [
        -2.0194409508258104,
        53.836645893752575,
        301.4
      ],
      [
        -2.0194409508258104,
        53.836645893752575,
        301.4
      ],
      [
        -2.0194409508258104,
        53.836645893752575,
        301.4
      ],
      [
        -2.0194223430007696,
        53.83665410801768,
        301.20000000000005
      ],
      [
        -2.0194223430007696,
        53.83665410801768,
        301.20000000000005
      ],
      [
        -2.0194223430007696,
        53.83665410801768,
        301.20000000000005
      ],
      [
        -2.0194223430007696,
        53.83665410801768,
        301.20000000000005
      ],
      [
        -2.0194223430007696,
        53.83665410801768,
        301.20000000000005
      ],
      [
        -2.0194223430007696,
        53.83665410801768,
        301.20000000000005
      ],
      [
        -2.0194223430007696,
        53.83665410801768,
        301.20000000000005
      ],
      [
        -2.0194223430007696,
        53.83665410801768,
        301.20000000000005
      ],
      [
        -2.0194223430007696,
        53.83665410801768,
        301.20000000000005
      ],
      [
        -2.0194223430007696,
        53.83665410801768,
        301.20000000000005
      ],
      [
        -2.0194223430007696,
        53.83665410801768,
        301.20000000000005
      ],
      [
        -2.0194223430007696,
        53.83665410801768,
        301.20000000000005
      ],
      [
        -2.0194223430007696,
        53.83665410801768,
        301.20000000000005
      ],
      [
        -2.0194223430007696,
        53.83665410801768,
        301.20000000000005
      ],
      [
        -2.0194223430007696,
        53.83665410801768,
        301.20000000000005
      ],
      [
        -2.0194223430007696,
        53.83665410801768,
        301.20000000000005
      ],
      [
        -2.0194223430007696,
        53.83665410801768,
        301.20000000000005
      ],
      [
        -2.0194223430007696,
        53.83665410801768,
        301.20000000000005
      ],
      [
        -2.0194223430007696,
        53.83665410801768,
        301.20000000000005
      ],
      [
        -2.0194223430007696,
        53.83665410801768,
        301.20000000000005
      ],
      [
        -2.0194223430007696,
        53.83665410801768,
        301.20000000000005
      ],
      [
        -2.0194223430007696,
        53.83665410801768,
        301.20000000000005
      ],
      [
        -2.0194223430007696,
        53.83665410801768,
        301.20000000000005
      ],
      [
        -2.0194223430007696,
        53.83665410801768,
        301
      ],
      [
        -2.0194223430007696,
        53.83665410801768,
        301
      ],
      [
        -2.0194223430007696,
        53.83665410801768,
        301
      ],
      [
        -2.0194223430007696,
        53.83665410801768,
        301
      ],
      [
        -2.0194223430007696,
        53.83665410801768,
        301
      ],
      [
        -2.0194223430007696,
        53.83665410801768,
        301
      ],
      [
        -2.0194223430007696,
        53.83665410801768,
        301
      ],
      [
        -2.0194223430007696,
        53.83665410801768,
        301
      ],
      [
        -2.0194223430007696,
        53.83665410801768,
        301
      ],
      [
        -2.0194223430007696,
        53.83665410801768,
        301
      ],
      [
        -2.0194223430007696,
        53.83665410801768,
        301
      ],
      [
        -2.019412200897932,
        53.836650336161256,
        301
      ],
      [
        -2.0194223430007696,
        53.83665410801768,
        301
      ],
      [
        -2.019414631649852,
        53.83664706721902,
        301.4
      ],
      [
        -2.0194149669259787,
        53.83664765395224,
        301.20000000000005
      ],
      [
        -2.0194256119430065,
        53.836651341989636,
        301.20000000000005
      ],
      [
        -2.0194356702268124,
        53.83666123263538,
        301.6
      ],
      [
        -2.019443968310952,
        53.8367482367903,
        302
      ],
      [
        -2.0194639172405005,
        53.83683566004038,
        302
      ],
      [
        -2.0195054914802313,
        53.836899027228355,
        302
      ],
      [
        -2.019524434581399,
        53.83698728866875,
        301.79999999999995
      ],
      [
        -2.019559135660529,
        53.837063144892454,
        302
      ],
      [
        -2.019597524777055,
        53.83713900111616,
        301.6
      ],
      [
        -2.0196473132818937,
        53.83720354177058,
        300.6
      ],
      [
        -2.019689893350005,
        53.837240589782596,
        300
      ],
      [
        -2.019695844501257,
        53.837270429357886,
        299.6
      ],
      [
        -2.0197103451937437,
        53.837304040789604,
        299.20000000000005
      ],
      [
        -2.0197430346161127,
        53.83737034164369,
        299.20000000000005
      ],
      [
        -2.0197793282568455,
        53.83744058199227,
        299.79999999999995
      ],
      [
        -2.019799780100584,
        53.83752616122365,
        300.6
      ],
      [
        -2.019817801192403,
        53.83755935356021,
        300.6
      ],
      [
        -2.0198367442935705,
        53.837617272511125,
        301
      ],
      [
        -2.0198497362434864,
        53.83764652535319,
        301.4
      ],
      [
        -2.019853089004755,
        53.83766789920628,
        301.6
      ],
      [
        -2.0198547653853893,
        53.83767846040428,
        301.6
      ],
      [
        -2.019857866689563,
        53.837689189240336,
        301.79999999999995
      ],
      [
        -2.019859040156007,
        53.83769656531513,
        301.79999999999995
      ],
      [
        -2.0198891311883926,
        53.83778088726103,
        302
      ],
      [
        -2.0199289452284575,
        53.83785808458924,
        302.4
      ],
      [
        -2.019942356273532,
        53.83789588697255,
        302.79999999999995
      ],
      [
        -2.019949061796069,
        53.83792111650109,
        302.79999999999995
      ],
      [
        -2.0199649035930634,
        53.837968641892076,
        303
      ],
      [
        -2.0199701841920614,
        53.83798163384199,
        303
      ],
      [
        -2.0199747942388058,
        53.83799999020994,
        303
      ],
      [
        -2.019979152828455,
        53.83801667019725,
        303
      ],
      [
        -2.0200125966221094,
        53.83807827718556,
        303.20000000000005
      ],
      [
        -2.02004830352962,
        53.83815119974315,
        303
      ],
      [
        -2.0200566854327917,
        53.83818791247904,
        303
      ],
      [
        -2.020078646019101,
        53.838194785639644,
        303.20000000000005
      ],
      [
        -2.0201207231730223,
        53.83821657858789,
        302.79999999999995
      ],
      [
        -2.020164392888546,
        53.83830710314214,
        302
      ],
      [
        -2.020220635458827,
        53.838397208601236,
        301.79999999999995
      ],
      [
        -2.0202513970434666,
        53.838456803932786,
        302
      ],
      [
        -2.0203575119376183,
        53.83850055746734,
        302
      ],
      [
        -2.0204489585012197,
        53.83851698599756,
        302.4
      ],
      [
        -2.0204769540578127,
        53.838514890521765,
        302.6
      ],
      [
        -2.0205968990921974,
        53.83849896490574,
        303.20000000000005
      ],
      [
        -2.0206873398274183,
        53.83848077617586,
        303.79999999999995
      ],
      [
        -2.0207774452865124,
        53.838463090360165,
        304.6
      ],
      [
        -2.0208165049552917,
        53.83845462463796,
        304.79999999999995
      ],
      [
        -2.020944496616721,
        53.8384216837585,
        306
      ],
      [
        -2.020959500223398,
        53.83841740898788,
        306
      ],
      [
        -2.0210628490895033,
        53.83838647976518,
        306.6
      ],
      [
        -2.0211319159716368,
        53.838368793949485,
        307
      ],
      [
        -2.0212106220424175,
        53.83834943175316,
        307.20000000000005
      ],
      [
        -2.021331572905183,
        53.8383143953979,
        307.6
      ],
      [
        -2.021397538483143,
        53.83829100988805,
        307.6
      ],
      [
        -2.0214921701699495,
        53.838262259960175,
        307.4
      ],
      [
        -2.0216824393719435,
        53.838191935792565,
        307
      ],
      [
        -2.0218564476817846,
        53.83813552558422,
        306.6
      ],
      [
        -2.0219949167221785,
        53.83809948340058,
        306.4
      ],
      [
        -2.022144952788949,
        53.83806260302663,
        306.20000000000005
      ],
      [
        -2.022277135401964,
        53.838013149797916,
        306.4
      ],
      [
        -2.022347543388605,
        53.83798096328974,
        306.20000000000005
      ],
      [
        -2.022408898919821,
        53.83792547509074,
        306.20000000000005
      ],
      [
        -2.022434799000621,
        53.837899742648005,
        306.4
      ],
      [
        -2.0225639641284943,
        53.837841572239995,
        306.20000000000005
      ],
      [
        -2.0226984936743975,
        53.83777426555753,
        306.20000000000005
      ],
      [
        -2.022874765098095,
        53.837699415162206,
        306.4
      ],
      [
        -2.022994877770543,
        53.8376391492784,
        306.4
      ],
      [
        -2.0231465063989162,
        53.83756563998759,
        306.6
      ],
      [
        -2.023356892168522,
        53.837487353011966,
        306.6
      ],
      [
        -2.023554788902402,
        53.83743337355554,
        306.79999999999995
      ],
      [
        -2.0237068366259336,
        53.837397415190935,
        307
      ],
      [
        -2.0239183958619833,
        53.83735919371247,
        307.4
      ],
      [
        -2.0240789093077183,
        53.83733010850847,
        307.6
      ],
      [
        -2.024247720837593,
        53.83733119815588,
        308
      ],
      [
        -2.024303711950779,
        53.837340250611305,
        308.20000000000005
      ],
      [
        -2.024296084418893,
        53.83735030889511,
        308.20000000000005
      ],
      [
        -2.0242602936923504,
        53.837376460433006,
        308.6
      ],
      [
        -2.024208828806877,
        53.837398337200284,
        309
      ],
      [
        -2.024164069443941,
        53.837418872863054,
        309.6
      ],
      [
        -2.024105479940772,
        53.83744309656322,
        310.20000000000005
      ],
      [
        -2.024049488827586,
        53.837475534528494,
        310.79999999999995
      ],
      [
        -2.0240205712616444,
        53.837484922260046,
        311.20000000000005
      ],
      [
        -2.0239763986319304,
        53.83750403299928,
        311.6
      ],
      [
        -2.023912528529763,
        53.83753119036555,
        312.4
      ],
      [
        -2.0238511729985476,
        53.83756279014051,
        313
      ],
      [
        -2.023814460262656,
        53.83758466690779,
        313.4
      ],
      [
        -2.0237487461417913,
        53.83762624114752,
        314
      ],
      [
        -2.023728881031275,
        53.837654907256365,
        314.4
      ],
      [
        -2.0237181521952152,
        53.83765566162765,
        314.6
      ],
      [
        -2.0237069204449654,
        53.83766395971179,
        314.79999999999995
      ],
      [
        -2.0236712135374546,
        53.83768902160227,
        315.4
      ],
      [
        -2.0236526895314455,
        53.837703773751855,
        315.6
      ],
      [
        -2.0236261188983917,
        53.837718944996595,
        316
      ],
      [
        -2.023565601557493,
        53.8377496227622,
        316.6
      ],
      [
        -2.023559231311083,
        53.83775247260928,
        316.79999999999995
      ],
      [
        -2.0234910864382982,
        53.837791699916124,
        317.4
      ],
      [
        -2.0234542060643435,
        53.83783687837422,
        317.79999999999995
      ],
      [
        -2.023442219942808,
        53.83785649202764,
        318
      ],
      [
        -2.0234303176403046,
        53.83793712593615,
        318.79999999999995
      ],
      [
        -2.0234280545264482,
        53.83794584311545,
        318.79999999999995
      ],
      [
        -2.023435765877366,
        53.837963780388236,
        319.20000000000005
      ],
      [
        -2.0234557148069143,
        53.8379880040884,
        319.6
      ],
      [
        -2.023473484441638,
        53.838005270808935,
        319.79999999999995
      ],
      [
        -2.0235101971775293,
        53.838034607470036,
        320.4
      ],
      [
        -2.023534420877695,
        53.83804818615317,
        321
      ],
      [
        -2.0235744025558233,
        53.8380760140717,
        321.6
      ],
      [
        -2.0235958602279425,
        53.83809210732579,
        322
      ],
      [
        -2.0236562937498093,
        53.838141560554504,
        323.20000000000005
      ],
      [
        -2.023710524663329,
        53.838179279118776,
        324.20000000000005
      ],
      [
        -2.023724103346467,
        53.83818715810776,
        324.6
      ],
      [
        -2.0237755682319403,
        53.838234934955835,
        325.4
      ],
      [
        -2.023787135258317,
        53.83824532851577,
        325.6
      ],
      [
        -2.023804234340787,
        53.83830006234348,
        326.4
      ],
      [
        -2.0238066650927067,
        53.83830978535116,
        326.6
      ],
      [
        -2.0237521827220917,
        53.838367285206914,
        327.6
      ],
      [
        -2.0236438885331154,
        53.83838673122227,
        328.6
      ],
      [
        -2.023540958762169,
        53.838396621868014,
        329.6
      ],
      [
        -2.0234544575214386,
        53.838411290198565,
        330.4
      ],
      [
        -2.023431658744812,
        53.838421097025275,
        330.6
      ],
      [
        -2.023418666794896,
        53.83842763490975,
        330.6
      ],
      [
        -2.023403663188219,
        53.83845169097185,
        331.20000000000005
      ],
      [
        -2.023403747007251,
        53.838458731770515,
        331.20000000000005
      ],
      [
        -2.023413637652993,
        53.83847541175783,
        331.4
      ],
      [
        -2.0234265457838774,
        53.83848681114614,
        331.79999999999995
      ],
      [
        -2.0234361849725246,
        53.83848136290908,
        332.20000000000005
      ],
      [
        -2.023436604067683,
        53.83847951889038,
        332.20000000000005
      ],
      [
        -2.023436604067683,
        53.83847951889038,
        332.20000000000005
      ],
      [
        -2.023436604067683,
        53.83847951889038,
        332.20000000000005
      ],
      [
        -2.0234285574406385,
        53.83848370984197,
        332.20000000000005
      ],
      [
        -2.0234288927167654,
        53.83848731406033,
        332
      ],
      [
        -2.0234701316803694,
        53.83853366598487,
        332.20000000000005
      ],
      [
        -2.023560991510749,
        53.838573060929775,
        332.79999999999995
      ],
      [
        -2.0235778391361237,
        53.838576916605234,
        333
      ],
      [
        -2.023593597114086,
        53.83858454413712,
        333
      ],
      [
        -2.023661658167839,
        53.83861765265465,
        333.4
      ],
      [
        -2.023724941536784,
        53.838646318763494,
        333.79999999999995
      ],
      [
        -2.0237987861037254,
        53.8386701233685,
        334.4
      ],
      [
        -2.023901967331767,
        53.83869552053511,
        334.79999999999995
      ],
      [
        -2.023939434438944,
        53.83870507590473,
        335
      ],
      [
        -2.0240446273237467,
        53.83877112530172,
        335.79999999999995
      ],
      [
        -2.0240611396729946,
        53.838778249919415,
        336
      ],
      [
        -2.024136409163475,
        53.83882041089237,
        336.4
      ],
      [
        -2.02418502420187,
        53.8388585485518,
        337
      ],
      [
        -2.0242204796522856,
        53.8388966023922,
        337.6
      ],
      [
        -2.0242503192275763,
        53.83893356658518,
        338.20000000000005
      ],
      [
        -2.0242716930806637,
        53.8389637414366,
        338.4
      ],
      [
        -2.0243586972355843,
        53.839045045897365,
        339
      ],
      [
        -2.02438828535378,
        53.83907061070204,
        339.20000000000005
      ],
      [
        -2.024439750239253,
        53.83911947719753,
        339.79999999999995
      ],
      [
        -2.024470344185829,
        53.83916029706597,
        340.4
      ],
      [
        -2.024514265358448,
        53.83919206447899,
        340.79999999999995
      ],
      [
        -2.0245809014886618,
        53.83924872614443,
        341.6
      ],
      [
        -2.0246026944369078,
        53.83927244693041,
        341.79999999999995
      ],
      [
        -2.0246737729758024,
        53.83933606557548,
        342.6
      ],
      [
        -2.024707216769457,
        53.83936825208366,
        342.79999999999995
      ],
      [
        -2.0247918739914894,
        53.839435977861285,
        343.6
      ],
      [
        -2.02488767914474,
        53.8394973333925,
        344.20000000000005
      ],
      [
        -2.0249226316809654,
        53.83952558040619,
        344.6
      ],
      [
        -2.024966049939394,
        53.83957645855844,
        345
      ],
      [
        -2.0250313449651003,
        53.839627001434565,
        345.6
      ],
      [
        -2.0250422414392233,
        53.8396373949945,
        345.79999999999995
      ],
      [
        -2.025145757943392,
        53.83970436640084,
        346.4
      ],
      [
        -2.0251735020428896,
        53.83972590789199,
        346.79999999999995
      ],
      [
        -2.02521457336843,
        53.83976412937045,
        347
      ],
      [
        -2.025292357429862,
        53.83983654901385,
        347.79999999999995
      ],
      [
        -2.025379864498973,
        53.83992011658847,
        348.4
      ],
      [
        -2.0254304073750973,
        53.83996185846627,
        349
      ],
      [
        -2.025496792048216,
        53.84001164697111,
        349.20000000000005
      ],
      [
        -2.0255663618445396,
        53.84008037857711,
        349.79999999999995
      ],
      [
        -2.0255841314792633,
        53.84010124951601,
        350
      ],
      [
        -2.0256430562585592,
        53.84016134776175,
        350.4
      ],
      [
        -2.025688737630844,
        53.84019713848829,
        350.79999999999995
      ],
      [
        -2.025688737630844,
        53.84019713848829,
        351
      ],
      [
        -2.025688737630844,
        53.84019713848829,
        351.20000000000005
      ],
      [
        -2.0256938505917788,
        53.840202083811164,
        351.20000000000005
      ],
      [
        -2.025694102048874,
        53.8402019161731,
        351.20000000000005
      ],
      [
        -2.025694353505969,
        53.840201580896974,
        351
      ],
      [
        -2.0256942696869373,
        53.84020124562085,
        351
      ],
      [
        -2.025735592469573,
        53.84023762308061,
        351
      ],
      [
        -2.025806587189436,
        53.840302247554064,
        351.4
      ],
      [
        -2.0258162263780832,
        53.84030886925757,
        351.6
      ],
      [
        -2.0258707087486982,
        53.84034784510732,
        352.20000000000005
      ],
      [
        -2.025909014046192,
        53.840385396033525,
        352.4
      ],
      [
        -2.025977661833167,
        53.84044624865055,
        352.79999999999995
      ],
      [
        -2.0260079205036163,
        53.840476255863905,
        353.20000000000005
      ],
      [
        -2.0260726287961006,
        53.840531995519996,
        353.79999999999995
      ],
      [
        -2.026106743142009,
        53.840581364929676,
        354.20000000000005
      ],
      [
        -2.0261451322585344,
        53.84060877375305,
        354.4
      ],
      [
        -2.0262072421610355,
        53.84068563580513,
        355
      ],
      [
        -2.0262299571186304,
        53.84069628082216,
        355.20000000000005
      ],
      [
        -2.0262375846505165,
        53.84070139378309,
        355.20000000000005
      ],
      [
        -2.0262605510652065,
        53.840724444016814,
        355.4
      ],
      [
        -2.0263288635760546,
        53.840785128995776,
        356
      ],
      [
        -2.0263427775353193,
        53.840795857831836,
        356.20000000000005
      ],
      [
        -2.026354596018791,
        53.8408079277724,
        356.20000000000005
      ],
      [
        -2.0263980142772198,
        53.84083718061447,
        356.6
      ],
      [
        -2.026456519961357,
        53.84088889695704,
        357.20000000000005
      ],
      [
        -2.026477726176381,
        53.84091052226722,
        357.4
      ],
      [
        -2.026531957089901,
        53.84096374735236,
        357.6
      ],
      [
        -2.026564059779048,
        53.84099258109927,
        357.79999999999995
      ],
      [
        -2.0266141835600138,
        53.84103926829994,
        358.20000000000005
      ],
      [
        -2.026635641232133,
        53.84105955250561,
        358.4
      ],
      [
        -2.026681574061513,
        53.84110741317272,
        358.79999999999995
      ],
      [
        -2.0267692487686872,
        53.84117430076003,
        359.6
      ],
      [
        -2.0267812348902225,
        53.84118368849158,
        359.6
      ],
      [
        -2.026861533522606,
        53.841251665726304,
        360.20000000000005
      ],
      [
        -2.0268943905830383,
        53.8412759732455,
        360.6
      ],
      [
        -2.0269357971847057,
        53.841312853619456,
        361
      ],
      [
        -2.027032943442464,
        53.84139792993665,
        361.6
      ],
      [
        -2.027142997831106,
        53.84148518554866,
        362.6
      ],
      [
        -2.027155654504895,
        53.84149574674666,
        362.79999999999995
      ],
      [
        -2.0272023417055607,
        53.841558611020446,
        363.4
      ],
      [
        -2.0272120647132397,
        53.841593228280544,
        363.6
      ],
      [
        -2.0272294152528048,
        53.84161937981844,
        363.79999999999995
      ],
      [
        -2.027246095240116,
        53.841644525527954,
        364
      ],
      [
        -2.027275348082185,
        53.841704623773694,
        364.6
      ],
      [
        -2.0272898487746716,
        53.84171359241009,
        364.6
      ],
      [
        -2.0273152459412813,
        53.84173194877803,
        364.79999999999995
      ],
      [
        -2.0273787807673216,
        53.84178844280541,
        365.20000000000005
      ],
      [
        -2.0274788606911898,
        53.84183437563479,
        365.6
      ],
      [
        -2.027508784085512,
        53.84185843169689,
        365.79999999999995
      ],
      [
        -2.027525380253792,
        53.84188215248287,
        366
      ],
      [
        -2.027516160160303,
        53.84187553077936,
        366.4
      ],
      [
        -2.0275413058698177,
        53.841888858005404,
        366.4
      ],
      [
        -2.0276143960654736,
        53.84194971062243,
        366.6
      ],
      [
        -2.0276847202330828,
        53.842007126659155,
        367
      ],
      [
        -2.0277127157896757,
        53.84202850051224,
        367.4
      ],
      [
        -2.0277978759258986,
        53.84209823794663,
        367.79999999999995
      ],
      [
        -2.027840791270137,
        53.84212841279805,
        367.79999999999995
      ],
      [
        -2.0278468262404203,
        53.84213889017701,
        368
      ],
      [
        -2.0278832875192165,
        53.84216512553394,
        368.20000000000005
      ],
      [
        -2.0279245264828205,
        53.842224134132266,
        368.6
      ],
      [
        -2.0279904920607805,
        53.84229144081473,
        368.79999999999995
      ],
      [
        -2.028056373819709,
        53.842328153550625,
        369
      ],
      [
        -2.028093421831727,
        53.84236318990588,
        369
      ],
      [
        -2.0281044859439135,
        53.84236888960004,
        369.20000000000005
      ],
      [
        -2.0281772408634424,
        53.842421527951956,
        369.20000000000005
      ],
      [
        -2.028226274996996,
        53.84248439222574,
        369.20000000000005
      ],
      [
        -2.0283301267772913,
        53.842556811869144,
        369.4
      ],
      [
        -2.0283435378223658,
        53.8425781019032,
        369.4
      ],
      [
        -2.02836231328547,
        53.84259578771889,
        369.4
      ],
      [
        -2.0284155383706093,
        53.84265253320336,
        369.6
      ],
      [
        -2.0284872874617577,
        53.842708859592676,
        370
      ],
      [
        -2.028493070974946,
        53.842720091342926,
        370
      ],
      [
        -2.028578734025359,
        53.842806005850434,
        370.6
      ],
      [
        -2.028684513643384,
        53.84287565946579,
        371
      ],
      [
        -2.028753161430359,
        53.842941373586655,
        371.79999999999995
      ],
      [
        -2.02880403958261,
        53.84299158118665,
        372.20000000000005
      ],
      [
        -2.028812672942877,
        53.843003902584314,
        372.20000000000005
      ],
      [
        -2.028870591893792,
        53.84308218955994,
        373.20000000000005
      ],
      [
        -2.0289281755685806,
        53.84314044378698,
        374
      ],
      [
        -2.0289544109255075,
        53.84316215291619,
        374.4
      ],
      [
        -2.0289889443665743,
        53.84318294003606,
        374.6
      ],
      [
        -2.0290480367839336,
        53.8432258553803,
        375.4
      ],
      [
        -2.0290550775825977,
        53.84323147125542,
        375.6
      ],
      [
        -2.029115343466401,
        53.84328704327345,
        376.4
      ],
      [
        -2.029121881350875,
        53.84330238215625,
        376.79999999999995
      ],
      [
        -2.029148619621992,
        53.843331802636385,
        377.4
      ],
      [
        -2.029154486954212,
        53.84333993308246,
        377.6
      ],
      [
        -2.0291906129568815,
        53.84337019175291,
        378.20000000000005
      ],
      [
        -2.029207292944193,
        53.843385111540556,
        378.6
      ],
      [
        -2.0292624458670616,
        53.84343414567411,
        379.4
      ],
      [
        -2.0292766951024532,
        53.84344730526209,
        379.6
      ],
      [
        -2.029339224100113,
        53.84348217397928,
        380.4
      ],
      [
        -2.0293719973415136,
        53.843503296375275,
        380.79999999999995
      ],
      [
        -2.029406698420644,
        53.843530621379614,
        381.79999999999995
      ],
      [
        -2.029403680935502,
        53.843524837866426,
        381.79999999999995
      ],
      [
        -2.029413739219308,
        53.84353841654956,
        382.20000000000005
      ],
      [
        -2.0294633600860834,
        53.843605387955904,
        382.79999999999995
      ],
      [
        -2.029473166912794,
        53.84361561387777,
        383
      ],
      [
        -2.029550950974226,
        53.84367755614221,
        383.79999999999995
      ],
      [
        -2.02956385910511,
        53.84369700215757,
        384.20000000000005
      ],
      [
        -2.0296134799718857,
        53.843736816197634,
        385
      ],
      [
        -2.029622867703438,
        53.843745114281774,
        385.20000000000005
      ],
      [
        -2.0296863187104464,
        53.843795992434025,
        386.20000000000005
      ],
      [
        -2.0296972151845694,
        53.84380613453686,
        386.20000000000005
      ],
      [
        -2.02975295484066,
        53.84385583922267,
        387.4
      ],
      [
        -2.029810370877385,
        53.84391702711582,
        388.4
      ],
      [
        -2.029817830771208,
        53.843927001580596,
        388.4
      ],
      [
        -2.0298724807798862,
        53.843979220837355,
        389.4
      ],
      [
        -2.029893519356847,
        53.84399355389178,
        389.6
      ],
      [
        -2.0299386139959097,
        53.84403043426573,
        390
      ],
      [
        -2.029992677271366,
        53.844067230820656,
        390.6
      ],
      [
        -2.030010111629963,
        53.84408500045538,
        390.79999999999995
      ],
      [
        -2.0300796814262867,
        53.844150211662054,
        391.6
      ],
      [
        -2.0301498379558325,
        53.844213327392936,
        392.4
      ],
      [
        -2.0301742292940617,
        53.84423394687474,
        392.79999999999995
      ],
      [
        -2.0302385184913874,
        53.84428876452148,
        393.4
      ],
      [
        -2.0302693638950586,
        53.84432069957256,
        393.79999999999995
      ],
      [
        -2.0303170569241047,
        53.84435799904168,
        394.4
      ],
      [
        -2.03038084320724,
        53.844412229955196,
        394.79999999999995
      ],
      [
        -2.030407078564167,
        53.844435615465045,
        395.20000000000005
      ],
      [
        -2.030487544834614,
        53.84450426325202,
        396
      ],
      [
        -2.0305008720606565,
        53.84451658464968,
        396
      ],
      [
        -2.0305308792740107,
        53.84454877115786,
        396.20000000000005
      ],
      [
        -2.0305851101875305,
        53.84460099041462,
        396.79999999999995
      ],
      [
        -2.0305992756038904,
        53.84461666457355,
        397
      ],
      [
        -2.030657446011901,
        53.84467642754316,
        397.4
      ],
      [
        -2.0307317934930325,
        53.84474457241595,
        398
      ],
      [
        -2.0307847671210766,
        53.844782123342156,
        398
      ],
      [
        -2.0308363158255816,
        53.84482914581895,
        398.4
      ],
      [
        -2.0309138484299183,
        53.8448972068727,
        398.79999999999995
      ],
      [
        -2.0309441909193993,
        53.84492461569607,
        399.20000000000005
      ],
      [
        -2.030989872291684,
        53.84497909806669,
        399.4
      ],
      [
        -2.0310468692332506,
        53.845035675913095,
        400
      ],
      [
        -2.03107126057148,
        53.845056211575866,
        400.20000000000005
      ],
      [
        -2.0311402436345816,
        53.84511061012745,
        400.4
      ],
      [
        -2.031226996332407,
        53.845188645645976,
        401
      ],
      [
        -2.0312330313026905,
        53.845197446644306,
        401.20000000000005
      ],
      [
        -2.031286424025893,
        53.84526399895549,
        401.79999999999995
      ],
      [
        -2.0313425827771425,
        53.84529551491141,
        402.20000000000005
      ],
      [
        -2.0314074587076902,
        53.845338094979525,
        402.79999999999995
      ],
      [
        -2.0314969774335623,
        53.84541613049805,
        403.20000000000005
      ],
      [
        -2.0315042696893215,
        53.84542828425765,
        403.4
      ],
      [
        -2.0315714925527573,
        53.84548838250339,
        404
      ],
      [
        -2.031613988801837,
        53.845528615638614,
        404.4
      ],
      [
        -2.031642235815525,
        53.84555401280522,
        404.79999999999995
      ],
      [
        -2.031720606610179,
        53.84561193175614,
        405.4
      ],
      [
        -2.0317355263978243,
        53.84562123566866,
        405.4
      ],
      [
        -2.031794786453247,
        53.84567840024829,
        406.4
      ],
      [
        -2.0318061020225286,
        53.8456866145134,
        406.6
      ],
      [
        -2.0318652782589197,
        53.84573858231306,
        407
      ],
      [
        -2.0319124683737755,
        53.84578434750438,
        407.6
      ],
      [
        -2.0319294836372137,
        53.84580220095813,
        408
      ],
      [
        -2.0319780986756086,
        53.84583815932274,
        408.79999999999995
      ],
      [
        -2.032021516934037,
        53.845873614773154,
        409.20000000000005
      ],
      [
        -2.032054038718343,
        53.84591594338417,
        409.79999999999995
      ],
      [
        -2.03206954523921,
        53.84592466056347,
        410
      ],
      [
        -2.0321433898061514,
        53.8459939789027,
        410.79999999999995
      ],
      [
        -2.0321547891944647,
        53.84600236080587,
        411
      ],
      [
        -2.0322494208812714,
        53.846081318333745,
        411.79999999999995
      ],
      [
        -2.03232997097075,
        53.846156504005194,
        412.4
      ],
      [
        -2.0323981158435345,
        53.84622288867831,
        412.79999999999995
      ],
      [
        -2.032425021752715,
        53.84624518454075,
        413
      ],
      [
        -2.0325040630996227,
        53.84632204659283,
        413.4
      ],
      [
        -2.0325922407209873,
        53.84640779346228,
        413.79999999999995
      ],
      [
        -2.032601712271571,
        53.846417516469955,
        413.79999999999995
      ],
      [
        -2.0326372515410185,
        53.8464411534369,
        414
      ],
      [
        -2.0326897222548723,
        53.84644844569266,
        414
      ],
      [
        -2.032699193805456,
        53.84643788449466,
        414
      ],
      [
        -2.0327000319957733,
        53.84644006378949,
        414.20000000000005
      ],
      [
        -2.032679496333003,
        53.846445344388485,
        414
      ],
      [
        -2.0326991099864244,
        53.84642933495343,
        414
      ],
      [
        -2.0327056478708982,
        53.84642564691603,
        414.20000000000005
      ],
      [
        -2.0326959248632193,
        53.846425730735064,
        414.20000000000005
      ],
      [
        -2.0326959248632193,
        53.846425730735064,
        414
      ],
      [
        -2.0326959248632193,
        53.846425730735064,
        414
      ],
      [
        -2.0326959248632193,
        53.846425730735064,
        414
      ],
      [
        -2.0326959248632193,
        53.846425730735064,
        414
      ],
      [
        -2.0326959248632193,
        53.846425730735064,
        414
      ],
      [
        -2.0326959248632193,
        53.846425730735064,
        414
      ],
      [
        -2.0326959248632193,
        53.846425730735064,
        414
      ],
      [
        -2.0327093359082937,
        53.84642656892538,
        414
      ],
      [
        -2.03267396427691,
        53.84646529331803,
        414
      ],
      [
        -2.032744875177741,
        53.84653167799115,
        414
      ],
      [
        -2.032872950658202,
        53.84660376235843,
        414
      ],
      [
        -2.033009994775057,
        53.846651036292315,
        413.6
      ],
      [
        -2.0330422651022673,
        53.84666218422353,
        413.6
      ],
      [
        -2.0330944005399942,
        53.8466760981828,
        413.6
      ],
      [
        -2.033194564282894,
        53.84670761413872,
        413.79999999999995
      ],
      [
        -2.033270839601755,
        53.84673343040049,
        413.79999999999995
      ],
      [
        -2.033384833484888,
        53.846775172278285,
        414.20000000000005
      ],
      [
        -2.0334037765860558,
        53.84677383117378,
        414.20000000000005
      ],
      [
        -2.033477369695902,
        53.8467916008085,
        414.6
      ],
      [
        -2.0335999131202698,
        53.846827475354075,
        414.79999999999995
      ],
      [
        -2.033612234517932,
        53.84683024138212,
        414.79999999999995
      ],
      [
        -2.0336765237152576,
        53.846857314929366,
        415
      ],
      [
        -2.033694041892886,
        53.84686645120382,
        415.20000000000005
      ],
      [
        -2.033816585317254,
        53.846920765936375,
        415.6
      ],
      [
        -2.0338577404618263,
        53.84693191386759,
        415.79999999999995
      ],
      [
        -2.0339372009038925,
        53.84696368128061,
        416.4
      ],
      [
        -2.0340741612017155,
        53.84698983281851,
        416.6
      ],
      [
        -2.0341542083770037,
        53.84699678979814,
        417
      ],
      [
        -2.03421707265079,
        53.84700668044388,
        417.20000000000005
      ],
      [
        -2.034347914159298,
        53.847025288268924,
        417.4
      ],
      [
        -2.03448043204844,
        53.84705915115774,
        417.6
      ],
      [
        -2.0346054900437593,
        53.84708966128528,
        418
      ],
      [
        -2.0346213318407536,
        53.84709443897009,
        418
      ],
      [
        -2.0346237625926733,
        53.84709536097944,
        418.20000000000005
      ],
      [
        -2.034702720120549,
        53.84711933322251,
        418.20000000000005
      ],
      [
        -2.0348322205245495,
        53.847150010988116,
        418.4
      ],
      [
        -2.0349431969225407,
        53.84720114059746,
        418.6
      ],
      [
        -2.035046713426709,
        53.847244726493955,
        418.79999999999995
      ],
      [
        -2.0350864436477423,
        53.847266687080264,
        419
      ],
      [
        -2.0351443625986576,
        53.847297029569745,
        419.20000000000005
      ],
      [
        -2.0352584403008223,
        53.84734162129462,
        419.4
      ],
      [
        -2.0353738591074944,
        53.847371712327,
        420.20000000000005
      ],
      [
        -2.0353923831135035,
        53.84737799875438,
        420.20000000000005
      ],
      [
        -2.0355196204036474,
        53.84741948917508,
        420.4
      ],
      [
        -2.0356435049325228,
        53.84744823910296,
        421.20000000000005
      ],
      [
        -2.035723803564906,
        53.847487131133676,
        421.4
      ],
      [
        -2.035840479657054,
        53.84752493351698,
        421.79999999999995
      ],
      [
        -2.0359353628009558,
        53.84755661711097,
        422.20000000000005
      ],
      [
        -2.036059834063053,
        53.84760607033968,
        422.20000000000005
      ],
      [
        -2.0361395459622145,
        53.847652254626155,
        422.79999999999995
      ],
      [
        -2.036268124356866,
        53.84772836230695,
        423
      ],
      [
        -2.0363536197692156,
        53.84779332205653,
        422.79999999999995
      ],
      [
        -2.036459818482399,
        53.84784076362848,
        423.20000000000005
      ],
      [
        -2.036535842344165,
        53.84785392321646,
        423.20000000000005
      ],
      [
        -2.0365718845278025,
        53.84786398150027,
        423.20000000000005
      ],
      [
        -2.036695098504424,
        53.847902454435825,
        423.6
      ],
      [
        -2.036822587251663,
        53.84793430566788,
        423.6
      ],
      [
        -2.036950495094061,
        53.84796724654734,
        424.20000000000005
      ],
      [
        -2.0370139461010695,
        53.84797252714634,
        424.20000000000005
      ],
      [
        -2.0370790734887123,
        53.84799021296203,
        424.4
      ],
      [
        -2.0372015330940485,
        53.84801393374801,
        424.6
      ],
      [
        -2.037344528362155,
        53.84802147746086,
        425
      ],
      [
        -2.037520632147789,
        53.84806263260543,
        425.20000000000005
      ],
      [
        -2.037648120895028,
        53.84810236282647,
        425
      ],
      [
        -2.0377605222165585,
        53.848147708922625,
        425.20000000000005
      ],
      [
        -2.037824811413884,
        53.84819783270359,
        425.4
      ],
      [
        -2.037943582981825,
        53.84827536530793,
        425.4
      ],
      [
        -2.0380412321537733,
        53.84832096286118,
        425.4
      ],
      [
        -2.0381454192101955,
        53.84836161509156,
        425.4
      ],
      [
        -2.038211803883314,
        53.84840494953096,
        425.4
      ],
      [
        -2.0382738299667835,
        53.84843269363046,
        425.4
      ],
      [
        -2.038321942090988,
        53.84846010245383,
        425.4
      ],
      [
        -2.0384466648101807,
        53.848513243719935,
        425.4
      ],
      [
        -2.0385630894452333,
        53.848567893728614,
        425.4
      ],
      [
        -2.03869485296309,
        53.84862187318504,
        425.79999999999995
      ],
      [
        -2.038806499913335,
        53.84868540801108,
        425.6
      ],
      [
        -2.0389499980956316,
        53.848742404952645,
        425.6
      ],
      [
        -2.0390804205089808,
        53.84880769997835,
        425.6
      ],
      [
        -2.039238251745701,
        53.848869474604726,
        425.6
      ],
      [
        -2.0393417682498693,
        53.848930997774005,
        425.4
      ],
      [
        -2.0394289400428534,
        53.848998472094536,
        425.4
      ],
      [
        -2.0395414251834154,
        53.849081452935934,
        425.20000000000005
      ],
      [
        -2.0396768767386675,
        53.849148927256465,
        425.20000000000005
      ],
      [
        -2.0398164354264736,
        53.84922352619469,
        425.20000000000005
      ],
      [
        -2.039940571412444,
        53.84927582927048,
        425.20000000000005
      ],
      [
        -2.0401079580187798,
        53.84931882843375,
        425.20000000000005
      ],
      [
        -2.0402314234524965,
        53.84933844208717,
        425.20000000000005
      ],
      [
        -2.040377017110586,
        53.84940700605512,
        425
      ],
      [
        -2.0404947828501463,
        53.84947791695595,
        424.79999999999995
      ],
      [
        -2.0405868999660015,
        53.84954103268683,
        425
      ],
      [
        -2.0407177414745092,
        53.84963884949684,
        425
      ],
      [
        -2.040855037048459,
        53.84973800741136,
        425
      ],
      [
        -2.0409359224140644,
        53.84979173541069,
        425
      ],
      [
        -2.0410001277923584,
        53.84986348450184,
        425.20000000000005
      ],
      [
        -2.0410001277923584,
        53.84986348450184,
        425.6
      ],
      [
        -2.0410001277923584,
        53.84986348450184,
        425.6
      ],
      [
        -2.0410001277923584,
        53.84986348450184,
        425.6
      ],
      [
        -2.0410001277923584,
        53.84986348450184,
        425.6
      ],
      [
        -2.0410001277923584,
        53.84986348450184,
        425.6
      ],
      [
        -2.040994009003043,
        53.84985141456127,
        425.6
      ],
      [
        -2.040979089215398,
        53.849901873618364,
        425.6
      ],
      [
        -2.0409686118364334,
        53.84994227439165,
        425.6
      ],
      [
        -2.040959894657135,
        53.84996716864407,
        425.6
      ],
      [
        -2.0409938413649797,
        53.85006481781602,
        425.6
      ],
      [
        -2.040953356772661,
        53.850119300186634,
        425.6
      ],
      [
        -2.0409132074564695,
        53.85018015280366,
        425.79999999999995
      ],
      [
        -2.0408843737095594,
        53.850213596597314,
        426
      ],
      [
        -2.040869453921914,
        53.850244861096144,
        426.20000000000005
      ],
      [
        -2.0408119540661573,
        53.850286519154906,
        426
      ],
      [
        -2.040808768942952,
        53.85029003955424,
        426.20000000000005
      ],
      [
        -2.0408157259225845,
        53.850282495841384,
        426.20000000000005
      ],
      [
        -2.040814133360982,
        53.85028392076492,
        426.20000000000005
      ],
      [
        -2.040812876075506,
        53.85028459131718,
        426.20000000000005
      ],
      [
        -2.040802063420415,
        53.850291883572936,
        426.20000000000005
      ],
      [
        -2.0407777559012175,
        53.85032742284238,
        426.20000000000005
      ],
      [
        -2.040726291015744,
        53.85040394961834,
        426.4
      ],
      [
        -2.0406820345669985,
        53.85046496987343,
        426.4
      ],
      [
        -2.0406853035092354,
        53.850475028157234,
        426.4
      ],
      [
        -2.0406775921583176,
        53.85049824602902,
        426.4
      ],
      [
        -2.040663594380021,
        53.85054728016257,
        426.6
      ],
      [
        -2.0406466629356146,
        53.850612910464406,
        426.79999999999995
      ],
      [
        -2.040648339316249,
        53.850647527724504,
        426.79999999999995
      ],
      [
        -2.04060441814363,
        53.85070167481899,
        427
      ],
      [
        -2.040607016533613,
        53.8507825601846,
        427.4
      ],
      [
        -2.0406445674598217,
        53.85087023489177,
        427.79999999999995
      ],
      [
        -2.0406417176127434,
        53.850943157449365,
        428.4
      ],
      [
        -2.0406481716781855,
        53.85095086880028,
        428.4
      ],
      [
        -2.0406626723706722,
        53.85098389349878,
        428.6
      ],
      [
        -2.0406790170818567,
        53.85100258514285,
        428.6
      ],
      [
        -2.0407024025917053,
        53.851025216281414,
        428.6
      ],
      [
        -2.040721597149968,
        53.85103913024068,
        428.79999999999995
      ],
      [
        -2.040749089792371,
        53.85104692541063,
        428.79999999999995
      ],
      [
        -2.0407686196267605,
        53.85105296038091,
        428.79999999999995
      ],
      [
        -2.0407918374985456,
        53.85107131674886,
        428.79999999999995
      ],
      [
        -2.0407839585095644,
        53.85111792013049,
        429.20000000000005
      ],
      [
        -2.040774654597044,
        53.85117013938725,
        429.4
      ],
      [
        -2.04075881280005,
        53.85122185572982,
        429.79999999999995
      ],
      [
        -2.040793765336275,
        53.85132637806237,
        430.20000000000005
      ],
      [
        -2.040773816406727,
        53.851406341418624,
        430.20000000000005
      ],
      [
        -2.040783790871501,
        53.85146585293114,
        430.4
      ],
      [
        -2.0407848805189133,
        53.85150323621929,
        430.4
      ],
      [
        -2.040797956287861,
        53.85156400501728,
        430.4
      ],
      [
        -2.0407906640321016,
        53.8516044896096,
        430.6
      ],
      [
        -2.040774654597044,
        53.85162225924432,
        430.6
      ],
      [
        -2.040784042328596,
        53.85163055732846,
        430.6
      ],
      [
        -2.040821509435773,
        53.851656122133136,
        430.6
      ],
      [
        -2.0408377703279257,
        53.85169920511544,
        430.6
      ],
      [
        -2.0408599823713303,
        53.851798782125115,
        431.20000000000005
      ],
      [
        -2.040902730077505,
        53.851891150698066,
        431.4
      ],
      [
        -2.040909267961979,
        53.85190305300057,
        431.6
      ],
      [
        -2.0408785063773394,
        53.85196457616985,
        431.79999999999995
      ],
      [
        -2.0408473256975412,
        53.85203339159489,
        432
      ],
      [
        -2.040835255756974,
        53.85204269550741,
        432
      ],
      [
        -2.0408322382718325,
        53.85205518454313,
        432
      ],
      [
        -2.0408269576728344,
        53.85210254229605,
        432
      ],
      [
        -2.0408327411860228,
        53.852168675512075,
        432.20000000000005
      ],
      [
        -2.040893929079175,
        53.85221628472209,
        432.6
      ],
      [
        -2.0409065019339323,
        53.85222156532109,
        432.79999999999995
      ],
      [
        -2.0409350004047155,
        53.852272778749466,
        433
      ],
      [
        -2.040947237983346,
        53.85235567577183,
        433.4
      ],
      [
        -2.0409305579960346,
        53.85236581787467,
        433.6
      ],
      [
        -2.040927791967988,
        53.85238668881357,
        433.6
      ],
      [
        -2.0409520994871855,
        53.85243178345263,
        433.79999999999995
      ],
      [
        -2.0409886445850134,
        53.85246899910271,
        434
      ],
      [
        -2.0410150475800037,
        53.852541502565145,
        434.4
      ],
      [
        -2.0410277042537928,
        53.85257201269269,
        434.79999999999995
      ],
      [
        -2.0410192385315895,
        53.852577209472656,
        434.79999999999995
      ],
      [
        -2.0409805979579687,
        53.85265616700053,
        435
      ],
      [
        -2.0409583020955324,
        53.85272950865328,
        435.20000000000005
      ],
      [
        -2.040927791967988,
        53.85279631242156,
        435.6
      ],
      [
        -2.0409046579152346,
        53.852832689881325,
        435.79999999999995
      ],
      [
        -2.0409093517810106,
        53.85284752584994,
        435.79999999999995
      ],
      [
        -2.0409108605235815,
        53.8528735935688,
        436
      ],
      [
        -2.040898287668824,
        53.85294048115611,
        436.20000000000005
      ],
      [
        -2.0408726390451193,
        53.85299186222255,
        436.4
      ],
      [
        -2.0408646762371063,
        53.85302706621587,
        436.4
      ],
      [
        -2.0408473256975412,
        53.85304156690836,
        436.4
      ],
      [
        -2.040835926309228,
        53.8530429918319,
        436.4
      ],
      [
        -2.0408412907272577,
        53.85305296629667,
        436.4
      ],
      [
        -2.04084824770689,
        53.85305715724826,
        436.4
      ],
      [
        -2.0408218447118998,
        53.85308993048966,
        436.4
      ],
      [
        -2.0407511852681637,
        53.853147346526384,
        436.6
      ],
      [
        -2.0407123770564795,
        53.853242648765445,
        436.6
      ],
      [
        -2.040619757026434,
        53.85329914279282,
        436.79999999999995
      ],
      [
        -2.040600897744298,
        53.853331161662936,
        437
      ],
      [
        -2.0406019873917103,
        53.85337340645492,
        437.4
      ],
      [
        -2.040619757026434,
        53.85347449220717,
        437.79999999999995
      ],
      [
        -2.0406267140060663,
        53.853511456400156,
        438
      ],
      [
        -2.0406302344053984,
        53.85354422964156,
        438
      ],
      [
        -2.04064448364079,
        53.853663336485624,
        437.79999999999995
      ],
      [
        -2.0406652707606554,
        53.85376685298979,
        437.79999999999995
      ],
      [
        -2.0406119618564844,
        53.85386777110398,
        437.6
      ],
      [
        -2.040635598823428,
        53.85397832840681,
        437.4
      ],
      [
        -2.040677173063159,
        53.854093831032515,
        436.79999999999995
      ],
      [
        -2.040703659877181,
        53.85419910773635,
        436.4
      ],
      [
        -2.0407518558204174,
        53.8542742934078,
        436.20000000000005
      ],
      [
        -2.040742300450802,
        53.85437403805554,
        436
      ],
      [
        -2.040735175833106,
        53.85442483238876,
        435.79999999999995
      ],
      [
        -2.0407374389469624,
        53.85447026230395,
        435.79999999999995
      ],
      [
        -2.040747245773673,
        53.854579981416464,
        435.6
      ],
      [
        -2.0407688710838556,
        53.854640163481236,
        435.20000000000005
      ],
      [
        -2.0407715532928705,
        53.85467545129359,
        435.20000000000005
      ],
      [
        -2.040780521929264,
        53.854694897308946,
        435.20000000000005
      ],
      [
        -2.0407884009182453,
        53.85474099777639,
        435.4
      ],
      [
        -2.0408050809055567,
        53.8548422511667,
        435
      ],
      [
        -2.0408378541469574,
        53.854910898953676,
        434.79999999999995
      ],
      [
        -2.0408479124307632,
        53.854933278635144,
        434.6
      ],
      [
        -2.04089124687016,
        53.85505121201277,
        434.20000000000005
      ],
      [
        -2.040882194414735,
        53.85517777875066,
        433.79999999999995
      ],
      [
        -2.0408805180341005,
        53.85519311763346,
        433.79999999999995
      ],
      [
        -2.0408764109015465,
        53.855251874774694,
        433.79999999999995
      ],
      [
        -2.0408737286925316,
        53.85528766550124,
        433.6
      ],
      [
        -2.040872471407056,
        53.85531909763813,
        433.6
      ],
      [
        -2.0408719684928656,
        53.85532069019973,
        433.6
      ],
      [
        -2.0408813562244177,
        53.85535539127886,
        433.4
      ],
      [
        -2.0409196615219116,
        53.85543552227318,
        432.79999999999995
      ],
      [
        -2.040914800018072,
        53.855450274422765,
        432.79999999999995
      ],
      [
        -2.0408545341342688,
        53.85551489889622,
        432.20000000000005
      ],
      [
        -2.0407739002257586,
        53.85557969100773,
        432.6
      ],
      [
        -2.040726123377681,
        53.855650685727596,
        432.6
      ],
      [
        -2.040724279358983,
        53.85569150559604,
        432.20000000000005
      ],
      [
        -2.040737187489867,
        53.85571992024779,
        432.20000000000005
      ],
      [
        -2.040737019851804,
        53.855725871399045,
        432
      ],
      [
        -2.040746072307229,
        53.85575260967016,
        432
      ],
      [
        -2.040719334036112,
        53.855840703472495,
        431.79999999999995
      ],
      [
        -2.0407094433903694,
        53.85591211728752,
        431.79999999999995
      ],
      [
        -2.040757890790701,
        53.85600809007883,
        431.79999999999995
      ],
      [
        -2.0407648477703333,
        53.856017561629415,
        431.79999999999995
      ],
      [
        -2.040808768942952,
        53.856087885797024,
        431.79999999999995
      ],
      [
        -2.040922176092863,
        53.85621051304042,
        431.20000000000005
      ],
      [
        -2.0409780833870173,
        53.85628854855895,
        430.79999999999995
      ],
      [
        -2.040988812223077,
        53.85629651136696,
        430.6
      ],
      [
        -2.041083863005042,
        53.85634236037731,
        430
      ],
      [
        -2.0411764830350876,
        53.85640589520335,
        429.6
      ],
      [
        -2.041230211034417,
        53.85643757879734,
        428.4
      ],
      [
        -2.0412796642631292,
        53.85646004229784,
        428
      ],
      [
        -2.0413172151893377,
        53.856475967913866,
        427.79999999999995
      ],
      [
        -2.0413920655846596,
        53.85650589130819,
        427.4
      ],
      [
        -2.04139013774693,
        53.85650563985109,
        427.20000000000005
      ],
      [
        -2.0413944963365793,
        53.85651092045009,
        427.4
      ],
      [
        -2.0414715260267258,
        53.85652206838131,
        427.20000000000005
      ],
      [
        -2.0414734538644552,
        53.85652810335159,
        427.20000000000005
      ],
      [
        -2.0414725318551064,
        53.85652843862772,
        427.20000000000005
      ],
      [
        -2.041497426107526,
        53.85656280443072,
        427.20000000000005
      ],
      [
        -2.041583927348256,
        53.856633799150586,
        427.20000000000005
      ],
      [
        -2.0417048782110214,
        53.85669649578631,
        426.79999999999995
      ],
      [
        -2.041821302846074,
        53.85674770921469,
        426.79999999999995
      ],
      [
        -2.0418372284621,
        53.85675215162337,
        427
      ],
      [
        -2.0420098956674337,
        53.856776375323534,
        427.20000000000005
      ],
      [
        -2.042226819321513,
        53.85675609111786,
        426.79999999999995
      ],
      [
        -2.0423486921936274,
        53.856755839660764,
        426.20000000000005
      ],
      [
        -2.042420692741871,
        53.856755420565605,
        426
      ],
      [
        -2.0425848104059696,
        53.85678735561669,
        425.4
      ],
      [
        -2.0426796935498714,
        53.8568143453449,
        425.20000000000005
      ],
      [
        -2.042713975533843,
        53.85682691819966,
        424.79999999999995
      ],
      [
        -2.0429167337715626,
        53.85688617825508,
        424.20000000000005
      ],
      [
        -2.0429339166730642,
        53.85689011774957,
        424.20000000000005
      ],
      [
        -2.0430646743625402,
        53.85693487711251,
        423.6
      ],
      [
        -2.0432403590530157,
        53.856991371139884,
        423.20000000000005
      ],
      [
        -2.0432534348219633,
        53.85699992068112,
        423
      ],
      [
        -2.0433825999498367,
        53.85705566033721,
        422.6
      ],
      [
        -2.043516794219613,
        53.857124391943216,
        422
      ],
      [
        -2.0435413531959057,
        53.85713294148445,
        421.79999999999995
      ],
      [
        -2.04366322606802,
        53.85720133781433,
        421.6
      ],
      [
        -2.043737405911088,
        53.85725129395723,
        421.6
      ],
      [
        -2.043831618502736,
        53.857326647266746,
        421
      ],
      [
        -2.043831618502736,
        53.857326647266746,
        421
      ],
      [
        -2.0438651461154222,
        53.857341734692454,
        420.4
      ],
      [
        -2.0438692532479763,
        53.85734500363469,
        420.4
      ],
      [
        -2.0438601169735193,
        53.85735698975623,
        420.4
      ],
      [
        -2.0438759587705135,
        53.8573685567826,
        420.4
      ],
      [
        -2.043861038982868,
        53.85736310854554,
        420.4
      ],
      [
        -2.0438607037067413,
        53.85739613324404,
        420.4
      ],
      [
        -2.043895907700062,
        53.85743871331215,
        420.6
      ],
      [
        -2.0439581014215946,
        53.857484394684434,
        420.6
      ],
      [
        -2.0439622085541487,
        53.8574980571866,
        420.20000000000005
      ],
      [
        -2.0439622923731804,
        53.85759553872049,
        420.4
      ],
      [
        -2.0439626276493073,
        53.85770810768008,
        420.4
      ],
      [
        -2.043946785852313,
        53.85779385454953,
        420.20000000000005
      ],
      [
        -2.043922059237957,
        53.85787658393383,
        420.20000000000005
      ],
      [
        -2.043936476111412,
        53.85788002051413,
        420.20000000000005
      ],
      [
        -2.0439316984266043,
        53.85788245126605,
        420.4
      ],
      [
        -2.0439316984266043,
        53.85788245126605,
        420.20000000000005
      ],
      [
        -2.0439316984266043,
        53.85788245126605,
        420.20000000000005
      ],
      [
        -2.0439316984266043,
        53.85788245126605,
        420.20000000000005
      ],
      [
        -2.0439312793314457,
        53.857881696894765,
        420.4
      ],
      [
        -2.0439231488853693,
        53.8578590657562,
        420.6
      ],
      [
        -2.0439225621521473,
        53.8578625023365,
        420.6
      ],
      [
        -2.0439178682863712,
        53.85784925892949,
        420.6
      ],
      [
        -2.0439098216593266,
        53.857831405475736,
        421.20000000000005
      ],
      [
        -2.043951228260994,
        53.85783886536956,
        421
      ],
      [
        -2.04396422021091,
        53.857845067977905,
        420.79999999999995
      ],
      [
        -2.0439617056399584,
        53.857865603640676,
        420.79999999999995
      ],
      [
        -2.0439456962049007,
        53.85785127058625,
        420.6
      ],
      [
        -2.04394418746233,
        53.857855880633,
        420.6
      ],
      [
        -2.043942930176854,
        53.85785889811814,
        420.6
      ],
      [
        -2.0439690817147493,
        53.85784967802465,
        420.79999999999995
      ],
      [
        -2.0439931377768517,
        53.857860155403614,
        420.79999999999995
      ],
      [
        -2.0439549162983894,
        53.8578886538744,
        420.79999999999995
      ],
      [
        -2.0439318660646677,
        53.857888989150524,
        420.79999999999995
      ],
      [
        -2.043932368978858,
        53.85789644904435,
        420.6
      ],
      [
        -2.043960951268673,
        53.85790918953717,
        420.79999999999995
      ],
      [
        -2.0439654774963856,
        53.85791187174618,
        420.6
      ],
      [
        -2.0439331233501434,
        53.85789033025503,
        420.4
      ],
      [
        -2.0439331233501434,
        53.85789033025503,
        420.6
      ],
      [
        -2.0439472887665033,
        53.857897287234664,
        420.79999999999995
      ],
      [
        -2.0439548324793577,
        53.85790843516588,
        420.79999999999995
      ],
      [
        -2.0439548324793577,
        53.85790843516588,
        420.6
      ],
      [
        -2.0439548324793577,
        53.85790843516588,
        420.79999999999995
      ],
      [
        -2.0439667347818613,
        53.85791505686939,
        420.6
      ],
      [
        -2.0439632143825293,
        53.85791329666972,
        420.6
      ],
      [
        -2.0439639687538147,
        53.85791363194585,
        420.6
      ],
      [
        -2.043962460011244,
        53.85790139436722,
        420.6
      ],
      [
        -2.0439148508012295,
        53.857877757400274,
        420.79999999999995
      ],
      [
        -2.0439221430569887,
        53.857877841219306,
        420.79999999999995
      ],
      [
        -2.043938906863332,
        53.857880691066384,
        420.20000000000005
      ],
      [
        -2.0439410861581564,
        53.85788622312248,
        420
      ],
      [
        -2.043935554102063,
        53.85787909850478,
        420
      ],
      [
        -2.043937398120761,
        53.85787767358124,
        420
      ],
      [
        -2.043937901034951,
        53.85787767358124,
        420
      ],
      [
        -2.0439393259584904,
        53.857879266142845,
        419.79999999999995
      ],
      [
        -2.043927004560828,
        53.85788479819894,
        419.79999999999995
      ],
      [
        -2.0439393259584904,
        53.857879266142845,
        419.79999999999995
      ],
      [
        -2.0439393259584904,
        53.857879266142845,
        419.79999999999995
      ],
      [
        -2.0439393259584904,
        53.857879266142845,
        419.79999999999995
      ],
      [
        -2.0439393259584904,
        53.857879266142845,
        419.79999999999995
      ],
      [
        -2.043942091986537,
        53.85788228362799,
        419.6
      ],
      [
        -2.0439393259584904,
        53.857879266142845,
        419.6
      ],
      [
        -2.0439393259584904,
        53.857879266142845,
        419.79999999999995
      ],
      [
        -2.0439393259584904,
        53.857879266142845,
        419.79999999999995
      ],
      [
        -2.0439393259584904,
        53.857879266142845,
        419.79999999999995
      ],
      [
        -2.0439393259584904,
        53.857879266142845,
        419.79999999999995
      ],
      [
        -2.0439393259584904,
        53.857879266142845,
        419.79999999999995
      ],
      [
        -2.0439393259584904,
        53.857879266142845,
        419.6
      ],
      [
        -2.0439393259584904,
        53.857879266142845,
        419.79999999999995
      ],
      [
        -2.0439393259584904,
        53.857879266142845,
        419.79999999999995
      ],
      [
        -2.0439393259584904,
        53.857879266142845,
        419.79999999999995
      ],
      [
        -2.0439393259584904,
        53.857879266142845,
        419.79999999999995
      ],
      [
        -2.0439368952065706,
        53.85787750594318,
        419.79999999999995
      ],
      [
        -2.0439393259584904,
        53.857879266142845,
        419.79999999999995
      ],
      [
        -2.0439393259584904,
        53.857879266142845,
        419.79999999999995
      ],
      [
        -2.0439393259584904,
        53.857879266142845,
        419.79999999999995
      ],
      [
        -2.0439393259584904,
        53.857879266142845,
        420
      ],
      [
        -2.0439393259584904,
        53.857879266142845,
        420
      ],
      [
        -2.0439393259584904,
        53.857879266142845,
        420
      ],
      [
        -2.0439393259584904,
        53.857879266142845,
        420
      ],
      [
        -2.0439393259584904,
        53.857879266142845,
        420.20000000000005
      ],
      [
        -2.0439752005040646,
        53.857906088232994,
        420.6
      ],
      [
        -2.0439769607037306,
        53.85791120119393,
        420.6
      ],
      [
        -2.043962711468339,
        53.85791572742164,
        420.79999999999995
      ],
      [
        -2.0439761225134134,
        53.85791044682264,
        420.79999999999995
      ],
      [
        -2.0439761225134134,
        53.85791044682264,
        420.79999999999995
      ],
      [
        -2.0439761225134134,
        53.85791044682264,
        420.79999999999995
      ],
      [
        -2.0439761225134134,
        53.85791044682264,
        420.79999999999995
      ],
      [
        -2.0439761225134134,
        53.85791044682264,
        420.79999999999995
      ],
      [
        -2.043950976803899,
        53.85790994390845,
        420.4
      ],
      [
        -2.043955083936453,
        53.857911536470056,
        420.6
      ],
      [
        -2.043950976803899,
        53.85790994390845,
        420.79999999999995
      ],
      [
        -2.043935051187873,
        53.857898293063045,
        420.79999999999995
      ],
      [
        -2.043925579637289,
        53.85789066553116,
        421
      ],
      [
        -2.043925579637289,
        53.85789066553116,
        420.6
      ],
      [
        -2.043925579637289,
        53.85789066553116,
        420.20000000000005
      ],
      [
        -2.043931782245636,
        53.85787608101964,
        420
      ],
      [
        -2.043931782245636,
        53.85787608101964,
        420.20000000000005
      ],
      [
        -2.043931782245636,
        53.85787608101964,
        420
      ],
      [
        -2.043931782245636,
        53.85787608101964,
        420
      ],
      [
        -2.043931782245636,
        53.85787608101964,
        420
      ],
      [
        -2.043931782245636,
        53.85787608101964,
        420
      ],
      [
        -2.043931782245636,
        53.85787608101964,
        420
      ],
      [
        -2.043931782245636,
        53.85787608101964,
        420
      ],
      [
        -2.043931782245636,
        53.85787608101964,
        420
      ],
      [
        -2.043931782245636,
        53.85787608101964,
        420
      ],
      [
        -2.043931782245636,
        53.85787608101964,
        419.79999999999995
      ],
      [
        -2.043931782245636,
        53.85787608101964,
        419.79999999999995
      ],
      [
        -2.043931782245636,
        53.85787608101964,
        419.79999999999995
      ],
      [
        -2.043931782245636,
        53.85787608101964,
        419.79999999999995
      ],
      [
        -2.043931782245636,
        53.85787608101964,
        419.79999999999995
      ],
      [
        -2.043931782245636,
        53.85787608101964,
        419.79999999999995
      ],
      [
        -2.043931782245636,
        53.85787608101964,
        419.6
      ],
      [
        -2.043931782245636,
        53.85787608101964,
        419.6
      ],
      [
        -2.043931782245636,
        53.85787608101964,
        419.6
      ],
      [
        -2.043931782245636,
        53.85787608101964,
        419.4
      ],
      [
        -2.043931782245636,
        53.85787608101964,
        419.4
      ],
      [
        -2.043931782245636,
        53.85787608101964,
        419.4
      ],
      [
        -2.043931782245636,
        53.85787608101964,
        419.4
      ],
      [
        -2.043931782245636,
        53.85787608101964,
        419.20000000000005
      ],
      [
        -2.043931782245636,
        53.85787608101964,
        419.20000000000005
      ],
      [
        -2.043931782245636,
        53.85787608101964,
        419.20000000000005
      ],
      [
        -2.043931782245636,
        53.85787608101964,
        419.4
      ],
      [
        -2.043931782245636,
        53.85787608101964,
        419.20000000000005
      ],
      [
        -2.043931782245636,
        53.85787608101964,
        419.20000000000005
      ],
      [
        -2.043931782245636,
        53.85787608101964,
        419.20000000000005
      ],
      [
        -2.043931782245636,
        53.85787608101964,
        419.20000000000005
      ],
      [
        -2.043931782245636,
        53.85787608101964,
        419.4
      ],
      [
        -2.043931782245636,
        53.85787608101964,
        419.4
      ],
      [
        -2.043931782245636,
        53.85787608101964,
        419.4
      ],
      [
        -2.043931782245636,
        53.85787608101964,
        419.4
      ],
      [
        -2.043931782245636,
        53.85787608101964,
        419.20000000000005
      ],
      [
        -2.043931782245636,
        53.85787608101964,
        419.20000000000005
      ],
      [
        -2.043931782245636,
        53.85787608101964,
        419.20000000000005
      ],
      [
        -2.043931782245636,
        53.85787608101964,
        419.20000000000005
      ],
      [
        -2.043931782245636,
        53.85787608101964,
        419.4
      ],
      [
        -2.043931782245636,
        53.85787608101964,
        419.20000000000005
      ],
      [
        -2.043931782245636,
        53.85787608101964,
        419.20000000000005
      ],
      [
        -2.043931782245636,
        53.85787608101964,
        419.4
      ],
      [
        -2.043931782245636,
        53.85787608101964,
        419.4
      ],
      [
        -2.043931782245636,
        53.85787608101964,
        419.4
      ],
      [
        -2.043931782245636,
        53.85787608101964,
        419.4
      ],
      [
        -2.043931782245636,
        53.85787608101964,
        419.4
      ],
      [
        -2.0439260825514793,
        53.85788094252348,
        419.4
      ],
      [
        -2.043931782245636,
        53.85787608101964,
        419.4
      ],
      [
        -2.043931782245636,
        53.85787608101964,
        419.4
      ],
      [
        -2.043931782245636,
        53.85787608101964,
        419.4
      ],
      [
        -2.043931782245636,
        53.85787608101964,
        419.4
      ],
      [
        -2.043931782245636,
        53.85787608101964,
        419.4
      ],
      [
        -2.043935302644968,
        53.85787884704769,
        419.20000000000005
      ],
      [
        -2.043931782245636,
        53.85787608101964,
        419.20000000000005
      ],
      [
        -2.043931782245636,
        53.85787608101964,
        419.20000000000005
      ],
      [
        -2.043931782245636,
        53.85787608101964,
        419.20000000000005
      ],
      [
        -2.043931782245636,
        53.85787608101964,
        419.20000000000005
      ],
      [
        -2.043931782245636,
        53.85787608101964,
        419.20000000000005
      ],
      [
        -2.043931782245636,
        53.85787608101964,
        419.20000000000005
      ],
      [
        -2.043931782245636,
        53.85787608101964,
        419.20000000000005
      ],
      [
        -2.043931782245636,
        53.85787608101964,
        419.20000000000005
      ],
      [
        -2.043931782245636,
        53.85787608101964,
        419.20000000000005
      ],
      [
        -2.043931782245636,
        53.85787608101964,
        419.20000000000005
      ],
      [
        -2.043931782245636,
        53.85787608101964,
        419.20000000000005
      ],
      [
        -2.043931782245636,
        53.85787608101964,
        419
      ],
      [
        -2.043931782245636,
        53.85787608101964,
        419
      ],
      [
        -2.043931782245636,
        53.85787608101964,
        419
      ],
      [
        -2.043931782245636,
        53.85787608101964,
        419
      ],
      [
        -2.043931782245636,
        53.85787608101964,
        419
      ],
      [
        -2.043931782245636,
        53.85787608101964,
        419
      ],
      [
        -2.043931782245636,
        53.85787608101964,
        418.79999999999995
      ],
      [
        -2.043931782245636,
        53.85787608101964,
        418.6
      ],
      [
        -2.043931782245636,
        53.85787608101964,
        418.6
      ],
      [
        -2.043931782245636,
        53.85787608101964,
        418.6
      ],
      [
        -2.043931782245636,
        53.85787608101964,
        418.6
      ],
      [
        -2.043926836922765,
        53.8578815292567,
        418.6
      ],
      [
        -2.043928261846304,
        53.857881193980575,
        418.4
      ],
      [
        -2.0439408347010612,
        53.857877841219306,
        418.4
      ],
      [
        -2.043931782245636,
        53.85787608101964,
        418.4
      ],
      [
        -2.043931782245636,
        53.85787608101964,
        418.4
      ],
      [
        -2.043931782245636,
        53.85787608101964,
        418.4
      ],
      [
        -2.043931782245636,
        53.85787608101964,
        418.4
      ],
      [
        -2.043931782245636,
        53.85787608101964,
        418.4
      ],
      [
        -2.043931782245636,
        53.85787608101964,
        418.4
      ],
      [
        -2.043931782245636,
        53.85787608101964,
        418.20000000000005
      ],
      [
        -2.043931782245636,
        53.85787608101964,
        418.20000000000005
      ],
      [
        -2.043931782245636,
        53.85787608101964,
        418.20000000000005
      ],
      [
        -2.043931782245636,
        53.85787608101964,
        418.4
      ],
      [
        -2.043931782245636,
        53.85787608101964,
        418.4
      ],
      [
        -2.043934464454651,
        53.857888486236334,
        418.4
      ],
      [
        -2.043937901034951,
        53.857894353568554,
        418.4
      ],
      [
        -2.043937649577856,
        53.857893850654364,
        418.4
      ],
      [
        -2.0439434330910444,
        53.85785990394652,
        419.20000000000005
      ],
      [
        -2.0439460314810276,
        53.857862167060375,
        419.4
      ],
      [
        -2.043969416990876,
        53.85785688646138,
        419.20000000000005
      ],
      [
        -2.043979475274682,
        53.85785956867039,
        419.4
      ],
      [
        -2.0439761225134134,
        53.85785613209009,
        419.4
      ],
      [
        -2.0439581852406263,
        53.85786736384034,
        419.6
      ],
      [
        -2.0439908746629953,
        53.8578627537936,
        419.4
      ],
      [
        -2.043959777802229,
        53.85786493308842,
        419.6
      ],
      [
        -2.0439772121608257,
        53.857851354405284,
        419.6
      ],
      [
        -2.043989449739456,
        53.85786501690745,
        419.4
      ],
      [
        -2.043989449739456,
        53.85786501690745,
        419.6
      ],
      [
        -2.0439846720546484,
        53.85788396000862,
        419.6
      ],
      [
        -2.0439826603978872,
        53.857889492064714,
        419.6
      ],
      [
        -2.0439590234309435,
        53.857912542298436,
        419.20000000000005
      ],
      [
        -2.0439565926790237,
        53.85791237466037,
        419
      ],
      [
        -2.0439726021140814,
        53.85790650732815,
        419
      ],
      [
        -2.0439590234309435,
        53.857912542298436,
        418.79999999999995
      ],
      [
        -2.043968327343464,
        53.85791212320328,
        418.79999999999995
      ],
      [
        -2.0439590234309435,
        53.857912542298436,
        419
      ],
      [
        -2.0439590234309435,
        53.857912542298436,
        419.20000000000005
      ],
      [
        -2.0439590234309435,
        53.857912542298436,
        419.4
      ],
      [
        -2.043958604335785,
        53.85791061446071,
        419.20000000000005
      ],
      [
        -2.0439693331718445,
        53.85791061446071,
        419.4
      ],
      [
        -2.0439596101641655,
        53.85790877044201,
        419.4
      ],
      [
        -2.0439613703638315,
        53.857905166223645,
        419.4
      ],
      [
        -2.0439525693655014,
        53.85791120119393,
        419.6
      ],
      [
        -2.0439590234309435,
        53.857912542298436,
        419.6
      ],
      [
        -2.0439575985074043,
        53.857897873967886,
        419.4
      ],
      [
        -2.0439617056399584,
        53.85790432803333,
        419.4
      ],
      [
        -2.043954413384199,
        53.85790248401463,
        419.4
      ],
      [
        -2.043948797509074,
        53.85790541768074,
        419.4
      ],
      [
        -2.0439439360052347,
        53.85790340602398,
        419.20000000000005
      ],
      [
        -2.043949803337455,
        53.85790508240461,
        419.20000000000005
      ],
      [
        -2.043949803337455,
        53.85790508240461,
        419.20000000000005
      ],
      [
        -2.0439649745821953,
        53.85789753869176,
        419.4
      ],
      [
        -2.043963549658656,
        53.857897287234664,
        419.4
      ],
      [
        -2.043962376192212,
        53.857898293063045,
        419.4
      ],
      [
        -2.0439717639237642,
        53.857897287234664,
        419.4
      ],
      [
        -2.043971177190542,
        53.85789602994919,
        419.6
      ],
      [
        -2.0439442712813616,
        53.85789628140628,
        419.79999999999995
      ],
      [
        -2.043938487768173,
        53.85790156200528,
        419.4
      ],
      [
        -2.0439399126917124,
        53.85789644904435,
        419.20000000000005
      ],
      [
        -2.0439399126917124,
        53.85789644904435,
        419.6
      ],
      [
        -2.04392122104764,
        53.85788052342832,
        419.79999999999995
      ],
      [
        -2.0439249090850353,
        53.85788111016154,
        419.79999999999995
      ],
      [
        -2.043926166370511,
        53.8578799366951,
        419.79999999999995
      ],
      [
        -2.043927004560828,
        53.857879685238004,
        420
      ],
      [
        -2.0439249090850353,
        53.85788111016154,
        420.20000000000005
      ],
      [
        -2.0439353864639997,
        53.85786040686071,
        420.4
      ],
      [
        -2.0439353864639997,
        53.85786040686071,
        420.4
      ],
      [
        -2.0439505577087402,
        53.85785764083266,
        420.4
      ],
      [
        -2.0439353864639997,
        53.85786040686071,
        420.4
      ],
      [
        -2.0439448580145836,
        53.85785621590912,
        420.6
      ],
      [
        -2.0439250767230988,
        53.85788789950311,
        420.4
      ],
      [
        -2.0439250767230988,
        53.85788789950311,
        420.20000000000005
      ],
      [
        -2.0439204666763544,
        53.85789041407406,
        420.4
      ],
      [
        -2.0439250767230988,
        53.85788789950311,
        420
      ],
      [
        -2.0439318660646677,
        53.85789225809276,
        420
      ],
      [
        -2.0439250767230988,
        53.85788789950311,
        420
      ],
      [
        -2.0439233165234327,
        53.85789133608341,
        420
      ],
      [
        -2.0439250767230988,
        53.85788789950311,
        420
      ],
      [
        -2.0439250767230988,
        53.85788789950311,
        420
      ],
      [
        -2.0439250767230988,
        53.85788789950311,
        420.20000000000005
      ],
      [
        -2.0439250767230988,
        53.85788789950311,
        420.20000000000005
      ],
      [
        -2.0439250767230988,
        53.85788789950311,
        420.20000000000005
      ],
      [
        -2.043927423655987,
        53.85789418593049,
        420
      ],
      [
        -2.0439250767230988,
        53.85788789950311,
        420
      ],
      [
        -2.0439250767230988,
        53.85788789950311,
        420
      ],
      [
        -2.0439250767230988,
        53.85788789950311,
        420.4
      ],
      [
        -2.0439311116933823,
        53.857893431559205,
        420.4
      ],
      [
        -2.0439250767230988,
        53.85788789950311,
        420.20000000000005
      ],
      [
        -2.0439250767230988,
        53.85788789950311,
        420.20000000000005
      ],
      [
        -2.0439250767230988,
        53.85788789950311,
        420.4
      ],
      [
        -2.0439250767230988,
        53.85788789950311,
        420.20000000000005
      ],
      [
        -2.0439250767230988,
        53.85788789950311,
        420.20000000000005
      ],
      [
        -2.0439250767230988,
        53.85788789950311,
        420.20000000000005
      ],
      [
        -2.0439250767230988,
        53.85788789950311,
        420.20000000000005
      ],
      [
        -2.0439250767230988,
        53.85788789950311,
        420.20000000000005
      ],
      [
        -2.0439250767230988,
        53.85788789950311,
        420.20000000000005
      ],
      [
        -2.0439250767230988,
        53.85788789950311,
        420.4
      ],
      [
        -2.0439250767230988,
        53.85788789950311,
        420.6
      ],
      [
        -2.0439250767230988,
        53.85788789950311,
        420.4
      ],
      [
        -2.0439250767230988,
        53.85788789950311,
        420.4
      ],
      [
        -2.0439250767230988,
        53.85788789950311,
        420.4
      ],
      [
        -2.0439250767230988,
        53.85788789950311,
        420.4
      ],
      [
        -2.0439250767230988,
        53.85788789950311,
        420.4
      ],
      [
        -2.0439250767230988,
        53.85788789950311,
        420.20000000000005
      ],
      [
        -2.0439250767230988,
        53.85788789950311,
        420.20000000000005
      ],
      [
        -2.0439250767230988,
        53.85788789950311,
        420.20000000000005
      ],
      [
        -2.0439250767230988,
        53.85788789950311,
        420.20000000000005
      ],
      [
        -2.0439250767230988,
        53.85788789950311,
        420.20000000000005
      ],
      [
        -2.0439250767230988,
        53.85788789950311,
        420.20000000000005
      ],
      [
        -2.0439250767230988,
        53.85788789950311,
        420.20000000000005
      ],
      [
        -2.0439250767230988,
        53.85788789950311,
        420.20000000000005
      ],
      [
        -2.0439250767230988,
        53.85788789950311,
        420
      ],
      [
        -2.0439250767230988,
        53.85788789950311,
        420
      ],
      [
        -2.0439250767230988,
        53.85788789950311,
        420
      ],
      [
        -2.0439250767230988,
        53.85788789950311,
        420
      ],
      [
        -2.0439250767230988,
        53.85788789950311,
        420
      ],
      [
        -2.0439250767230988,
        53.85788789950311,
        420
      ],
      [
        -2.0439250767230988,
        53.85788789950311,
        420
      ],
      [
        -2.0439250767230988,
        53.85788789950311,
        419.79999999999995
      ],
      [
        -2.0439250767230988,
        53.85788789950311,
        419.6
      ],
      [
        -2.043925244361162,
        53.857888570055366,
        419.6
      ],
      [
        -2.0439250767230988,
        53.857888989150524,
        419.6
      ],
      [
        -2.0439269207417965,
        53.85787130333483,
        419.6
      ],
      [
        -2.0439445227384567,
        53.85786032304168,
        420.4
      ],
      [
        -2.0439763739705086,
        53.85786057449877,
        420.4
      ],
      [
        -2.043980900198221,
        53.85785328224301,
        420.4
      ],
      [
        -2.043925244361162,
        53.857865519821644,
        420.6
      ],
      [
        -2.043910324573517,
        53.85788295418024,
        420.4
      ],
      [
        -2.04391828738153,
        53.857874320819974,
        420.4
      ],
      [
        -2.0439296029508114,
        53.85787859559059,
        420.4
      ],
      [
        -2.043920047581196,
        53.85787591338158,
        420.20000000000005
      ],
      [
        -2.04391828738153,
        53.857874320819974,
        420
      ],
      [
        -2.0439239032566547,
        53.857877841219306,
        420
      ],
      [
        -2.04391828738153,
        53.857874320819974,
        419.79999999999995
      ],
      [
        -2.04391828738153,
        53.857874320819974,
        419.79999999999995
      ],
      [
        -2.04391828738153,
        53.857874320819974,
        419.79999999999995
      ],
      [
        -2.0439310278743505,
        53.857883121818304,
        419.6
      ],
      [
        -2.04391828738153,
        53.857874320819974,
        419.6
      ],
      [
        -2.04391828738153,
        53.857874320819974,
        419.4
      ],
      [
        -2.0439325366169214,
        53.85788479819894,
        419.4
      ],
      [
        -2.043932368978858,
        53.857884630560875,
        419.4
      ],
      [
        -2.043932368978858,
        53.857884630560875,
        419.4
      ],
      [
        -2.043932368978858,
        53.857884630560875,
        419.4
      ],
      [
        -2.043932368978858,
        53.857884630560875,
        419.4
      ],
      [
        -2.043932368978858,
        53.857884630560875,
        419.6
      ],
      [
        -2.043932368978858,
        53.857884630560875,
        419.6
      ],
      [
        -2.043925914913416,
        53.85788454674184,
        419.6
      ],
      [
        -2.0439278427511454,
        53.85788396000862,
        419.20000000000005
      ],
      [
        -2.043928848579526,
        53.857883205637336,
        419
      ],
      [
        -2.0439231488853693,
        53.857884965837,
        419
      ],
      [
        -2.0439318660646677,
        53.857890246436,
        419
      ],
      [
        -2.043937901034951,
        53.857893850654364,
        419
      ],
      [
        -2.0439741108566523,
        53.85791807435453,
        419
      ],
      [
        -2.0439789723604918,
        53.8579230196774,
        419
      ],
      [
        -2.0439368952065706,
        53.857902735471725,
        419.20000000000005
      ],
      [
        -2.043932368978858,
        53.857884630560875,
        419.4
      ],
      [
        -2.043934967368841,
        53.85788789950311,
        419.4
      ],
      [
        -2.043932368978858,
        53.857884630560875,
        419.4
      ],
      [
        -2.043932368978858,
        53.857884630560875,
        419.4
      ],
      [
        -2.043932368978858,
        53.857884630560875,
        419.4
      ],
      [
        -2.043932368978858,
        53.857884630560875,
        419.4
      ],
      [
        -2.043929435312748,
        53.857882702723145,
        419.20000000000005
      ],
      [
        -2.043932368978858,
        53.857884630560875,
        419.20000000000005
      ],
      [
        -2.043925831094384,
        53.85787859559059,
        419.20000000000005
      ],
      [
        -2.0439272560179234,
        53.857881696894765,
        419.20000000000005
      ],
      [
        -2.043917365372181,
        53.85787566192448,
        419
      ],
      [
        -2.0438727736473083,
        53.85791815817356,
        419
      ],
      [
        -2.043916443362832,
        53.85800901800394,
        418.6
      ],
      [
        -2.0439860969781876,
        53.858089316636324,
        418.20000000000005
      ],
      [
        -2.0439964067190886,
        53.858127538114786,
        418
      ],
      [
        -2.0440104883164167,
        53.85819023475051,
        417.79999999999995
      ],
      [
        -2.044020462781191,
        53.85824991390109,
        417.6
      ],
      [
        -2.0440365560352802,
        53.85825234465301,
        417.6
      ],
      [
        -2.0440971571952105,
        53.8582959305495,
        417
      ],
      [
        -2.0441032759845257,
        53.858305821195245,
        416.79999999999995
      ],
      [
        -2.044125571846962,
        53.85836457833648,
        416.79999999999995
      ],
      [
        -2.0441074669361115,
        53.85842777788639,
        416.20000000000005
      ],
      [
        -2.044084668159485,
        53.858498353511095,
        416
      ],
      [
        -2.0440903678536415,
        53.85852308012545,
        415.79999999999995
      ],
      [
        -2.0440965704619884,
        53.858549650758505,
        415.79999999999995
      ],
      [
        -2.0440947264432907,
        53.858558032661676,
        415.6
      ],
      [
        -2.044103443622589,
        53.8586225733161,
        415.20000000000005
      ],
      [
        -2.044095480814576,
        53.858646461740136,
        415
      ],
      [
        -2.044095564633608,
        53.85865903459489,
        415
      ],
      [
        -2.044090535491705,
        53.85869398713112,
        414.79999999999995
      ],
      [
        -2.044080225750804,
        53.858726089820266,
        414.4
      ],
      [
        -2.0440497156232595,
        53.8587745372206,
        414.20000000000005
      ],
      [
        -2.0440409146249294,
        53.85882851667702,
        414.20000000000005
      ],
      [
        -2.0440411660820246,
        53.858855506405234,
        414
      ],
      [
        -2.044053738936782,
        53.85889624245465,
        413.79999999999995
      ],
      [
        -2.0440550800412893,
        53.85890856385231,
        413.79999999999995
      ],
      [
        -2.0440467819571495,
        53.85896556079388,
        413.4
      ],
      [
        -2.044084332883358,
        53.85903521440923,
        413
      ],
      [
        -2.0441006775945425,
        53.85906832292676,
        412.6
      ],
      [
        -2.044102353975177,
        53.85909019969404,
        412.4
      ],
      [
        -2.044090535491705,
        53.85909707285464,
        412.4
      ],
      [
        -2.0440620370209217,
        53.85911978781223,
        412.20000000000005
      ],
      [
        -2.0440597739070654,
        53.859127247706056,
        412.20000000000005
      ],
      [
        -2.0440506376326084,
        53.85917007923126,
        411.79999999999995
      ],
      [
        -2.04403362236917,
        53.85920704342425,
        411.6
      ],
      [
        -2.0440340414643288,
        53.85923218913376,
        411.4
      ],
      [
        -2.0440049562603235,
        53.85926932096481,
        411.20000000000005
      ],
      [
        -2.0440119970589876,
        53.859337298199534,
        411.20000000000005
      ],
      [
        -2.0440172776579857,
        53.85937484912574,
        410.79999999999995
      ],
      [
        -2.0440465305000544,
        53.859406197443604,
        410.6
      ],
      [
        -2.04405315220356,
        53.859444335103035,
        410.6
      ],
      [
        -2.04407318495214,
        53.85949873365462,
        410
      ],
      [
        -2.0441010128706694,
        53.85954458266497,
        409.4
      ],
      [
        -2.0441215485334396,
        53.8595774397254,
        409
      ],
      [
        -2.0441583450883627,
        53.85964600369334,
        408.6
      ],
      [
        -2.0441687386482954,
        53.85965388268232,
        408.4
      ],
      [
        -2.044183826074004,
        53.85966008529067,
        408.4
      ],
      [
        -2.0442285016179085,
        53.859705682843924,
        408.20000000000005
      ],
      [
        -2.0442982390522957,
        53.85978891514242,
        407.79999999999995
      ],
      [
        -2.044329671189189,
        53.859815737232566,
        407.4
      ],
      [
        -2.044367892667651,
        53.85985689237714,
        406.6
      ],
      [
        -2.044416507706046,
        53.85988539084792,
        406.20000000000005
      ],
      [
        -2.0444331876933575,
        53.85990341193974,
        405.79999999999995
      ],
      [
        -2.0444667991250753,
        53.8599537871778,
        405.4
      ],
      [
        -2.0444670505821705,
        53.859963258728385,
        405.20000000000005
      ],
      [
        -2.0444758515805006,
        53.85999854654074,
        405
      ],
      [
        -2.0444912742823362,
        53.86004079133272,
        404.6
      ],
      [
        -2.0445015002042055,
        53.86010281741619,
        404
      ],
      [
        -2.044499907642603,
        53.86011455208063,
        403.79999999999995
      ],
      [
        -2.0445129834115505,
        53.860195353627205,
        403
      ],
      [
        -2.0445188507437706,
        53.8602059148252,
        403
      ],
      [
        -2.044570818543434,
        53.8602733053267,
        402.20000000000005
      ],
      [
        -2.04458087682724,
        53.8602907396853,
        401.79999999999995
      ],
      [
        -2.0445842295885086,
        53.860302893444896,
        401.79999999999995
      ],
      [
        -2.0445751771330833,
        53.86033918708563,
        401.4
      ],
      [
        -2.04462974332273,
        53.860398614779115,
        400.79999999999995
      ],
      [
        -2.0446389634162188,
        53.86040716432035,
        400.79999999999995
      ],
      [
        -2.0446961279958487,
        53.860458713024855,
        400
      ],
      [
        -2.04472990706563,
        53.860470028594136,
        399.79999999999995
      ],
      [
        -2.044785227626562,
        53.86048276908696,
        399.6
      ],
      [
        -2.0447939448058605,
        53.86048327200115,
        399.6
      ],
      [
        -2.0448775123804808,
        53.86051612906158,
        399.4
      ],
      [
        -2.044948423281312,
        53.860556026920676,
        398.79999999999995
      ],
      [
        -2.0449847169220448,
        53.86056415736675,
        398.6
      ],
      [
        -2.045097202062607,
        53.86059139855206,
        398
      ],
      [
        -2.045168448239565,
        53.86060564778745,
        397.79999999999995
      ],
      [
        -2.0452083460986614,
        53.86061646044254,
        397.79999999999995
      ],
      [
        -2.04528302885592,
        53.86062769219279,
        397.20000000000005
      ],
      [
        -2.045454103499651,
        53.86064562946558,
        396.79999999999995
      ],
      [
        -2.045468185096979,
        53.86064420454204,
        396.6
      ],
      [
        -2.0456048101186752,
        53.860656693577766,
        395.6
      ],
      [
        -2.045623082667589,
        53.860661052167416,
        395.6
      ],
      [
        -2.0456462167203426,
        53.860665410757065,
        395.6
      ],
      [
        -2.04576188698411,
        53.86068477295339,
        395.20000000000005
      ],
      [
        -2.0458839274942875,
        53.86068720370531,
        394.6
      ],
      [
        -2.0459115877747536,
        53.86068829335272,
        394.4
      ],
      [
        -2.0460462011396885,
        53.86070723645389,
        394
      ],
      [
        -2.046154495328665,
        53.86071159504354,
        393.4
      ],
      [
        -2.046273769810796,
        53.8607395067811,
        393.20000000000005
      ],
      [
        -2.0463659707456827,
        53.86078543961048,
        392.4
      ],
      [
        -2.0463659707456827,
        53.86078543961048,
        392.4
      ],
      [
        -2.046444844454527,
        53.86082391254604,
        392.20000000000005
      ],
      [
        -2.046444844454527,
        53.86082391254604,
        392.20000000000005
      ],
      [
        -2.0464547351002693,
        53.8608240801841,
        392.20000000000005
      ],
      [
        -2.046454232186079,
        53.860824750736356,
        392.20000000000005
      ],
      [
        -2.046444844454527,
        53.86082391254604,
        392.20000000000005
      ],
      [
        -2.046444844454527,
        53.86082391254604,
        392.20000000000005
      ],
      [
        -2.046444844454527,
        53.86082391254604,
        392.20000000000005
      ],
      [
        -2.0464535616338253,
        53.8608259242028,
        392.20000000000005
      ],
      [
        -2.046444844454527,
        53.86082391254604,
        392
      ],
      [
        -2.046444844454527,
        53.86082391254604,
        392
      ],
      [
        -2.046444844454527,
        53.86082391254604,
        392
      ],
      [
        -2.0464414078742266,
        53.860819302499294,
        392
      ],
      [
        -2.04644157551229,
        53.86081762611866,
        392
      ],
      [
        -2.0464452635496855,
        53.860821314156055,
        392
      ],
      [
        -2.046512318775058,
        53.86085852980614,
        391.6
      ],
      [
        -2.04659353941679,
        53.860881831496954,
        391.20000000000005
      ],
      [
        -2.0466414000838995,
        53.86090647429228,
        390.6
      ],
      [
        -2.0466956309974194,
        53.86093731969595,
        390.20000000000005
      ],
      [
        -2.0467097964137793,
        53.860950730741024,
        390
      ],
      [
        -2.0467729959636927,
        53.861015271395445,
        389.20000000000005
      ],
      [
        -2.046782886609435,
        53.86102683842182,
        389.20000000000005
      ],
      [
        -2.0468346029520035,
        53.86106229387224,
        388.4
      ],
      [
        -2.046854803338647,
        53.861080231145024,
        388.20000000000005
      ],
      [
        -2.0468861516565084,
        53.861126750707626,
        387.6
      ],
      [
        -2.0469003170728683,
        53.861148711293936,
        387
      ],
      [
        -2.046915404498577,
        53.86119833216071,
        386.79999999999995
      ],
      [
        -2.047008192166686,
        53.861261112615466,
        386
      ],
      [
        -2.0470402110368013,
        53.8612733501941,
        385.79999999999995
      ],
      [
        -2.047167532145977,
        53.86130318976939,
        384.79999999999995
      ],
      [
        -2.0472044963389635,
        53.861312326043844,
        384.6
      ],
      [
        -2.0473205018788576,
        53.86135758832097,
        383.79999999999995
      ],
      [
        -2.0474443025887012,
        53.86141953058541,
        382.79999999999995
      ],
      [
        -2.047458468005061,
        53.861424727365375,
        382.79999999999995
      ],
      [
        -2.047516889870167,
        53.86145339347422,
        382.6
      ],
      [
        -2.0475405268371105,
        53.86145917698741,
        382.4
      ],
      [
        -2.047643708065152,
        53.86151935905218,
        381.6
      ],
      [
        -2.0476518385112286,
        53.86153193190694,
        381.4
      ],
      [
        -2.0476616453379393,
        53.8616100512445,
        380.6
      ],
      [
        -2.0476622320711613,
        53.86161734350026,
        380.4
      ],
      [
        -2.047654939815402,
        53.86168800294399,
        379.79999999999995
      ],
      [
        -2.047659633681178,
        53.861719854176044,
        379.4
      ],
      [
        -2.047673212364316,
        53.86174365878105,
        379
      ],
      [
        -2.0477510802447796,
        53.86179327964783,
        378.4
      ],
      [
        -2.0477862842381,
        53.86181800626218,
        378.20000000000005
      ],
      [
        -2.047818135470152,
        53.86184524744749,
        377.79999999999995
      ],
      [
        -2.047844873741269,
        53.86187802068889,
        377.4
      ],
      [
        -2.047852585092187,
        53.861911464482546,
        377.4
      ],
      [
        -2.0478694327175617,
        53.861933927983046,
        377.20000000000005
      ],
      [
        -2.0478747971355915,
        53.861976424232125,
        376.79999999999995
      ],
      [
        -2.0478797424584627,
        53.86199905537069,
        376.20000000000005
      ],
      [
        -2.047871444374323,
        53.862012634053826,
        376
      ],
      [
        -2.047861637547612,
        53.862034007906914,
        375.79999999999995
      ],
      [
        -2.0478493999689817,
        53.862057477235794,
        375.6
      ],
      [
        -2.0478576980531216,
        53.86207834817469,
        375.4
      ],
      [
        -2.047867001965642,
        53.86210852302611,
        375.20000000000005
      ],
      [
        -2.047864906489849,
        53.86214783415198,
        374.79999999999995
      ],
      [
        -2.047849902883172,
        53.862203657627106,
        374.20000000000005
      ],
      [
        -2.047863733023405,
        53.862211955711246,
        374.20000000000005
      ],
      [
        -2.0478657446801662,
        53.862221175804734,
        374
      ],
      [
        -2.047852333635092,
        53.86226937174797,
        373.20000000000005
      ],
      [
        -2.047842526808381,
        53.862279430031776,
        373
      ],
      [
        -2.04777505248785,
        53.86233625933528,
        372
      ],
      [
        -2.047747978940606,
        53.86240893043578,
        371
      ],
      [
        -2.047747978940606,
        53.86240893043578,
        371
      ],
      [
        -2.0477060694247484,
        53.862459640949965,
        370.6
      ],
      [
        -2.047697938978672,
        53.86249073781073,
        369.79999999999995
      ],
      [
        -2.0476963464170694,
        53.86248939670622,
        369.6
      ],
      [
        -2.0476786606013775,
        53.862504567950964,
        369.4
      ],
      [
        -2.0476400200277567,
        53.862541783601046,
        369.20000000000005
      ],
      [
        -2.047615544870496,
        53.86256005614996,
        368.79999999999995
      ],
      [
        -2.0476033072918653,
        53.862581346184015,
        368.4
      ],
      [
        -2.0475914049893618,
        53.86258838698268,
        368.4
      ],
      [
        -2.0475665107369423,
        53.86262568645179,
        368.20000000000005
      ],
      [
        -2.047563660889864,
        53.86267254129052,
        367.6
      ],
      [
        -2.0475613977760077,
        53.862683940678835,
        367.6
      ],
      [
        -2.0474963542073965,
        53.86273439973593,
        366.79999999999995
      ],
      [
        -2.047461736947298,
        53.86276742443442,
        366.6
      ],
      [
        -2.047457881271839,
        53.86277941055596,
        366.6
      ],
      [
        -2.047454444691539,
        53.862792402505875,
        366.6
      ],
      [
        -2.0474707894027233,
        53.86285711079836,
        366.20000000000005
      ],
      [
        -2.0474825240671635,
        53.86294411495328,
        365.79999999999995
      ],
      [
        -2.047477327287197,
        53.86297630146146,
        365.6
      ],
      [
        -2.047450505197048,
        53.863035310059786,
        365
      ],
      [
        -2.04743348993361,
        53.86307403445244,
        364.4
      ],
      [
        -2.04742812551558,
        53.86309649795294,
        364
      ],
      [
        -2.0474307239055634,
        53.863161792978644,
        363.4
      ],
      [
        -2.0474365074187517,
        53.863176042214036,
        363.20000000000005
      ],
      [
        -2.0474833622574806,
        53.86324569582939,
        362.4
      ],
      [
        -2.04749065451324,
        53.863256592303514,
        362.20000000000005
      ],
      [
        -2.0475499983876944,
        53.86330663226545,
        361.6
      ],
      [
        -2.047558380290866,
        53.86331794783473,
        361.6
      ],
      [
        -2.047576317563653,
        53.86335172690451,
        361.20000000000005
      ],
      [
        -2.04759132117033,
        53.86339128948748,
        360.6
      ],
      [
        -2.0476153772324324,
        53.86344292201102,
        360.20000000000005
      ],
      [
        -2.047644378617406,
        53.86347904801369,
        360
      ],
      [
        -2.047734148800373,
        53.863555239513516,
        359
      ],
      [
        -2.0477561093866825,
        53.863578625023365,
        358.4
      ],
      [
        -2.047809502109885,
        53.86363696306944,
        358
      ],
      [
        -2.047835821285844,
        53.86365607380867,
        358
      ],
      [
        -2.0479045528918505,
        53.86373092420399,
        357.4
      ],
      [
        -2.047941265627742,
        53.8637563213706,
        357
      ],
      [
        -2.047995161265135,
        53.86379236355424,
        356.20000000000005
      ],
      [
        -2.0480882842093706,
        53.86385983787477,
        356
      ],
      [
        -2.048100186511874,
        53.863871823996305,
        355.79999999999995
      ],
      [
        -2.0481296069920063,
        53.8639188464731,
        355.79999999999995
      ],
      [
        -2.0481634698808193,
        53.86397986672819,
        355.4
      ],
      [
        -2.0482291001826525,
        53.86404616758227,
        355.20000000000005
      ],
      [
        -2.0482659805566072,
        53.864075085148215,
        355
      ],
      [
        -2.0482797268778086,
        53.864104840904474,
        354.79999999999995
      ],
      [
        -2.048325492069125,
        53.864164017140865,
        354.20000000000005
      ],
      [
        -2.0483482908457518,
        53.86419813148677,
        353.6
      ],
      [
        -2.0483904518187046,
        53.864259235560894,
        353.4
      ],
      [
        -2.0483951456844807,
        53.86432645842433,
        352.6
      ],
      [
        -2.0483955647796392,
        53.86434942483902,
        352.6
      ],
      [
        -2.048427164554596,
        53.86446325108409,
        351.6
      ],
      [
        -2.0484479516744614,
        53.86448881588876,
        351.20000000000005
      ],
      [
        -2.0484943874180317,
        53.864563247188926,
        350.6
      ],
      [
        -2.0485027693212032,
        53.86457615531981,
        350.4
      ],
      [
        -2.048552641645074,
        53.8646527659148,
        349.4
      ],
      [
        -2.0485713332891464,
        53.86468361131847,
        349.20000000000005
      ],
      [
        -2.0485572516918182,
        53.86478478088975,
        348.6
      ],
      [
        -2.048563538119197,
        53.8647909834981,
        348.4
      ],
      [
        -2.048559682443738,
        53.86479601264,
        348.4
      ],
      [
        -2.0485471934080124,
        53.864816799759865,
        347.79999999999995
      ],
      [
        -2.048547025769949,
        53.86483599431813,
        347.20000000000005
      ],
      [
        -2.0485583413392305,
        53.86486449278891,
        346.79999999999995
      ],
      [
        -2.0485762786120176,
        53.86487999930978,
        346.20000000000005
      ],
      [
        -2.048575272783637,
        53.86487974785268,
        346.20000000000005
      ],
      [
        -2.048601759597659,
        53.86491579003632,
        346.20000000000005
      ],
      [
        -2.048595305532217,
        53.86494764126837,
        346.6
      ],
      [
        -2.0485781226307154,
        53.86496574617922,
        346.79999999999995
      ],
      [
        -2.0485660526901484,
        53.86499533429742,
        347.4
      ],
      [
        -2.048546187579632,
        53.86504235677421,
        347.79999999999995
      ],
      [
        -2.048478377982974,
        53.86511796154082,
        348.4
      ],
      [
        -2.0484246499836445,
        53.86515551246703,
        349.4
      ],
      [
        -2.048413334414363,
        53.865165738388896,
        349.6
      ],
      [
        -2.048398582264781,
        53.86517386883497,
        349.6
      ],
      [
        -2.0483790524303913,
        53.86518694460392,
        350
      ],
      [
        -2.0483451895415783,
        53.86521100066602,
        350.4
      ],
      [
        -2.0483235642313957,
        53.86521921493113,
        350.6
      ],
      [
        -2.0482750330120325,
        53.86523245833814,
        351.20000000000005
      ],
      [
        -2.048220634460449,
        53.86524251662195,
        351.20000000000005
      ],
      [
        -2.04818744212389,
        53.865273194387555,
        351.79999999999995
      ],
      [
        -2.048196494579315,
        53.86528409086168,
        352
      ],
      [
        -2.0482067205011845,
        53.86529104784131,
        352.20000000000005
      ],
      [
        -2.0482311118394136,
        53.86532189324498,
        352.79999999999995
      ],
      [
        -2.048233710229397,
        53.86533446609974,
        352.79999999999995
      ],
      [
        -2.04822457395494,
        53.865371430292726,
        353.4
      ],
      [
        -2.048218958079815,
        53.86544309556484,
        353.20000000000005
      ],
      [
        -2.048195321112871,
        53.86553244665265,
        352.6
      ],
      [
        -2.0481596142053604,
        53.86557251214981,
        352.4
      ],
      [
        -2.048161793500185,
        53.8655714225024,
        352.4
      ],
      [
        -2.0481570158153772,
        53.865575110539794,
        352.20000000000005
      ],
      [
        -2.048159446567297,
        53.86559237726033,
        352
      ],
      [
        -2.048148214817047,
        53.865609308704734,
        351.79999999999995
      ],
      [
        -2.0480815786868334,
        53.86565063148737,
        351.20000000000005
      ],
      [
        -2.048049559816718,
        53.865677285939455,
        350.79999999999995
      ],
      [
        -2.048035729676485,
        53.86568273417652,
        350.4
      ],
      [
        -2.048035729676485,
        53.86568273417652,
        350.4
      ],
      [
        -2.048035729676485,
        53.86568273417652,
        350.4
      ],
      [
        -2.048035729676485,
        53.86568273417652,
        350.4
      ],
      [
        -2.048035729676485,
        53.86568273417652,
        350.4
      ],
      [
        -2.048035729676485,
        53.86568273417652,
        350.4
      ],
      [
        -2.048035729676485,
        53.86568273417652,
        350.4
      ],
      [
        -2.048035729676485,
        53.86568273417652,
        350.4
      ],
      [
        -2.048035729676485,
        53.86568273417652,
        350.4
      ],
      [
        -2.048031622543931,
        53.86568482965231,
        350.4
      ],
      [
        -2.0480218157172203,
        53.86570536531508,
        350.4
      ],
      [
        -2.047999184578657,
        53.86572020128369,
        350.4
      ],
      [
        -2.047937661409378,
        53.86577283963561,
        349.6
      ],
      [
        -2.0479231607168913,
        53.8657820597291,
        349.20000000000005
      ],
      [
        -2.047910001128912,
        53.865807792171836,
        348.79999999999995
      ],
      [
        -2.0479009486734867,
        53.86581910774112,
        348.4
      ],
      [
        -2.047874042764306,
        53.8658407330513,
        348
      ],
      [
        -2.0478173810988665,
        53.86585875414312,
        347.4
      ],
      [
        -2.047726772725582,
        53.86589454486966,
        346.6
      ],
      [
        -2.047658460214734,
        53.86592782102525,
        346.4
      ],
      [
        -2.047631721943617,
        53.865940142422915,
        346.20000000000005
      ],
      [
        -2.0475590508431196,
        53.8660082872957,
        345.4
      ],
      [
        -2.0475188177078962,
        53.866048101335764,
        344.79999999999995
      ],
      [
        -2.047496857121587,
        53.86607928201556,
        344.20000000000005
      ],
      [
        -2.0474684424698353,
        53.86611096560955,
        343.79999999999995
      ],
      [
        -2.047452265396714,
        53.86611834168434,
        343.79999999999995
      ],
      [
        -2.047407841309905,
        53.866170812398195,
        343.20000000000005
      ],
      [
        -2.047399878501892,
        53.86618514545262,
        343
      ],
      [
        -2.04736509360373,
        53.866237197071314,
        342.4
      ],
      [
        -2.047370122745633,
        53.86627466417849,
        342.20000000000005
      ],
      [
        -2.0473749842494726,
        53.86628824286163,
        342
      ],
      [
        -2.047365680336952,
        53.866355465725064,
        341.4
      ],
      [
        -2.0473795104771852,
        53.86636510491371,
        341.20000000000005
      ],
      [
        -2.047411696985364,
        53.866387736052275,
        341.20000000000005
      ],
      [
        -2.047437932342291,
        53.86640952900052,
        340.6
      ],
      [
        -2.0474745612591505,
        53.86645495891571,
        340
      ],
      [
        -2.047507418319583,
        53.86648270301521,
        339.4
      ],
      [
        -2.0475557819008827,
        53.86650659143925,
        339
      ],
      [
        -2.0476012118160725,
        53.86653458699584,
        338.4
      ],
      [
        -2.047620238736272,
        53.86653760448098,
        338.20000000000005
      ],
      [
        -2.0476662553846836,
        53.8665609061718,
        338
      ],
      [
        -2.0476998668164015,
        53.866573395207524,
        337.79999999999995
      ],
      [
        -2.047787457704544,
        53.86662075296044,
        337.4
      ],
      [
        -2.0478285290300846,
        53.86664682067931,
        337
      ],
      [
        -2.047900026664138,
        53.86668177321553,
        336.4
      ],
      [
        -2.0479605440050364,
        53.86673432774842,
        335.79999999999995
      ],
      [
        -2.04801301471889,
        53.86677145957947,
        335.6
      ],
      [
        -2.048088200390339,
        53.86681420728564,
        335.20000000000005
      ],
      [
        -2.048096414655447,
        53.86683063581586,
        335.20000000000005
      ],
      [
        -2.0480962470173836,
        53.86684932745993,
        334.79999999999995
      ],
      [
        -2.0480915531516075,
        53.86686491779983,
        334.79999999999995
      ],
      [
        -2.048150645568967,
        53.866943875327706,
        334.20000000000005
      ],
      [
        -2.048207726329565,
        53.86700564995408,
        333.79999999999995
      ],
      [
        -2.0482275914400816,
        53.86703247204423,
        333.4
      ],
      [
        -2.0482770446687937,
        53.86707781814039,
        333.20000000000005
      ],
      [
        -2.0483503863215446,
        53.867150070145726,
        332.6
      ],
      [
        -2.0484337024390697,
        53.86725643649697,
        331.79999999999995
      ],
      [
        -2.0484661404043436,
        53.86730521917343,
        331.6
      ],
      [
        -2.0484886039048433,
        53.867343021556735,
        331.20000000000005
      ],
      [
        -2.048572087660432,
        53.86741862632334,
        330.6
      ],
      [
        -2.048619780689478,
        53.86750311590731,
        330.4
      ],
      [
        -2.0486661326140165,
        53.86760227382183,
        329.6
      ],
      [
        -2.0486737601459026,
        53.867625491693616,
        329.4
      ],
      [
        -2.048661606386304,
        53.867657259106636,
        328.79999999999995
      ],
      [
        -2.0486655458807945,
        53.867736887186766,
        328.6
      ],
      [
        -2.0486585050821304,
        53.867760272696614,
        328.4
      ],
      [
        -2.048627156764269,
        53.86779572814703,
        328
      ],
      [
        -2.0485975686460733,
        53.86781567707658,
        327.79999999999995
      ],
      [
        -2.048587091267109,
        53.867830177769065,
        327.79999999999995
      ],
      [
        -2.048574350774288,
        53.867838559672236,
        327.79999999999995
      ],
      [
        -2.0485356263816357,
        53.8678715005517,
        327.4
      ],
      [
        -2.048520790413022,
        53.867875691503286,
        327.4
      ],
      [
        -2.048515761271119,
        53.86788474395871,
        327.4
      ],
      [
        -2.048495477065444,
        53.867927407845855,
        327.6
      ],
      [
        -2.0484502986073494,
        53.86795272119343,
        327.4
      ],
      [
        -2.04842247068882,
        53.8679732568562,
        327.4
      ],
      [
        -2.048412999138236,
        53.868001168593764,
        327.4
      ],
      [
        -2.048428924754262,
        53.86801768094301,
        327.4
      ],
      [
        -2.0484231412410736,
        53.86804601177573,
        326.79999999999995
      ],
      [
        -2.048393217846751,
        53.86806746944785,
        326.6
      ],
      [
        -2.0483347959816456,
        53.86813863180578,
        326.20000000000005
      ],
      [
        -2.0483182836323977,
        53.86815975420177,
        326
      ],
      [
        -2.0483125001192093,
        53.86817400343716,
        326
      ],
      [
        -2.0483036153018475,
        53.86818582192063,
        326
      ],
      [
        -2.0482974965125322,
        53.868190767243505,
        326
      ],
      [
        -2.048295484855771,
        53.86819495819509,
        325.79999999999995
      ],
      [
        -2.0482632145285606,
        53.86823535896838,
        325.6
      ],
      [
        -2.0482529886066914,
        53.86824717745185,
        325.4
      ],
      [
        -2.048248713836074,
        53.86825446970761,
        325.20000000000005
      ],
      [
        -2.0482478756457567,
        53.868273328989744,
        325
      ],
      [
        -2.048233961686492,
        53.86833166703582,
        325
      ],
      [
        -2.048218287527561,
        53.868353292346,
        324.79999999999995
      ],
      [
        -2.048194734379649,
        53.86835756711662,
        324.4
      ],
      [
        -2.048191884532571,
        53.86836217716336,
        324.20000000000005
      ],
      [
        -2.0481866039335728,
        53.868367122486234,
        324
      ],
      [
        -2.04816497862339,
        53.86840081773698,
        323.6
      ],
      [
        -2.0481366477906704,
        53.868440547958016,
        324.20000000000005
      ],
      [
        -2.04808727838099,
        53.86849142611027,
        324.4
      ],
      [
        -2.0479959156364202,
        53.8685327488929,
        324.6
      ],
      [
        -2.0479436963796616,
        53.868602653965354,
        324
      ],
      [
        -2.0479592867195606,
        53.868606677278876,
        323.79999999999995
      ],
      [
        -2.047985354438424,
        53.86861992068589,
        323.79999999999995
      ],
      [
        -2.0479725301265717,
        53.868632493540645,
        323.79999999999995
      ],
      [
        -2.047929782420397,
        53.86865411885083,
        323.6
      ],
      [
        -2.047876976430416,
        53.86869477108121,
        323.6
      ],
      [
        -2.047861972823739,
        53.86871488764882,
        323
      ],
      [
        -2.047804808244109,
        53.868758138269186,
        322.6
      ],
      [
        -2.047769520431757,
        53.86882619932294,
        322.4
      ],
      [
        -2.0477688498795033,
        53.868869952857494,
        322
      ],
      [
        -2.0477645751088858,
        53.86887607164681,
        322
      ],
      [
        -2.0477488171309233,
        53.86888210661709,
        322
      ],
      [
        -2.047710930928588,
        53.868936002254486,
        321.79999999999995
      ],
      [
        -2.047694167122245,
        53.86894354596734,
        321.6
      ],
      [
        -2.047641444951296,
        53.86898470111191,
        321.4
      ],
      [
        -2.0476397685706615,
        53.86899475939572,
        321.4
      ],
      [
        -2.0475873816758394,
        53.86906424537301,
        321.20000000000005
      ],
      [
        -2.0475567039102316,
        53.8690819311887,
        321
      ],
      [
        -2.0475161354988813,
        53.86909609660506,
        320.79999999999995
      ],
      [
        -2.0475104358047247,
        53.86910372413695,
        320.79999999999995
      ],
      [
        -2.047431394457817,
        53.86916893534362,
        320.6
      ],
      [
        -2.0474080089479685,
        53.86921268887818,
        320.4
      ],
      [
        -2.0473920833319426,
        53.86924127116799,
        320.20000000000005
      ],
      [
        -2.047381941229105,
        53.869265327230096,
        320
      ],
      [
        -2.0473532751202583,
        53.869317630305886,
        319.4
      ],
      [
        -2.04727616161108,
        53.869393318891525,
        318.79999999999995
      ],
      [
        -2.0472680311650038,
        53.869404550641775,
        318.79999999999995
      ],
      [
        -2.047197036445141,
        53.86947847902775,
        318.4
      ],
      [
        -2.0471618324518204,
        53.86954025365412,
        317.79999999999995
      ],
      [
        -2.0471456553786993,
        53.869566237553954,
        317.6
      ],
      [
        -2.047098968178034,
        53.86963044293225,
        317
      ],
      [
        -2.047084551304579,
        53.869658606126904,
        316.79999999999995
      ],
      [
        -2.04707239754498,
        53.86968182399869,
        316.79999999999995
      ],
      [
        -2.0470519457012415,
        53.86973219923675,
        316.6
      ],
      [
        -2.0470395404845476,
        53.86975022032857,
        316.4
      ],
      [
        -2.0469874050468206,
        53.869770001620054,
        316.4
      ],
      [
        -2.0469023287296295,
        53.86977360583842,
        315.79999999999995
      ],
      [
        -2.0468796137720346,
        53.86977813206613,
        315.6
      ],
      [
        -2.046823538839817,
        53.86979288421571,
        315.6
      ],
      [
        -2.0467957947403193,
        53.86980730108917,
        315.4
      ],
      [
        -2.046752627938986,
        53.86983286589384,
        315.4
      ],
      [
        -2.046641232445836,
        53.869865303859115,
        315
      ],
      [
        -2.046537883579731,
        53.869898999109864,
        315
      ],
      [
        -2.0464228838682175,
        53.86992037296295,
        314.79999999999995
      ],
      [
        -2.046410646289587,
        53.8699263241142,
        314.79999999999995
      ],
      [
        -2.0463348738849163,
        53.86994996108115,
        314.6
      ],
      [
        -2.0463271625339985,
        53.86995172128081,
        314.79999999999995
      ],
      [
        -2.046250384300947,
        53.86996580287814,
        315
      ],
      [
        -2.0462166890501976,
        53.86996638961136,
        315.20000000000005
      ],
      [
        -2.0462166890501976,
        53.86996638961136,
        315
      ],
      [
        -2.0462296810001135,
        53.869967395439744,
        315.20000000000005
      ],
      [
        -2.0462264958769083,
        53.86996605433524,
        315.20000000000005
      ],
      [
        -2.046183915808797,
        53.86995993554592,
        315
      ],
      [
        -2.0461406651884317,
        53.869961528107524,
        314.6
      ],
      [
        -2.0460588578134775,
        53.86996236629784,
        314.20000000000005
      ],
      [
        -2.0459717698395252,
        53.86998080648482,
        313.79999999999995
      ],
      [
        -2.045934470370412,
        53.870059764012694,
        313.79999999999995
      ],
      [
        -2.045973865315318,
        53.8701647054404,
        313
      ],
      [
        -2.045972691848874,
        53.87019236572087,
        312.6
      ],
      [
        -2.045963890850544,
        53.87025782838464,
        312.20000000000005
      ],
      [
        -2.0459312852472067,
        53.87031021527946,
        311.6
      ],
      [
        -2.045904127880931,
        53.87032873928547,
        311.4
      ],
      [
        -2.045874120667577,
        53.87035044841468,
        311.20000000000005
      ],
      [
        -2.0458079036325216,
        53.87040409259498,
        310.6
      ],
      [
        -2.0458002761006355,
        53.87041490525007,
        310.4
      ],
      [
        -2.0457408484071493,
        53.87050224468112,
        309.79999999999995
      ],
      [
        -2.0457270182669163,
        53.87053158134222,
        309.4
      ],
      [
        -2.0457022078335285,
        53.87055840343237,
        309
      ],
      [
        -2.04565049149096,
        53.870604587718844,
        308.20000000000005
      ],
      [
        -2.0456394273787737,
        53.87061456218362,
        308
      ],
      [
        -2.0455903094261885,
        53.87067373842001,
        307.20000000000005
      ],
      [
        -2.045574886724353,
        53.87068287469447,
        307.20000000000005
      ],
      [
        -2.045493246987462,
        53.87072746641934,
        306.6
      ],
      [
        -2.045429041609168,
        53.87076795101166,
        306.20000000000005
      ],
      [
        -2.0454151276499033,
        53.87077507562935,
        306
      ],
      [
        -2.0453831925988197,
        53.87078077532351,
        305.79999999999995
      ],
      [
        -2.045344216749072,
        53.87079351581633,
        305.79999999999995
      ],
      [
        -2.0453450549393892,
        53.8707987125963,
        306
      ],
      [
        -2.045344887301326,
        53.870812291279435,
        306
      ],
      [
        -2.045303648337722,
        53.8708381075412,
        305.79999999999995
      ],
      [
        -2.0451966114342213,
        53.87090843170881,
        305.4
      ],
      [
        -2.045143051072955,
        53.87092838063836,
        305.20000000000005
      ],
      [
        -2.0451045781373978,
        53.870962327346206,
        305
      ],
      [
        -2.045008186250925,
        53.87102074921131,
        304
      ],
      [
        -2.0449047535657883,
        53.871071292087436,
        303.4
      ],
      [
        -2.044853288680315,
        53.87109928764403,
        303
      ],
      [
        -2.0447889994829893,
        53.87113398872316,
        302.79999999999995
      ],
      [
        -2.0447748340666294,
        53.87115402147174,
        302.6
      ],
      [
        -2.0447606686502695,
        53.87117103673518,
        302.6
      ],
      [
        -2.0447294879704714,
        53.871186124160886,
        302.4
      ],
      [
        -2.0446855667978525,
        53.871210934594274,
        302
      ],
      [
        -2.044648602604866,
        53.87125074863434,
        301.79999999999995
      ],
      [
        -2.0446225348860025,
        53.87131872586906,
        300.79999999999995
      ],
      [
        -2.044618846848607,
        53.87132744304836,
        300.6
      ],
      [
        -2.0446177572011948,
        53.87137295678258,
        300.20000000000005
      ],
      [
        -2.0446128956973553,
        53.871406987309456,
        299.79999999999995
      ],
      [
        -2.0446360297501087,
        53.871429869905114,
        299.4
      ],
      [
        -2.0446364488452673,
        53.87145426124334,
        299.20000000000005
      ],
      [
        -2.0446221996098757,
        53.87152165174484,
        298.6
      ],
      [
        -2.044616499915719,
        53.87154805473983,
        298.4
      ],
      [
        -2.0445922762155533,
        53.87158552184701,
        298
      ],
      [
        -2.0445763505995274,
        53.87159440666437,
        298
      ],
      [
        -2.044532932341099,
        53.87162231840193,
        297.6
      ],
      [
        -2.0445029251277447,
        53.87165643274784,
        297
      ],
      [
        -2.0444811321794987,
        53.871695660054684,
        296.79999999999995
      ],
      [
        -2.0444738399237394,
        53.87171879410744,
        296.4
      ],
      [
        -2.0444497000426054,
        53.87176631949842,
        295.79999999999995
      ],
      [
        -2.044437462463975,
        53.87177696451545,
        295.4
      ],
      [
        -2.0443824771791697,
        53.87183329090476,
        294.6
      ],
      [
        -2.0443713292479515,
        53.87184309773147,
        294.4
      ],
      [
        -2.044314919039607,
        53.87186271138489,
        294
      ],
      [
        -2.0442777033895254,
        53.87189640663564,
        293.6
      ],
      [
        -2.044242164120078,
        53.87191593647003,
        293.6
      ],
      [
        -2.044203858822584,
        53.87193110771477,
        293.4
      ],
      [
        -2.0441920403391123,
        53.87193689122796,
        293.20000000000005
      ],
      [
        -2.044137390330434,
        53.87197494506836,
        292.20000000000005
      ],
      [
        -2.0440942235291004,
        53.87199489399791,
        291.4
      ],
      [
        -2.0440770406275988,
        53.87199782766402,
        291.20000000000005
      ],
      [
        -2.0440258271992207,
        53.87203210964799,
        291
      ],
      [
        -2.044014595448971,
        53.87203646823764,
        290.79999999999995
      ],
      [
        -2.044014595448971,
        53.87203646823764,
        290.79999999999995
      ],
      [
        -2.0439973287284374,
        53.87204476632178,
        290.79999999999995
      ],
      [
        -2.0439988374710083,
        53.872059686109424,
        290.6
      ],
      [
        -2.0439984183758497,
        53.87210553511977,
        290.20000000000005
      ],
      [
        -2.043995065614581,
        53.872115425765514,
        290
      ],
      [
        -2.043986013159156,
        53.87214836664498,
        289.4
      ],
      [
        -2.043990036472678,
        53.872151551768184,
        289.20000000000005
      ],
      [
        -2.043995149433613,
        53.872156077995896,
        289
      ],
      [
        -2.043993640691042,
        53.872161861509085,
        289
      ],
      [
        -2.0439987536519766,
        53.872164292261004,
        288.6
      ],
      [
        -2.0439985021948814,
        53.87216395698488,
        288.6
      ],
      [
        -2.0440062135457993,
        53.87216563336551,
        288.6
      ],
      [
        -2.043999759480357,
        53.87216890230775,
        288.4
      ],
      [
        -2.0440430101007223,
        53.87218834832311,
        288.4
      ],
      [
        -2.0440976601094007,
        53.87219974771142,
        288.20000000000005
      ],
      [
        -2.044139401987195,
        53.872218020260334,
        287.79999999999995
      ],
      [
        -2.044151220470667,
        53.87222749181092,
        287.79999999999995
      ],
      [
        -2.0442799665033817,
        53.87224819511175,
        287
      ],
      [
        -2.0443141646683216,
        53.872254732996225,
        286.79999999999995
      ],
      [
        -2.044438887387514,
        53.87227099388838,
        286
      ],
      [
        -2.044538212940097,
        53.8722766097635,
        285.6
      ],
      [
        -2.0445901807397604,
        53.872284572571516,
        285
      ],
      [
        -2.044622953981161,
        53.872290439903736,
        284.6
      ],
      [
        -2.0446867402642965,
        53.8723320979625,
        283.6
      ],
      [
        -2.0446996483951807,
        53.872339725494385,
        283.4
      ],
      [
        -2.0447421446442604,
        53.87235942296684,
        282.79999999999995
      ],
      [
        -2.0447940286248922,
        53.8723699003458,
        282.20000000000005
      ],
      [
        -2.0448152348399162,
        53.872373001649976,
        282
      ],
      [
        -2.044842056930065,
        53.87238347902894,
        281.79999999999995
      ],
      [
        -2.0448617544025183,
        53.87238901108503,
        281.6
      ],
      [
        -2.044898383319378,
        53.872396470978856,
        281.4
      ],
      [
        -2.0449200086295605,
        53.87240024283528,
        281
      ],
      [
        -2.044961079955101,
        53.87240309268236,
        280.6
      ],
      [
        -2.045012628659606,
        53.87240359559655,
        280
      ],
      [
        -2.0450160652399063,
        53.8724063616246,
        279.6
      ],
      [
        -2.0450160652399063,
        53.8724063616246,
        279.20000000000005
      ],
      [
        -2.0450227707624435,
        53.872403260320425,
        279.20000000000005
      ],
      [
        -2.0450614113360643,
        53.8723958004266,
        279.20000000000005
      ],
      [
        -2.045070631429553,
        53.87239311821759,
        279
      ],
      [
        -2.0451735612004995,
        53.87240351177752,
        278.4
      ],
      [
        -2.045239694416523,
        53.872434021905065,
        277.79999999999995
      ],
      [
        -2.045244053006172,
        53.87243276461959,
        277.4
      ],
      [
        -2.0452598948031664,
        53.87242999859154,
        277.20000000000005
      ],
      [
        -2.0453060790896416,
        53.87243234552443,
        277.20000000000005
      ],
      [
        -2.0453317277133465,
        53.872440392151475,
        276.79999999999995
      ],
      [
        -2.0453528501093388,
        53.87243829667568,
        276
      ],
      [
        -2.0453534368425608,
        53.87242798693478,
        275.79999999999995
      ],
      [
        -2.0453499164432287,
        53.872422287240624,
        275.79999999999995
      ],
      [
        -2.045359890908003,
        53.87242362834513,
        275.6
      ],
      [
        -2.045407248660922,
        53.8724322617054,
        274.79999999999995
      ],
      [
        -2.045439016073942,
        53.87243879958987,
        273.79999999999995
      ],
      [
        -2.0454457215964794,
        53.872442403808236,
        273.6
      ],
      [
        -2.045489475131035,
        53.87243879958987,
        272.6
      ],
      [
        -2.045538006350398,
        53.87243519537151,
        271.4
      ],
      [
        -2.0455494057387114,
        53.87243527919054,
        271.20000000000005
      ],
      [
        -2.045582262799144,
        53.87243100441992,
        270.6
      ],
      [
        -2.045601960271597,
        53.87242647819221,
        270.20000000000005
      ],
      [
        -2.0456308778375387,
        53.8724217005074,
        269.79999999999995
      ],
      [
        -2.04567639157176,
        53.872409546747804,
        269
      ],
      [
        -2.0457106735557318,
        53.87240921147168,
        268.6
      ],
      [
        -2.045795666053891,
        53.8724063616246,
        268
      ],
      [
        -2.0458312891423702,
        53.872399404644966,
        267.6
      ],
      [
        -2.045886693522334,
        53.87241625227034,
        266.79999999999995
      ],
      [
        -2.045940002426505,
        53.87243854813278,
        266.20000000000005
      ],
      [
        -2.0459761284291744,
        53.8724476005882,
        265.6
      ],
      [
        -2.0460267551243305,
        53.87245967052877,
        265
      ],
      [
        -2.0460917986929417,
        53.872467800974846,
        264.4
      ],
      [
        -2.0461515616625547,
        53.87246268801391,
        263.79999999999995
      ],
      [
        -2.04619481228292,
        53.872442319989204,
        263.4
      ],
      [
        -2.0462122466415167,
        53.87243460863829,
        263.4
      ],
      [
        -2.0462314411997795,
        53.8724322617054,
        263.4
      ],
      [
        -2.0463378075510263,
        53.87240971438587,
        262.4
      ],
      [
        -2.0463515538722277,
        53.87240258976817,
        262.20000000000005
      ],
      [
        -2.0464124903082848,
        53.87238825671375,
        261.20000000000005
      ],
      [
        -2.046425146982074,
        53.872382221743464,
        261
      ],
      [
        -2.0464388094842434,
        53.87236244045198,
        260.20000000000005
      ],
      [
        -2.0464440062642097,
        53.872364703565836,
        259.79999999999995
      ],
      [
        -2.0464782882481813,
        53.87236537411809,
        259.20000000000005
      ],
      [
        -2.0465038530528545,
        53.87236353009939,
        258.4
      ],
      [
        -2.0465636160224676,
        53.872347604483366,
        258.4
      ],
      [
        -2.0465856604278088,
        53.87236353009939,
        258.4
      ],
      [
        -2.046648859977722,
        53.87241088785231,
        258.79999999999995
      ],
      [
        -2.046697810292244,
        53.872445253655314,
        260
      ],
      [
        -2.046718765050173,
        53.87246101163328,
        260.20000000000005
      ],
      [
        -2.046800572425127,
        53.87248506769538,
        260.4
      ],
      [
        -2.046920182183385,
        53.872509710490704,
        260.4
      ],
      [
        -2.0469591580331326,
        53.87253552675247,
        260.4
      ],
      [
        -2.0470907539129257,
        53.87257743626833,
        259.4
      ],
      [
        -2.047109277918935,
        53.872583555057645,
        259.20000000000005
      ],
      [
        -2.0472333300858736,
        53.872597301378846,
        259.20000000000005
      ],
      [
        -2.047305917367339,
        53.8725926913321,
        259.20000000000005
      ],
      [
        -2.0473376009613276,
        53.87261406518519,
        259
      ],
      [
        -2.047427538782358,
        53.87267072685063,
        259.4
      ],
      [
        -2.0475861243903637,
        53.87271825224161,
        258.79999999999995
      ],
      [
        -2.047681426629424,
        53.87274842709303,
        258.20000000000005
      ],
      [
        -2.0476810913532972,
        53.872754629701376,
        258
      ],
      [
        -2.0476821810007095,
        53.87275471352041,
        258
      ],
      [
        -2.0476561971008778,
        53.872757563367486,
        258
      ],
      [
        -2.0476769004017115,
        53.87278857640922,
        257.4
      ],
      [
        -2.047701124101877,
        53.87279746122658,
        257.20000000000005
      ],
      [
        -2.0477216597646475,
        53.872806346043944,
        257.20000000000005
      ],
      [
        -2.0477617252618074,
        53.87280768714845,
        257.4
      ],
      [
        -2.0478038024157286,
        53.87283056974411,
        257
      ],
      [
        -2.047813693061471,
        53.87283442541957,
        256.79999999999995
      ],
      [
        -2.0478262659162283,
        53.872833754867315,
        256.6
      ],
      [
        -2.0478350669145584,
        53.87284222058952,
        256.6
      ],
      [
        -2.0478835981339216,
        53.87284364551306,
        258
      ],
      [
        -2.04789231531322,
        53.87284372933209,
        258.20000000000005
      ],
      [
        -2.047928273677826,
        53.87285102158785,
        258.79999999999995
      ],
      [
        -2.047937996685505,
        53.872855715453625,
        259.20000000000005
      ],
      [
        -2.0479917246848345,
        53.87288169935346,
        260
      ],
      [
        -2.0480194687843323,
        53.872894858941436,
        260.4
      ],
      [
        -2.048057606443763,
        53.8729106169194,
        261
      ],
      [
        -2.0480539184063673,
        53.87290969491005,
        261.4
      ],
      [
        -2.0480673294514418,
        53.87291849590838,
        261.4
      ],
      [
        -2.04804670996964,
        53.87289955280721,
        261.4
      ],
      [
        -2.048065485432744,
        53.87294389307499,
        261.20000000000005
      ],
      [
        -2.04809314571321,
        53.87298605404794,
        261.20000000000005
      ],
      [
        -2.0481296069920063,
        53.87301731854677,
        261
      ],
      [
        -2.0482375659048557,
        53.87307716533542,
        260.79999999999995
      ],
      [
        -2.048294898122549,
        53.87310507707298,
        261
      ],
      [
        -2.04831694252789,
        53.87311681173742,
        261.4
      ],
      [
        -2.048372346907854,
        53.8731455616653,
        262.20000000000005
      ],
      [
        -2.048388523980975,
        53.87315293774009,
        262.4
      ],
      [
        -2.048415429890156,
        53.873166013509035,
        262.6
      ],
      [
        -2.0484844129532576,
        53.87318629771471,
        263.4
      ],
      [
        -2.048504278063774,
        53.8731936737895,
        263.6
      ],
      [
        -2.048555826768279,
        53.873213371261954,
        264.20000000000005
      ],
      [
        -2.048570578917861,
        53.87321865186095,
        264.4
      ],
      [
        -2.0485856663435698,
        53.87322586029768,
        264.6
      ],
      [
        -2.048665378242731,
        53.87325427494943,
        265.20000000000005
      ],
      [
        -2.0487091317772865,
        53.873274978250265,
        265.79999999999995
      ],
      [
        -2.048750286921859,
        53.87329216115177,
        266.20000000000005
      ],
      [
        -2.0488222874701023,
        53.87331345118582,
        267
      ],
      [
        -2.048838883638382,
        53.87331806123257,
        267
      ],
      [
        -2.048906357958913,
        53.8733353279531,
        268
      ],
      [
        -2.0489216968417168,
        53.87333985418081,
        268.20000000000005
      ],
      [
        -2.0489824656397104,
        53.873362904414535,
        269.20000000000005
      ],
      [
        -2.0490478444844484,
        53.87339006178081,
        270.20000000000005
      ],
      [
        -2.0490762591362,
        53.87339542619884,
        270.20000000000005
      ],
      [
        -2.049186732620001,
        53.87342719361186,
        271.20000000000005
      ],
      [
        -2.049207016825676,
        53.87343104928732,
        271.20000000000005
      ],
      [
        -2.0493125449866056,
        53.87344479560852,
        271.6
      ],
      [
        -2.049441961571574,
        53.8734405208379,
        272.4
      ],
      [
        -2.0494577195495367,
        53.87343993410468,
        272.4
      ],
      [
        -2.049577748402953,
        53.873417219147086,
        273.4
      ],
      [
        -2.0495935901999474,
        53.87341353110969,
        273.4
      ],
      [
        -2.049687970429659,
        53.873390313237906,
        274
      ],
      [
        -2.0497075840830803,
        53.87338913977146,
        274.20000000000005
      ],
      [
        -2.049728622660041,
        53.87338863685727,
        274.4
      ],
      [
        -2.0497422013431787,
        53.87338796630502,
        274.4
      ],
      [
        -2.049825517460704,
        53.873373717069626,
        274.6
      ],
      [
        -2.049920652061701,
        53.87335343286395,
        275.4
      ],
      [
        -2.0499312970787287,
        53.87334966100752,
        275.6
      ],
      [
        -2.050004303455353,
        53.87332795187831,
        276.20000000000005
      ],
      [
        -2.050031293183565,
        53.87331672012806,
        276.6
      ],
      [
        -2.0500535890460014,
        53.8733163010329,
        276.6
      ],
      [
        -2.0500786509364843,
        53.873316468670964,
        276.79999999999995
      ],
      [
        -2.050173869356513,
        53.87330540455878,
        277.6
      ],
      [
        -2.050195997580886,
        53.873304314911366,
        277.79999999999995
      ],
      [
        -2.0502908807247877,
        53.873295513913035,
        278.6
      ],
      [
        -2.050365647301078,
        53.87329475954175,
        278.79999999999995
      ],
      [
        -2.050421554595232,
        53.87328947894275,
        279
      ],
      [
        -2.0504995062947273,
        53.87328453361988,
        279.79999999999995
      ],
      [
        -2.050516689196229,
        53.87328436598182,
        280
      ],
      [
        -2.0506519731134176,
        53.87327170930803,
        280.79999999999995
      ],
      [
        -2.050795555114746,
        53.87326743453741,
        281.20000000000005
      ],
      [
        -2.050907788798213,
        53.87326827272773,
        281.79999999999995
      ],
      [
        -2.0509296655654907,
        53.873267602175474,
        281.79999999999995
      ],
      [
        -2.050965540111065,
        53.873271038755774,
        281.79999999999995
      ],
      [
        -2.051042318344116,
        53.87326785363257,
        282.20000000000005
      ],
      [
        -2.051157569512725,
        53.87325863353908,
        282.6
      ],
      [
        -2.051316574215889,
        53.87325561605394,
        282.79999999999995
      ],
      [
        -2.0513543765991926,
        53.87325461022556,
        282.79999999999995
      ],
      [
        -2.0514443144202232,
        53.87325896881521,
        282.79999999999995
      ],
      [
        -2.051572557538748,
        53.873297441750765,
        282.6
      ],
      [
        -2.0517230965197086,
        53.873365418985486,
        282
      ],
      [
        -2.051821667701006,
        53.873413782566786,
        281.79999999999995
      ],
      [
        -2.05188880674541,
        53.87345275841653,
        281.4
      ],
      [
        -2.0519904792308807,
        53.87349475175142,
        280.79999999999995
      ],
      [
        -2.0520615577697754,
        53.87352241203189,
        280.4
      ],
      [
        -2.052246294915676,
        53.87358829379082,
        280
      ],
      [
        -2.0524379052221775,
        53.87365333735943,
        279.6
      ],
      [
        -2.052612081170082,
        53.87370287440717,
        279.6
      ],
      [
        -2.0527333673089743,
        53.873728439211845,
        279.4
      ],
      [
        -2.052833614870906,
        53.87378686107695,
        279.6
      ],
      [
        -2.0528611075133085,
        53.87380085885525,
        279.4
      ],
      [
        -2.0529497042298317,
        53.87384092435241,
        279
      ],
      [
        -2.053013825789094,
        53.87386984191835,
        278.79999999999995
      ],
      [
        -2.053119521588087,
        53.873910745605826,
        278.79999999999995
      ],
      [
        -2.053146008402109,
        53.87393035925925,
        278.6
      ],
      [
        -2.0531754288822412,
        53.87394653633237,
        278.6
      ],
      [
        -2.0533458329737186,
        53.87402314692736,
        278.4
      ],
      [
        -2.053502071648836,
        53.874081736430526,
        277.6
      ],
      [
        -2.0535234455019236,
        53.874089447781444,
        277.6
      ],
      [
        -2.0536218490451574,
        53.87413169257343,
        277.4
      ],
      [
        -2.0537531096488237,
        53.87416371144354,
        276.6
      ],
      [
        -2.0537738129496574,
        53.874168153852224,
        276.4
      ],
      [
        -2.053957460448146,
        53.87421006336808,
        275.79999999999995
      ],
      [
        -2.0540002919733524,
        53.87421375140548,
        275.4
      ],
      [
        -2.054135659709573,
        53.87423194013536,
        274.79999999999995
      ],
      [
        -2.0543189719319344,
        53.87419983744621,
        274.4
      ],
      [
        -2.054444784298539,
        53.874145187437534,
        275.20000000000005
      ],
      [
        -2.054557269439101,
        53.874090956524014,
        276.4
      ],
      [
        -2.0545948203653097,
        53.87407310307026,
        276.79999999999995
      ],
      [
        -2.0546983368694782,
        53.874047957360744,
        276.4
      ],
      [
        -2.0548012666404247,
        53.8740607816726,
        275.4
      ],
      [
        -2.05488164909184,
        53.87409967370331,
        274.20000000000005
      ],
      [
        -2.0549194514751434,
        53.874130602926016,
        274
      ],
      [
        -2.054971419274807,
        53.87418055906892,
        273.20000000000005
      ],
      [
        -2.0549857523292303,
        53.87420469895005,
        273.20000000000005
      ],
      [
        -2.0549938827753067,
        53.87421911582351,
        273.20000000000005
      ],
      [
        -2.054980807006359,
        53.87424920685589,
        273.20000000000005
      ],
      [
        -2.0549235586076975,
        53.874309388920665,
        273.4
      ],
      [
        -2.0548036973923445,
        53.87442413717508,
        273
      ],
      [
        -2.0547176152467728,
        53.874539053067565,
        273
      ],
      [
        -2.054646033793688,
        53.874628404155374,
        273.20000000000005
      ],
      [
        -2.0545018650591373,
        53.87472974136472,
        273.6
      ],
      [
        -2.0543969236314297,
        53.874803921207786,
        274.4
      ],
      [
        -2.054282510653138,
        53.87488782405853,
        274.79999999999995
      ],
      [
        -2.0542047265917063,
        53.8749672845006,
        275.4
      ],
      [
        -2.054194752126932,
        53.874978348612785,
        275.4
      ],
      [
        -2.0541793294250965,
        53.875040877610445,
        275.79999999999995
      ],
      [
        -2.0541704446077347,
        53.875161074101925,
        276.20000000000005
      ],
      [
        -2.0541675109416246,
        53.87519066222012,
        276.4
      ],
      [
        -2.0541530940681696,
        53.87529166415334,
        276.79999999999995
      ],
      [
        -2.054105903953314,
        53.87539098970592,
        277.20000000000005
      ],
      [
        -2.054089307785034,
        53.875424433499575,
        277.4
      ],
      [
        -2.0540462248027325,
        53.87550540268421,
        277.6
      ],
      [
        -2.0539893954992294,
        53.87561520561576,
        278.20000000000005
      ],
      [
        -2.0539686921983957,
        53.8756494037807,
        278.4
      ],
      [
        -2.0539323147386312,
        53.875722493976355,
        279
      ],
      [
        -2.0538992900401354,
        53.87581218034029,
        279.6
      ],
      [
        -2.0538947638124228,
        53.87582492083311,
        279.6
      ],
      [
        -2.05386727117002,
        53.875908236950636,
        280.20000000000005
      ],
      [
        -2.053851094096899,
        53.87596515007317,
        280.6
      ],
      [
        -2.0538229309022427,
        53.87604678981006,
        281.20000000000005
      ],
      [
        -2.053799880668521,
        53.87609448283911,
        281.6
      ],
      [
        -2.053779009729624,
        53.876132955774665,
        282
      ],
      [
        -2.0537570491433144,
        53.87619338929653,
        282.79999999999995
      ],
      [
        -2.053755959495902,
        53.87620520778,
        282.79999999999995
      ],
      [
        -2.053708517923951,
        53.87629405595362,
        283.6
      ],
      [
        -2.053700890392065,
        53.876326996833086,
        283.79999999999995
      ],
      [
        -2.053696196526289,
        53.876380221918225,
        284.4
      ],
      [
        -2.0536719728261232,
        53.876438895240426,
        284.6
      ],
      [
        -2.053645486012101,
        53.8764816429466,
        284.20000000000005
      ],
      [
        -2.0536571368575096,
        53.87647585943341,
        284.20000000000005
      ],
      [
        -2.0536521077156067,
        53.876479882746935,
        284.20000000000005
      ],
      [
        -2.0536459051072598,
        53.876491617411375,
        284
      ],
      [
        -2.0536429714411497,
        53.87653101235628,
        284
      ],
      [
        -2.053643222898245,
        53.87654358521104,
        283.79999999999995
      ],
      [
        -2.053659316152334,
        53.87658507563174,
        283.6
      ],
      [
        -2.0536604896187782,
        53.876642575487494,
        283.4
      ],
      [
        -2.0536439772695303,
        53.876665122807026,
        283.20000000000005
      ],
      [
        -2.053636098280549,
        53.87669957242906,
        282.6
      ],
      [
        -2.05361220985651,
        53.876752965152264,
        282.20000000000005
      ],
      [
        -2.053590500727296,
        53.87682655826211,
        281.6
      ],
      [
        -2.0535816997289658,
        53.87687441892922,
        281.4
      ],
      [
        -2.0535568054765463,
        53.87694826349616,
        280.4
      ],
      [
        -2.0535505190491676,
        53.876969553530216,
        280.20000000000005
      ],
      [
        -2.0535352639853954,
        53.877028562128544,
        279.4
      ],
      [
        -2.0535272173583508,
        53.87705286964774,
        279.20000000000005
      ],
      [
        -2.0535140577703714,
        53.87711833231151,
        278.4
      ],
      [
        -2.0535066816955805,
        53.87717893347144,
        278
      ],
      [
        -2.0534578152000904,
        53.87724590487778,
        277.20000000000005
      ],
      [
        -2.053432250395417,
        53.8772847969085,
        276.79999999999995
      ],
      [
        -2.053409032523632,
        53.8773659337312,
        276.20000000000005
      ],
      [
        -2.0534097030758858,
        53.87738948687911,
        276
      ],
      [
        -2.0533926878124475,
        53.87744941748679,
        275.4
      ],
      [
        -2.0533877424895763,
        53.877474311739206,
        275.20000000000005
      ],
      [
        -2.0533753372728825,
        53.87749853543937,
        274.79999999999995
      ],
      [
        -2.053341055288911,
        53.87757330201566,
        274
      ],
      [
        -2.053326051682234,
        53.87759869918227,
        273.79999999999995
      ],
      [
        -2.053302749991417,
        53.87769006192684,
        273
      ],
      [
        -2.0533102937042713,
        53.877695593982935,
        272.79999999999995
      ],
      [
        -2.0532996486872435,
        53.87773280963302,
        272.4
      ],
      [
        -2.053278274834156,
        53.87778284959495,
        271.6
      ],
      [
        -2.053266791626811,
        53.877831883728504,
        271
      ],
      [
        -2.053249441087246,
        53.87787136249244,
        270.4
      ],
      [
        -2.053237874060869,
        53.87790975160897,
        269.79999999999995
      ],
      [
        -2.0532292407006025,
        53.87793146073818,
        269.20000000000005
      ],
      [
        -2.0532278157770634,
        53.87792634777725,
        269
      ],
      [
        -2.0532448310405016,
        53.87796197086573,
        268.20000000000005
      ],
      [
        -2.0532327610999346,
        53.878018129616976,
        267.20000000000005
      ],
      [
        -2.053190767765045,
        53.87807638384402,
        266.4
      ],
      [
        -2.0531869120895863,
        53.87808920815587,
        266
      ],
      [
        -2.0531865768134594,
        53.87811980210245,
        265.4
      ],
      [
        -2.0531779434531927,
        53.87814939022064,
        265
      ],
      [
        -2.053172830492258,
        53.87818643823266,
        264.4
      ],
      [
        -2.053156653419137,
        53.87823572382331,
        264
      ],
      [
        -2.053153133019805,
        53.878248296678066,
        263.79999999999995
      ],
      [
        -2.053135698661208,
        53.878291714936495,
        263
      ],
      [
        -2.0531320106238127,
        53.87830261141062,
        262.79999999999995
      ],
      [
        -2.0531261432915926,
        53.87836346402764,
        261.79999999999995
      ],
      [
        -2.05310745164752,
        53.87838483788073,
        261.6
      ],
      [
        -2.05299555324018,
        53.87845231220126,
        260.79999999999995
      ],
      [
        -2.052974095568061,
        53.87849003076553,
        259.6
      ],
      [
        -2.052960768342018,
        53.878498412668705,
        259.20000000000005
      ],
      [
        -2.052896060049534,
        53.87852347455919,
        258.4
      ],
      [
        -2.0528678130358458,
        53.87853034771979,
        257.79999999999995
      ],
      [
        -2.0528590958565474,
        53.878541914746165,
        257.4
      ],
      [
        -2.0528461039066315,
        53.87854912318289,
        257.20000000000005
      ],
      [
        -2.052781730890274,
        53.87856647372246,
        256.79999999999995
      ],
      [
        -2.0527000911533833,
        53.878592289984226,
        256
      ],
      [
        -2.052658684551716,
        53.87859790585935,
        255.39999999999998
      ],
      [
        -2.052600681781769,
        53.878602264449,
        255.60000000000002
      ],
      [
        -2.052552569657564,
        53.87860628776252,
        255.39999999999998
      ],
      [
        -2.052450394257903,
        53.87862422503531,
        255.20000000000005
      ],
      [
        -2.0524301938712597,
        53.87862908653915,
        255
      ],
      [
        -2.0523138530552387,
        53.87864777818322,
        254.60000000000002
      ],
      [
        -2.0522217359393835,
        53.878717347979546,
        254.20000000000005
      ],
      [
        -2.052200697362423,
        53.8787526357919,
        254
      ],
      [
        -2.0521905552595854,
        53.87878096662462,
        253.79999999999995
      ],
      [
        -2.052194243296981,
        53.87883293442428,
        253.79999999999995
      ],
      [
        -2.0521951653063297,
        53.87885732576251,
        253.79999999999995
      ],
      [
        -2.0522029604762793,
        53.87890610843897,
        253.79999999999995
      ],
      [
        -2.0522255916148424,
        53.87900895439088,
        253.39999999999998
      ],
      [
        -2.052240176126361,
        53.879075422883034,
        253
      ],
      [
        -2.0522484742105007,
        53.879123870283365,
        252.79999999999995
      ],
      [
        -2.0522656571120024,
        53.87924096547067,
        252.79999999999995
      ],
      [
        -2.0522907190024853,
        53.879327550530434,
        252.60000000000002
      ],
      [
        -2.0523107517510653,
        53.87943919748068,
        252.39999999999998
      ],
      [
        -2.052335562184453,
        53.879524022340775,
        252.20000000000005
      ],
      [
        -2.052340842783451,
        53.879590993747115,
        252
      ],
      [
        -2.0523457881063223,
        53.879640782251954,
        251.60000000000002
      ],
      [
        -2.0523663237690926,
        53.87973725795746,
        250.79999999999995
      ],
      [
        -2.052370263263583,
        53.87975066900253,
        250.79999999999995
      ],
      [
        -2.052412759512663,
        53.87984630651772,
        249.79999999999995
      ],
      [
        -2.0524243265390396,
        53.87986524961889,
        249.39999999999998
      ],
      [
        -2.0524426829069853,
        53.87990288436413,
        248.79999999999995
      ],
      [
        -2.0524537470191717,
        53.879961809143424,
        247.60000000000002
      ],
      [
        -2.0524949859827757,
        53.88004462234676,
        246.60000000000002
      ],
      [
        -2.05251082777977,
        53.880110839381814,
        245.60000000000002
      ],
      [
        -2.052510743960738,
        53.880123579874635,
        245.20000000000005
      ],
      [
        -2.0525165274739265,
        53.8801652379334,
        244.20000000000005
      ],
      [
        -2.0525292679667473,
        53.88021066784859,
        243.20000000000005
      ],
      [
        -2.052536141127348,
        53.88025383464992,
        242.20000000000005
      ],
      [
        -2.0525398291647434,
        53.88030513189733,
        241.20000000000005
      ],
      [
        -2.052540834993124,
        53.88031586073339,
        240.79999999999995
      ],
      [
        -2.0525436010211706,
        53.88037101365626,
        239.79999999999995
      ],
      [
        -2.052546450868249,
        53.880421724170446,
        239
      ],
      [
        -2.0525489654392004,
        53.88043505139649,
        238.60000000000002
      ],
      [
        -2.0525895338505507,
        53.880524318665266,
        237.39999999999998
      ],
      [
        -2.052596490830183,
        53.88053722679615,
        237.39999999999998
      ],
      [
        -2.052644770592451,
        53.88062573969364,
        236.39999999999998
      ],
      [
        -2.052660109475255,
        53.88066999614239,
        236
      ],
      [
        -2.0527012646198273,
        53.88073084875941,
        235
      ],
      [
        -2.052724063396454,
        53.88077728450298,
        234.60000000000002
      ],
      [
        -2.052735462784767,
        53.880806704983115,
        234
      ],
      [
        -2.0527497958391905,
        53.88085816986859,
        233
      ],
      [
        -2.052756417542696,
        53.88087200000882,
        232.60000000000002
      ],
      [
        -2.0527642965316772,
        53.88091935776174,
        232
      ],
      [
        -2.0527945552021265,
        53.88098616153002,
        231.20000000000005
      ],
      [
        -2.0528103969991207,
        53.88102136552334,
        230.79999999999995
      ],
      [
        -2.0528413262218237,
        53.881071992218494,
        230
      ],
      [
        -2.0528637897223234,
        53.8810957968235,
        229.60000000000002
      ],
      [
        -2.0528849121183157,
        53.88114986009896,
        228.79999999999995
      ],
      [
        -2.052912823855877,
        53.88118078932166,
        228.60000000000002
      ],
      [
        -2.052946435287595,
        53.88121951371431,
        227.39999999999998
      ],
      [
        -2.0529755204916,
        53.881251364946365,
        226.79999999999995
      ],
      [
        -2.052984070032835,
        53.881281707435846,
        226.20000000000005
      ],
      [
        -2.0530087128281593,
        53.88131808489561,
        225.20000000000005
      ],
      [
        -2.0530148316174746,
        53.881326131522655,
        224.79999999999995
      ],
      [
        -2.053037630394101,
        53.881352534517646,
        224
      ],
      [
        -2.0530988182872534,
        53.88139142654836,
        223.20000000000005
      ],
      [
        -2.053109798580408,
        53.881399389356375,
        223
      ],
      [
        -2.053161012008786,
        53.8814290612936,
        221.79999999999995
      ],
      [
        -2.0531880017369986,
        53.881436605006456,
        221.39999999999998
      ],
      [
        -2.053203508257866,
        53.88143987394869,
        220.60000000000002
      ],
      [
        -2.0532300788909197,
        53.881441885605454,
        219.79999999999995
      ],
      [
        -2.053224127739668,
        53.88144071213901,
        219.60000000000002
      ],
      [
        -2.053223541006446,
        53.88144155032933,
        218.79999999999995
      ],
      [
        -2.053227983415127,
        53.881447250023484,
        218.60000000000002
      ],
      [
        -2.053223541006446,
        53.88144155032933,
        218.60000000000002
      ],
      [
        -2.053223541006446,
        53.88144155032933,
        218.60000000000002
      ],
      [
        -2.053223541006446,
        53.88144155032933,
        218.60000000000002
      ],
      [
        -2.053223541006446,
        53.88144155032933,
        218.60000000000002
      ],
      [
        -2.053223541006446,
        53.88144155032933,
        218.60000000000002
      ],
      [
        -2.053223541006446,
        53.88144155032933,
        218.60000000000002
      ],
      [
        -2.053223541006446,
        53.88144155032933,
        218.79999999999995
      ],
      [
        -2.053223541006446,
        53.88144155032933,
        218.79999999999995
      ],
      [
        -2.053223541006446,
        53.88144155032933,
        218.79999999999995
      ],
      [
        -2.053223541006446,
        53.88144155032933,
        218.60000000000002
      ],
      [
        -2.053223541006446,
        53.88144155032933,
        218.60000000000002
      ],
      [
        -2.053223541006446,
        53.88144155032933,
        218.39999999999998
      ],
      [
        -2.053223541006446,
        53.88144155032933,
        218.39999999999998
      ],
      [
        -2.053223541006446,
        53.88144155032933,
        218.39999999999998
      ],
      [
        -2.053223541006446,
        53.88144155032933,
        218.39999999999998
      ],
      [
        -2.053223541006446,
        53.88144155032933,
        218.39999999999998
      ],
      [
        -2.053223541006446,
        53.88144155032933,
        218.39999999999998
      ],
      [
        -2.053223541006446,
        53.88144155032933,
        218.39999999999998
      ],
      [
        -2.053232677280903,
        53.88144062831998,
        218.39999999999998
      ],
      [
        -2.0532667078077793,
        53.88144004158676,
        218.60000000000002
      ],
      [
        -2.0532843098044395,
        53.88144398108125,
        218.60000000000002
      ],
      [
        -2.0532843098044395,
        53.88144842348993,
        218.60000000000002
      ],
      [
        -2.0532864052802324,
        53.88145127333701,
        218.39999999999998
      ],
      [
        -2.0532858185470104,
        53.88144448399544,
        218.39999999999998
      ],
      [
        -2.0532858185470104,
        53.88144448399544,
        218.20000000000005
      ],
      [
        -2.053316328674555,
        53.881501983851194,
        218
      ],
      [
        -2.053320435807109,
        53.88152536936104,
        217.39999999999998
      ],
      [
        -2.0533326733857393,
        53.88154540210962,
        217.39999999999998
      ],
      [
        -2.053333092480898,
        53.881544061005116,
        217.39999999999998
      ],
      [
        -2.0533382892608643,
        53.88154758140445,
        217.39999999999998
      ],
      [
        -2.053336948156357,
        53.88154858723283,
        217.39999999999998
      ],
      [
        -2.0534060150384903,
        53.881524950265884,
        217.20000000000005
      ],
      [
        -2.0535338390618563,
        53.88150474987924,
        217
      ],
      [
        -2.0537086855620146,
        53.88148823752999,
        217.20000000000005
      ],
      [
        -2.053790744394064,
        53.881489327177405,
        217.20000000000005
      ],
      [
        -2.0537917502224445,
        53.881489327177405,
        217.39999999999998
      ],
      [
        -2.0536851324141026,
        53.88149335049093,
        217.39999999999998
      ],
      [
        -2.053445242345333,
        53.88152319006622,
        217
      ],
      [
        -2.053362177684903,
        53.88153341598809,
        217.20000000000005
      ],
      [
        -2.053362261503935,
        53.88153308071196,
        217.20000000000005
      ],
      [
        -2.0533626805990934,
        53.8815326616168,
        217.20000000000005
      ],
      [
        -2.0532849803566933,
        53.881548000499606,
        217.20000000000005
      ],
      [
        -2.0531143248081207,
        53.881585048511624,
        217.20000000000005
      ],
      [
        -2.052979711443186,
        53.88160650618374,
        217
      ],
      [
        -2.052873345091939,
        53.88162544928491,
        216.79999999999995
      ],
      [
        -2.0526187866926193,
        53.881652019917965,
        216.39999999999998
      ],
      [
        -2.052555251866579,
        53.88166157528758,
        216.39999999999998
      ],
      [
        -2.0523990131914616,
        53.88168605044484,
        216.20000000000005
      ],
      [
        -2.052376214414835,
        53.88168848119676,
        216.20000000000005
      ],
      [
        -2.0523543376475573,
        53.88169191777706,
        216.20000000000005
      ],
      [
        -2.052140263840556,
        53.88172226026654,
        215.39999999999998
      ],
      [
        -2.0518545247614384,
        53.88175796717405,
        214.60000000000002
      ],
      [
        -2.051744218915701,
        53.88176894746721,
        214.39999999999998
      ],
      [
        -2.05172267742455,
        53.881772719323635,
        214.39999999999998
      ],
      [
        -2.0516545325517654,
        53.88178965076804,
        214.20000000000005
      ],
      [
        -2.0516026485711336,
        53.88179786503315,
        214
      ],
      [
        -2.0514896605163813,
        53.8818125333637,
        213.60000000000002
      ],
      [
        -2.0514273829758167,
        53.88182275928557,
        213.39999999999998
      ],
      [
        -2.05126921646297,
        53.88184245675802,
        212.79999999999995
      ],
      [
        -2.051121946424246,
        53.88185796327889,
        212.20000000000005
      ],
      [
        -2.0509689766913652,
        53.88187564909458,
        211.79999999999995
      ],
      [
        -2.0508532226085663,
        53.88189475983381,
        211.20000000000005
      ],
      [
        -2.0508122351020575,
        53.88190339319408,
        211
      ],
      [
        -2.0506015978753567,
        53.88194555416703,
        210.39999999999998
      ],
      [
        -2.0504879392683506,
        53.88196533545852,
        210
      ],
      [
        -2.0503439381718636,
        53.88198788277805,
        209.39999999999998
      ],
      [
        -2.050236063078046,
        53.88200649060309,
        209
      ],
      [
        -2.0501059759408236,
        53.8820318877697,
        208.39999999999998
      ],
      [
        -2.0500420220196247,
        53.88204513117671,
        208
      ],
      [
        -2.049879329279065,
        53.88207069598138,
        207.39999999999998
      ],
      [
        -2.0498074125498533,
        53.882092321291566,
        206.79999999999995
      ],
      [
        -2.0497313048690557,
        53.8821111805737,
        206.60000000000002
      ],
      [
        -2.0495843701064587,
        53.88214202597737,
        205.79999999999995
      ],
      [
        -2.0495623257011175,
        53.882146049290895,
        205.79999999999995
      ],
      [
        -2.049403740093112,
        53.882189970463514,
        205
      ],
      [
        -2.0492863096296787,
        53.88221218250692,
        204.79999999999995
      ],
      [
        -2.049240544438362,
        53.88222550973296,
        204.60000000000002
      ],
      [
        -2.0490843895822763,
        53.88225778006017,
        204.60000000000002
      ],
      [
        -2.0490397978574038,
        53.88226951472461,
        204.60000000000002
      ],
      [
        -2.049018256366253,
        53.88227588497102,
        204.60000000000002
      ],
      [
        -2.048992021009326,
        53.88228359632194,
        204.60000000000002
      ],
      [
        -2.048968216404319,
        53.882290218025446,
        204.60000000000002
      ],
      [
        -2.048888672143221,
        53.88232156634331,
        204.79999999999995
      ],
      [
        -2.0487460121512413,
        53.88237537816167,
        205.60000000000002
      ],
      [
        -2.0486996602267027,
        53.88240018859506,
        205.79999999999995
      ],
      [
        -2.0486761908978224,
        53.88241938315332,
        206.20000000000005
      ],
      [
        -2.0486319344490767,
        53.882454419508576,
        206.60000000000002
      ],
      [
        -2.0486066211014986,
        53.882472440600395,
        206.79999999999995
      ],
      [
        -2.048588851466775,
        53.8824824988842,
        207
      ],
      [
        -2.048492208123207,
        53.88256195932627,
        207.79999999999995
      ],
      [
        -2.048474522307515,
        53.88257428072393,
        208
      ],
      [
        -2.0484396535903215,
        53.88260177336633,
        208.39999999999998
      ],
      [
        -2.0483627915382385,
        53.88266522437334,
        209
      ],
      [
        -2.0483494643121958,
        53.882675701752305,
        209
      ],
      [
        -2.0482234843075275,
        53.88275323435664,
        209.60000000000002
      ],
      [
        -2.0481940638273954,
        53.88280796818435,
        210
      ],
      [
        -2.0481698401272297,
        53.882831102237105,
        210.20000000000005
      ],
      [
        -2.048098761588335,
        53.88288709335029,
        210.60000000000002
      ],
      [
        -2.048005722463131,
        53.88295624405146,
        210.79999999999995
      ],
      [
        -2.047953838482499,
        53.883010894060135,
        211.20000000000005
      ],
      [
        -2.0479330513626337,
        53.883020114153624,
        211.20000000000005
      ],
      [
        -2.0478165429085493,
        53.883067136630416,
        211.60000000000002
      ],
      [
        -2.0477281138300896,
        53.88314877636731,
        211.79999999999995
      ],
      [
        -2.0476444624364376,
        53.8832164183259,
        212.20000000000005
      ],
      [
        -2.0475299656391144,
        53.883287999778986,
        212.39999999999998
      ],
      [
        -2.0473596453666687,
        53.88336787931621,
        212.39999999999998
      ],
      [
        -2.0472106151282787,
        53.8834410533309,
        212.39999999999998
      ],
      [
        -2.04708656296134,
        53.88352168723941,
        212.39999999999998
      ],
      [
        -2.0470174122601748,
        53.88357440941036,
        212.20000000000005
      ],
      [
        -2.0470016542822123,
        53.8836017344147,
        212
      ],
      [
        -2.0469926856458187,
        53.88361698947847,
        212
      ],
      [
        -2.0469617564231157,
        53.88363626785576,
        212
      ],
      [
        -2.0468840561807156,
        53.88366753235459,
        212
      ],
      [
        -2.0467848982661963,
        53.88375420123339,
        212.20000000000005
      ],
      [
        -2.0466914400458336,
        53.88383701443672,
        212.39999999999998
      ],
      [
        -2.046620026230812,
        53.883918235078454,
        212.60000000000002
      ],
      [
        -2.0465189404785633,
        53.88402258977294,
        212.39999999999998
      ],
      [
        -2.0463948883116245,
        53.88413700275123,
        212.60000000000002
      ],
      [
        -2.0462865941226482,
        53.88422627002001,
        212.79999999999995
      ],
      [
        -2.046210402622819,
        53.88431176543236,
        212.79999999999995
      ],
      [
        -2.0460685808211565,
        53.88438141904771,
        212.79999999999995
      ],
      [
        -2.0459001883864403,
        53.88439214788377,
        212.60000000000002
      ],
      [
        -2.0457626413553953,
        53.88438158668578,
        212.39999999999998
      ],
      [
        -2.0456297881901264,
        53.884379072114825,
        212.20000000000005
      ],
      [
        -2.045488804578781,
        53.88435845263302,
        211.79999999999995
      ],
      [
        -2.04535779543221,
        53.88436608016491,
        211.20000000000005
      ],
      [
        -2.0453384332358837,
        53.884367756545544,
        211
      ],
      [
        -2.04515403136611,
        53.88435836881399,
        210.39999999999998
      ],
      [
        -2.045015562325716,
        53.884357530623674,
        210
      ],
      [
        -2.044963678345084,
        53.88435308821499,
        209.79999999999995
      ],
      [
        -2.044820347800851,
        53.88434085063636,
        209.20000000000005
      ],
      [
        -2.0447485148906708,
        53.88434076681733,
        209
      ],
      [
        -2.044612392783165,
        53.88432593084872,
        208.39999999999998
      ],
      [
        -2.0445595029741526,
        53.884331211447716,
        208.20000000000005
      ],
      [
        -2.044500159099698,
        53.884327691048384,
        207.79999999999995
      ],
      [
        -2.044336376711726,
        53.88432643376291,
        207.20000000000005
      ],
      [
        -2.04419388435781,
        53.884313106536865,
        206.79999999999995
      ],
      [
        -2.0441660564392805,
        53.88431034050882,
        206.79999999999995
      ],
      [
        -2.044121716171503,
        53.88431335799396,
        206.60000000000002
      ],
      [
        -2.044010069221258,
        53.88431151397526,
        206.39999999999998
      ],
      [
        -2.0439952332526445,
        53.8843079097569,
        206.20000000000005
      ],
      [
        -2.0439280942082405,
        53.88430464081466,
        206.20000000000005
      ],
      [
        -2.04378635622561,
        53.884297935292125,
        206.20000000000005
      ],
      [
        -2.043589549139142,
        53.88428846374154,
        206
      ],
      [
        -2.0434079971164465,
        53.88427605852485,
        206
      ],
      [
        -2.043245891109109,
        53.88427463360131,
        205.79999999999995
      ],
      [
        -2.043091244995594,
        53.884258372709155,
        205.60000000000002
      ],
      [
        -2.042939029633999,
        53.884264240041375,
        205.60000000000002
      ],
      [
        -2.0427775103598833,
        53.88430321589112,
        205.20000000000005
      ],
      [
        -2.042698049917817,
        53.8843232486397,
        204.79999999999995
      ],
      [
        -2.0426113810390234,
        53.884348226711154,
        204.39999999999998
      ],
      [
        -2.0424641110002995,
        53.88437630608678,
        203.60000000000002
      ],
      [
        -2.0424260571599007,
        53.88438611291349,
        203.39999999999998
      ],
      [
        -2.0422730036079884,
        53.884431878104806,
        202.60000000000002
      ],
      [
        -2.0421175193041563,
        53.88447621837258,
        201.79999999999995
      ],
      [
        -2.042045099660754,
        53.88449499383569,
        201.39999999999998
      ],
      [
        -2.042022468522191,
        53.88451988808811,
        201.20000000000005
      ],
      [
        -2.042058175429702,
        53.88451645150781,
        201
      ],
      [
        -2.042067311704159,
        53.884515361860394,
        201
      ],
      [
        -2.042050128802657,
        53.884523659944534,
        201
      ],
      [
        -2.042068485170603,
        53.884521732106805,
        201
      ],
      [
        -2.0421411562711,
        53.88452064245939,
        201.20000000000005
      ],
      [
        -2.042175605893135,
        53.88452868908644,
        201.60000000000002
      ],
      [
        -2.0421755220741034,
        53.88454159721732,
        201.60000000000002
      ],
      [
        -2.042158842086792,
        53.884555427357554,
        201.60000000000002
      ],
      [
        -2.042165631428361,
        53.88455945067108,
        201.60000000000002
      ],
      [
        -2.0421937946230173,
        53.88456758111715,
        201.60000000000002
      ],
      [
        -2.042256910353899,
        53.88457998633385,
        201.60000000000002
      ],
      [
        -2.042283480986953,
        53.88458367437124,
        201.60000000000002
      ],
      [
        -2.042242493480444,
        53.88459817506373,
        201.60000000000002
      ],
      [
        -2.042200332507491,
        53.88458895497024,
        201.60000000000002
      ],
      [
        -2.042188262566924,
        53.88457772321999,
        201.39999999999998
      ],
      [
        -2.0421846583485603,
        53.88457411900163,
        201.39999999999998
      ],
      [
        -2.0422220416367054,
        53.884541345760226,
        201.39999999999998
      ],
      [
        -2.0421995781362057,
        53.884529108181596,
        201.39999999999998
      ],
      [
        -2.042187172919512,
        53.88452935963869,
        201.20000000000005
      ],
      [
        -2.042203852906823,
        53.884519720450044,
        201.20000000000005
      ],
      [
        -2.042203014716506,
        53.88452148064971,
        201.20000000000005
      ],
      [
        -2.0421839877963066,
        53.884525168687105,
        201.20000000000005
      ],
      [
        -2.0421702414751053,
        53.88453422114253,
        201.20000000000005
      ],
      [
        -2.042153561487794,
        53.88452743180096,
        201.20000000000005
      ],
      [
        -2.042139731347561,
        53.88454897329211,
        201.20000000000005
      ],
      [
        -2.0421395637094975,
        53.88456020504236,
        201.20000000000005
      ],
      [
        -2.042118525132537,
        53.884566156193614,
        201.39999999999998
      ],
      [
        -2.0421675592660904,
        53.884557858109474,
        201.39999999999998
      ],
      [
        -2.0421966444700956,
        53.88454235158861,
        201.39999999999998
      ],
      [
        -2.042187424376607,
        53.88455173932016,
        201.60000000000002
      ],
      [
        -2.0421823114156723,
        53.884552074596286,
        201.60000000000002
      ],
      [
        -2.0421295054256916,
        53.88454897329211,
        201.60000000000002
      ],
      [
        -2.0420794654637575,
        53.88454402796924,
        201.60000000000002
      ],
      [
        -2.042047781869769,
        53.88453430496156,
        201.20000000000005
      ],
      [
        -2.0420514699071646,
        53.88454201631248,
        200.79999999999995
      ],
      [
        -2.0420635398477316,
        53.88454494997859,
        200.79999999999995
      ],
      [
        -2.0421088859438896,
        53.884547213092446,
        200.79999999999995
      ],
      [
        -2.042117603123188,
        53.884546207264066,
        200.79999999999995
      ],
      [
        -2.0421231351792812,
        53.88454536907375,
        200.79999999999995
      ],
      [
        -2.0421062875539064,
        53.88455727137625,
        200.79999999999995
      ],
      [
        -2.0421066228300333,
        53.88455098494887,
        200.79999999999995
      ],
      [
        -2.0420989114791155,
        53.88454545289278,
        200.79999999999995
      ],
      [
        -2.042074268683791,
        53.884540842846036,
        200.79999999999995
      ],
      [
        -2.0420807227492332,
        53.88454218395054,
        200.79999999999995
      ],
      [
        -2.0421139989048243,
        53.88452575542033,
        200.79999999999995
      ],
      [
        -2.0420903619378805,
        53.884526677429676,
        200.79999999999995
      ],
      [
        -2.042093211784959,
        53.88452449813485,
        200.79999999999995
      ],
      [
        -2.0420715026557446,
        53.884533466771245,
        201
      ],
      [
        -2.042055744677782,
        53.88453464023769,
        200.79999999999995
      ],
      [
        -2.042051637545228,
        53.88454796746373,
        200.79999999999995
      ],
      [
        -2.042051972821355,
        53.88453908264637,
        201
      ],
      [
        -2.0420332811772823,
        53.8845494762063,
        201
      ],
      [
        -2.04202632419765,
        53.88454754836857,
        201
      ],
      [
        -2.042075525969267,
        53.884537825360894,
        201
      ],
      [
        -2.042071921750903,
        53.88453799299896,
        201
      ],
      [
        -2.04204635694623,
        53.88454168103635,
        201
      ],
      [
        -2.0420664735138416,
        53.88453355059028,
        201
      ],
      [
        -2.0420777052640915,
        53.884530533105135,
        201
      ],
      [
        -2.0420704130083323,
        53.88453187420964,
        201
      ],
      [
        -2.0420461893081665,
        53.88453128747642,
        201.20000000000005
      ],
      [
        -2.041983660310507,
        53.88453623279929,
        201.39999999999998
      ],
      [
        -2.0419737696647644,
        53.884531036019325,
        201
      ],
      [
        -2.042004866525531,
        53.88453665189445,
        201
      ],
      [
        -2.0420300122350454,
        53.88453455641866,
        201
      ],
      [
        -2.0420303475111723,
        53.88453355059028,
        201
      ],
      [
        -2.042003106325865,
        53.884540256112814,
        201
      ],
      [
        -2.0419954787939787,
        53.88454201631248,
        200.79999999999995
      ],
      [
        -2.0420028548687696,
        53.88454503379762,
        200.79999999999995
      ],
      [
        -2.0420038606971502,
        53.884544698521495,
        201
      ],
      [
        -2.041992796584964,
        53.88454210013151,
        201
      ],
      [
        -2.0419884379953146,
        53.884540256112814,
        201
      ],
      [
        -2.042008303105831,
        53.884543273597956,
        201
      ],
      [
        -2.042059013620019,
        53.88454729691148,
        201
      ],
      [
        -2.0420670602470636,
        53.88456146232784,
        200.79999999999995
      ],
      [
        -2.042111484333873,
        53.88455626554787,
        200.79999999999995
      ],
      [
        -2.04209815710783,
        53.88455408625305,
        200.79999999999995
      ],
      [
        -2.0421100594103336,
        53.88455140404403,
        200.79999999999995
      ],
      [
        -2.042136462405324,
        53.88456020504236,
        200.79999999999995
      ],
      [
        -2.042124643921852,
        53.88457621447742,
        200.79999999999995
      ],
      [
        -2.0421604346483946,
        53.884570179507136,
        200.79999999999995
      ],
      [
        -2.0421387255191803,
        53.884577890858054,
        200.60000000000002
      ],
      [
        -2.042122967541218,
        53.88458208180964,
        200.60000000000002
      ],
      [
        -2.0421139150857925,
        53.884583758190274,
        200.60000000000002
      ],
      [
        -2.042082315310836,
        53.88459079898894,
        200.79999999999995
      ],
      [
        -2.0420704130083323,
        53.88459758833051,
        200.79999999999995
      ],
      [
        -2.042125901207328,
        53.88458300381899,
        201
      ],
      [
        -2.04214652068913,
        53.88457654975355,
        201
      ],
      [
        -2.042151466012001,
        53.88458115980029,
        201
      ],
      [
        -2.0421006716787815,
        53.884579818695784,
        201
      ],
      [
        -2.042083404958248,
        53.88458442874253,
        201
      ],
      [
        -2.0420562475919724,
        53.88458895497024,
        200.79999999999995
      ],
      [
        -2.0420715864747763,
        53.884577471762896,
        200.79999999999995
      ],
      [
        -2.042063120752573,
        53.884561797603965,
        200.79999999999995
      ],
      [
        -2.0420580077916384,
        53.88454637490213,
        200.79999999999995
      ],
      [
        -2.042053649201989,
        53.88453958556056,
        200.79999999999995
      ],
      [
        -2.042050212621689,
        53.88452282175422,
        200.79999999999995
      ],
      [
        -2.042068988084793,
        53.884508572518826,
        200.79999999999995
      ],
      [
        -2.042090278118849,
        53.88449801132083,
        201
      ],
      [
        -2.042148532345891,
        53.88447227887809,
        201.20000000000005
      ],
      [
        -2.042281636968255,
        53.88441905379295,
        201.79999999999995
      ],
      [
        -2.0423907693475485,
        53.88439801521599,
        202.39999999999998
      ],
      [
        -2.0424015820026398,
        53.88439633883536,
        202.39999999999998
      ],
      [
        -2.042442485690117,
        53.88438954949379,
        202.60000000000002
      ],
      [
        -2.0425153244286776,
        53.88437722809613,
        203
      ],
      [
        -2.0425545517355204,
        53.884366834536195,
        203.39999999999998
      ],
      [
        -2.042618002742529,
        53.88434604741633,
        203.60000000000002
      ],
      [
        -2.0426410529762506,
        53.88434202410281,
        203.60000000000002
      ],
      [
        -2.0426817052066326,
        53.884331714361906,
        203.60000000000002
      ],
      [
        -2.0427018217742443,
        53.88432836160064,
        203.79999999999995
      ],
      [
        -2.042738115414977,
        53.88431729748845,
        204
      ],
      [
        -2.0427729841321707,
        53.884308245033026,
        204.60000000000002
      ],
      [
        -2.0427947770804167,
        53.88430254533887,
        204.60000000000002
      ],
      [
        -2.042852360755205,
        53.88428988866508,
        204.79999999999995
      ],
      [
        -2.042911536991596,
        53.88427429832518,
        205.20000000000005
      ],
      [
        -2.043000301346183,
        53.88425669632852,
        205.60000000000002
      ],
      [
        -2.0430723018944263,
        53.88425669632852,
        206
      ],
      [
        -2.0431718789041042,
        53.884257366880774,
        206
      ],
      [
        -2.043249160051346,
        53.88426340185106,
        205.79999999999995
      ],
      [
        -2.0434610545635223,
        53.88427874073386,
        206
      ],
      [
        -2.0435313787311316,
        53.884285194799304,
        206
      ],
      [
        -2.0436262618750334,
        53.88429298996925,
        206
      ],
      [
        -2.043673535808921,
        53.884286284446716,
        206.20000000000005
      ],
      [
        -2.0437348913401365,
        53.884287709370255,
        206.20000000000005
      ],
      [
        -2.0438676606863737,
        53.884296007454395,
        206.20000000000005
      ],
      [
        -2.044015098363161,
        53.88430614955723,
        206.39999999999998
      ],
      [
        -2.0440798066556454,
        53.88430707156658,
        206.60000000000002
      ],
      [
        -2.0441451016813517,
        53.88431629166007,
        206.79999999999995
      ],
      [
        -2.044189190492034,
        53.88432266190648,
        206.79999999999995
      ],
      [
        -2.04436294734478,
        53.884335067123175,
        207
      ],
      [
        -2.0445021707564592,
        53.884331714361906,
        207.79999999999995
      ],
      [
        -2.0445504505187273,
        53.88432903215289,
        208
      ],
      [
        -2.0447117183357477,
        53.884328277781606,
        208.20000000000005
      ],
      [
        -2.0448430627584457,
        53.88433054089546,
        208.79999999999995
      ],
      [
        -2.0448696333914995,
        53.884331714361906,
        209
      ],
      [
        -2.045067446306348,
        53.88434470631182,
        209.79999999999995
      ],
      [
        -2.0450902450829744,
        53.88434613123536,
        210
      ],
      [
        -2.045251177623868,
        53.88436121866107,
        210.39999999999998
      ],
      [
        -2.0453515090048313,
        53.88436758890748,
        210.79999999999995
      ],
      [
        -2.0454701129347086,
        53.88436742126942,
        211.39999999999998
      ],
      [
        -2.045649904757738,
        53.88437395915389,
        212
      ],
      [
        -2.0456716138869524,
        53.88437035493553,
        212
      ],
      [
        -2.045872528105974,
        53.88437261804938,
        212.60000000000002
      ],
      [
        -2.046079309657216,
        53.884364403784275,
        212.79999999999995
      ],
      [
        -2.046206798404455,
        53.88432417064905,
        213
      ],
      [
        -2.046248037368059,
        53.884299360215664,
        213
      ],
      [
        -2.0463590137660503,
        53.88421135023236,
        212.60000000000002
      ],
      [
        -2.0464317686855793,
        53.884146474301815,
        212.39999999999998
      ],
      [
        -2.04651583917439,
        53.884047316387296,
        212.39999999999998
      ],
      [
        -2.046613823622465,
        53.88392133638263,
        212.39999999999998
      ],
      [
        -2.046718178316951,
        53.88379770331085,
        212.39999999999998
      ],
      [
        -2.0467995665967464,
        53.88371773995459,
        212.39999999999998
      ],
      [
        -2.0469055976718664,
        53.883651522919536,
        212.39999999999998
      ],
      [
        -2.0470086950808764,
        53.88362092897296,
        212
      ],
      [
        -2.0470465812832117,
        53.8836136367172,
        212
      ],
      [
        -2.047177506610751,
        53.88359938748181,
        210.79999999999995
      ],
      [
        -2.047289153560996,
        53.88358740136027,
        209.79999999999995
      ],
      [
        -2.047395519912243,
        53.88356669805944,
        208.79999999999995
      ],
      [
        -2.047415552660823,
        53.88356326147914,
        208.60000000000002
      ],
      [
        -2.04753365367651,
        53.88355605304241,
        207.60000000000002
      ],
      [
        -2.047552429139614,
        53.88355320319533,
        207.39999999999998
      ],
      [
        -2.0476762298494577,
        53.88354674912989,
        206.39999999999998
      ],
      [
        -2.047697016969323,
        53.883543480187654,
        206.39999999999998
      ],
      [
        -2.0478405989706516,
        53.883529817685485,
        205.39999999999998
      ],
      [
        -2.047922406345606,
        53.883511712774634,
        204.79999999999995
      ],
      [
        -2.047970350831747,
        53.883505845442414,
        204.39999999999998
      ],
      [
        -2.048085853457451,
        53.883485393598676,
        203.60000000000002
      ],
      [
        -2.0481077302247286,
        53.88348380103707,
        203.20000000000005
      ],
      [
        -2.0482308603823185,
        53.8834600802511,
        202.20000000000005
      ],
      [
        -2.0482497196644545,
        53.88345496729016,
        202
      ],
      [
        -2.0483519788831472,
        53.883434515446424,
        201.20000000000005
      ],
      [
        -2.0484151784330606,
        53.883419847115874,
        200.60000000000002
      ],
      [
        -2.048489609733224,
        53.8833979703486,
        200
      ],
      [
        -2.0485513005405664,
        53.883382715284824,
        199.60000000000002
      ],
      [
        -2.0486525539308786,
        53.883360754698515,
        198.79999999999995
      ],
      [
        -2.0486988220363855,
        53.88335471972823,
        198.60000000000002
      ],
      [
        -2.0487926993519068,
        53.88333166949451,
        197.79999999999995
      ],
      [
        -2.0488731656223536,
        53.88331297785044,
        197.20000000000005
      ],
      [
        -2.0489290729165077,
        53.883302165195346,
        196.79999999999995
      ],
      [
        -2.049059495329857,
        53.883270313963294,
        195.79999999999995
      ],
      [
        -2.049081288278103,
        53.88326436281204,
        195.60000000000002
      ],
      [
        -2.049235012382269,
        53.88325162231922,
        194.79999999999995
      ],
      [
        -2.0494283828884363,
        53.88326142914593,
        194.60000000000002
      ],
      [
        -2.04956928268075,
        53.88327064923942,
        195
      ],
      [
        -2.049723342061043,
        53.883273247629404,
        195.79999999999995
      ],
      [
        -2.0498376712203026,
        53.883298728615046,
        196.60000000000002
      ],
      [
        -2.0498559437692165,
        53.883302584290504,
        196.60000000000002
      ],
      [
        -2.0499157067388296,
        53.88331272639334,
        197
      ],
      [
        -2.0500161219388247,
        53.883340889588,
        197.60000000000002
      ],
      [
        -2.050039926543832,
        53.88334725983441,
        197.79999999999995
      ],
      [
        -2.0500985998660326,
        53.88337810523808,
        198.39999999999998
      ],
      [
        -2.0501366537064314,
        53.88339855708182,
        198.79999999999995
      ],
      [
        -2.05026020295918,
        53.8834513630718,
        200.20000000000005
      ],
      [
        -2.050356762483716,
        53.883486818522215,
        201.20000000000005
      ],
      [
        -2.0503754541277885,
        53.8834926020354,
        201.20000000000005
      ],
      [
        -2.0503893680870533,
        53.88351087458432,
        201.60000000000002
      ],
      [
        -2.050405628979206,
        53.883545994758606,
        202.20000000000005
      ],
      [
        -2.050402946770191,
        53.88355747796595,
        202.39999999999998
      ],
      [
        -2.050433289259672,
        53.88362637721002,
        203.39999999999998
      ],
      [
        -2.0504767913371325,
        53.88370592147112,
        203.79999999999995
      ],
      [
        -2.05055583268404,
        53.883775575086474,
        204.39999999999998
      ],
      [
        -2.0505869295448065,
        53.88379694893956,
        204.60000000000002
      ],
      [
        -2.0506832376122475,
        53.883873810991645,
        205.20000000000005
      ],
      [
        -2.0507224649190903,
        53.883910942822695,
        205.39999999999998
      ],
      [
        -2.05077619291842,
        53.88394924812019,
        205.79999999999995
      ],
      [
        -2.0508667174726725,
        53.88400641269982,
        206.20000000000005
      ],
      [
        -2.0508766919374466,
        53.884016051888466,
        206.39999999999998
      ],
      [
        -2.050969395786524,
        53.88409157283604,
        207.20000000000005
      ],
      [
        -2.051025554537773,
        53.884125519543886,
        207.60000000000002
      ],
      [
        -2.05106008797884,
        53.88415317982435,
        207.79999999999995
      ],
      [
        -2.051144577562809,
        53.884221240878105,
        208.39999999999998
      ],
      [
        -2.051170477643609,
        53.884239848703146,
        208.60000000000002
      ],
      [
        -2.0512356888502836,
        53.884293492883444,
        209.39999999999998
      ],
      [
        -2.051259158179164,
        53.88431176543236,
        209.60000000000002
      ],
      [
        -2.0513371098786592,
        53.88438234105706,
        210.60000000000002
      ],
      [
        -2.0514457393437624,
        53.8844598736614,
        211.79999999999995
      ],
      [
        -2.051463508978486,
        53.884474290534854,
        211.79999999999995
      ],
      [
        -2.0515110343694687,
        53.884556014090776,
        212.79999999999995
      ],
      [
        -2.051500054076314,
        53.88466011732817,
        213.60000000000002
      ],
      [
        -2.0515052508562803,
        53.88475198298693,
        213.60000000000002
      ],
      [
        -2.051496282219887,
        53.88482549227774,
        213.39999999999998
      ],
      [
        -2.0514954440295696,
        53.88489095494151,
        213.39999999999998
      ],
      [
        -2.051497455686331,
        53.884901432320476,
        213.39999999999998
      ],
      [
        -2.0514687057584524,
        53.88499648310244,
        213
      ],
      [
        -2.051481194794178,
        53.88509279116988,
        212.20000000000005
      ],
      [
        -2.05149007961154,
        53.885154481977224,
        211.79999999999995
      ],
      [
        -2.05149594694376,
        53.885167725384235,
        211.79999999999995
      ],
      [
        -2.0515671093016863,
        53.88524601235986,
        210.79999999999995
      ],
      [
        -2.0515817776322365,
        53.88526747003198,
        210.60000000000002
      ],
      [
        -2.05162251368165,
        53.885308876633644,
        210.39999999999998
      ],
      [
        -2.0517086796462536,
        53.8854131475091,
        210
      ],
      [
        -2.0517959352582693,
        53.88548657298088,
        209.79999999999995
      ],
      [
        -2.0518441312015057,
        53.88553443364799,
        209.60000000000002
      ],
      [
        -2.0519065763801336,
        53.885579612106085,
        209.60000000000002
      ],
      [
        -2.051906744018197,
        53.885596711188555,
        209.60000000000002
      ],
      [
        -2.0519454684108496,
        53.8856444042176,
        209.60000000000002
      ],
      [
        -2.0520173851400614,
        53.885726630687714,
        209.39999999999998
      ],
      [
        -2.0521166268736124,
        53.88581824488938,
        208.79999999999995
      ],
      [
        -2.0522120129317045,
        53.885895777493715,
        208.79999999999995
      ],
      [
        -2.052250485867262,
        53.88592888601124,
        208.60000000000002
      ],
      [
        -2.052342100068927,
        53.88604204170406,
        208.20000000000005
      ],
      [
        -2.0523985102772713,
        53.886092165485024,
        208
      ],
      [
        -2.0524391625076532,
        53.88614312745631,
        207.79999999999995
      ],
      [
        -2.0525006856769323,
        53.88620565645397,
        207.60000000000002
      ],
      [
        -2.0525097381323576,
        53.886217726394534,
        207.60000000000002
      ],
      [
        -2.0525202993303537,
        53.88622929342091,
        207.60000000000002
      ],
      [
        -2.0526341255754232,
        53.88633565977216,
        207.39999999999998
      ],
      [
        -2.05265985801816,
        53.886363822966814,
        207.39999999999998
      ],
      [
        -2.0527059584856033,
        53.886410258710384,
        207.39999999999998
      ],
      [
        -2.0527795515954494,
        53.88647957704961,
        207.39999999999998
      ],
      [
        -2.0528169348835945,
        53.8865923974663,
        207.60000000000002
      ],
      [
        -2.0528030209243298,
        53.886723741889,
        207.39999999999998
      ],
      [
        -2.052749376744032,
        53.886845195665956,
        207
      ],
      [
        -2.052698666229844,
        53.88695826753974,
        206.60000000000002
      ],
      [
        -2.052690116688609,
        53.88698467053473,
        206.60000000000002
      ],
      [
        -2.0526778791099787,
        53.887023059651256,
        206.39999999999998
      ],
      [
        -2.0526752807199955,
        53.887051390483975,
        206.39999999999998
      ],
      [
        -2.0526825729757547,
        53.88707024976611,
        206.20000000000005
      ],
      [
        -2.052683411166072,
        53.88707159087062,
        206.20000000000005
      ],
      [
        -2.0526874344795942,
        53.88707343488932,
        206.20000000000005
      ],
      [
        -2.0526847522705793,
        53.8870707526803,
        205.79999999999995
      ],
      [
        -2.0526679884642363,
        53.887109979987144,
        206
      ],
      [
        -2.0527103170752525,
        53.8871899433434,
        206
      ],
      [
        -2.052793800830841,
        53.887285916134715,
        206.20000000000005
      ],
      [
        -2.052837638184428,
        53.887330340221524,
        206.20000000000005
      ],
      [
        -2.0529044419527054,
        53.887410890311,
        206.39999999999998
      ],
      [
        -2.052947022020817,
        53.887456487864256,
        206.39999999999998
      ],
      [
        -2.052990859374404,
        53.8875094614923,
        206.60000000000002
      ],
      [
        -2.05307861790061,
        53.887607445940375,
        206.60000000000002
      ],
      [
        -2.0530955493450165,
        53.88763175345957,
        206.39999999999998
      ],
      [
        -2.0531023386865854,
        53.88764575123787,
        206.39999999999998
      ],
      [
        -2.0531571563333273,
        53.88770936988294,
        206.39999999999998
      ],
      [
        -2.053249189630151,
        53.88778614811599,
        206.39999999999998
      ],
      [
        -2.053343402221799,
        53.88787147589028,
        206.20000000000005
      ],
      [
        -2.053401991724968,
        53.88793693855405,
        206
      ],
      [
        -2.0534138940274715,
        53.88794934377074,
        206
      ],
      [
        -2.053512716665864,
        53.888044310733676,
        205.79999999999995
      ],
      [
        -2.0535952784121037,
        53.88811144977808,
        205.60000000000002
      ],
      [
        -2.0536709669977427,
        53.888158556073904,
        205.60000000000002
      ],
      [
        -2.0538121182471514,
        53.88823374174535,
        205.60000000000002
      ],
      [
        -2.0539201609790325,
        53.88827523216605,
        206
      ],
      [
        -2.053980091586709,
        53.888294929638505,
        206.39999999999998
      ],
      [
        -2.0539799239486456,
        53.88829719275236,
        206.60000000000002
      ],
      [
        -2.053969446569681,
        53.88829124160111,
        206.60000000000002
      ],
      [
        -2.053923010826111,
        53.888288643211126,
        206.60000000000002
      ],
      [
        -2.0538595598191023,
        53.88828772120178,
        206
      ],
      [
        -2.0538591407239437,
        53.88829476200044,
        205.79999999999995
      ],
      [
        -2.053891746327281,
        53.88833248056471,
        205.39999999999998
      ],
      [
        -2.0538983680307865,
        53.88833952136338,
        205.20000000000005
      ],
      [
        -2.0539057441055775,
        53.88837673701346,
        204.20000000000005
      ],
      [
        -2.0539051573723555,
        53.88839643448591,
        203.60000000000002
      ],
      [
        -2.053909096866846,
        53.88841981999576,
        203
      ],
      [
        -2.0538974460214376,
        53.88846734538674,
        202.20000000000005
      ],
      [
        -2.0538953505456448,
        53.88847782276571,
        202
      ],
      [
        -2.053873222321272,
        53.88852769508958,
        201
      ],
      [
        -2.0538412034511566,
        53.88856985606253,
        200
      ],
      [
        -2.0538335759192705,
        53.888583686202765,
        199.79999999999995
      ],
      [
        -2.0537749025970697,
        53.88866750523448,
        198.60000000000002
      ],
      [
        -2.053723270073533,
        53.88873606920242,
        197.60000000000002
      ],
      [
        -2.053696196526289,
        53.88877253048122,
        197
      ],
      [
        -2.0536635909229517,
        53.888801196590066,
        196.60000000000002
      ],
      [
        -2.0536203403025866,
        53.88886288739741,
        195.60000000000002
      ],
      [
        -2.053598714992404,
        53.88888836838305,
        195.39999999999998
      ],
      [
        -2.0535555481910706,
        53.88897093012929,
        194.39999999999998
      ],
      [
        -2.0535599067807198,
        53.888987861573696,
        194.39999999999998
      ],
      [
        -2.0536091085523367,
        53.88902180828154,
        194
      ],
      [
        -2.053631655871868,
        53.889021556824446,
        193.79999999999995
      ],
      [
        -2.053716229274869,
        53.88901057653129,
        193.20000000000005
      ],
      [
        -2.053742129355669,
        53.88900185935199,
        193.20000000000005
      ],
      [
        -2.0538819395005703,
        53.888981407508254,
        193.20000000000005
      ],
      [
        -2.054040776565671,
        53.88896204531193,
        193
      ],
      [
        -2.0542568620294333,
        53.888918375596404,
        193.20000000000005
      ],
      [
        -2.0544314570724964,
        53.888904210180044,
        193.39999999999998
      ],
      [
        -2.0546046271920204,
        53.888929188251495,
        194
      ],
      [
        -2.054725158959627,
        53.88896849937737,
        194.39999999999998
      ],
      [
        -2.054839236661792,
        53.88902918435633,
        195
      ],
      [
        -2.054911321029067,
        53.88905801810324,
        195.39999999999998
      ],
      [
        -2.0549197867512703,
        53.88905986212194,
        195.39999999999998
      ],
      [
        -2.0550454314798117,
        53.88909892179072,
        196.20000000000005
      ],
      [
        -2.055088933557272,
        53.88911669142544,
        196.39999999999998
      ],
      [
        -2.0551385544240475,
        53.88912842608988,
        196.79999999999995
      ],
      [
        -2.055187923833728,
        53.88916052877903,
        197.60000000000002
      ],
      [
        -2.055188175290823,
        53.889180393889546,
        198
      ],
      [
        -2.055188175290823,
        53.889180393889546,
        198
      ],
      [
        -2.0552072022110224,
        53.889181734994054,
        198
      ],
      [
        -2.0552139915525913,
        53.88918299227953,
        198
      ],
      [
        -2.0552134048193693,
        53.88918399810791,
        198
      ],
      [
        -2.0551815535873175,
        53.88923982158303,
        198.20000000000005
      ],
      [
        -2.0551497861742973,
        53.88926203362644,
        198.60000000000002
      ],
      [
        -2.055114498361945,
        53.8892725110054,
        199
      ],
      [
        -2.055074768140912,
        53.889302937313914,
        199.39999999999998
      ],
      [
        -2.055052388459444,
        53.889327831566334,
        199.79999999999995
      ],
      [
        -2.0550452638417482,
        53.889367897063494,
        200.20000000000005
      ],
      [
        -2.055063871666789,
        53.889431515708566,
        200.79999999999995
      ],
      [
        -2.0550695713609457,
        53.889446686953306,
        201
      ],
      [
        -2.055083066225052,
        53.889500414952636,
        201.60000000000002
      ],
      [
        -2.055080970749259,
        53.889517933130264,
        202
      ],
      [
        -2.055076863616705,
        53.88956948183477,
        202.39999999999998
      ],
      [
        -2.055065128952265,
        53.88958507217467,
        202.60000000000002
      ],
      [
        -2.055072421208024,
        53.88962580822408,
        203
      ],
      [
        -2.055076276883483,
        53.88965690508485,
        203.60000000000002
      ],
      [
        -2.055068900808692,
        53.88971163891256,
        204.20000000000005
      ],
      [
        -2.055066805332899,
        53.88973670080304,
        204.60000000000002
      ],
      [
        -2.055064542219043,
        53.889795457944274,
        205.39999999999998
      ],
      [
        -2.055072169750929,
        53.88982814736664,
        206
      ],
      [
        -2.055077198892832,
        53.88984357006848,
        206.60000000000002
      ],
      [
        -2.055083652958274,
        53.88985480181873,
        207
      ],
      [
        -2.0550766959786415,
        53.88988874852657,
        207.39999999999998
      ],
      [
        -2.055079210549593,
        53.88988874852657,
        207.60000000000002
      ],
      [
        -2.055082144215703,
        53.88989461585879,
        208
      ],
      [
        -2.055111564695835,
        53.88992604799569,
        208.20000000000005
      ],
      [
        -2.0550896879285574,
        53.88991758227348,
        208.20000000000005
      ],
      [
        -2.0550590101629496,
        53.889930322766304,
        208.39999999999998
      ],
      [
        -2.0550531428307295,
        53.88995345681906,
        208.79999999999995
      ],
      [
        -2.055060351267457,
        53.889974411576986,
        209.20000000000005
      ],
      [
        -2.0550855807960033,
        53.89000634662807,
        210
      ],
      [
        -2.0550993271172047,
        53.89002093113959,
        210.39999999999998
      ],
      [
        -2.055161101743579,
        53.89008354395628,
        211.20000000000005
      ],
      [
        -2.055164286866784,
        53.8900946918875,
        211.20000000000005
      ],
      [
        -2.055199993774295,
        53.89015504159033,
        212.20000000000005
      ],
      [
        -2.055207286030054,
        53.89016417786479,
        212.39999999999998
      ],
      [
        -2.0552569068968296,
        53.89021321199834,
        212.79999999999995
      ],
      [
        -2.055261265486479,
        53.89023936353624,
        213.20000000000005
      ],
      [
        -2.0552649535238743,
        53.89027129858732,
        213.79999999999995
      ],
      [
        -2.0552761014550924,
        53.8903106097132,
        214.39999999999998
      ],
      [
        -2.055290015414357,
        53.89033315703273,
        214.79999999999995
      ],
      [
        -2.055295379832387,
        53.89035620726645,
        215.60000000000002
      ],
      [
        -2.0552978105843067,
        53.89038269408047,
        216.39999999999998
      ],
      [
        -2.0553037617355585,
        53.890401469543576,
        216.79999999999995
      ],
      [
        -2.055308958515525,
        53.890440445393324,
        217.60000000000002
      ],
      [
        -2.055310383439064,
        53.890451677143574,
        217.79999999999995
      ],
      [
        -2.05531507730484,
        53.89050875790417,
        218.79999999999995
      ],
      [
        -2.055318681523204,
        53.89051663689315,
        219.20000000000005
      ],
      [
        -2.0553399715572596,
        53.8905677665025,
        220.20000000000005
      ],
      [
        -2.0553458388894796,
        53.890578830614686,
        220.20000000000005
      ],
      [
        -2.055361596867442,
        53.890630044043064,
        221.20000000000005
      ],
      [
        -2.05536394380033,
        53.8906489033252,
        221.60000000000002
      ],
      [
        -2.055376013740897,
        53.89068176038563,
        222.20000000000005
      ],
      [
        -2.055389927700162,
        53.89071159996092,
        222.79999999999995
      ],
      [
        -2.055386072024703,
        53.89073045924306,
        223.39999999999998
      ],
      [
        -2.055373163893819,
        53.89077094383538,
        224.20000000000005
      ],
      [
        -2.0553709845989943,
        53.89078091830015,
        224.39999999999998
      ],
      [
        -2.0553932804614305,
        53.8908317964524,
        225.39999999999998
      ],
      [
        -2.0553905982524157,
        53.89083791524172,
        225.39999999999998
      ],
      [
        -2.0554012432694435,
        53.89084914699197,
        226
      ],
      [
        -2.0554157439619303,
        53.890865575522184,
        226.60000000000002
      ],
      [
        -2.0554157439619303,
        53.890865575522184,
        226.60000000000002
      ],
      [
        -2.055429071187973,
        53.890896840021014,
        226.60000000000002
      ],
      [
        -2.055437620729208,
        53.8908870331943,
        226.79999999999995
      ],
      [
        -2.0554398838430643,
        53.8908957503736,
        226.60000000000002
      ],
      [
        -2.055453211069107,
        53.89091460965574,
        226.79999999999995
      ],
      [
        -2.055494450032711,
        53.890942269936204,
        227.20000000000005
      ],
      [
        -2.0555229485034943,
        53.89096741564572,
        227.60000000000002
      ],
      [
        -2.0555290672928095,
        53.89098065905273,
        227.79999999999995
      ],
      [
        -2.0555827114731073,
        53.891026340425014,
        228.79999999999995
      ],
      [
        -2.0556295663118362,
        53.89106573536992,
        229.79999999999995
      ],
      [
        -2.055662926286459,
        53.89108669012785,
        230.20000000000005
      ],
      [
        -2.05571623519063,
        53.89112516306341,
        231
      ],
      [
        -2.055759821087122,
        53.89115617610514,
        231.60000000000002
      ],
      [
        -2.0557779259979725,
        53.89117092825472,
        232
      ],
      [
        -2.0558464899659157,
        53.891213005408645,
        232.79999999999995
      ],
      [
        -2.0558704622089863,
        53.89123228378594,
        233.20000000000005
      ],
      [
        -2.055922346189618,
        53.89127335511148,
        234
      ],
      [
        -2.0559325721114874,
        53.891277965158224,
        234
      ],
      [
        -2.0559461507946253,
        53.89128710143268,
        234.20000000000005
      ],
      [
        -2.0560049917548895,
        53.89133353717625,
        235
      ],
      [
        -2.0560232643038034,
        53.891348792240024,
        235.20000000000005
      ],
      [
        -2.05607732757926,
        53.891380643472075,
        236
      ],
      [
        -2.0561084244400263,
        53.89140956103802,
        236.39999999999998
      ],
      [
        -2.0561513397842646,
        53.89143814332783,
        236.79999999999995
      ],
      [
        -2.056191237643361,
        53.891474436968565,
        237.60000000000002
      ],
      [
        -2.056205067783594,
        53.8914829865098,
        237.60000000000002
      ],
      [
        -2.056241864338517,
        53.89150838367641,
        238.20000000000005
      ],
      [
        -2.056268099695444,
        53.89152850024402,
        238.60000000000002
      ],
      [
        -2.0562735479325056,
        53.89153730124235,
        238.60000000000002
      ],
      [
        -2.0563434530049562,
        53.89157979749143,
        239.60000000000002
      ],
      [
        -2.0563519187271595,
        53.89158809557557,
        239.79999999999995
      ],
      [
        -2.0563790760934353,
        53.89162874780595,
        240.60000000000002
      ],
      [
        -2.0563801657408476,
        53.891636710613966,
        240.79999999999995
      ],
      [
        -2.0564293675124645,
        53.89168884605169,
        241.39999999999998
      ],
      [
        -2.0564468018710613,
        53.89169253408909,
        241.60000000000002
      ],
      [
        -2.056460799649358,
        53.89169446192682,
        241.79999999999995
      ],
      [
        -2.056526429951191,
        53.89172681607306,
        242.60000000000002
      ],
      [
        -2.0565432775765657,
        53.89173419214785,
        242.79999999999995
      ],
      [
        -2.056606560945511,
        53.891769144684076,
        243.60000000000002
      ],
      [
        -2.056633047759533,
        53.89179118908942,
        243.79999999999995
      ],
      [
        -2.0566900447010994,
        53.89183393679559,
        244.79999999999995
      ],
      [
        -2.0566979236900806,
        53.89184173196554,
        245
      ],
      [
        -2.056756177917123,
        53.89188129454851,
        245.79999999999995
      ],
      [
        -2.0567695051431656,
        53.891887832432985,
        246
      ],
      [
        -2.0568240713328123,
        53.891939632594585,
        247.20000000000005
      ],
      [
        -2.056904286146164,
        53.89200090430677,
        248.20000000000005
      ],
      [
        -2.0569432619959116,
        53.89204474166036,
        249
      ],
      [
        -2.056949967518449,
        53.892057817429304,
        249.20000000000005
      ],
      [
        -2.057004366070032,
        53.89211003668606,
        249.79999999999995
      ],
      [
        -2.0570622012019157,
        53.892130153253675,
        250.20000000000005
      ],
      [
        -2.0570896100252867,
        53.89213694259524,
        250.60000000000002
      ],
      [
        -2.0571052003651857,
        53.892141971737146,
        250.60000000000002
      ],
      [
        -2.0571211259812117,
        53.89214716851711,
        250.79999999999995
      ],
      [
        -2.0572325214743614,
        53.892198633402586,
        251.20000000000005
      ],
      [
        -2.057252051308751,
        53.892207434400916,
        251.20000000000005
      ],
      [
        -2.057389598339796,
        53.89226049184799,
        251.20000000000005
      ],
      [
        -2.0575022511184216,
        53.892312375828624,
        251
      ],
      [
        -2.0576509460806847,
        53.89237146824598,
        251.39999999999998
      ],
      [
        -2.0577661134302616,
        53.89242217876017,
        252
      ],
      [
        -2.057818081229925,
        53.892448749393225,
        252.39999999999998
      ],
      [
        -2.0578583981841803,
        53.892465345561504,
        252.60000000000002
      ],
      [
        -2.057957975193858,
        53.892491245642304,
        253
      ],
      [
        -2.058060485869646,
        53.89245193451643,
        252.79999999999995
      ],
      [
        -2.058181604370475,
        53.89240449294448,
        252.39999999999998
      ],
      [
        -2.058217814192176,
        53.89238932169974,
        252.20000000000005
      ],
      [
        -2.058333232998848,
        53.892335342243314,
        251.39999999999998
      ],
      [
        -2.058352343738079,
        53.89233274385333,
        251.20000000000005
      ],
      [
        -2.0583731308579445,
        53.89232444576919,
        251
      ],
      [
        -2.0584014616906643,
        53.892309023067355,
        250.60000000000002
      ],
      [
        -2.0584122743457556,
        53.89229955151677,
        250.60000000000002
      ],
      [
        -2.0584399346262217,
        53.89228781685233,
        250.20000000000005
      ],
      [
        -2.0584505796432495,
        53.89229427091777,
        250
      ],
      [
        -2.0584578718990088,
        53.89229888096452,
        250
      ],
      [
        -2.058461643755436,
        53.89229703694582,
        250.20000000000005
      ],
      [
        -2.058464325964451,
        53.89230868779123,
        250.39999999999998
      ],
      [
        -2.0584858674556017,
        53.892304580658674,
        250.39999999999998
      ],
      [
        -2.0585312973707914,
        53.89231371693313,
        250.20000000000005
      ],
      [
        -2.058629533275962,
        53.89234062284231,
        250.60000000000002
      ],
      [
        -2.058676388114691,
        53.892360823228955,
        251.20000000000005
      ],
      [
        -2.0587480533868074,
        53.892393512651324,
        251.79999999999995
      ],
      [
        -2.0588301960378885,
        53.89243232086301,
        252.20000000000005
      ],
      [
        -2.0588631369173527,
        53.892445815727115,
        252.39999999999998
      ],
      [
        -2.0589374843984842,
        53.89247355982661,
        252.60000000000002
      ],
      [
        -2.0590186212211847,
        53.89251169748604,
        252.60000000000002
      ],
      [
        -2.0590334571897984,
        53.892520079389215,
        252.79999999999995
      ],
      [
        -2.0590913761407137,
        53.89254539273679,
        253.20000000000005
      ],
      [
        -2.05913663841784,
        53.89256098307669,
        254
      ],
      [
        -2.0591771230101585,
        53.892582943663,
        254.39999999999998
      ],
      [
        -2.059212327003479,
        53.89259794726968,
        254.79999999999995
      ],
      [
        -2.059223474934697,
        53.892602138221264,
        254.79999999999995
      ],
      [
        -2.059290111064911,
        53.892642287537456,
        254.79999999999995
      ],
      [
        -2.059301510453224,
        53.89266693033278,
        255.20000000000005
      ],
      [
        -2.059301845729351,
        53.89267556369305,
        255.39999999999998
      ],
      [
        -2.0592979062348604,
        53.89267765916884,
        255.60000000000002
      ],
      [
        -2.059314167127013,
        53.89271001331508,
        256.4
      ],
      [
        -2.0593206211924553,
        53.89272023923695,
        256.6
      ],
      [
        -2.0593425817787647,
        53.89276650734246,
        257.6
      ],
      [
        -2.0593481976538897,
        53.892777068540454,
        258
      ],
      [
        -2.0593727566301823,
        53.89282828196883,
        258.79999999999995
      ],
      [
        -2.0593782886862755,
        53.892835322767496,
        259
      ],
      [
        -2.059412905946374,
        53.892882680520415,
        260
      ],
      [
        -2.059418186545372,
        53.89290137216449,
        260.20000000000005
      ],
      [
        -2.0594365429133177,
        53.8929405156523,
        261
      ],
      [
        -2.0594860799610615,
        53.89297270216048,
        261.79999999999995
      ],
      [
        -2.0595075376331806,
        53.892990220338106,
        262.20000000000005
      ],
      [
        -2.0594963058829308,
        53.89300463721156,
        262.4
      ],
      [
        -2.059492114931345,
        53.893015533685684,
        262.6
      ],
      [
        -2.059496222063899,
        53.89303137548268,
        263.20000000000005
      ],
      [
        -2.0595066156238317,
        53.89304026030004,
        263.4
      ],
      [
        -2.059529246762395,
        53.893061047419906,
        263.79999999999995
      ],
      [
        -2.059532515704632,
        53.89306909404695,
        264.6
      ],
      [
        -2.059532180428505,
        53.893069261685014,
        264.79999999999995
      ],
      [
        -2.0595207810401917,
        53.893080493435264,
        265
      ],
      [
        -2.059520361945033,
        53.89308258891106,
        265
      ],
      [
        -2.059516590088606,
        53.89309264719486,
        265.20000000000005
      ],
      [
        -2.0595212001353502,
        53.89310128055513,
        265.20000000000005
      ],
      [
        -2.0595567394047976,
        53.8930940721184,
        265.4
      ],
      [
        -2.0595665462315083,
        53.89310387894511,
        265.4
      ],
      [
        -2.0595885068178177,
        53.89311167411506,
        265.4
      ],
      [
        -2.0596318412572145,
        53.89312634244561,
        265.4
      ],
      [
        -2.0596530474722385,
        53.89313003048301,
        265.6
      ],
      [
        -2.059669392183423,
        53.89314478263259,
        265.79999999999995
      ],
      [
        -2.059689676389098,
        53.89319138601422,
        266.79999999999995
      ],
      [
        -2.0596921909600496,
        53.893213514238596,
        267.20000000000005
      ],
      [
        -2.059705937281251,
        53.89326388947666,
        268
      ],
      [
        -2.059700572863221,
        53.893281323835254,
        268.20000000000005
      ],
      [
        -2.0597048476338387,
        53.89332105405629,
        269
      ],
      [
        -2.0597048476338387,
        53.89332105405629,
        269
      ],
      [
        -2.059699986129999,
        53.89333186671138,
        269.20000000000005
      ],
      [
        -2.0597022492438555,
        53.893332201987505,
        269.20000000000005
      ],
      [
        -2.0597028359770775,
        53.89332951977849,
        269.20000000000005
      ],
      [
        -2.0596893411129713,
        53.89332507736981,
        269.20000000000005
      ],
      [
        -2.059695292264223,
        53.89332474209368,
        269.20000000000005
      ],
      [
        -2.0596563164144754,
        53.89334821142256,
        269.20000000000005
      ],
      [
        -2.059650616720319,
        53.89340579509735,
        269.6
      ],
      [
        -2.0596501138061285,
        53.89340562745929,
        270
      ],
      [
        -2.0596589986234903,
        53.89341878704727,
        270
      ],
      [
        -2.059667967259884,
        53.89343814924359,
        270.20000000000005
      ],
      [
        -2.059673499315977,
        53.89345021918416,
        270.20000000000005
      ],
      [
        -2.05967852845788,
        53.89346002601087,
        270.20000000000005
      ],
      [
        -2.0596807915717363,
        53.893471509218216,
        270.20000000000005
      ],
      [
        -2.0596940349787474,
        53.893505288288,
        270.79999999999995
      ],
      [
        -2.0597015786916018,
        53.89351291581988,
        271
      ],
      [
        -2.059703255072236,
        53.89352238737047,
        271.20000000000005
      ],
      [
        -2.0597143191844225,
        53.89357737265527,
        271.79999999999995
      ],
      [
        -2.0597143191844225,
        53.89358558692038,
        271.79999999999995
      ],
      [
        -2.0597172528505325,
        53.89360721223056,
        272.20000000000005
      ],
      [
        -2.0597319211810827,
        53.89365096576512,
        272.79999999999995
      ],
      [
        -2.0597396325320005,
        53.89368088915944,
        273.4
      ],
      [
        -2.0597637724131346,
        53.89373595826328,
        274
      ],
      [
        -2.059774836525321,
        53.89375565573573,
        274.4
      ],
      [
        -2.0598011557012796,
        53.8938211183995,
        275.20000000000005
      ],
      [
        -2.059805514290929,
        53.89383478090167,
        275.4
      ],
      [
        -2.0598190929740667,
        53.89388607814908,
        276.4
      ],
      [
        -2.0598268881440163,
        53.89393787831068,
        277.4
      ],
      [
        -2.059834096580744,
        53.89396017417312,
        277.79999999999995
      ],
      [
        -2.0598348509520292,
        53.8939971383661,
        278.6
      ],
      [
        -2.059849603101611,
        53.89405212365091,
        279.4
      ],
      [
        -2.0598489325493574,
        53.894068133085966,
        279.79999999999995
      ],
      [
        -2.0598509442061186,
        53.89411758631468,
        280.6
      ],
      [
        -2.0598594937473536,
        53.89413418248296,
        280.79999999999995
      ],
      [
        -2.0598771795630455,
        53.89418933540583,
        281.6
      ],
      [
        -2.0598813705146313,
        53.89420903287828,
        282
      ],
      [
        -2.0599039178341627,
        53.8942614197731,
        282.79999999999995
      ],
      [
        -2.0599112939089537,
        53.89427902176976,
        283.20000000000005
      ],
      [
        -2.059928895905614,
        53.89431154355407,
        283.6
      ],
      [
        -2.0599319972097874,
        53.89433895237744,
        284.4
      ],
      [
        -2.0599422231316566,
        53.89436108060181,
        284.79999999999995
      ],
      [
        -2.0599646866321564,
        53.89439192600548,
        285.4
      ],
      [
        -2.059969548135996,
        53.89440885744989,
        285.79999999999995
      ],
      [
        -2.05998245626688,
        53.8944427203387,
        286.6
      ],
      [
        -2.059993017464876,
        53.89446007087827,
        286.79999999999995
      ],
      [
        -2.0600085239857435,
        53.89448370784521,
        287.6
      ],
      [
        -2.0600230246782303,
        53.894496113061905,
        287.79999999999995
      ],
      [
        -2.060048757120967,
        53.89451916329563,
        288.6
      ],
      [
        -2.0600632578134537,
        53.89453190378845,
        288.6
      ],
      [
        -2.060075830668211,
        53.89456274919212,
        289.20000000000005
      ],
      [
        -2.0600630063563585,
        53.8945724721998,
        289.4
      ],
      [
        -2.0600630901753902,
        53.894577668979764,
        289.6
      ],
      [
        -2.0600588154047728,
        53.89458026736975,
        289.79999999999995
      ],
      [
        -2.060062251985073,
        53.89458185993135,
        290.20000000000005
      ],
      [
        -2.060064934194088,
        53.89458102174103,
        290.20000000000005
      ],
      [
        -2.0600862242281437,
        53.89459074474871,
        290.20000000000005
      ],
      [
        -2.060107933357358,
        53.8946533575654,
        290.20000000000005
      ],
      [
        -2.0601153932511806,
        53.89469275251031,
        290.6
      ],
      [
        -2.0601307321339846,
        53.89474589377642,
        291.6
      ],
      [
        -2.0601310674101114,
        53.89475477859378,
        291.79999999999995
      ],
      [
        -2.060132408514619,
        53.89477238059044,
        292
      ],
      [
        -2.060139197856188,
        53.894813703373075,
        292.6
      ],
      [
        -2.0601407065987587,
        53.894823007285595,
        292.79999999999995
      ],
      [
        -2.0601543691009283,
        53.894886542111635,
        293.79999999999995
      ],
      [
        -2.0601584762334824,
        53.89491034671664,
        294
      ],
      [
        -2.0601734798401594,
        53.89497388154268,
        294.79999999999995
      ],
      [
        -2.060178257524967,
        53.89500958845019,
        295.20000000000005
      ],
      [
        -2.060192506760359,
        53.89507203362882,
        295.79999999999995
      ],
      [
        -2.060192422941327,
        53.89511494897306,
        296.4
      ],
      [
        -2.060213964432478,
        53.89517613686621,
        297
      ],
      [
        -2.0602175686508417,
        53.895192900672555,
        297.20000000000005
      ],
      [
        -2.0602382719516754,
        53.89526599086821,
        298
      ],
      [
        -2.0602432172745466,
        53.89528510160744,
        298
      ],
      [
        -2.060247240588069,
        53.89532709494233,
        298.79999999999995
      ],
      [
        -2.0602479111403227,
        53.895327262580395,
        299.20000000000005
      ],
      [
        -2.0602477435022593,
        53.89534905552864,
        299.20000000000005
      ],
      [
        -2.060251599177718,
        53.895367411896586,
        299.20000000000005
      ],
      [
        -2.060266435146332,
        53.89546430669725,
        300.20000000000005
      ],
      [
        -2.060266435146332,
        53.89546430669725,
        300.4
      ],
      [
        -2.0603159721940756,
        53.895551562309265,
        301.4
      ],
      [
        -2.0603159721940756,
        53.895551562309265,
        302
      ],
      [
        -2.0603159721940756,
        53.895551562309265,
        302
      ],
      [
        -2.0603159721940756,
        53.895551562309265,
        301.79999999999995
      ],
      [
        -2.0603159721940756,
        53.895551562309265,
        301.79999999999995
      ],
      [
        -2.0603159721940756,
        53.895551562309265,
        301.79999999999995
      ],
      [
        -2.0603159721940756,
        53.895551562309265,
        301.79999999999995
      ],
      [
        -2.0603116136044264,
        53.89556103385985,
        301.79999999999995
      ],
      [
        -2.0603142119944096,
        53.89556002803147,
        301.79999999999995
      ],
      [
        -2.060314128175378,
        53.89555977657437,
        301.79999999999995
      ],
      [
        -2.060332065448165,
        53.8955844193697,
        301.79999999999995
      ],
      [
        -2.06031521782279,
        53.895621886476874,
        302
      ],
      [
        -2.0603125356137753,
        53.895631693303585,
        302.20000000000005
      ],
      [
        -2.0603294670581818,
        53.89567779377103,
        302.4
      ],
      [
        -2.060335921123624,
        53.89570872299373,
        302.79999999999995
      ],
      [
        -2.06035821698606,
        53.89576303772628,
        303.4
      ],
      [
        -2.0603677723556757,
        53.895784076303244,
        303.79999999999995
      ],
      [
        -2.0603795908391476,
        53.895837469026446,
        304.4
      ],
      [
        -2.06038411706686,
        53.895873008295894,
        304.4
      ],
      [
        -2.0603798422962427,
        53.89589295722544,
        304.6
      ],
      [
        -2.0603619888424873,
        53.89594308100641,
        304.79999999999995
      ],
      [
        -2.060393588617444,
        53.896052381023765,
        305.20000000000005
      ],
      [
        -2.0604393538087606,
        53.89617182314396,
        305.20000000000005
      ],
      [
        -2.0604948420077562,
        53.89627852477133,
        305.20000000000005
      ],
      [
        -2.060539433732629,
        53.89638992026448,
        305
      ],
      [
        -2.0605759788304567,
        53.8964893296361,
        305.20000000000005
      ],
      [
        -2.0606252644211054,
        53.89657742343843,
        305.4
      ],
      [
        -2.06065334379673,
        53.896652944386005,
        305
      ],
      [
        -2.0606655813753605,
        53.89666241593659,
        305.20000000000005
      ],
      [
        -2.0606655813753605,
        53.896669037640095,
        305
      ],
      [
        -2.0606752205640078,
        53.896679347380996,
        304.4
      ],
      [
        -2.060643872246146,
        53.89670072123408,
        303.79999999999995
      ],
      [
        -2.06063624471426,
        53.89671966433525,
        303.4
      ],
      [
        -2.060575308278203,
        53.89673382975161,
        302.79999999999995
      ],
      [
        -2.0605551917105913,
        53.896736428141594,
        302.79999999999995
      ],
      [
        -2.060501631349325,
        53.89673173427582,
        302.20000000000005
      ],
      [
        -2.0603746455162764,
        53.89671832323074,
        301.20000000000005
      ],
      [
        -2.0603551995009184,
        53.89671488665044,
        301.20000000000005
      ],
      [
        -2.0602167304605246,
        53.89670709148049,
        300
      ],
      [
        -2.060062000527978,
        53.89672729186714,
        298.79999999999995
      ],
      [
        -2.059938283637166,
        53.89680851250887,
        298.20000000000005
      ],
      [
        -2.0598918478935957,
        53.896832736209035,
        297.79999999999995
      ],
      [
        -2.059814315289259,
        53.89690130017698,
        296.79999999999995
      ],
      [
        -2.0597092900425196,
        53.89696491882205,
        295.6
      ],
      [
        -2.059671990573406,
        53.89699283055961,
        295.20000000000005
      ],
      [
        -2.0596771873533726,
        53.89699526131153,
        294.6
      ],
      [
        -2.0596749242395163,
        53.896997440606356,
        294.6
      ],
      [
        -2.059630248695612,
        53.8970364164561,
        294.4
      ],
      [
        -2.059507369995117,
        53.89712358824909,
        293.4
      ],
      [
        -2.0594605151563883,
        53.89715342782438,
        293
      ],
      [
        -2.0593730080872774,
        53.89721277169883,
        292.20000000000005
      ],
      [
        -2.0592996664345264,
        53.89726884663105,
        291.6
      ],
      [
        -2.0592725928872824,
        53.897290639579296,
        291.20000000000005
      ],
      [
        -2.059200257062912,
        53.89733866788447,
        290.4
      ],
      [
        -2.059188522398472,
        53.89734956435859,
        290.20000000000005
      ],
      [
        -2.0591226406395435,
        53.897413183003664,
        289.20000000000005
      ],
      [
        -2.0590906217694283,
        53.8974494766444,
        288.79999999999995
      ],
      [
        -2.059028511866927,
        53.89751058071852,
        288
      ],
      [
        -2.0590042043477297,
        53.89753455296159,
        287.79999999999995
      ],
      [
        -2.058904878795147,
        53.897622898221016,
        287
      ],
      [
        -2.0588756259530783,
        53.897643433883786,
        286.79999999999995
      ],
      [
        -2.058790298178792,
        53.89770143665373,
        286
      ],
      [
        -2.0587769709527493,
        53.897713255137205,
        285.79999999999995
      ],
      [
        -2.058712597936392,
        53.897744016721845,
        285.20000000000005
      ],
      [
        -2.058708071708679,
        53.89774686656892,
        285
      ],
      [
        -2.0587129332125187,
        53.89775114133954,
        284.79999999999995
      ],
      [
        -2.058703377842903,
        53.897761115804315,
        284.79999999999995
      ],
      [
        -2.058681081980467,
        53.89777762815356,
        284.79999999999995
      ],
      [
        -2.058613607659936,
        53.89783621765673,
        284
      ],
      [
        -2.0585970114916563,
        53.897844180464745,
        283.79999999999995
      ],
      [
        -2.0585471391677856,
        53.89788550324738,
        283.20000000000005
      ],
      [
        -2.058492237702012,
        53.897925317287445,
        282.6
      ],
      [
        -2.058464577421546,
        53.89794409275055,
        282.4
      ],
      [
        -2.05839148722589,
        53.897985415533185,
        281.6
      ],
      [
        -2.0583409443497658,
        53.89801709912717,
        280.79999999999995
      ],
      [
        -2.058329712599516,
        53.898031348362565,
        280.6
      ],
      [
        -2.058235500007868,
        53.898092368617654,
        279.6
      ],
      [
        -2.05814472399652,
        53.898149617016315,
        278.4
      ],
      [
        -2.0580845419317484,
        53.898192113265395,
        277.6
      ],
      [
        -2.0580592285841703,
        53.89820937998593,
        277.20000000000005
      ],
      [
        -2.0579832047224045,
        53.89826579019427,
        276.20000000000005
      ],
      [
        -2.0579513534903526,
        53.89829286374152,
        275.79999999999995
      ],
      [
        -2.0579431392252445,
        53.8982988987118,
        275.6
      ],
      [
        -2.0579122100025415,
        53.89831482432783,
        275.20000000000005
      ],
      [
        -2.057821350172162,
        53.89837936498225,
        274
      ],
      [
        -2.0577961206436157,
        53.89839210547507,
        273.6
      ],
      [
        -2.0577537082135677,
        53.89841515570879,
        273
      ],
      [
        -2.0576889999210835,
        53.898456897586584,
        272
      ],
      [
        -2.0576694700866938,
        53.89847030863166,
        271.6
      ],
      [
        -2.057630494236946,
        53.89850660227239,
        270.79999999999995
      ],
      [
        -2.0575979724526405,
        53.898534094914794,
        270.20000000000005
      ],
      [
        -2.0575632713735104,
        53.89855697751045,
        269.79999999999995
      ],
      [
        -2.0574822183698416,
        53.898613806813955,
        268.6
      ],
      [
        -2.0574554800987244,
        53.89863224700093,
        268.20000000000005
      ],
      [
        -2.057419354096055,
        53.898677844554186,
        267.6
      ],
      [
        -2.057432681322098,
        53.89873324893415,
        266.79999999999995
      ],
      [
        -2.0574456732720137,
        53.89875872991979,
        266.4
      ],
      [
        -2.057520104572177,
        53.89883098192513,
        265.20000000000005
      ],
      [
        -2.057544831186533,
        53.8988533616066,
        265
      ],
      [
        -2.057601409032941,
        53.89890734106302,
        264
      ],
      [
        -2.0576568134129047,
        53.898957800120115,
        263.4
      ],
      [
        -2.057675253599882,
        53.89897774904966,
        262.79999999999995
      ],
      [
        -2.0577691309154034,
        53.89905536547303,
        261.79999999999995
      ],
      [
        -2.0577782671898603,
        53.89906349591911,
        261.6
      ],
      [
        -2.057853788137436,
        53.89912124723196,
        260.6
      ],
      [
        -2.057884046807885,
        53.89914463274181,
        260.20000000000005
      ],
      [
        -2.0579452347010374,
        53.89918486587703,
        259.4
      ],
      [
        -2.057991838082671,
        53.89921294525266,
        259.20000000000005
      ],
      [
        -2.0580613240599632,
        53.89924831688404,
        258.20000000000005
      ],
      [
        -2.0581417065113783,
        53.89929617755115,
        257.6
      ],
      [
        -2.0581920817494392,
        53.89931847341359,
        257.20000000000005
      ],
      [
        -2.058329712599516,
        53.899387288838625,
        256.20000000000005
      ],
      [
        -2.058345302939415,
        53.89939550310373,
        256
      ],
      [
        -2.0585235860198736,
        53.89948736876249,
        255.39999999999998
      ],
      [
        -2.058594496920705,
        53.899525590240955,
        255
      ],
      [
        -2.058655181899667,
        53.89956867322326,
        254.79999999999995
      ],
      [
        -2.0587789826095104,
        53.89962977729738,
        254.39999999999998
      ],
      [
        -2.05886690877378,
        53.89968962408602,
        254.20000000000005
      ],
      [
        -2.058964306488633,
        53.8997339643538,
        254
      ],
      [
        -2.0589798130095005,
        53.89974377118051,
        254
      ],
      [
        -2.0591091457754374,
        53.89981736429036,
        253.79999999999995
      ],
      [
        -2.0592128299176693,
        53.899875869974494,
        253.20000000000005
      ],
      [
        -2.059238813817501,
        53.89989271759987,
        252.79999999999995
      ],
      [
        -2.0592973195016384,
        53.89992708340287,
        252.79999999999995
      ],
      [
        -2.0594021771103144,
        53.900025403127074,
        252
      ],
      [
        -2.05942053347826,
        53.90006437897682,
        251.79999999999995
      ],
      [
        -2.0594401471316814,
        53.900088937953115,
        251.60000000000002
      ],
      [
        -2.0594693161547184,
        53.90009933151305,
        251.60000000000002
      ],
      [
        -2.059478620067239,
        53.90009899623692,
        252.20000000000005
      ],
      [
        -2.0595185179263353,
        53.90011810697615,
        251.60000000000002
      ],
      [
        -2.059570737183094,
        53.90016429126263,
        251.39999999999998
      ],
      [
        -2.0595986489206553,
        53.900179797783494,
        251.39999999999998
      ],
      [
        -2.0596851501613855,
        53.900235034525394,
        251.39999999999998
      ],
      [
        -2.0597567316144705,
        53.900279458612204,
        250.79999999999995
      ],
      [
        -2.0597855653613806,
        53.900294126942754,
        250.79999999999995
      ],
      [
        -2.059799814596772,
        53.90030284412205,
        250.79999999999995
      ],
      [
        -2.0598627626895905,
        53.90033880248666,
        250.39999999999998
      ],
      [
        -2.0598821248859167,
        53.90035070478916,
        250.60000000000002
      ],
      [
        -2.05990819260478,
        53.900381131097674,
        250.60000000000002
      ],
      [
        -2.0599195081740618,
        53.90038934536278,
        250.39999999999998
      ],
      [
        -2.0599599089473486,
        53.900412898510695,
        250.39999999999998
      ],
      [
        -2.0600147265940905,
        53.90044248662889,
        250
      ],
      [
        -2.0600570552051067,
        53.90046754851937,
        249.79999999999995
      ],
      [
        -2.060152441263199,
        53.900497974827886,
        249.20000000000005
      ],
      [
        -2.060152441263199,
        53.900497974827886,
        249
      ],
      [
        -2.0601646788418293,
        53.90049763955176,
        249.20000000000005
      ],
      [
        -2.0601628348231316,
        53.90049755573273,
        249.20000000000005
      ],
      [
        -2.0602312311530113,
        53.900517504662275,
        249
      ],
      [
        -2.0602518506348133,
        53.900527814403176,
        248.79999999999995
      ],
      [
        -2.0602753199636936,
        53.90055304393172,
        247.79999999999995
      ],
      [
        -2.06027758307755,
        53.90055983327329,
        247.60000000000002
      ],
      [
        -2.0603039022535086,
        53.90059185214341,
        246.39999999999998
      ],
      [
        -2.0603106915950775,
        53.900605430826545,
        246.20000000000005
      ],
      [
        -2.0603718794882298,
        53.9006076939404,
        245.39999999999998
      ],
      [
        -2.060393588617444,
        53.90060895122588,
        245.20000000000005
      ],
      [
        -2.060477491468191,
        53.90064147301018,
        244.20000000000005
      ],
      [
        -2.0605142042040825,
        53.90065689571202,
        243.79999999999995
      ],
      [
        -2.0605798345059156,
        53.90069771558046,
        243.60000000000002
      ],
      [
        -2.0606355741620064,
        53.900716910138726,
        243
      ],
      [
        -2.060656864196062,
        53.90072898007929,
        243
      ],
      [
        -2.0606705266982317,
        53.900736942887306,
        242.79999999999995
      ],
      [
        -2.0606705266982317,
        53.900736942887306,
        242.79999999999995
      ],
      [
        -2.0606705266982317,
        53.900736942887306,
        242.60000000000002
      ],
      [
        -2.0606809202581644,
        53.90074163675308,
        242.60000000000002
      ],
      [
        -2.060635657981038,
        53.90073459595442,
        242.60000000000002
      ],
      [
        -2.0606394298374653,
        53.90073895454407,
        242.39999999999998
      ],
      [
        -2.0606394298374653,
        53.90073895454407,
        242.39999999999998
      ],
      [
        -2.060575308278203,
        53.9007443189621,
        242.20000000000005
      ],
      [
        -2.06056147813797,
        53.90075328759849,
        242.39999999999998
      ],
      [
        -2.0605716202408075,
        53.90075898729265,
        242.20000000000005
      ],
      [
        -2.0605727937072515,
        53.90075814910233,
        242.20000000000005
      ],
      [
        -2.060571201145649,
        53.90075856819749,
        242.20000000000005
      ],
      [
        -2.06056147813797,
        53.90075328759849,
        242.20000000000005
      ],
      [
        -2.060543540865183,
        53.900761837139726,
        242.20000000000005
      ],
      [
        -2.0605342369526625,
        53.900764184072614,
        242.20000000000005
      ],
      [
        -2.0604829397052526,
        53.90076803974807,
        242.39999999999998
      ],
      [
        -2.060460979118943,
        53.90076703391969,
        242.39999999999998
      ],
      [
        -2.0604250207543373,
        53.90081179328263,
        242.39999999999998
      ],
      [
        -2.060451004654169,
        53.900853618979454,
        242.39999999999998
      ],
      [
        -2.0604582969099283,
        53.90088513493538,
        242.20000000000005
      ],
      [
        -2.060460979118943,
        53.9008978754282,
        242
      ],
      [
        -2.060468103736639,
        53.900899048894644,
        242.20000000000005
      ],
      [
        -2.060436923056841,
        53.90091489069164,
        242.39999999999998
      ],
      [
        -2.060387134552002,
        53.900995356962085,
        241.39999999999998
      ],
      [
        -2.060396187007427,
        53.9010049123317,
        241.20000000000005
      ],
      [
        -2.060399204492569,
        53.901006085798144,
        241
      ],
      [
        -2.0604102686047554,
        53.90100290067494,
        240.39999999999998
      ],
      [
        -2.060409262776375,
        53.900999799370766,
        240.39999999999998
      ],
      [
        -2.060410100966692,
        53.90100055374205,
        240.39999999999998
      ],
      [
        -2.0604257751256227,
        53.90104162506759,
        240.39999999999998
      ],
      [
        -2.060440443456173,
        53.90105218626559,
        240
      ],
      [
        -2.0604524295777082,
        53.90105822123587,
        239.79999999999995
      ],
      [
        -2.0604524295777082,
        53.90104782767594,
        239
      ],
      [
        -2.060446562245488,
        53.901050090789795,
        238.79999999999995
      ],
      [
        -2.0604284573346376,
        53.9010963588953,
        238.60000000000002
      ],
      [
        -2.0604326482862234,
        53.90111530199647,
        238.39999999999998
      ],
      [
        -2.060446059331298,
        53.90112955123186,
        237.79999999999995
      ],
      [
        -2.06047841347754,
        53.90114329755306,
        237.20000000000005
      ],
      [
        -2.0605035591870546,
        53.90114279463887,
        236.79999999999995
      ],
      [
        -2.0605115219950676,
        53.90114706940949,
        236.39999999999998
      ],
      [
        -2.0605468936264515,
        53.901152685284615,
        235.79999999999995
      ],
      [
        -2.060549659654498,
        53.90116500668228,
        235.20000000000005
      ],
      [
        -2.060547983273864,
        53.901197612285614,
        234.39999999999998
      ],
      [
        -2.0605504978448153,
        53.901207502931356,
        234
      ],
      [
        -2.06055611371994,
        53.90125276520848,
        232.79999999999995
      ],
      [
        -2.060580085963011,
        53.90127271413803,
        231.79999999999995
      ],
      [
        -2.0605949219316244,
        53.901270953938365,
        231.39999999999998
      ],
      [
        -2.060612440109253,
        53.90126282349229,
        230.79999999999995
      ],
      [
        -2.060621241107583,
        53.901259722188115,
        230.60000000000002
      ],
      [
        -2.060634484514594,
        53.90126449987292,
        230.20000000000005
      ],
      [
        -2.0606587920337915,
        53.901271456852555,
        229.79999999999995
      ],
      [
        -2.0606709457933903,
        53.901275815442204,
        229.39999999999998
      ],
      [
        -2.06071050837636,
        53.901288555935025,
        228.20000000000005
      ],
      [
        -2.0607247576117516,
        53.90129132196307,
        228
      ],
      [
        -2.060745293274522,
        53.90130087733269,
        227.20000000000005
      ],
      [
        -2.0607607159763575,
        53.90134052373469,
        226
      ],
      [
        -2.060821568593383,
        53.901409255340695,
        224.60000000000002
      ],
      [
        -2.060828609392047,
        53.90142132528126,
        224.20000000000005
      ],
      [
        -2.0608470495790243,
        53.90146164223552,
        223.39999999999998
      ],
      [
        -2.060889210551977,
        53.90150195918977,
        222.60000000000002
      ],
      [
        -2.060899268835783,
        53.901510927826166,
        222.39999999999998
      ],
      [
        -2.060963809490204,
        53.90157571993768,
        221.39999999999998
      ],
      [
        -2.060977639630437,
        53.901585694402456,
        221.20000000000005
      ],
      [
        -2.0610145200043917,
        53.901587538421154,
        220.79999999999995
      ],
      [
        -2.0610145200043917,
        53.901587538421154,
        220.20000000000005
      ],
      [
        -2.0610275957733393,
        53.90158946625888,
        220.20000000000005
      ],
      [
        -2.0610637217760086,
        53.90159793198109,
        220.20000000000005
      ],
      [
        -2.0610826648771763,
        53.901597848162055,
        220.20000000000005
      ],
      [
        -2.0611317828297615,
        53.90158695168793,
        219.79999999999995
      ],
      [
        -2.06109163351357,
        53.90160991810262,
        219.79999999999995
      ],
      [
        -2.0610814075917006,
        53.90162006020546,
        219.79999999999995
      ],
      [
        -2.061088951304555,
        53.90163271687925,
        219.60000000000002
      ],
      [
        -2.0611020270735025,
        53.90167370438576,
        219.39999999999998
      ],
      [
        -2.0611193776130676,
        53.901697089895606,
        219
      ],
      [
        -2.061148378998041,
        53.90174847096205,
        218.20000000000005
      ],
      [
        -2.061153156682849,
        53.90175844542682,
        218
      ],
      [
        -2.061166064813733,
        53.901816699653864,
        216.79999999999995
      ],
      [
        -2.061170507222414,
        53.901837235316634,
        216.20000000000005
      ],
      [
        -2.0611800625920296,
        53.90188006684184,
        215.60000000000002
      ],
      [
        -2.061185259371996,
        53.901911582797766,
        215
      ],
      [
        -2.0611738599836826,
        53.901934549212456,
        214.60000000000002
      ],
      [
        -2.061159946024418,
        53.90200302936137,
        213.39999999999998
      ],
      [
        -2.0611555874347687,
        53.90204703435302,
        212.39999999999998
      ],
      [
        -2.061150139197707,
        53.902103109285235,
        211.39999999999998
      ],
      [
        -2.0611505582928658,
        53.902145605534315,
        210.79999999999995
      ],
      [
        -2.0611520670354366,
        53.90218407846987,
        210.39999999999998
      ],
      [
        -2.0611456129699945,
        53.90219564549625,
        210
      ],
      [
        -2.0611349679529667,
        53.90224945731461,
        209.20000000000005
      ],
      [
        -2.0611194614320993,
        53.90231978148222,
        208.20000000000005
      ],
      [
        -2.0611170306801796,
        53.90233168378472,
        208
      ],
      [
        -2.0611081458628178,
        53.90238968655467,
        207
      ],
      [
        -2.061104290187359,
        53.90241516754031,
        206.60000000000002
      ],
      [
        -2.061088616028428,
        53.90245850197971,
        205.79999999999995
      ],
      [
        -2.06109163351357,
        53.90250745229423,
        205
      ],
      [
        -2.061082748696208,
        53.902528239414096,
        204.79999999999995
      ],
      [
        -2.0610787253826857,
        53.90258942730725,
        203.79999999999995
      ],
      [
        -2.061081323772669,
        53.902600072324276,
        203.60000000000002
      ],
      [
        -2.0611120015382767,
        53.902608370408416,
        203
      ],
      [
        -2.0611291006207466,
        53.90260158106685,
        202.60000000000002
      ],
      [
        -2.0612001791596413,
        53.90258263796568,
        201.60000000000002
      ],
      [
        -2.061303360387683,
        53.90258221887052,
        200.39999999999998
      ],
      [
        -2.0613202080130577,
        53.90258708037436,
        200.20000000000005
      ],
      [
        -2.0613930467516184,
        53.90262907370925,
        199.39999999999998
      ],
      [
        -2.061408469453454,
        53.90264860354364,
        199.20000000000005
      ],
      [
        -2.061457335948944,
        53.902665534988046,
        198.39999999999998
      ],
      [
        -2.0614640414714813,
        53.902659583836794,
        198.20000000000005
      ],
      [
        -2.0614424161612988,
        53.90265212394297,
        198.20000000000005
      ],
      [
        -2.061472339555621,
        53.90266612172127,
        198.20000000000005
      ],
      [
        -2.061474435031414,
        53.90266997739673,
        198.60000000000002
      ],
      [
        -2.0614734292030334,
        53.90267274342477,
        198.39999999999998
      ],
      [
        -2.061468902975321,
        53.90267760492861,
        198.60000000000002
      ],
      [
        -2.061475273221731,
        53.90267048031092,
        198.79999999999995
      ],
      [
        -2.061475273221731,
        53.90267048031092,
        198.79999999999995
      ],
      [
        -2.061475273221731,
        53.90267048031092,
        198.79999999999995
      ],
      [
        -2.0614660531282425,
        53.902683556079865,
        198.79999999999995
      ],
      [
        -2.061467058956623,
        53.90267752110958,
        198.79999999999995
      ],
      [
        -2.061467058956623,
        53.90267752110958,
        198.39999999999998
      ],
      [
        -2.061467058956623,
        53.90267752110958,
        198.60000000000002
      ],
      [
        -2.061467058956623,
        53.90267752110958,
        198.60000000000002
      ],
      [
        -2.061467058956623,
        53.90267752110958,
        198.60000000000002
      ],
      [
        -2.061467058956623,
        53.90267752110958,
        198.60000000000002
      ],
      [
        -2.0614829007536173,
        53.902672408148646,
        198.79999999999995
      ],
      [
        -2.0614808052778244,
        53.902675257995725,
        198.79999999999995
      ],
      [
        -2.0614807214587927,
        53.90267844311893,
        198.79999999999995
      ],
      [
        -2.0614805538207293,
        53.90271029435098,
        198.79999999999995
      ],
      [
        -2.061468819156289,
        53.9027127251029,
        198.39999999999998
      ],
      [
        -2.0614805538207293,
        53.90271029435098,
        198.79999999999995
      ],
      [
        -2.061528079211712,
        53.90271448530257,
        199
      ],
      [
        -2.0615399815142155,
        53.90271423384547,
        199.39999999999998
      ],
      [
        -2.0615410711616278,
        53.902713898569345,
        199.39999999999998
      ],
      [
        -2.0615409035235643,
        53.90271515585482,
        199.39999999999998
      ],
      [
        -2.061540400609374,
        53.902714904397726,
        199.39999999999998
      ],
      [
        -2.0615376345813274,
        53.90272228047252,
        199.39999999999998
      ],
      [
        -2.061514835804701,
        53.90271549113095,
        199.79999999999995
      ],
      [
        -2.0615140814334154,
        53.90271691605449,
        199.60000000000002
      ],
      [
        -2.061512488871813,
        53.90271691605449,
        199.60000000000002
      ],
      [
        -2.0615125726908445,
        53.90272186137736,
        199.79999999999995
      ],
      [
        -2.0615155901759863,
        53.90272295102477,
        199.79999999999995
      ],
      [
        -2.061548111960292,
        53.9027180057019,
        199.79999999999995
      ],
      [
        -2.0615390595048666,
        53.90270618721843,
        199.60000000000002
      ],
      [
        -2.0615238044410944,
        53.90271280892193,
        200
      ],
      [
        -2.061506286263466,
        53.90271398238838,
        199.79999999999995
      ],
      [
        -2.0615193620324135,
        53.902706103399396,
        200
      ],
      [
        -2.0616039354354143,
        53.902714317664504,
        200.39999999999998
      ],
      [
        -2.0616300869733095,
        53.90271523967385,
        200.39999999999998
      ],
      [
        -2.0616669673472643,
        53.90271171927452,
        200.79999999999995
      ],
      [
        -2.061698567122221,
        53.90271029435098,
        201.39999999999998
      ],
      [
        -2.061727149412036,
        53.9027386251837,
        201.79999999999995
      ],
      [
        -2.0617216173559427,
        53.902750024572015,
        201.79999999999995
      ],
      [
        -2.0617098826915026,
        53.90275572426617,
        201.79999999999995
      ],
      [
        -2.0617219526320696,
        53.90277944505215,
        202.60000000000002
      ],
      [
        -2.061744499951601,
        53.9027766790241,
        203.60000000000002
      ],
      [
        -2.0617776084691286,
        53.90277768485248,
        203.60000000000002
      ],
      [
        -2.0617965515702963,
        53.90278556384146,
        203.60000000000002
      ],
      [
        -2.061842903494835,
        53.90281037427485,
        204.39999999999998
      ],
      [
        -2.0618435740470886,
        53.90282127074897,
        204.60000000000002
      ],
      [
        -2.0618429873138666,
        53.902831915766,
        204.79999999999995
      ],
      [
        -2.061817506328225,
        53.902903497219086,
        205.79999999999995
      ],
      [
        -2.061824966222048,
        53.90291053801775,
        205.79999999999995
      ],
      [
        -2.0618716534227133,
        53.90296879224479,
        206.39999999999998
      ],
      [
        -2.0618735812604427,
        53.9029785990715,
        206.60000000000002
      ],
      [
        -2.061876431107521,
        53.902987064793706,
        206.79999999999995
      ],
      [
        -2.0619092043489218,
        53.90302771702409,
        207.20000000000005
      ],
      [
        -2.0619587413966656,
        53.90307960100472,
        207.79999999999995
      ],
      [
        -2.061963602900505,
        53.90308781526983,
        207.79999999999995
      ],
      [
        -2.0620019920170307,
        53.90315763652325,
        208.60000000000002
      ],
      [
        -2.06200928427279,
        53.903167862445116,
        208.60000000000002
      ],
      [
        -2.062015989795327,
        53.903185883536935,
        208.79999999999995
      ],
      [
        -2.0620527025312185,
        53.90323391184211,
        209.39999999999998
      ],
      [
        -2.06206351518631,
        53.90327640809119,
        210
      ],
      [
        -2.062071645632386,
        53.90331957489252,
        210.20000000000005
      ],
      [
        -2.0621012337505817,
        53.90338093042374,
        211
      ],
      [
        -2.062104754149914,
        53.90340163372457,
        211.39999999999998
      ],
      [
        -2.062154710292816,
        53.90345477499068,
        211.79999999999995
      ],
      [
        -2.0621705520898104,
        53.903474221006036,
        212
      ],
      [
        -2.0622041635215282,
        53.90352224931121,
        212.60000000000002
      ],
      [
        -2.062225453555584,
        53.90356692485511,
        213.20000000000005
      ],
      [
        -2.062233919277787,
        53.903577318415046,
        213.20000000000005
      ],
      [
        -2.062285551801324,
        53.9036451280117,
        213.79999999999995
      ],
      [
        -2.0622971188277006,
        53.90367714688182,
        214.20000000000005
      ],
      [
        -2.0623013097792864,
        53.903696509078145,
        214.39999999999998
      ],
      [
        -2.0623336639255285,
        53.903758032247424,
        215
      ],
      [
        -2.062348499894142,
        53.90378803946078,
        215.20000000000005
      ],
      [
        -2.062356797978282,
        53.903807485476136,
        215.60000000000002
      ],
      [
        -2.062373561784625,
        53.90383271500468,
        215.60000000000002
      ],
      [
        -2.062375405803323,
        53.9038422703743,
        215.79999999999995
      ],
      [
        -2.062406586483121,
        53.90387722291052,
        216.39999999999998
      ],
      [
        -2.062426032498479,
        53.90390890650451,
        216.60000000000002
      ],
      [
        -2.0624676905572414,
        53.90396749600768,
        217.39999999999998
      ],
      [
        -2.0624950155615807,
        53.90403010882437,
        218
      ],
      [
        -2.0625151321291924,
        53.904056679457426,
        218.39999999999998
      ],
      [
        -2.062524352222681,
        53.90407252125442,
        218.60000000000002
      ],
      [
        -2.062546983361244,
        53.90409699641168,
        219
      ],
      [
        -2.0625717099756002,
        53.90412054955959,
        219.39999999999998
      ],
      [
        -2.0626019686460495,
        53.90418450348079,
        220
      ],
      [
        -2.0626202411949635,
        53.904222222045064,
        220.39999999999998
      ],
      [
        -2.062631892040372,
        53.904245691373944,
        220.60000000000002
      ],
      [
        -2.062665754929185,
        53.9043203741312,
        221.39999999999998
      ],
      [
        -2.06267480738461,
        53.90433185733855,
        221.60000000000002
      ],
      [
        -2.0627070777118206,
        53.90439044684172,
        222.39999999999998
      ],
      [
        -2.0627141185104847,
        53.904424058273435,
        222.60000000000002
      ],
      [
        -2.0627151243388653,
        53.9044654648751,
        223
      ],
      [
        -2.0627280324697495,
        53.90450896695256,
        223.60000000000002
      ],
      [
        -2.0627348218113184,
        53.90452807769179,
        223.79999999999995
      ],
      [
        -2.062742952257395,
        53.904572082683444,
        224.60000000000002
      ],
      [
        -2.0627468917518854,
        53.90457669273019,
        224.60000000000002
      ],
      [
        -2.062773546203971,
        53.90461248345673,
        225.60000000000002
      ],
      [
        -2.062778491526842,
        53.904615081846714,
        225.79999999999995
      ],
      [
        -2.0627783238887787,
        53.90462254174054,
        226.20000000000005
      ],
      [
        -2.0627908129245043,
        53.90463888645172,
        226.20000000000005
      ],
      [
        -2.062814198434353,
        53.904658164829016,
        226.39999999999998
      ],
      [
        -2.06280623562634,
        53.904739217832685,
        226.60000000000002
      ],
      [
        -2.0628078281879425,
        53.904751958325505,
        226.79999999999995
      ],
      [
        -2.0628081634640694,
        53.904818929731846,
        226.79999999999995
      ],
      [
        -2.06280623562634,
        53.904827646911144,
        226.79999999999995
      ],
      [
        -2.0628069061785936,
        53.90490165911615,
        227
      ],
      [
        -2.06278913654387,
        53.90500391833484,
        227.60000000000002
      ],
      [
        -2.0627907291054726,
        53.90501707792282,
        227.79999999999995
      ],
      [
        -2.062791148200631,
        53.905028980225325,
        228
      ],
      [
        -2.0627893041819334,
        53.90505186282098,
        228.20000000000005
      ],
      [
        -2.0627908129245043,
        53.9050751645118,
        228.39999999999998
      ],
      [
        -2.0627909805625677,
        53.90509083867073,
        228.60000000000002
      ],
      [
        -2.062793830409646,
        53.90511313453317,
        228.79999999999995
      ],
      [
        -2.0628069899976254,
        53.90515931881964,
        229.60000000000002
      ],
      [
        -2.062812941148877,
        53.90518697910011,
        230
      ],
      [
        -2.06282677128911,
        53.905263338238,
        230.39999999999998
      ],
      [
        -2.062842110171914,
        53.90530969016254,
        231
      ],
      [
        -2.0628566946834326,
        53.90534405596554,
        231.39999999999998
      ],
      [
        -2.062865998595953,
        53.90538806095719,
        232
      ],
      [
        -2.06286977045238,
        53.905407255515456,
        232.39999999999998
      ],
      [
        -2.0628744643181562,
        53.905474143102765,
        233
      ],
      [
        -2.0628805831074715,
        53.90552728436887,
        233.60000000000002
      ],
      [
        -2.0628804992884398,
        53.90557656995952,
        234.20000000000005
      ],
      [
        -2.0628823433071375,
        53.90561118721962,
        234.39999999999998
      ],
      [
        -2.062900112941861,
        53.90566734597087,
        235.20000000000005
      ],
      [
        -2.062911093235016,
        53.905679332092404,
        235.20000000000005
      ],
      [
        -2.0629353169351816,
        53.90576331876218,
        236.20000000000005
      ],
      [
        -2.0629406813532114,
        53.90577438287437,
        236.20000000000005
      ],
      [
        -2.0629786513745785,
        53.90586281195283,
        237.39999999999998
      ],
      [
        -2.06299290060997,
        53.90593062154949,
        238.39999999999998
      ],
      [
        -2.0629945769906044,
        53.90593891963363,
        238.60000000000002
      ],
      [
        -2.063013268634677,
        53.906005220487714,
        239.39999999999998
      ],
      [
        -2.0630145259201527,
        53.906015027314425,
        239.60000000000002
      ],
      [
        -2.0630299486219883,
        53.906083423644304,
        240.79999999999995
      ],
      [
        -2.063033217564225,
        53.90609507448971,
        240.79999999999995
      ],
      [
        -2.063064817339182,
        53.9061769656837,
        241.79999999999995
      ],
      [
        -2.063088621944189,
        53.90624695457518,
        243
      ],
      [
        -2.0630925614386797,
        53.90625801868737,
        243.20000000000005
      ],
      [
        -2.06310722976923,
        53.906341921538115,
        244
      ],
      [
        -2.063112510368228,
        53.906353740021586,
        244.20000000000005
      ],
      [
        -2.0631609577685595,
        53.90642272308469,
        244.79999999999995
      ],
      [
        -2.0631881151348352,
        53.90644904226065,
        245.20000000000005
      ],
      [
        -2.0632425975054502,
        53.90650595538318,
        245.79999999999995
      ],
      [
        -2.063318621367216,
        53.90657753683627,
        246.39999999999998
      ],
      [
        -2.0633453596383333,
        53.90660067088902,
        246.60000000000002
      ],
      [
        -2.0634227246046066,
        53.906684909015894,
        247.39999999999998
      ],
      [
        -2.0634289272129536,
        53.906695721670985,
        247.39999999999998
      ],
      [
        -2.0634919591248035,
        53.90679026953876,
        247.79999999999995
      ],
      [
        -2.0635544881224632,
        53.90686537139118,
        248.20000000000005
      ],
      [
        -2.0636295061558485,
        53.90694575384259,
        248
      ],
      [
        -2.0636821445077658,
        53.90698707662523,
        248
      ],
      [
        -2.0636766124516726,
        53.90700082294643,
        248
      ],
      [
        -2.0637061167508364,
        53.90702873468399,
        247.79999999999995
      ],
      [
        -2.0637614373117685,
        53.9071268029511,
        247
      ],
      [
        -2.0638105552643538,
        53.90716745518148,
        246.79999999999995
      ],
      [
        -2.063821367919445,
        53.90718648210168,
        246.60000000000002
      ],
      [
        -2.063813991844654,
        53.907195031642914,
        246.60000000000002
      ],
      [
        -2.063804939389229,
        53.9072008151561,
        246.39999999999998
      ],
      [
        -2.063804855570197,
        53.90719821676612,
        246.39999999999998
      ],
      [
        -2.0638053584843874,
        53.907206766307354,
        246.60000000000002
      ],
      [
        -2.0638103038072586,
        53.907210789620876,
        246.60000000000002
      ],
      [
        -2.0638170931488276,
        53.907219087705016,
        246.39999999999998
      ],
      [
        -2.0638250559568405,
        53.9072301518172,
        246.39999999999998
      ],
      [
        -2.063897391781211,
        53.90729838050902,
        246
      ],
      [
        -2.0639357808977365,
        53.90737792477012,
        245.39999999999998
      ],
      [
        -2.063982468098402,
        53.907454032450914,
        244.79999999999995
      ],
      [
        -2.0640126429498196,
        53.9074891526252,
        244.20000000000005
      ],
      [
        -2.064085900783539,
        53.90756970271468,
        243.20000000000005
      ],
      [
        -2.064094953238964,
        53.90757976099849,
        243.20000000000005
      ],
      [
        -2.0641998946666718,
        53.9076585508883,
        242.39999999999998
      ],
      [
        -2.0642238669097424,
        53.90767858363688,
        242
      ],
      [
        -2.06429754383862,
        53.90774748288095,
        241.60000000000002
      ],
      [
        -2.0644037425518036,
        53.907821075990796,
        241
      ],
      [
        -2.064425954595208,
        53.907831301912665,
        240.79999999999995
      ],
      [
        -2.064509019255638,
        53.90787404961884,
        239.79999999999995
      ],
      [
        -2.0645545329898596,
        53.907905062660575,
        239
      ],
      [
        -2.064587138593197,
        53.9079209882766,
        238.60000000000002
      ],
      [
        -2.0646631624549627,
        53.907963149249554,
        237.60000000000002
      ],
      [
        -2.0646767411381006,
        53.907972536981106,
        237.39999999999998
      ],
      [
        -2.064753854647279,
        53.9080055616796,
        236.20000000000005
      ],
      [
        -2.0647689420729876,
        53.90801335684955,
        236
      ],
      [
        -2.064820993691683,
        53.90804856084287,
        235.20000000000005
      ],
      [
        -2.0648955926299095,
        53.90808066353202,
        234.20000000000005
      ],
      [
        -2.064912272617221,
        53.90808862634003,
        234
      ],
      [
        -2.064982010051608,
        53.90812802128494,
        232.79999999999995
      ],
      [
        -2.0649965945631266,
        53.90813481062651,
        232.60000000000002
      ],
      [
        -2.0650675892829895,
        53.908163057640195,
        231.79999999999995
      ],
      [
        -2.065118970349431,
        53.90820194967091,
        231.20000000000005
      ],
      [
        -2.0651689264923334,
        53.908225586637855,
        230.79999999999995
      ],
      [
        -2.065250566229224,
        53.90824637375772,
        230.20000000000005
      ],
      [
        -2.065351400524378,
        53.90826724469662,
        229.79999999999995
      ],
      [
        -2.0654203835874796,
        53.90828099101782,
        229.20000000000005
      ],
      [
        -2.065531276166439,
        53.90830705873668,
        228.60000000000002
      ],
      [
        -2.0655691623687744,
        53.90831150114536,
        228.20000000000005
      ],
      [
        -2.0656931307166815,
        53.90833044424653,
        227.39999999999998
      ],
      [
        -2.065818775445223,
        53.908340502530336,
        226.20000000000005
      ],
      [
        -2.065838221460581,
        53.908338490873575,
        226.20000000000005
      ],
      [
        -2.065959256142378,
        53.90834502875805,
        225.20000000000005
      ],
      [
        -2.066019270569086,
        53.9083441067487,
        224.79999999999995
      ],
      [
        -2.0661484356969595,
        53.90833639539778,
        224
      ],
      [
        -2.0662129763513803,
        53.90833136625588,
        223.60000000000002
      ],
      [
        -2.066298136487603,
        53.90832021832466,
        223
      ],
      [
        -2.0663802791386843,
        53.908317536115646,
        222.39999999999998
      ],
      [
        -2.066450687125325,
        53.908313009887934,
        222
      ],
      [
        -2.066541127860546,
        53.90831544063985,
        221.60000000000002
      ],
      [
        -2.066623941063881,
        53.9083129260689,
        220.79999999999995
      ],
      [
        -2.0666596479713917,
        53.90831518918276,
        220.60000000000002
      ],
      [
        -2.0668060798197985,
        53.90832105651498,
        219.79999999999995
      ],
      [
        -2.066826531663537,
        53.90832147561014,
        219.60000000000002
      ],
      [
        -2.066913116723299,
        53.90831678174436,
        218.79999999999995
      ],
      [
        -2.0669936668127775,
        53.90830806456506,
        218.79999999999995
      ],
      [
        -2.0670352410525084,
        53.9083007723093,
        218.79999999999995
      ],
      [
        -2.06716968677938,
        53.908265652135015,
        218
      ],
      [
        -2.067242693156004,
        53.90823849476874,
        217.60000000000002
      ],
      [
        -2.067306647077203,
        53.90820681117475,
        217.20000000000005
      ],
      [
        -2.0673624705523252,
        53.90818225219846,
        216.60000000000002
      ],
      [
        -2.0674104150384665,
        53.908161129802465,
        216.20000000000005
      ],
      [
        -2.0674332976341248,
        53.908161045983434,
        216.20000000000005
      ],
      [
        -2.067452995106578,
        53.90816037543118,
        216
      ],
      [
        -2.067514266818762,
        53.908168422058225,
        215.60000000000002
      ],
      [
        -2.0675476267933846,
        53.908182168379426,
        215.20000000000005
      ],
      [
        -2.067561289295554,
        53.9081921428442,
        215
      ],
      [
        -2.0675774663686752,
        53.90821997076273,
        214.39999999999998
      ],
      [
        -2.0675879437476397,
        53.90826087445021,
        213.60000000000002
      ],
      [
        -2.0675889495760202,
        53.90827042981982,
        213.39999999999998
      ],
      [
        -2.0676179509609938,
        53.90833488665521,
        212.39999999999998
      ],
      [
        -2.0676200464367867,
        53.90834553167224,
        212.20000000000005
      ],
      [
        -2.0676132570952177,
        53.908397164195776,
        211.39999999999998
      ],
      [
        -2.0676100719720125,
        53.908433290198445,
        210.79999999999995
      ],
      [
        -2.0676127541810274,
        53.908473355695605,
        210.20000000000005
      ],
      [
        -2.0676121674478054,
        53.908535465598106,
        209.39999999999998
      ],
      [
        -2.0676042046397924,
        53.90856061130762,
        209.20000000000005
      ],
      [
        -2.06760018132627,
        53.90860352665186,
        208.60000000000002
      ],
      [
        -2.0675918832421303,
        53.908604783937335,
        208.39999999999998
      ],
      [
        -2.0675917994230986,
        53.908602772280574,
        208
      ],
      [
        -2.067596074193716,
        53.908645855262876,
        207.79999999999995
      ],
      [
        -2.0675609540194273,
        53.90871332958341,
        207
      ],
      [
        -2.0675358083099127,
        53.90874492935836,
        206.60000000000002
      ],
      [
        -2.0675083994865417,
        53.90877761878073,
        205.79999999999995
      ],
      [
        -2.0674549229443073,
        53.90883578918874,
        205
      ],
      [
        -2.0674421824514866,
        53.908844254910946,
        204.79999999999995
      ],
      [
        -2.0673682540655136,
        53.90889194793999,
        203.60000000000002
      ],
      [
        -2.067308994010091,
        53.908932683989406,
        202.60000000000002
      ],
      [
        -2.0672443695366383,
        53.908959506079555,
        201.79999999999995
      ],
      [
        -2.0672291982918978,
        53.90896629542112,
        201.60000000000002
      ],
      [
        -2.0671554375439882,
        53.90900367870927,
        200.39999999999998
      ],
      [
        -2.0670964289456606,
        53.90903888270259,
        199.20000000000005
      ],
      [
        -2.067035911604762,
        53.90907358378172,
        198
      ],
      [
        -2.066972376778722,
        53.909105602651834,
        197.20000000000005
      ],
      [
        -2.0669453870505095,
        53.90912211500108,
        196.79999999999995
      ],
      [
        -2.066829800605774,
        53.909159917384386,
        195.79999999999995
      ],
      [
        -2.066754698753357,
        53.90920861624181,
        194.60000000000002
      ],
      [
        -2.066744724288583,
        53.909216998144984,
        194.60000000000002
      ],
      [
        -2.0666428841650486,
        53.909266870468855,
        194
      ],
      [
        -2.0664935186505318,
        53.90931255184114,
        193.60000000000002
      ],
      [
        -2.066467870026827,
        53.90931682661176,
        193.60000000000002
      ],
      [
        -2.0662776846438646,
        53.90933266840875,
        193.39999999999998
      ],
      [
        -2.0660924445837736,
        53.909347923472524,
        193
      ],
      [
        -2.0659800432622433,
        53.909360244870186,
        192.60000000000002
      ],
      [
        -2.0658822264522314,
        53.909362591803074,
        192.39999999999998
      ],
      [
        -2.065846351906657,
        53.909360663965344,
        192.20000000000005
      ],
      [
        -2.0658138301223516,
        53.909378265962005,
        192
      ],
      [
        -2.0657635387033224,
        53.909391509369016,
        191.79999999999995
      ],
      [
        -2.065581064671278,
        53.909422690048814,
        191.60000000000002
      ],
      [
        -2.0653894543647766,
        53.909457474946976,
        191.20000000000005
      ],
      [
        -2.0652301982045174,
        53.90949594788253,
        191
      ],
      [
        -2.065075719729066,
        53.90954716131091,
        190.79999999999995
      ],
      [
        -2.0649452973157167,
        53.90958420932293,
        190.79999999999995
      ],
      [
        -2.064799200743437,
        53.90962184406817,
        190.60000000000002
      ],
      [
        -2.064750585705042,
        53.90963760204613,
        190.79999999999995
      ],
      [
        -2.0647515077143908,
        53.90963885933161,
        191
      ],
      [
        -2.064749412238598,
        53.90963961370289,
        191
      ],
      [
        -2.0647369232028723,
        53.90964548103511,
        191
      ],
      [
        -2.064742874354124,
        53.90967465005815,
        191
      ],
      [
        -2.064776737242937,
        53.9097411185503,
        191.60000000000002
      ],
      [
        -2.064792662858963,
        53.90977707691491,
        192
      ],
      [
        -2.0648102648556232,
        53.90980306081474,
        192.60000000000002
      ],
      [
        -2.0648245979100466,
        53.90981580130756,
        193
      ],
      [
        -2.064842199906707,
        53.90983918681741,
        193.39999999999998
      ],
      [
        -2.0648561976850033,
        53.90985209494829,
        193.79999999999995
      ],
      [
        -2.0648976042866707,
        53.909896267578006,
        194.39999999999998
      ],
      [
        -2.0649059023708105,
        53.9099155459553,
        194.79999999999995
      ],
      [
        -2.0649117697030306,
        53.909924095496535,
        195
      ],
      [
        -2.0649701077491045,
        53.90996910631657,
        195.79999999999995
      ],
      [
        -2.064991733059287,
        53.909996347501874,
        196.39999999999998
      ],
      [
        -2.0649997796863317,
        53.91003725118935,
        197
      ],
      [
        -2.0650039706379175,
        53.910074634477496,
        197.60000000000002
      ],
      [
        -2.064997013658285,
        53.910097517073154,
        198
      ],
      [
        -2.064997013658285,
        53.910097517073154,
        198.20000000000005
      ],
      [
        -2.064997013658285,
        53.910097517073154,
        198.39999999999998
      ],
      [
        -2.064989637583494,
        53.91010380350053,
        198.39999999999998
      ],
      [
        -2.064991146326065,
        53.91010422259569,
        198.39999999999998
      ],
      [
        -2.064991481602192,
        53.91010673716664,
        198.20000000000005
      ],
      [
        -2.0649915654212236,
        53.91013087704778,
        198.20000000000005
      ],
      [
        -2.0649742148816586,
        53.91014420427382,
        198.39999999999998
      ],
      [
        -2.064997684210539,
        53.91015459783375,
        198.79999999999995
      ],
      [
        -2.0650152023881674,
        53.91015501692891,
        199
      ],
      [
        -2.0650124363601208,
        53.91014219261706,
        198.79999999999995
      ],
      [
        -2.0649895537644625,
        53.91014722175896,
        198.79999999999995
      ],
      [
        -2.064976477995515,
        53.91015878878534,
        199
      ],
      [
        -2.064959378913045,
        53.910179575905204,
        199.20000000000005
      ],
      [
        -2.0649548526853323,
        53.91018468886614,
        199.39999999999998
      ],
      [
        -2.0649545174092054,
        53.91018468886614,
        199.39999999999998
      ],
      [
        -2.0649542659521103,
        53.91018519178033,
        199.39999999999998
      ],
      [
        -2.0649547688663006,
        53.91018737107515,
        199.39999999999998
      ],
      [
        -2.064949907362461,
        53.9102091640234,
        199.39999999999998
      ],
      [
        -2.0649636536836624,
        53.91023204661906,
        199.39999999999998
      ],
      [
        -2.0650425273925066,
        53.91028401441872,
        200
      ],
      [
        -2.065052082762122,
        53.910292983055115,
        200.20000000000005
      ],
      [
        -2.065077479928732,
        53.910320810973644,
        200.79999999999995
      ],
      [
        -2.065099189057946,
        53.910340256989,
        201
      ],
      [
        -2.065106900408864,
        53.910350650548935,
        201.20000000000005
      ],
      [
        -2.065115198493004,
        53.910361463204026,
        201.39999999999998
      ],
      [
        -2.0651409309357405,
        53.91040555201471,
        202.39999999999998
      ],
      [
        -2.065132800489664,
        53.9104441087693,
        202.79999999999995
      ],
      [
        -2.065133722499013,
        53.9104731939733,
        203
      ],
      [
        -2.065133973956108,
        53.910501189529896,
        203.39999999999998
      ],
      [
        -2.0651314593851566,
        53.910530442371964,
        203.79999999999995
      ],
      [
        -2.065132800489664,
        53.91054133884609,
        204
      ],
      [
        -2.0651336386799812,
        53.9105683285743,
        204.39999999999998
      ],
      [
        -2.065131962299347,
        53.910605292767286,
        204.79999999999995
      ],
      [
        -2.065127771347761,
        53.9106425922364,
        205.20000000000005
      ],
      [
        -2.0651229936629534,
        53.91066497191787,
        205.60000000000002
      ],
      [
        -2.0651367399841547,
        53.91071476042271,
        206.20000000000005
      ],
      [
        -2.0651423558592796,
        53.9107461925596,
        206.60000000000002
      ],
      [
        -2.065144367516041,
        53.91078868880868,
        207.20000000000005
      ],
      [
        -2.0651503186672926,
        53.91084769740701,
        207.60000000000002
      ],
      [
        -2.0651566050946712,
        53.910866640508175,
        208
      ],
      [
        -2.065165489912033,
        53.91094014979899,
        208.39999999999998
      ],
      [
        -2.065175799652934,
        53.91097719781101,
        208.60000000000002
      ],
      [
        -2.065175212919712,
        53.91098859719932,
        208.60000000000002
      ],
      [
        -2.0651768054813147,
        53.91101600602269,
        208.79999999999995
      ],
      [
        -2.0651659090071917,
        53.911055233329535,
        209
      ],
      [
        -2.0650835148990154,
        53.91114994883537,
        209.20000000000005
      ],
      [
        -2.0649972651153803,
        53.911230163648725,
        209.79999999999995
      ],
      [
        -2.064987374469638,
        53.91123963519931,
        209.79999999999995
      ],
      [
        -2.064921911805868,
        53.91131213866174,
        210.60000000000002
      ],
      [
        -2.06489902921021,
        53.91133711673319,
        211
      ],
      [
        -2.0648413617163897,
        53.911401154473424,
        211.39999999999998
      ],
      [
        -2.0648127794265747,
        53.911437364295125,
        212
      ],
      [
        -2.0647672656923532,
        53.91147902235389,
        212.60000000000002
      ],
      [
        -2.0647163037210703,
        53.91153501346707,
        213
      ],
      [
        -2.064696606248617,
        53.91156669706106,
        213.60000000000002
      ],
      [
        -2.064667772501707,
        53.911621598526835,
        214.20000000000005
      ],
      [
        -2.0646361727267504,
        53.91165420413017,
        214.79999999999995
      ],
      [
        -2.0646310597658157,
        53.911684630438685,
        215.39999999999998
      ],
      [
        -2.064605997875333,
        53.91172545030713,
        216
      ],
      [
        -2.0645976159721613,
        53.911744644865394,
        216.39999999999998
      ],
      [
        -2.0645946823060513,
        53.91177817247808,
        217
      ],
      [
        -2.064580600708723,
        53.91179569065571,
        217.20000000000005
      ],
      [
        -2.0645674411207438,
        53.911814047023654,
        217.39999999999998
      ],
      [
        -2.0645619928836823,
        53.91184137202799,
        218
      ],
      [
        -2.0645616576075554,
        53.911859476938844,
        218.60000000000002
      ],
      [
        -2.0645424630492926,
        53.91186450608075,
        218.60000000000002
      ],
      [
        -2.0645157247781754,
        53.91187934204936,
        219.20000000000005
      ],
      [
        -2.0644863042980433,
        53.91191018745303,
        219.60000000000002
      ],
      [
        -2.0644488371908665,
        53.911942541599274,
        220.20000000000005
      ],
      [
        -2.0643958635628223,
        53.9119965210557,
        220.79999999999995
      ],
      [
        -2.0643458236008883,
        53.91203859820962,
        222
      ],
      [
        -2.0642932690680027,
        53.91208645887673,
        223
      ],
      [
        -2.064224537461996,
        53.91213088296354,
        224
      ],
      [
        -2.064173575490713,
        53.91217379830778,
        224.60000000000002
      ],
      [
        -2.0641593262553215,
        53.91218536533415,
        225
      ],
      [
        -2.06411087885499,
        53.91222735866904,
        225.60000000000002
      ],
      [
        -2.064079949632287,
        53.912255773320794,
        226.20000000000005
      ],
      [
        -2.0640477631241083,
        53.9122882951051,
        226.60000000000002
      ],
      [
        -2.064034268260002,
        53.912301287055016,
        226.79999999999995
      ],
      [
        -2.064016917720437,
        53.91232886351645,
        227.20000000000005
      ],
      [
        -2.0640019979327917,
        53.91236029565334,
        228
      ],
      [
        -2.063991855829954,
        53.91238032840192,
        228.39999999999998
      ],
      [
        -2.0639922749251127,
        53.9123969245702,
        228.79999999999995
      ],
      [
        -2.063965117558837,
        53.91240647993982,
        229.39999999999998
      ],
      [
        -2.063963944092393,
        53.912405390292406,
        229.39999999999998
      ],
      [
        -2.0639614295214415,
        53.9124127663672,
        229.39999999999998
      ],
      [
        -2.0639558136463165,
        53.91241108998656,
        229.39999999999998
      ],
      [
        -2.063950365409255,
        53.9124125149101,
        229.39999999999998
      ],
      [
        -2.063950700685382,
        53.91240463592112,
        229.39999999999998
      ],
      [
        -2.063951874151826,
        53.91241058707237,
        229.39999999999998
      ],
      [
        -2.0639128983020782,
        53.91248091123998,
        229.60000000000002
      ],
      [
        -2.063908288255334,
        53.91249147243798,
        229.79999999999995
      ],
      [
        -2.0638863276690245,
        53.91254084184766,
        230.39999999999998
      ],
      [
        -2.0638786163181067,
        53.91255131922662,
        230.60000000000002
      ],
      [
        -2.063820445910096,
        53.91263019293547,
        231.60000000000002
      ],
      [
        -2.0638126507401466,
        53.912643771618605,
        231.60000000000002
      ],
      [
        -2.063761353492737,
        53.91270646825433,
        232.39999999999998
      ],
      [
        -2.0637346990406513,
        53.91272658482194,
        232.60000000000002
      ],
      [
        -2.063661189749837,
        53.91275969333947,
        233.39999999999998
      ],
      [
        -2.0636365469545126,
        53.9127389062196,
        233.60000000000002
      ],
      [
        -2.063635792583227,
        53.912735218182206,
        234
      ],
      [
        -2.0635702461004257,
        53.91274334862828,
        234
      ],
      [
        -2.0634911209344864,
        53.91274502500892,
        233.60000000000002
      ],
      [
        -2.0634066313505173,
        53.91274427063763,
        233.60000000000002
      ],
      [
        -2.0632735267281532,
        53.91275248490274,
        234
      ],
      [
        -2.0631341356784105,
        53.91277796588838,
        234.39999999999998
      ],
      [
        -2.063027936965227,
        53.912794813513756,
        234.60000000000002
      ],
      [
        -2.0629295334219933,
        53.91281467862427,
        234.79999999999995
      ],
      [
        -2.0629227440804243,
        53.91281610354781,
        235.39999999999998
      ],
      [
        -2.062924252822995,
        53.912821132689714,
        235.39999999999998
      ],
      [
        -2.0629227440804243,
        53.91281610354781,
        235.39999999999998
      ],
      [
        -2.0629191398620605,
        53.9128237310797,
        235.39999999999998
      ],
      [
        -2.0629192236810923,
        53.91282297670841,
        235.60000000000002
      ],
      [
        -2.0628938265144825,
        53.91282197088003,
        235.39999999999998
      ],
      [
        -2.062886953353882,
        53.912822138518095,
        234.79999999999995
      ],
      [
        -2.0629017893224955,
        53.91281752847135,
        234.79999999999995
      ],
      [
        -2.062916038557887,
        53.91284493729472,
        234.60000000000002
      ],
      [
        -2.0630140230059624,
        53.912903694435954,
        235.20000000000005
      ],
      [
        -2.0630496460944414,
        53.91292590647936,
        235.79999999999995
      ],
      [
        -2.0631023682653904,
        53.91296228393912,
        236.20000000000005
      ],
      [
        -2.0631364826112986,
        53.91299773938954,
        237
      ],
      [
        -2.0631642267107964,
        53.913028836250305,
        237.39999999999998
      ],
      [
        -2.0631881151348352,
        53.91305247321725,
        238
      ],
      [
        -2.0632095728069544,
        53.91308197751641,
        238.60000000000002
      ],
      [
        -2.0632448606193066,
        53.91310879960656,
        239.20000000000005
      ],
      [
        -2.063261456787586,
        53.9131276588887,
        239.39999999999998
      ],
      [
        -2.063295738771558,
        53.91316479071975,
        240.20000000000005
      ],
      [
        -2.0633353013545275,
        53.913201754912734,
        240.79999999999995
      ],
      [
        -2.063356339931488,
        53.913222793489695,
        241.20000000000005
      ],
      [
        -2.0634175278246403,
        53.91326512210071,
        242.20000000000005
      ],
      [
        -2.06342875957489,
        53.913272665813565,
        242.20000000000005
      ],
      [
        -2.063481481745839,
        53.91333385370672,
        243.20000000000005
      ],
      [
        -2.0634864270687103,
        53.913344498723745,
        243.20000000000005
      ],
      [
        -2.0635305996984243,
        53.91342152841389,
        244.39999999999998
      ],
      [
        -2.063567480072379,
        53.91350953839719,
        245.60000000000002
      ],
      [
        -2.0635670609772205,
        53.91360383480787,
        246.39999999999998
      ],
      [
        -2.0635632053017616,
        53.91364138573408,
        246.60000000000002
      ],
      [
        -2.0635464414954185,
        53.913708021864295,
        247.20000000000005
      ],
      [
        -2.063571084290743,
        53.91379100270569,
        247.39999999999998
      ],
      [
        -2.063582483679056,
        53.91387490555644,
        247.60000000000002
      ],
      [
        -2.063584830611944,
        53.91389871016145,
        247.60000000000002
      ],
      [
        -2.063597571104765,
        53.91400574706495,
        247.39999999999998
      ],
      [
        -2.063601091504097,
        53.91401563771069,
        247.39999999999998
      ],
      [
        -2.0635941345244646,
        53.914071125909686,
        247.20000000000005
      ],
      [
        -2.0635876804590225,
        53.914111191406846,
        247.20000000000005
      ],
      [
        -2.0635994151234627,
        53.91421093605459,
        246.79999999999995
      ],
      [
        -2.0636101439595222,
        53.91427220776677,
        246.60000000000002
      ],
      [
        -2.063615843653679,
        53.91433699987829,
        246.39999999999998
      ],
      [
        -2.0636218786239624,
        53.91448234207928,
        245.79999999999995
      ],
      [
        -2.0636324398219585,
        53.91453514806926,
        245.79999999999995
      ],
      [
        -2.0636392291635275,
        53.9145574439317,
        245.60000000000002
      ],
      [
        -2.0636510476469994,
        53.914605136960745,
        245.39999999999998
      ],
      [
        -2.0636707451194525,
        53.91470496542752,
        245.20000000000005
      ],
      [
        -2.063673846423626,
        53.91479155048728,
        245
      ],
      [
        -2.0636883471161127,
        53.91487997956574,
        244.79999999999995
      ],
      [
        -2.0637302566319704,
        53.91495474614203,
        244.79999999999995
      ],
      [
        -2.0637405663728714,
        53.91497042030096,
        244.79999999999995
      ],
      [
        -2.0637429133057594,
        53.91496941447258,
        244.60000000000002
      ],
      [
        -2.06374685280025,
        53.914961870759726,
        245
      ],
      [
        -2.06373805180192,
        53.914959356188774,
        244.79999999999995
      ],
      [
        -2.063740734010935,
        53.91496689990163,
        244.60000000000002
      ],
      [
        -2.0637429133057594,
        53.914973018690944,
        244.39999999999998
      ],
      [
        -2.0637500379234552,
        53.915031692013144,
        244.39999999999998
      ],
      [
        -2.063710642978549,
        53.91513562761247,
        244
      ],
      [
        -2.063710056245327,
        53.915209053084254,
        244.60000000000002
      ],
      [
        -2.0637275744229555,
        53.915277533233166,
        245.20000000000005
      ],
      [
        -2.063745092600584,
        53.91531768254936,
        245.60000000000002
      ],
      [
        -2.0637578330934048,
        53.91533729620278,
        245.79999999999995
      ],
      [
        -2.06379228271544,
        53.91538817435503,
        246.79999999999995
      ],
      [
        -2.0638077054172754,
        53.915424551814795,
        247.20000000000005
      ],
      [
        -2.0638182666152716,
        53.91546822153032,
        247.79999999999995
      ],
      [
        -2.063810722902417,
        53.91552538610995,
        248.60000000000002
      ],
      [
        -2.0638053584843874,
        53.91554734669626,
        248.79999999999995
      ],
      [
        -2.0637994911521673,
        53.91558883711696,
        249.60000000000002
      ],
      [
        -2.0638061966747046,
        53.915616162121296,
        249.79999999999995
      ],
      [
        -2.063811896368861,
        53.91566167585552,
        250.39999999999998
      ],
      [
        -2.06381281837821,
        53.9156952034682,
        250.79999999999995
      ],
      [
        -2.0638195239007473,
        53.91573769971728,
        251.60000000000002
      ],
      [
        -2.0638235472142696,
        53.91576871275902,
        252
      ],
      [
        -2.0638283248990774,
        53.91581657342613,
        252.60000000000002
      ],
      [
        -2.063826397061348,
        53.91583618707955,
        253
      ],
      [
        -2.0638336054980755,
        53.91589879989624,
        254
      ],
      [
        -2.0638339407742023,
        53.91591338440776,
        254
      ],
      [
        -2.063832264393568,
        53.915977673605084,
        254.79999999999995
      ],
      [
        -2.0638303365558386,
        53.91601514071226,
        255.20000000000005
      ],
      [
        -2.0638271514326334,
        53.91606920398772,
        255.79999999999995
      ],
      [
        -2.0638242177665234,
        53.916102312505245,
        256.20000000000005
      ],
      [
        -2.063825558871031,
        53.91614170745015,
        256.6
      ],
      [
        -2.063820445910096,
        53.91619669273496,
        257.4
      ],
      [
        -2.063815500587225,
        53.91623189672828,
        257.79999999999995
      ],
      [
        -2.0638224575668573,
        53.916305070742965,
        258.6
      ],
      [
        -2.0638212841004133,
        53.91631328500807,
        258.79999999999995
      ],
      [
        -2.063833689317107,
        53.916413616389036,
        259.6
      ],
      [
        -2.06383821554482,
        53.91642610542476,
        259.6
      ],
      [
        -2.0638636965304613,
        53.916521072387695,
        260.6
      ],
      [
        -2.063865540549159,
        53.916533729061484,
        260.79999999999995
      ],
      [
        -2.0638866629451513,
        53.91660137102008,
        261.6
      ],
      [
        -2.063891775906086,
        53.91661478206515,
        261.79999999999995
      ],
      [
        -2.0639074500650167,
        53.91669667325914,
        262.6
      ],
      [
        -2.063913233578205,
        53.91671762801707,
        263
      ],
      [
        -2.0639171730726957,
        53.91674302518368,
        263.4
      ],
      [
        -2.0639196038246155,
        53.916751658543944,
        263.6
      ],
      [
        -2.063921196386218,
        53.916761884465814,
        263.6
      ],
      [
        -2.0639234595000744,
        53.916788790374994,
        264
      ],
      [
        -2.063925974071026,
        53.916801111772656,
        264
      ],
      [
        -2.063952377066016,
        53.916897755116224,
        265.20000000000005
      ],
      [
        -2.0639543049037457,
        53.91697235405445,
        266
      ],
      [
        -2.0639558974653482,
        53.916982747614384,
        266.20000000000005
      ],
      [
        -2.0639885030686855,
        53.91706514172256,
        267.20000000000005
      ],
      [
        -2.063992777839303,
        53.91707788221538,
        267.4
      ],
      [
        -2.0640224497765303,
        53.91714837402105,
        268.20000000000005
      ],
      [
        -2.064026640728116,
        53.917172849178314,
        268.4
      ],
      [
        -2.064040219411254,
        53.917215932160616,
        268.79999999999995
      ],
      [
        -2.0640494395047426,
        53.91726437956095,
        269.4
      ],
      [
        -2.0640620961785316,
        53.91730159521103,
        270
      ],
      [
        -2.064072238281369,
        53.91735875979066,
        270.6
      ],
      [
        -2.0640812907367945,
        53.9174048602581,
        270.79999999999995
      ],
      [
        -2.0641033351421356,
        53.91745640896261,
        271.6
      ],
      [
        -2.0641127228736877,
        53.9174793753773,
        271.79999999999995
      ],
      [
        -2.064130660146475,
        53.91754877753556,
        272.6
      ],
      [
        -2.0641366951167583,
        53.917560428380966,
        272.79999999999995
      ],
      [
        -2.0641522854566574,
        53.91762362793088,
        273.6
      ],
      [
        -2.064155386760831,
        53.91763427294791,
        273.6
      ],
      [
        -2.064160415902734,
        53.917648354545236,
        273.79999999999995
      ],
      [
        -2.0642044208943844,
        53.91774885356426,
        274.79999999999995
      ],
      [
        -2.06422277726233,
        53.91782194375992,
        275.4
      ],
      [
        -2.0642536226660013,
        53.91790953464806,
        275.6
      ],
      [
        -2.0642529521137476,
        53.917919509112835,
        275.6
      ],
      [
        -2.0642547961324453,
        53.91793652437627,
        275.79999999999995
      ],
      [
        -2.0642600767314434,
        53.917981619015336,
        276.20000000000005
      ],
      [
        -2.06426820717752,
        53.9179902523756,
        276.6
      ],
      [
        -2.064289329573512,
        53.91800777055323,
        276.79999999999995
      ],
      [
        -2.0642965380102396,
        53.91803115606308,
        277.4
      ],
      [
        -2.0642954483628273,
        53.91803962178528,
        277.6
      ],
      [
        -2.0642954483628273,
        53.91803962178528,
        277.79999999999995
      ],
      [
        -2.0643190015107393,
        53.91810106113553,
        278.4
      ],
      [
        -2.0643331669270992,
        53.918101815506816,
        278.79999999999995
      ],
      [
        -2.0643060095608234,
        53.91808748245239,
        278.79999999999995
      ],
      [
        -2.0643109548836946,
        53.91807373613119,
        278.79999999999995
      ],
      [
        -2.0643145591020584,
        53.918071473017335,
        278.6
      ],
      [
        -2.0643109548836946,
        53.91807373613119,
        279
      ],
      [
        -2.0643156487494707,
        53.91807801090181,
        279
      ],
      [
        -2.0643275510519743,
        53.918078765273094,
        279
      ],
      [
        -2.064324701204896,
        53.918078346177936,
        278.6
      ],
      [
        -2.0643813628703356,
        53.9180560503155,
        278.20000000000005
      ],
      [
        -2.06440013833344,
        53.91806007362902,
        278.20000000000005
      ],
      [
        -2.06442017108202,
        53.918073987588286,
        278.20000000000005
      ],
      [
        -2.0644438918679953,
        53.91809184104204,
        278.4
      ],
      [
        -2.064512288197875,
        53.91812302172184,
        278.79999999999995
      ],
      [
        -2.06458386965096,
        53.91814514994621,
        279.20000000000005
      ],
      [
        -2.0645945984870195,
        53.918170714750886,
        279.20000000000005
      ],
      [
        -2.064613960683346,
        53.918183790519834,
        279.4
      ],
      [
        -2.064671879634261,
        53.91819351352751,
        279.79999999999995
      ],
      [
        -2.064685793593526,
        53.918197117745876,
        280
      ],
      [
        -2.0647085085511208,
        53.918208349496126,
        280.20000000000005
      ],
      [
        -2.064760224893689,
        53.91822377219796,
        280.6
      ],
      [
        -2.064814204350114,
        53.918231735005975,
        281
      ],
      [
        -2.0648899767547846,
        53.918241541832685,
        281.6
      ],
      [
        -2.0649948343634605,
        53.91825495287776,
        282.20000000000005
      ],
      [
        -2.0650154538452625,
        53.91825780272484,
        282.20000000000005
      ],
      [
        -2.0651132706552744,
        53.918261574581265,
        282.6
      ],
      [
        -2.0652483869343996,
        53.918273728340864,
        283.20000000000005
      ],
      [
        -2.065404960885644,
        53.918298706412315,
        284.20000000000005
      ],
      [
        -2.0654216408729553,
        53.91830138862133,
        284.4
      ],
      [
        -2.0655373111367226,
        53.91830884851515,
        285
      ],
      [
        -2.0656204596161842,
        53.91831228509545,
        285.4
      ],
      [
        -2.065703021362424,
        53.91830859705806,
        285.79999999999995
      ],
      [
        -2.065813411027193,
        53.918295688927174,
        286.6
      ],
      [
        -2.0658297557383776,
        53.918291330337524,
        286.79999999999995
      ],
      [
        -2.0659104734659195,
        53.91828957013786,
        287.4
      ],
      [
        -2.065940983593464,
        53.91829359345138,
        287.6
      ],
      [
        -2.0659446716308594,
        53.91829342581332,
        287.6
      ],
      [
        -2.06596277654171,
        53.91829635947943,
        287.79999999999995
      ],
      [
        -2.0659656263887882,
        53.91830348409712,
        287.79999999999995
      ],
      [
        -2.0659952983260155,
        53.91831597313285,
        287.79999999999995
      ],
      [
        -2.066002758219838,
        53.918311446905136,
        287.79999999999995
      ],
      [
        -2.0660564862191677,
        53.91830004751682,
        288
      ],
      [
        -2.066117087379098,
        53.91828428953886,
        288.20000000000005
      ],
      [
        -2.0661108009517193,
        53.91831178218126,
        288.20000000000005
      ],
      [
        -2.066163942217827,
        53.91835805028677,
        288.6
      ],
      [
        -2.066185735166073,
        53.91836643218994,
        288.6
      ],
      [
        -2.0663253776729107,
        53.91840976662934,
        289.4
      ],
      [
        -2.0663802791386843,
        53.91842301003635,
        289.79999999999995
      ],
      [
        -2.0665347576141357,
        53.91846408136189,
        290.79999999999995
      ],
      [
        -2.0665512699633837,
        53.91846894286573,
        290.79999999999995
      ],
      [
        -2.066730223596096,
        53.91851093620062,
        291.79999999999995
      ],
      [
        -2.0667728036642075,
        53.918520072475076,
        292
      ],
      [
        -2.0668940898030996,
        53.918549912050366,
        292.79999999999995
      ],
      [
        -2.0669194031506777,
        53.91855435445905,
        293
      ],
      [
        -2.0670919865369797,
        53.91859391704202,
        293.79999999999995
      ],
      [
        -2.06710958853364,
        53.918597185984254,
        294
      ],
      [
        -2.067260881885886,
        53.918635910376906,
        295
      ],
      [
        -2.0672825071960688,
        53.918641274794936,
        295.20000000000005
      ],
      [
        -2.0674268435686827,
        53.91867647878826,
        296.20000000000005
      ],
      [
        -2.067501610144973,
        53.91869374550879,
        296.6
      ],
      [
        -2.067588781937957,
        53.918714532628655,
        297.20000000000005
      ],
      [
        -2.067684084177017,
        53.91874303109944,
        297.79999999999995
      ],
      [
        -2.0677481219172478,
        53.91875979490578,
        298.20000000000005
      ],
      [
        -2.067836467176676,
        53.918789299204946,
        298.79999999999995
      ],
      [
        -2.067887093871832,
        53.91880866140127,
        299.20000000000005
      ],
      [
        -2.068002847954631,
        53.91883640550077,
        300
      ],
      [
        -2.068023383617401,
        53.91884244047105,
        300.20000000000005
      ],
      [
        -2.0681970566511154,
        53.9188985992223,
        301.4
      ],
      [
        -2.0682203583419323,
        53.918905556201935,
        301.6
      ],
      [
        -2.0683325082063675,
        53.91894444823265,
        302.4
      ],
      [
        -2.0683469250798225,
        53.918936317786574,
        302.4
      ],
      [
        -2.06840543076396,
        53.91894989646971,
        303
      ],
      [
        -2.068498721346259,
        53.91897805966437,
        303.4
      ],
      [
        -2.068567620590329,
        53.91901879571378,
        304.4
      ],
      [
        -2.068583546206355,
        53.91903857700527,
        304.4
      ],
      [
        -2.0685852225869894,
        53.9190386608243,
        304.79999999999995
      ],
      [
        -2.0686055906116962,
        53.919043857604265,
        305
      ],
      [
        -2.0686120446771383,
        53.91905198805034,
        305.4
      ],
      [
        -2.068614140152931,
        53.91905324533582,
        305.6
      ],
      [
        -2.0686806924641132,
        53.91906741075218,
        305.4
      ],
      [
        -2.0688248611986637,
        53.91911493614316,
        306
      ],
      [
        -2.0689153019338846,
        53.91914477571845,
        306.6
      ],
      [
        -2.0689474046230316,
        53.91915751621127,
        306.79999999999995
      ],
      [
        -2.0690536871552467,
        53.919193809852004,
        307.79999999999995
      ],
      [
        -2.0690994523465633,
        53.91921820119023,
        308
      ],
      [
        -2.069190228357911,
        53.919253908097744,
        308.79999999999995
      ],
      [
        -2.0692317187786102,
        53.91926656477153,
        309
      ],
      [
        -2.0693043060600758,
        53.919299840927124,
        309.79999999999995
      ],
      [
        -2.0693327207118273,
        53.91931576654315,
        310
      ],
      [
        -2.0694207306951284,
        53.91935432329774,
        310.79999999999995
      ],
      [
        -2.069520056247711,
        53.919412242248654,
        312
      ],
      [
        -2.069596415385604,
        53.919475860893726,
        312.79999999999995
      ],
      [
        -2.069600187242031,
        53.919484578073025,
        313
      ],
      [
        -2.069632038474083,
        53.919524224475026,
        313.6
      ],
      [
        -2.069644443690777,
        53.91953629441559,
        314.20000000000005
      ],
      [
        -2.069700350984931,
        53.9195999968797,
        315
      ],
      [
        -2.069710409268737,
        53.91960854642093,
        315.20000000000005
      ],
      [
        -2.0697397459298372,
        53.919676188379526,
        315.79999999999995
      ],
      [
        -2.0697691664099693,
        53.91973159275949,
        316.20000000000005
      ],
      [
        -2.0697893667966127,
        53.91975313425064,
        316.4
      ],
      [
        -2.069842843338847,
        53.91980619169772,
        317.4
      ],
      [
        -2.0698637142777443,
        53.919821782037616,
        317.6
      ],
      [
        -2.069923561066389,
        53.919878443703055,
        318.4
      ],
      [
        -2.0699722599238157,
        53.919920017942786,
        319
      ],
      [
        -2.069981647655368,
        53.9199263881892,
        319.20000000000005
      ],
      [
        -2.069994891062379,
        53.919937117025256,
        319.4
      ],
      [
        -2.0700035244226456,
        53.91995103098452,
        319.4
      ],
      [
        -2.070066723972559,
        53.92000509425998,
        320.20000000000005
      ],
      [
        -2.070089690387249,
        53.92002294771373,
        320.6
      ],
      [
        -2.070119781419635,
        53.920051362365484,
        321
      ],
      [
        -2.0701454300433397,
        53.92008002847433,
        321.6
      ],
      [
        -2.0701694022864103,
        53.920104671269655,
        322
      ],
      [
        -2.070201002061367,
        53.92013476230204,
        322.6
      ],
      [
        -2.0702462643384933,
        53.920182874426246,
        323.20000000000005
      ],
      [
        -2.070282641798258,
        53.920220509171486,
        323.79999999999995
      ],
      [
        -2.070310553535819,
        53.920243978500366,
        324
      ],
      [
        -2.070352965965867,
        53.920304495841265,
        324.6
      ],
      [
        -2.070360593497753,
        53.920312877744436,
        324.79999999999995
      ],
      [
        -2.0704373717308044,
        53.92036258243024,
        325.4
      ],
      [
        -2.070499397814274,
        53.92038060352206,
        325.79999999999995
      ],
      [
        -2.0705092884600163,
        53.92038286663592,
        326
      ],
      [
        -2.0705080311745405,
        53.92038429155946,
        326.4
      ],
      [
        -2.070501409471035,
        53.92038286663592,
        326.4
      ],
      [
        -2.070510881021619,
        53.92039460130036,
        327
      ],
      [
        -2.070519095286727,
        53.92039678059518,
        327
      ],
      [
        -2.070563854649663,
        53.920463835820556,
        326.79999999999995
      ],
      [
        -2.070649852976203,
        53.92053726129234,
        327.6
      ],
      [
        -2.0706861466169357,
        53.92057590186596,
        328
      ],
      [
        -2.070719338953495,
        53.92060783691704,
        328.6
      ],
      [
        -2.070734929293394,
        53.92062711529434,
        329.20000000000005
      ],
      [
        -2.0707884058356285,
        53.920675897970796,
        329.79999999999995
      ],
      [
        -2.070803828537464,
        53.920710012316704,
        330.4
      ],
      [
        -2.0708375237882137,
        53.920770194381475,
        330.6
      ],
      [
        -2.0709282997995615,
        53.920852253213525,
        331.4
      ],
      [
        -2.07099761813879,
        53.920894246548414,
        332.20000000000005
      ],
      [
        -2.0710290502756834,
        53.920906987041235,
        332.4
      ],
      [
        -2.071133153513074,
        53.92089290544391,
        333.4
      ],
      [
        -2.0711780805140734,
        53.92087949439883,
        333.6
      ],
      [
        -2.071258295327425,
        53.920854683965445,
        334.4
      ],
      [
        -2.0713120233267546,
        53.92084378749132,
        334.79999999999995
      ],
      [
        -2.071420568972826,
        53.92081595957279,
        335.4
      ],
      [
        -2.0714752189815044,
        53.920799950137734,
        335.79999999999995
      ],
      [
        -2.071561636403203,
        53.92077731899917,
        336.4
      ],
      [
        -2.071577562019229,
        53.92077228985727,
        336.4
      ],
      [
        -2.071662973612547,
        53.92075560986996,
        336.79999999999995
      ],
      [
        -2.071701781824231,
        53.92074555158615,
        337
      ],
      [
        -2.0718678273260593,
        53.92070196568966,
        337.6
      ],
      [
        -2.071929769590497,
        53.920689979568124,
        338
      ],
      [
        -2.07204133272171,
        53.92066139727831,
        338.4
      ],
      [
        -2.072189524769783,
        53.92063298262656,
        338.6
      ],
      [
        -2.0722998306155205,
        53.92060565762222,
        338.79999999999995
      ],
      [
        -2.072342410683632,
        53.92059442587197,
        339
      ],
      [
        -2.072436287999153,
        53.92056869342923,
        339.6
      ],
      [
        -2.072527315467596,
        53.92054354771972,
        340
      ],
      [
        -2.0725728292018175,
        53.920530807226896,
        340.20000000000005
      ],
      [
        -2.072608871385455,
        53.92052116803825,
        340.4
      ],
      [
        -2.072776844725013,
        53.92048269510269,
        340.79999999999995
      ],
      [
        -2.0728711411356926,
        53.92045821994543,
        341
      ],
      [
        -2.0729768369346857,
        53.92042938619852,
        341.4
      ],
      [
        -2.0731135457754135,
        53.92040356993675,
        341.6
      ],
      [
        -2.0733032282441854,
        53.920354284346104,
        341.79999999999995
      ],
      [
        -2.07340850494802,
        53.92033299431205,
        341.79999999999995
      ],
      [
        -2.0735073275864124,
        53.920314805582166,
        341.79999999999995
      ],
      [
        -2.0736563578248024,
        53.92028127796948,
        342
      ],
      [
        -2.0736693497747183,
        53.920280020684004,
        342
      ],
      [
        -2.073768675327301,
        53.92026074230671,
        342
      ],
      [
        -2.0738706830888987,
        53.920228807255626,
        342
      ],
      [
        -2.0740017760545015,
        53.920209780335426,
        342.20000000000005
      ],
      [
        -2.07415952347219,
        53.92022327519953,
        342.6
      ],
      [
        -2.0741932187229395,
        53.92021204344928,
        342.6
      ],
      [
        -2.0742477010935545,
        53.9201785158366,
        342.6
      ],
      [
        -2.074307883158326,
        53.9201489277184,
        342.6
      ],
      [
        -2.0743269100785255,
        53.92012696713209,
        342.6
      ],
      [
        -2.074376530945301,
        53.92010492272675,
        342.6
      ],
      [
        -2.074382985010743,
        53.92010408453643,
        342.6
      ],
      [
        -2.074428917840123,
        53.92009888775647,
        342.79999999999995
      ],
      [
        -2.07448935136199,
        53.92008958384395,
        343.20000000000005
      ],
      [
        -2.074578870087862,
        53.92008581198752,
        343.6
      ],
      [
        -2.0746609289199114,
        53.920083716511726,
        344
      ],
      [
        -2.074737958610058,
        53.920066030696034,
        344.20000000000005
      ],
      [
        -2.074838038533926,
        53.92003107815981,
        344.4
      ],
      [
        -2.0748691353946924,
        53.92002001404762,
        344.4
      ],
      [
        -2.0749397948384285,
        53.91999394632876,
        345.20000000000005
      ],
      [
        -2.0749692153185606,
        53.9199797809124,
        345.6
      ],
      [
        -2.075020596385002,
        53.91996938735247,
        346.4
      ],
      [
        -2.075081951916218,
        53.919947845861316,
        347
      ],
      [
        -2.0751293934881687,
        53.91993636265397,
        347.4
      ],
      [
        -2.0752177387475967,
        53.919921442866325,
        348.20000000000005
      ],
      [
        -2.0752557925879955,
        53.919916581362486,
        348.6
      ],
      [
        -2.0753614883869886,
        53.91992596909404,
        349
      ],
      [
        -2.0753933396190405,
        53.91993736848235,
        349
      ],
      [
        -2.0754378475248814,
        53.9199554733932,
        349.20000000000005
      ],
      [
        -2.0754755660891533,
        53.91996385529637,
        349.4
      ],
      [
        -2.0754937548190355,
        53.91996528021991,
        349.6
      ],
      [
        -2.0756280329078436,
        53.91997215338051,
        350.6
      ],
      [
        -2.075752504169941,
        53.91996511258185,
        351.4
      ],
      [
        -2.0757909771054983,
        53.919962430372834,
        351.6
      ],
      [
        -2.0759122632443905,
        53.91996352002025,
        352.4
      ],
      [
        -2.0759856048971415,
        53.91996410675347,
        352.6
      ],
      [
        -2.0760453678667545,
        53.919979613274336,
        352.79999999999995
      ],
      [
        -2.076182998716831,
        53.919984977692366,
        353.79999999999995
      ],
      [
        -2.0763122476637363,
        53.91997408121824,
        354.6
      ],
      [
        -2.076335968449712,
        53.919973745942116,
        354.79999999999995
      ],
      [
        -2.0764658879488707,
        53.91999109648168,
        355.4
      ],
      [
        -2.076560603454709,
        53.91999822109938,
        355.79999999999995
      ],
      [
        -2.0766043569892645,
        53.91999981366098,
        356
      ],
      [
        -2.0767556503415108,
        53.92001708038151,
        356.6
      ],
      [
        -2.0768196042627096,
        53.92002822831273,
        357
      ],
      [
        -2.0768999867141247,
        53.920036274939775,
        357.4
      ],
      [
        -2.0770531240850687,
        53.92005295492709,
        358
      ],
      [
        -2.0770676247775555,
        53.9200574811548,
        358
      ],
      [
        -2.077130153775215,
        53.920081704854965,
        358.6
      ],
      [
        -2.0772092789411545,
        53.92009855248034,
        359
      ],
      [
        -2.0772302336990833,
        53.92009955830872,
        359
      ],
      [
        -2.0773553755134344,
        53.920124704018235,
        359.79999999999995
      ],
      [
        -2.077471883967519,
        53.92016761936247,
        360.20000000000005
      ],
      [
        -2.0774869713932276,
        53.92017533071339,
        360.20000000000005
      ],
      [
        -2.077560732141137,
        53.92021573148668,
        361
      ],
      [
        -2.0775743946433067,
        53.92021958716214,
        361.20000000000005
      ],
      [
        -2.0776410307735205,
        53.92026132903993,
        361.79999999999995
      ],
      [
        -2.0776692777872086,
        53.92027901485562,
        362.20000000000005
      ],
      [
        -2.077770195901394,
        53.920325953513384,
        363.4
      ],
      [
        -2.0778015442192554,
        53.92033953219652,
        363.6
      ],
      [
        -2.0778969302773476,
        53.92038211226463,
        364.6
      ],
      [
        -2.077947808429599,
        53.920395858585835,
        365
      ],
      [
        -2.0780639816075563,
        53.92041069455445,
        365.6
      ],
      [
        -2.0780847687274218,
        53.920413460582495,
        365.79999999999995
      ],
      [
        -2.0781865250319242,
        53.9204235188663,
        366.6
      ],
      [
        -2.0782813243567944,
        53.92043332569301,
        367.20000000000005
      ],
      [
        -2.0783334597945213,
        53.92043391242623,
        367.6
      ],
      [
        -2.078429013490677,
        53.920438941568136,
        368
      ],
      [
        -2.0785457734018564,
        53.92044992186129,
        368.6
      ],
      [
        -2.0785679016262293,
        53.92045268788934,
        368.79999999999995
      ],
      [
        -2.07873847335577,
        53.92047464847565,
        369.20000000000005
      ],
      [
        -2.0788363739848137,
        53.920472636818886,
        369.6
      ],
      [
        -2.0788797084242105,
        53.92047640867531,
        369.6
      ],
      [
        -2.078923797234893,
        53.9204824436456,
        369.79999999999995
      ],
      [
        -2.0790802873671055,
        53.92048881389201,
        369.79999999999995
      ],
      [
        -2.07924323156476,
        53.92050423659384,
        370.20000000000005
      ],
      [
        -2.0794204249978065,
        53.9205358363688,
        370
      ],
      [
        -2.0795788429677486,
        53.920578584074974,
        370.4
      ],
      [
        -2.0796339958906174,
        53.920599119737744,
        370.79999999999995
      ],
      [
        -2.079746313393116,
        53.92063742503524,
        371.20000000000005
      ],
      [
        -2.0799048990011215,
        53.92067371867597,
        371.79999999999995
      ],
      [
        -2.0799322240054607,
        53.92068738117814,
        372.20000000000005
      ],
      [
        -2.0799264404922724,
        53.92067941837013,
        372.4
      ],
      [
        -2.079929457977414,
        53.920680759474635,
        372.4
      ],
      [
        -2.080013444647193,
        53.920711604878306,
        372.4
      ],
      [
        -2.0801770593971014,
        53.9207430370152,
        372.79999999999995
      ],
      [
        -2.0801980141550303,
        53.920744713395834,
        372.79999999999995
      ],
      [
        -2.0803146064281464,
        53.920778995379806,
        373.20000000000005
      ],
      [
        -2.0804938953369856,
        53.920823922380805,
        373.6
      ],
      [
        -2.080513508990407,
        53.92082911916077,
        373.79999999999995
      ],
      [
        -2.080631945282221,
        53.92085485160351,
        374
      ],
      [
        -2.0806694962084293,
        53.920863484963775,
        374
      ],
      [
        -2.080824812874198,
        53.920887960121036,
        374.20000000000005
      ],
      [
        -2.0809748489409685,
        53.920918218791485,
        374.6
      ],
      [
        -2.0811541378498077,
        53.92095794901252,
        374.79999999999995
      ],
      [
        -2.0812180917710066,
        53.92097529955208,
        375
      ],
      [
        -2.08128129132092,
        53.92100187018514,
        375.20000000000005
      ],
      [
        -2.081364607438445,
        53.921029614284635,
        375
      ],
      [
        -2.081405259668827,
        53.921049227938056,
        375
      ],
      [
        -2.081434428691864,
        53.92106607556343,
        375.20000000000005
      ],
      [
        -2.081522522494197,
        53.92108761705458,
        375.4
      ],
      [
        -2.0816506817936897,
        53.921106895431876,
        375
      ],
      [
        -2.081782277673483,
        53.92113354988396,
        375.20000000000005
      ],
      [
        -2.0819821022450924,
        53.92115852795541,
        375.20000000000005
      ],
      [
        -2.082116799429059,
        53.92116229981184,
        375.4
      ],
      [
        -2.0822205673903227,
        53.9211936481297,
        375.4
      ],
      [
        -2.082244288176298,
        53.92119985073805,
        375.4
      ],
      [
        -2.0823926478624344,
        53.92125139944255,
        375.4
      ],
      [
        -2.082491470500827,
        53.92133379355073,
        375.79999999999995
      ],
      [
        -2.0825157780200243,
        53.92135231755674,
        376
      ],
      [
        -2.0825467072427273,
        53.92139724455774,
        376.4
      ],
      [
        -2.082579229027033,
        53.92145315185189,
        377
      ],
      [
        -2.0825904607772827,
        53.921461030840874,
        377.20000000000005
      ],
      [
        -2.0825878623872995,
        53.921500174328685,
        377
      ],
      [
        -2.0826556719839573,
        53.92154828645289,
        376.6
      ],
      [
        -2.0827495492994785,
        53.921555411070585,
        377
      ],
      [
        -2.082789447158575,
        53.92157234251499,
        377.4
      ],
      [
        -2.082807971164584,
        53.921587681397796,
        377.6
      ],
      [
        -2.082820124924183,
        53.92158893868327,
        377.79999999999995
      ],
      [
        -2.082835715264082,
        53.921588603407145,
        378
      ],
      [
        -2.0828600227832794,
        53.9215924590826,
        378
      ],
      [
        -2.08287519402802,
        53.92160008661449,
        378.20000000000005
      ],
      [
        -2.082920204848051,
        53.9216307643801,
        378.79999999999995
      ],
      [
        -2.082944931462407,
        53.921648198738694,
        379.20000000000005
      ],
      [
        -2.082947362214327,
        53.92165205441415,
        379.20000000000005
      ],
      [
        -2.0829486194998026,
        53.921653646975756,
        379.20000000000005
      ],
      [
        -2.0829486194998026,
        53.92165373079479,
        379.20000000000005
      ],
      [
        -2.0829487033188343,
        53.92165373079479,
        379.20000000000005
      ],
      [
        -2.0829548221081495,
        53.92164551652968,
        379.4
      ],
      [
        -2.0830191113054752,
        53.921654568985105,
        379.4
      ],
      [
        -2.083094883710146,
        53.9216461032629,
        380.20000000000005
      ],
      [
        -2.0831056963652372,
        53.92164132557809,
        380.20000000000005
      ],
      [
        -2.0831167604774237,
        53.92162028700113,
        380.20000000000005
      ],
      [
        -2.083114329725504,
        53.921619364991784,
        380.20000000000005
      ],
      [
        -2.0831115636974573,
        53.92163227312267,
        380
      ],
      [
        -2.083101086318493,
        53.921637972816825,
        380
      ],
      [
        -2.0830882620066404,
        53.921647192910314,
        380
      ],
      [
        -2.0830844063311815,
        53.92165859229863,
        380
      ],
      [
        -2.0830864179879427,
        53.92167535610497,
        380
      ],
      [
        -2.08312782458961,
        53.92172137275338,
        380
      ],
      [
        -2.083172332495451,
        53.921746518462896,
        380
      ],
      [
        -2.083255983889103,
        53.921791864559054,
        380.6
      ],
      [
        -2.083353130146861,
        53.92182296141982,
        380.6
      ],
      [
        -2.0834298245608807,
        53.921857327222824,
        380.4
      ],
      [
        -2.0834298245608807,
        53.921857327222824,
        380.4
      ],
      [
        -2.0834687165915966,
        53.921886160969734,
        379.79999999999995
      ],
      [
        -2.083419682458043,
        53.92189538106322,
        379.79999999999995
      ],
      [
        -2.083414066582918,
        53.92189605161548,
        379.6
      ],
      [
        -2.0834102109074593,
        53.92189806327224,
        379.6
      ],
      [
        -2.0833689719438553,
        53.921919856220484,
        379.6
      ],
      [
        -2.0833666250109673,
        53.921927735209465,
        379.6
      ],
      [
        -2.0833836402744055,
        53.92195095308125,
        379.4
      ],
      [
        -2.0834016613662243,
        53.92198791727424,
        379.20000000000005
      ],
      [
        -2.083409959450364,
        53.92196134664118,
        379.20000000000005
      ],
      [
        -2.083400320261717,
        53.92194424755871,
        379.20000000000005
      ],
      [
        -2.0834078639745712,
        53.921914072707295,
        379.4
      ],
      [
        -2.0833968836814165,
        53.921908121556044,
        379.4
      ],
      [
        -2.083418508991599,
        53.921900913119316,
        379.4
      ],
      [
        -2.083432925865054,
        53.92189948819578,
        379.4
      ],
      [
        -2.0834465883672237,
        53.92187082208693,
        379.79999999999995
      ],
      [
        -2.0835134759545326,
        53.92186059616506,
        380.20000000000005
      ],
      [
        -2.083566365763545,
        53.921854896470904,
        380.6
      ],
      [
        -2.083581704646349,
        53.92185120843351,
        381
      ],
      [
        -2.08358908072114,
        53.92185221426189,
        381.20000000000005
      ],
      [
        -2.0836445689201355,
        53.92182279378176,
        381.6
      ],
      [
        -2.083653537556529,
        53.921817261725664,
        381.79999999999995
      ],
      [
        -2.0836621709167957,
        53.92182061448693,
        382
      ],
      [
        -2.083665607497096,
        53.92182153649628,
        382.20000000000005
      ],
      [
        -2.083665942773223,
        53.92182178795338,
        382.20000000000005
      ],
      [
        -2.083665942773223,
        53.92182187177241,
        382.20000000000005
      ],
      [
        -2.0836660265922546,
        53.92182178795338,
        382.20000000000005
      ],
      [
        -2.0836646016687155,
        53.92182111740112,
        382.20000000000005
      ],
      [
        -2.083696871995926,
        53.921831930056214,
        382.20000000000005
      ],
      [
        -2.083777589723468,
        53.92183369025588,
        382.79999999999995
      ],
      [
        -2.0838200859725475,
        53.92182530835271,
        382.79999999999995
      ],
      [
        -2.0838433876633644,
        53.92181466333568,
        382.79999999999995
      ],
      [
        -2.0839005522429943,
        53.92178742215037,
        382.79999999999995
      ],
      [
        -2.083907760679722,
        53.9217827282846,
        382.79999999999995
      ],
      [
        -2.0839140471071005,
        53.921782644465566,
        382.79999999999995
      ],
      [
        -2.0839276257902384,
        53.92178532667458,
        382.79999999999995
      ],
      [
        -2.0839861314743757,
        53.92179840244353,
        382.6
      ],
      [
        -2.084030220285058,
        53.921832516789436,
        382.4
      ],
      [
        -2.0840550307184458,
        53.92188456840813,
        382.20000000000005
      ],
      [
        -2.084065256640315,
        53.921902840957046,
        382.20000000000005
      ],
      [
        -2.0841019693762064,
        53.921926813200116,
        381.79999999999995
      ],
      [
        -2.084130886942148,
        53.921981547027826,
        381.4
      ],
      [
        -2.084101801738143,
        53.922048937529325,
        381.20000000000005
      ],
      [
        -2.084087384864688,
        53.9220673777163,
        381
      ],
      [
        -2.0840968564152718,
        53.922094870358706,
        381
      ],
      [
        -2.084097359329462,
        53.92212722450495,
        380.6
      ],
      [
        -2.0840521808713675,
        53.92210149206221,
        380.4
      ],
      [
        -2.083974229171872,
        53.922086069360375,
        380.6
      ],
      [
        -2.0839090179651976,
        53.922066958621144,
        380.6
      ],
      [
        -2.083903234452009,
        53.92206218093634,
        380.79999999999995
      ],
      [
        -2.08385587669909,
        53.922030329704285,
        381
      ],
      [
        -2.083803741261363,
        53.92198942601681,
        381.20000000000005
      ],
      [
        -2.083799969404936,
        53.92196855507791,
        381.4
      ],
      [
        -2.083767196163535,
        53.92193963751197,
        380.4
      ],
      [
        -2.083767196163535,
        53.92193963751197,
        380.20000000000005
      ],
      [
        -2.083767196163535,
        53.92193963751197,
        380.20000000000005
      ],
      [
        -2.0837693754583597,
        53.921943912282586,
        380.20000000000005
      ],
      [
        -2.0837263762950897,
        53.92192739993334,
        380.20000000000005
      ],
      [
        -2.08362378180027,
        53.921924801543355,
        380.6
      ],
      [
        -2.0835453271865845,
        53.92191248014569,
        380.20000000000005
      ],
      [
        -2.083498388528824,
        53.92191675491631,
        380
      ],
      [
        -2.0834411401301622,
        53.92187702469528,
        380
      ],
      [
        -2.0834231190383434,
        53.92189278267324,
        379.79999999999995
      ],
      [
        -2.083413815125823,
        53.92189948819578,
        379.6
      ],
      [
        -2.083391435444355,
        53.92191524617374,
        379.4
      ],
      [
        -2.083391435444355,
        53.92191524617374,
        379.4
      ],
      [
        -2.0833892561495304,
        53.92192170023918,
        379.4
      ],
      [
        -2.0833895076066256,
        53.92191784456372,
        379
      ],
      [
        -2.083389339968562,
        53.92191776074469,
        378.79999999999995
      ],
      [
        -2.083391435444355,
        53.92191524617374,
        378.6
      ],
      [
        -2.083391435444355,
        53.92191524617374,
        378.6
      ],
      [
        -2.083391435444355,
        53.92191524617374,
        378.6
      ],
      [
        -2.083391435444355,
        53.92191524617374,
        378.79999999999995
      ],
      [
        -2.083391435444355,
        53.92191524617374,
        379
      ],
      [
        -2.0833781082183123,
        53.9219222869724,
        379
      ],
      [
        -2.0833781082183123,
        53.9219222869724,
        379
      ],
      [
        -2.0833936985582113,
        53.92192128114402,
        379
      ],
      [
        -2.0833938661962748,
        53.92192128114402,
        379
      ],
      [
        -2.08339168690145,
        53.921923879534006,
        379
      ],
      [
        -2.0834343507885933,
        53.92190124839544,
        379.79999999999995
      ],
      [
        -2.0834325067698956,
        53.92185959033668,
        380
      ],
      [
        -2.083422699943185,
        53.92183947376907,
        380.6
      ],
      [
        -2.083415910601616,
        53.9218310918659,
        380.6
      ],
      [
        -2.083419431000948,
        53.92184156924486,
        380.6
      ],
      [
        -2.0834257174283266,
        53.921867636963725,
        380.6
      ],
      [
        -2.0834383741021156,
        53.92188012599945,
        380.20000000000005
      ],
      [
        -2.083426807075739,
        53.921900410205126,
        380.20000000000005
      ],
      [
        -2.0834122225642204,
        53.9219103846699,
        379.79999999999995
      ],
      [
        -2.083413479849696,
        53.921910636126995,
        379.6
      ],
      [
        -2.0834377873688936,
        53.92188783735037,
        380
      ],
      [
        -2.0834377873688936,
        53.921876940876245,
        380.20000000000005
      ],
      [
        -2.0834198500961065,
        53.921842742711306,
        380.4
      ],
      [
        -2.083413563668728,
        53.921839809045196,
        380.79999999999995
      ],
      [
        -2.083413563668728,
        53.921839809045196,
        380.4
      ],
      [
        -2.083414401859045,
        53.92183469608426,
        380.20000000000005
      ],
      [
        -2.083423873409629,
        53.921833941712976,
        380.20000000000005
      ],
      [
        -2.0834237057715654,
        53.921843161806464,
        380.4
      ],
      [
        -2.083437032997608,
        53.921858416870236,
        380.6
      ],
      [
        -2.0834448281675577,
        53.92186981625855,
        380.4
      ],
      [
        -2.083435272797942,
        53.921840228140354,
        380.4
      ],
      [
        -2.083444409072399,
        53.92187618650496,
        380.4
      ],
      [
        -2.0834424812346697,
        53.92187803052366,
        380.4
      ],
      [
        -2.0834475941956043,
        53.92187819816172,
        380.20000000000005
      ],
      [
        -2.0834128092974424,
        53.92190686427057,
        380.20000000000005
      ],
      [
        -2.0834013260900974,
        53.92191030085087,
        379.79999999999995
      ],
      [
        -2.0834342669695616,
        53.921890100464225,
        379.79999999999995
      ]
    ]
  }
}
