{
  "type": "Feature",
  "properties": {},
  "geometry": {
    "type": "LineString",
    "coordinates": [
      [
        -5.128178698942065,
        55.843894360587,
        2.8000000000000114
      ],
      [
        -5.128181297332048,
        55.843898970633745,
        2.8000000000000114
      ],
      [
        -5.128183979541063,
        55.84390366449952,
        2.8000000000000114
      ],
      [
        -5.128186661750078,
        55.843908274546266,
        2.8000000000000114
      ],
      [
        -5.128189595416188,
        55.84391296841204,
        2.8000000000000114
      ],
      [
        -5.128192864358425,
        55.84391774609685,
        2.8000000000000114
      ],
      [
        -5.128196468576789,
        55.84392269141972,
        2.8000000000000114
      ],
      [
        -5.128200659528375,
        55.843927720561624,
        2.8000000000000114
      ],
      [
        -5.1282054372131824,
        55.84393283352256,
        2.8000000000000114
      ],
      [
        -5.128210969269276,
        55.84393828175962,
        2.8000000000000114
      ],
      [
        -5.128217423334718,
        55.84394381381571,
        2.8000000000000114
      ],
      [
        -5.128224799409509,
        55.84394968114793,
        2.8000000000000114
      ],
      [
        -5.1282330974936485,
        55.84395571611822,
        2.8000000000000114
      ],
      [
        -5.128242317587137,
        55.843962002545595,
        2.8000000000000114
      ],
      [
        -5.128252459689975,
        55.84396854043007,
        2.8000000000000114
      ],
      [
        -5.128263607621193,
        55.843975245952606,
        2.6000000000000227
      ],
      [
        -5.1282755099236965,
        55.84398211911321,
        2.6000000000000227
      ],
      [
        -5.1282881665974855,
        55.8439892437309,
        2.6000000000000227
      ],
      [
        -5.12830157764256,
        55.84399653598666,
        2.6000000000000227
      ],
      [
        -5.128315659239888,
        55.84400382824242,
        2.6000000000000227
      ],
      [
        -5.128330327570438,
        55.844011371955276,
        2.3999999999999773
      ],
      [
        -5.128345666453242,
        55.84401891566813,
        2.3999999999999773
      ],
      [
        -5.1283615082502365,
        55.844026459380984,
        2.3999999999999773
      ],
      [
        -5.128377852961421,
        55.84403408691287,
        2.3999999999999773
      ],
      [
        -5.128394700586796,
        55.84404171444476,
        2.3999999999999773
      ],
      [
        -5.128411799669266,
        55.84404934197664,
        2.1999999999999886
      ],
      [
        -5.128429317846894,
        55.84405705332756,
        2.1999999999999886
      ],
      [
        -5.128447087481618,
        55.84406476467848,
        2.1999999999999886
      ],
      [
        -5.128465024754405,
        55.84407264366746,
        2.1999999999999886
      ],
      [
        -5.1284831296652555,
        55.84408052265644,
        2.1999999999999886
      ],
      [
        -5.128501234576106,
        55.84408865310252,
        2
      ],
      [
        -5.128519255667925,
        55.84409703500569,
        2
      ],
      [
        -5.12853710912168,
        55.844105668365955,
        2
      ],
      [
        -5.128554794937372,
        55.84411455318332,
        2
      ],
      [
        -5.128572145476937,
        55.84412385709584,
        2
      ],
      [
        -5.128588993102312,
        55.84413332864642,
        1.8000000000000114
      ],
      [
        -5.12860550545156,
        55.844143219292164,
        1.8000000000000114
      ],
      [
        -5.128621514886618,
        55.844153361395,
        1.8000000000000114
      ],
      [
        -5.128637105226517,
        55.844163754954934,
        1.6000000000000227
      ],
      [
        -5.128652360290289,
        55.84417431615293,
        1.6000000000000227
      ],
      [
        -5.1286671962589025,
        55.84418521262705,
        1.6000000000000227
      ],
      [
        -5.128681696951389,
        55.84419619292021,
        1.3999999999999773
      ],
      [
        -5.128695946186781,
        55.84420742467046,
        1.3999999999999773
      ],
      [
        -5.128709943965077,
        55.84421865642071,
        1.3999999999999773
      ],
      [
        -5.128723690286279,
        55.84423005580902,
        1.3999999999999773
      ],
      [
        -5.128737352788448,
        55.844241455197334,
        1.1999999999999886
      ],
      [
        -5.128750763833523,
        55.84425293840468,
        1.1999999999999886
      ],
      [
        -5.1287640910595655,
        55.844264421612024,
        1.1999999999999886
      ],
      [
        -5.128777418285608,
        55.84427590481937,
        1.1999999999999886
      ],
      [
        -5.128790661692619,
        55.84428730420768,
        1
      ],
      [
        -5.12880390509963,
        55.844298703595996,
        1
      ],
      [
        -5.128817232325673,
        55.84431001916528,
        1
      ],
      [
        -5.128830727189779,
        55.84432125091553,
        1
      ],
      [
        -5.128844305872917,
        55.844332398846745,
        1
      ],
      [
        -5.1288580521941185,
        55.844343546777964,
        1
      ],
      [
        -5.1288718823343515,
        55.84435461089015,
        1
      ],
      [
        -5.128885880112648,
        55.844365591183305,
        1
      ],
      [
        -5.128899961709976,
        55.84437648765743,
        1
      ],
      [
        -5.128914210945368,
        55.84438730031252,
        1
      ],
      [
        -5.128928460180759,
        55.84439802914858,
        1
      ],
      [
        -5.128942709416151,
        55.84440875798464,
        1
      ],
      [
        -5.128957042470574,
        55.844419403001666,
        1
      ],
      [
        -5.128971291705966,
        55.84442996419966,
        1
      ],
      [
        -5.128985540941358,
        55.84444052539766,
        1.1999999999999886
      ],
      [
        -5.128999873995781,
        55.844451170414686,
        1.1999999999999886
      ],
      [
        -5.129014207050204,
        55.844461815431714,
        1.1999999999999886
      ],
      [
        -5.129028623923659,
        55.84447246044874,
        1.1999999999999886
      ],
      [
        -5.129043040797114,
        55.84448327310383,
        1.1999999999999886
      ],
      [
        -5.129057541489601,
        55.844494085758924,
        1.1999999999999886
      ],
      [
        -5.12907212600112,
        55.84450498223305,
        1.1999999999999886
      ],
      [
        -5.129086961969733,
        55.8445159625262,
        1.1999999999999886
      ],
      [
        -5.129102049395442,
        55.844526859000325,
        1.1999999999999886
      ],
      [
        -5.129117555916309,
        55.84453775547445,
        1.1999999999999886
      ],
      [
        -5.129133481532335,
        55.84454848431051,
        1.1999999999999886
      ],
      [
        -5.1291499100625515,
        55.844559045508504,
        1.1999999999999886
      ],
      [
        -5.129166841506958,
        55.84456943906844,
        1.1999999999999886
      ],
      [
        -5.129184275865555,
        55.844579664990306,
        1.1999999999999886
      ],
      [
        -5.12920212931931,
        55.84458963945508,
        1.1999999999999886
      ],
      [
        -5.129220234230161,
        55.84459936246276,
        1.1999999999999886
      ],
      [
        -5.129238674417138,
        55.844608917832375,
        1.1999999999999886
      ],
      [
        -5.129257198423147,
        55.844618221744895,
        1.1999999999999886
      ],
      [
        -5.1292759738862514,
        55.84462735801935,
        1.1999999999999886
      ],
      [
        -5.129294749349356,
        55.84463641047478,
        1.3999999999999773
      ],
      [
        -5.12931352481246,
        55.84464521147311,
        1.3999999999999773
      ],
      [
        -5.1293322164565325,
        55.844653928652406,
        1.3999999999999773
      ],
      [
        -5.129350908100605,
        55.844662645831704,
        1.3999999999999773
      ],
      [
        -5.129369432106614,
        55.84467119537294,
        1.3999999999999773
      ],
      [
        -5.129387704655528,
        55.844679744914174,
        1.3999999999999773
      ],
      [
        -5.12940589338541,
        55.84468829445541,
        1.6000000000000227
      ],
      [
        -5.129423663020134,
        55.844696843996644,
        1.6000000000000227
      ],
      [
        -5.129441265016794,
        55.84470547735691,
        1.6000000000000227
      ],
      [
        -5.129458447918296,
        55.84471411071718,
        1.6000000000000227
      ],
      [
        -5.129475295543671,
        55.844722827896476,
        1.6000000000000227
      ],
      [
        -5.12949189171195,
        55.844731628894806,
        1.8000000000000114
      ],
      [
        -5.129508152604103,
        55.84474051371217,
        1.8000000000000114
      ],
      [
        -5.129524078220129,
        55.84474956616759,
        1.8000000000000114
      ],
      [
        -5.12953975237906,
        55.84475878626108,
        1.8000000000000114
      ],
      [
        -5.129555091261864,
        55.844768173992634,
        1.8000000000000114
      ],
      [
        -5.129570094868541,
        55.844777561724186,
        1.8000000000000114
      ],
      [
        -5.129584930837154,
        55.84478720091283,
        1.8000000000000114
      ],
      [
        -5.129599515348673,
        55.84479684010148,
        1.8000000000000114
      ],
      [
        -5.129613932222128,
        55.84480656310916,
        1.8000000000000114
      ],
      [
        -5.129628265276551,
        55.84481636993587,
        1.8000000000000114
      ],
      [
        -5.129642514511943,
        55.844826344400644,
        1.8000000000000114
      ],
      [
        -5.1296567637473345,
        55.84483623504639,
        1.8000000000000114
      ],
      [
        -5.129670929163694,
        55.84484629333019,
        2
      ],
      [
        -5.129685010761023,
        55.84485643543303,
        2
      ],
      [
        -5.129699092358351,
        55.84486657753587,
        2
      ],
      [
        -5.129713173955679,
        55.84487680345774,
        2
      ],
      [
        -5.129727171733975,
        55.84488711319864,
        2
      ],
      [
        -5.129741169512272,
        55.84489750675857,
        2
      ],
      [
        -5.129755167290568,
        55.8449079003185,
        2
      ],
      [
        -5.129769165068865,
        55.84491837769747,
        2
      ],
      [
        -5.129783246666193,
        55.8449287712574,
        2
      ],
      [
        -5.129797412082553,
        55.844939248636365,
        2
      ],
      [
        -5.129811577498913,
        55.844949558377266,
        2
      ],
      [
        -5.129825910553336,
        55.84495986811817,
        2
      ],
      [
        -5.1298402436077595,
        55.844970094040036,
        1.8000000000000114
      ],
      [
        -5.1298546604812145,
        55.84498015232384,
        1.8000000000000114
      ],
      [
        -5.129868993535638,
        55.844990126788616,
        1.8000000000000114
      ],
      [
        -5.129883326590061,
        55.84499993361533,
        1.8000000000000114
      ],
      [
        -5.129897575825453,
        55.845009656623006,
        1.8000000000000114
      ],
      [
        -5.129911825060844,
        55.84501921199262,
        2
      ],
      [
        -5.129925990477204,
        55.84502859972417,
        2
      ],
      [
        -5.129940155893564,
        55.84503781981766,
        2
      ],
      [
        -5.129954237490892,
        55.84504695609212,
        2
      ],
      [
        -5.129968235269189,
        55.845056092366576,
        2
      ],
      [
        -5.12998198159039,
        55.84506522864103,
        2
      ],
      [
        -5.12999564409256,
        55.84507436491549,
        2
      ],
      [
        -5.130009055137634,
        55.84508358500898,
        2
      ],
      [
        -5.130022214725614,
        55.84509305655956,
        2
      ],
      [
        -5.1300352066755295,
        55.84510261192918,
        2
      ],
      [
        -5.13004794716835,
        55.84511250257492,
        2
      ],
      [
        -5.1300605200231075,
        55.84512264467776,
        2
      ],
      [
        -5.130073009058833,
        55.84513295441866,
        2
      ],
      [
        -5.130085330456495,
        55.84514359943569,
        2
      ],
      [
        -5.130097568035126,
        55.84515449590981,
        1.8000000000000114
      ],
      [
        -5.1301097217947245,
        55.845165560022,
        1.8000000000000114
      ],
      [
        -5.130121875554323,
        55.84517687559128,
        1.8000000000000114
      ],
      [
        -5.13013394549489,
        55.84518827497959,
        1.8000000000000114
      ],
      [
        -5.130146015435457,
        55.845199925825,
        1.8000000000000114
      ],
      [
        -5.1301580015569925,
        55.84521157667041,
        1.8000000000000114
      ],
      [
        -5.130169903859496,
        55.84522331133485,
        1.8000000000000114
      ],
      [
        -5.130181722342968,
        55.84523504599929,
        1.8000000000000114
      ],
      [
        -5.130193457007408,
        55.84524686448276,
        1.8000000000000114
      ],
      [
        -5.130205107852817,
        55.84525868296623,
        1.8000000000000114
      ],
      [
        -5.130216758698225,
        55.84527041763067,
        1.8000000000000114
      ],
      [
        -5.130228325724602,
        55.84528215229511,
        1.8000000000000114
      ],
      [
        -5.13023997657001,
        55.845293970778584,
        1.8000000000000114
      ],
      [
        -5.130251543596387,
        55.845305705443025,
        1.8000000000000114
      ],
      [
        -5.130263110622764,
        55.845317440107465,
        1.8000000000000114
      ],
      [
        -5.130274761468172,
        55.845329174771905,
        1.8000000000000114
      ],
      [
        -5.130286328494549,
        55.84534099325538,
        1.8000000000000114
      ],
      [
        -5.130297979339957,
        55.84535289555788,
        1.8000000000000114
      ],
      [
        -5.130309546366334,
        55.845364797860384,
        2
      ],
      [
        -5.130321197211742,
        55.84537670016289,
        2
      ],
      [
        -5.130332764238119,
        55.845388770103455,
        2
      ],
      [
        -5.130344331264496,
        55.84540084004402,
        2
      ],
      [
        -5.130355898290873,
        55.84541290998459,
        2
      ],
      [
        -5.130367549136281,
        55.84542506374419,
        2.1999999999999886
      ],
      [
        -5.1303791999816895,
        55.845437133684754,
        2.1999999999999886
      ],
      [
        -5.13039093464613,
        55.84544928744435,
        2.1999999999999886
      ],
      [
        -5.1304027531296015,
        55.84546135738492,
        2.1999999999999886
      ],
      [
        -5.1304148230701685,
        55.845473343506455,
        2.1999999999999886
      ],
      [
        -5.130426976829767,
        55.84548532962799,
        2.3999999999999773
      ],
      [
        -5.130439298227429,
        55.845497231930494,
        2.3999999999999773
      ],
      [
        -5.130451787263155,
        55.845508966594934,
        2.3999999999999773
      ],
      [
        -5.130464527755976,
        55.845520701259375,
        2.3999999999999773
      ],
      [
        -5.13047743588686,
        55.845532435923815,
        2.1999999999999886
      ],
      [
        -5.1304905116558075,
        55.84554408676922,
        2.1999999999999886
      ],
      [
        -5.130503587424755,
        55.8455556537956,
        2.1999999999999886
      ],
      [
        -5.130516747012734,
        55.84556722082198,
        2.1999999999999886
      ],
      [
        -5.130529906600714,
        55.845578871667385,
        2.1999999999999886
      ],
      [
        -5.130542982369661,
        55.84559052251279,
        2
      ],
      [
        -5.130555974319577,
        55.8456021733582,
        2
      ],
      [
        -5.13056879863143,
        55.84561390802264,
        2
      ],
      [
        -5.130581371486187,
        55.845625726506114,
        2
      ],
      [
        -5.130593692883849,
        55.845637544989586,
        2
      ],
      [
        -5.130605762824416,
        55.84564953111112,
        1.8000000000000114
      ],
      [
        -5.130617497488856,
        55.845661433413625,
        1.8000000000000114
      ],
      [
        -5.13062889687717,
        55.84567341953516,
        1.8000000000000114
      ],
      [
        -5.130639960989356,
        55.845685405656695,
        1.8000000000000114
      ],
      [
        -5.130650606006384,
        55.8456973079592,
        1.8000000000000114
      ],
      [
        -5.130660915747285,
        55.84570912644267,
        1.8000000000000114
      ],
      [
        -5.130670806393027,
        55.84572086110711,
        1.8000000000000114
      ],
      [
        -5.130680361762643,
        55.84573251195252,
        1.8000000000000114
      ],
      [
        -5.130689330399036,
        55.84574391134083,
        1.8000000000000114
      ],
      [
        -5.130697879940271,
        55.84575505927205,
        1.8000000000000114
      ],
      [
        -5.130706010386348,
        55.84576587192714,
        1.8000000000000114
      ],
      [
        -5.130713554099202,
        55.84577643312514,
        1.8000000000000114
      ],
      [
        -5.130720594897866,
        55.84578665904701,
        1.8000000000000114
      ],
      [
        -5.130727048963308,
        55.84579646587372,
        1.8000000000000114
      ],
      [
        -5.130733083933592,
        55.845806021243334,
        2
      ],
      [
        -5.130738699808717,
        55.845815325155854,
        2
      ],
      [
        -5.130743896588683,
        55.84582429379225,
        2
      ],
      [
        -5.130748758092523,
        55.845832927152514,
        2
      ],
      [
        -5.130753368139267,
        55.84584139287472,
        2
      ],
      [
        -5.130757726728916,
        55.84584969095886,
        2
      ],
      [
        -5.130762001499534,
        55.8458577375859,
        2
      ],
      [
        -5.130766108632088,
        55.845865700393915,
        2
      ],
      [
        -5.1307702995836735,
        55.845873495563865,
        2
      ],
      [
        -5.130774490535259,
        55.84588120691478,
        2.1999999999999886
      ],
      [
        -5.1307788491249084,
        55.8458889182657,
        2.1999999999999886
      ],
      [
        -5.130783459171653,
        55.84589662961662,
        2.1999999999999886
      ],
      [
        -5.130788404494524,
        55.845904340967536,
        2.1999999999999886
      ],
      [
        -5.130793768912554,
        55.84591221995652,
        2.1999999999999886
      ],
      [
        -5.130799720063806,
        55.84592018276453,
        2.1999999999999886
      ],
      [
        -5.130806174129248,
        55.84592831321061,
        2.1999999999999886
      ],
      [
        -5.130813382565975,
        55.845936611294746,
        2.1999999999999886
      ],
      [
        -5.130821345373988,
        55.84594507701695,
        2.1999999999999886
      ],
      [
        -5.130830146372318,
        55.845953710377216,
        2.1999999999999886
      ],
      [
        -5.130839869379997,
        55.84596251137555,
        2.1999999999999886
      ],
      [
        -5.130850346758962,
        55.84597148001194,
        2.1999999999999886
      ],
      [
        -5.130861829966307,
        55.845980532467365,
        2.1999999999999886
      ],
      [
        -5.130874067544937,
        55.845989752560854,
        2.1999999999999886
      ],
      [
        -5.130887143313885,
        55.84599897265434,
        2.1999999999999886
      ],
      [
        -5.130900889635086,
        55.84600827656686,
        2.1999999999999886
      ],
      [
        -5.130915306508541,
        55.84601758047938,
        2.1999999999999886
      ],
      [
        -5.1309302262961864,
        55.846026884391904,
        2
      ],
      [
        -5.13094556517899,
        55.84603610448539,
        2
      ],
      [
        -5.130961406975985,
        55.84604524075985,
        2
      ],
      [
        -5.130977584049106,
        55.84605420939624,
        2
      ],
      [
        -5.130994012579322,
        55.84606284275651,
        2
      ],
      [
        -5.131010692566633,
        55.84607122465968,
        2
      ],
      [
        -5.131027540192008,
        55.846079271286726,
        2
      ],
      [
        -5.1310444716364145,
        55.84608689881861,
        2
      ],
      [
        -5.131061486899853,
        55.84609410725534,
        2.1999999999999886
      ],
      [
        -5.131078502163291,
        55.846100728958845,
        2.1999999999999886
      ],
      [
        -5.131095517426729,
        55.84610693156719,
        2.1999999999999886
      ],
      [
        -5.131112532690167,
        55.846112463623285,
        2.1999999999999886
      ],
      [
        -5.131129547953606,
        55.84611749276519,
        2.1999999999999886
      ],
      [
        -5.131146479398012,
        55.84612193517387,
        2.1999999999999886
      ],
      [
        -5.131163327023387,
        55.84612579084933,
        2.1999999999999886
      ],
      [
        -5.13118009082973,
        55.8461291436106,
        2.1999999999999886
      ],
      [
        -5.131196854636073,
        55.846131993457675,
        2.1999999999999886
      ],
      [
        -5.1312135346233845,
        55.846134424209595,
        2.1999999999999886
      ],
      [
        -5.131230214610696,
        55.846136435866356,
        2.1999999999999886
      ],
      [
        -5.1312468107789755,
        55.846138279885054,
        2.1999999999999886
      ],
      [
        -5.131263490766287,
        55.84613995626569,
        2.1999999999999886
      ],
      [
        -5.131280170753598,
        55.84614154882729,
        2.1999999999999886
      ],
      [
        -5.13129685074091,
        55.84614314138889,
        2.1999999999999886
      ],
      [
        -5.131313698366284,
        55.84614490158856,
        2.1999999999999886
      ],
      [
        -5.131330629810691,
        55.84614682942629,
        2.1999999999999886
      ],
      [
        -5.131347645074129,
        55.84614900872111,
        2.1999999999999886
      ],
      [
        -5.131364827975631,
        55.846151523292065,
        2.1999999999999886
      ],
      [
        -5.131382094696164,
        55.84615437313914,
        2.1999999999999886
      ],
      [
        -5.131399445235729,
        55.84615755826235,
        2.1999999999999886
      ],
      [
        -5.131416795775294,
        55.846161246299744,
        2
      ],
      [
        -5.131434230133891,
        55.846165269613266,
        2
      ],
      [
        -5.131451580673456,
        55.84616979584098,
        2
      ],
      [
        -5.131468931213021,
        55.84617474116385,
        2
      ],
      [
        -5.131486281752586,
        55.84618018940091,
        2
      ],
      [
        -5.13150354847312,
        55.8461859729141,
        2
      ],
      [
        -5.131520899012685,
        55.84619225934148,
        2
      ],
      [
        -5.131538165733218,
        55.846198881044984,
        2
      ],
      [
        -5.131555432453752,
        55.84620592184365,
        2
      ],
      [
        -5.131572699174285,
        55.84621321409941,
        2
      ],
      [
        -5.131589965894818,
        55.84622084163129,
        2
      ],
      [
        -5.131607232615352,
        55.846228720620275,
        2
      ],
      [
        -5.131624415516853,
        55.84623693488538,
        2
      ],
      [
        -5.131641514599323,
        55.846245400607586,
        2
      ],
      [
        -5.1316585298627615,
        55.84625403396785,
        2
      ],
      [
        -5.131675293669105,
        55.84626283496618,
        2
      ],
      [
        -5.131691973656416,
        55.846271803602576,
        2
      ],
      [
        -5.131708402186632,
        55.846280856058,
        2
      ],
      [
        -5.131724579259753,
        55.84628999233246,
        2
      ],
      [
        -5.131740504875779,
        55.846299044787884,
        1.8000000000000114
      ],
      [
        -5.13175617903471,
        55.84630801342428,
        1.8000000000000114
      ],
      [
        -5.131771601736546,
        55.84631681442261,
        1.8000000000000114
      ],
      [
        -5.131786689162254,
        55.846325531601906,
        1.8000000000000114
      ],
      [
        -5.1318013574928045,
        55.84633391350508,
        1.8000000000000114
      ],
      [
        -5.13181577436626,
        55.84634196013212,
        1.8000000000000114
      ],
      [
        -5.131829772144556,
        55.84634975530207,
        1.8000000000000114
      ],
      [
        -5.131843518465757,
        55.84635704755783,
        1.8000000000000114
      ],
      [
        -5.1318568456918,
        55.84636392071843,
        1.8000000000000114
      ],
      [
        -5.131869921460748,
        55.846370374783874,
        1.8000000000000114
      ],
      [
        -5.1318827457726,
        55.846376325935125,
        1.8000000000000114
      ],
      [
        -5.1318953186273575,
        55.84638177417219,
        1.8000000000000114
      ],
      [
        -5.13190764002502,
        55.84638680331409,
        2
      ],
      [
        -5.131919709965587,
        55.846391413360834,
        2
      ],
      [
        -5.1319315284490585,
        55.84639560431242,
        2
      ],
      [
        -5.131943179294467,
        55.84639945998788,
        2
      ],
      [
        -5.13195457868278,
        55.84640306420624,
        2
      ],
      [
        -5.131965558975935,
        55.84640650078654,
        2
      ],
      [
        -5.1319762878119946,
        55.84640976972878,
        2
      ],
      [
        -5.131986681371927,
        55.846412954851985,
        2
      ],
      [
        -5.131996739655733,
        55.84641613997519,
        2
      ],
      [
        -5.132006546482444,
        55.846419325098395,
        2
      ],
      [
        -5.132016269490123,
        55.8464225102216,
        2.1999999999999886
      ],
      [
        -5.132025741040707,
        55.84642586298287,
        2.1999999999999886
      ],
      [
        -5.132035296410322,
        55.84642921574414,
        2.1999999999999886
      ],
      [
        -5.132044767960906,
        55.84643273614347,
        2
      ],
      [
        -5.13205423951149,
        55.846436340361834,
        2
      ],
      [
        -5.132063711062074,
        55.84644002839923,
        2
      ],
      [
        -5.132073098793626,
        55.846443800255656,
        2
      ],
      [
        -5.132082402706146,
        55.846447655931115,
        2
      ],
      [
        -5.132091622799635,
        55.84645167924464,
        2
      ],
      [
        -5.1321005914360285,
        55.84645561873913,
        2
      ],
      [
        -5.132109308615327,
        55.84645972587168,
        2
      ],
      [
        -5.132117606699467,
        55.846463749185205,
        2
      ],
      [
        -5.132125653326511,
        55.846467688679695,
        2
      ],
      [
        -5.132133197039366,
        55.846471628174186,
        2
      ],
      [
        -5.132140489295125,
        55.846475483849645,
        2
      ],
      [
        -5.132147362455726,
        55.84647908806801,
        2
      ],
      [
        -5.132153984159231,
        55.84648260846734,
        2
      ],
      [
        -5.132160438224673,
        55.84648587740958,
        2
      ],
      [
        -5.132166724652052,
        55.84648897871375,
        2
      ],
      [
        -5.132172927260399,
        55.84649182856083,
        2
      ],
      [
        -5.132179129868746,
        55.846494510769844,
        2
      ],
      [
        -5.132185500115156,
        55.846496941521764,
        2
      ],
      [
        -5.13219203799963,
        55.84649920463562,
        2
      ],
      [
        -5.132198827341199,
        55.84650130011141,
        2
      ],
      [
        -5.132205868139863,
        55.84650322794914,
        2
      ],
      [
        -5.1322130765765905,
        55.84650490432978,
        2
      ],
      [
        -5.13222036883235,
        55.84650641307235,
        2
      ],
      [
        -5.1322278287261724,
        55.846507754176855,
        2
      ],
      [
        -5.132235204800963,
        55.84650901146233,
        2
      ],
      [
        -5.132242497056723,
        55.84651010110974,
        2.1999999999999886
      ],
      [
        -5.13224970549345,
        55.84651102311909,
        2.1999999999999886
      ],
      [
        -5.132256830111146,
        55.84651202894747,
        2.1999999999999886
      ],
      [
        -5.132263703271747,
        55.84651295095682,
        2.1999999999999886
      ],
      [
        -5.132270492613316,
        55.84651387296617,
        2.1999999999999886
      ],
      [
        -5.132277114316821,
        55.84651496261358,
        2.1999999999999886
      ],
      [
        -5.132283568382263,
        55.84651621989906,
        2.1999999999999886
      ],
      [
        -5.132290022447705,
        55.846517561003566,
        2.1999999999999886
      ],
      [
        -5.132296476513147,
        55.84651915356517,
        2.1999999999999886
      ],
      [
        -5.132303014397621,
        55.846520913764834,
        2.1999999999999886
      ],
      [
        -5.132309719920158,
        55.84652300924063,
        2.3999999999999773
      ],
      [
        -5.132316509261727,
        55.846525272354484,
        2.3999999999999773
      ],
      [
        -5.132323550060391,
        55.846527786925435,
        2.3999999999999773
      ],
      [
        -5.132330674678087,
        55.84653055295348,
        2.3999999999999773
      ],
      [
        -5.132338050752878,
        55.84653357043862,
        2.3999999999999773
      ],
      [
        -5.132345594465733,
        55.84653683938086,
        2.3999999999999773
      ],
      [
        -5.132353389635682,
        55.84654027596116,
        2.3999999999999773
      ],
      [
        -5.132361268624663,
        55.84654379636049,
        2.3999999999999773
      ],
      [
        -5.132369315251708,
        55.84654748439789,
        2.3999999999999773
      ],
      [
        -5.132377445697784,
        55.846551256254315,
        2.3999999999999773
      ],
      [
        -5.132385576143861,
        55.84655494429171,
        2.3999999999999773
      ],
      [
        -5.132393790408969,
        55.84655871614814,
        2.3999999999999773
      ],
      [
        -5.132402004674077,
        55.8465623203665,
        2.3999999999999773
      ],
      [
        -5.132410218939185,
        55.846565840765834,
        2.3999999999999773
      ],
      [
        -5.132418517023325,
        55.8465691935271,
        2.3999999999999773
      ],
      [
        -5.1324268989264965,
        55.84657246246934,
        2.3999999999999773
      ],
      [
        -5.132435280829668,
        55.84657547995448,
        2.3999999999999773
      ],
      [
        -5.132443746551871,
        55.84657841362059,
        2.3999999999999773
      ],
      [
        -5.1324522122740746,
        55.84658117964864,
        2.3999999999999773
      ],
      [
        -5.1324607618153095,
        55.84658386185765,
        2.3999999999999773
      ],
      [
        -5.1324693113565445,
        55.846586376428604,
        2.3999999999999773
      ],
      [
        -5.132477777078748,
        55.846588890999556,
        2.3999999999999773
      ],
      [
        -5.132486326619983,
        55.846591237932444,
        2.1999999999999886
      ],
      [
        -5.132494792342186,
        55.84659366868436,
        2.1999999999999886
      ],
      [
        -5.132503258064389,
        55.84659601561725,
        2.1999999999999886
      ],
      [
        -5.132511639967561,
        55.84659844636917,
        2.1999999999999886
      ],
      [
        -5.132519938051701,
        55.846601044759154,
        2.1999999999999886
      ],
      [
        -5.132528152316809,
        55.8466038107872,
        2.1999999999999886
      ],
      [
        -5.132536115124822,
        55.846606912091374,
        2.1999999999999886
      ],
      [
        -5.132543994113803,
        55.84661026485264,
        2.1999999999999886
      ],
      [
        -5.132551705464721,
        55.84661403670907,
        2.1999999999999886
      ],
      [
        -5.132559249177575,
        55.846618227660656,
        2.1999999999999886
      ],
      [
        -5.132566625252366,
        55.8466228377074,
        2.1999999999999886
      ],
      [
        -5.132573917508125,
        55.846627950668335,
        2.1999999999999886
      ],
      [
        -5.132581042125821,
        55.84663348272443,
        2.1999999999999886
      ],
      [
        -5.132588082924485,
        55.84663951769471,
        2.1999999999999886
      ],
      [
        -5.132595039904118,
        55.846646055579185,
        2.1999999999999886
      ],
      [
        -5.1326018292456865,
        55.84665301255882,
        2
      ],
      [
        -5.1326086185872555,
        55.84666030481458,
        2
      ],
      [
        -5.132615324109793,
        55.84666793234646,
        2
      ],
      [
        -5.132622113451362,
        55.846675811335444,
        2
      ],
      [
        -5.132629070430994,
        55.84668385796249,
        2
      ],
      [
        -5.132636111229658,
        55.8466920722276,
        2
      ],
      [
        -5.132643487304449,
        55.84670037031174,
        2
      ],
      [
        -5.132650947198272,
        55.84670866839588,
        2
      ],
      [
        -5.132658574730158,
        55.846716882660985,
        1.8000000000000114
      ],
      [
        -5.132666118443012,
        55.84672501310706,
        1.8000000000000114
      ],
      [
        -5.132673662155867,
        55.846733059734106,
        1.8000000000000114
      ],
      [
        -5.132680954411626,
        55.84674093872309,
        1.8000000000000114
      ],
      [
        -5.132688079029322,
        55.846748650074005,
        1.8000000000000114
      ],
      [
        -5.132694784551859,
        55.84675619378686,
        2
      ],
      [
        -5.132701154798269,
        55.84676348604262,
        2
      ],
      [
        -5.132707189768553,
        55.846770610660315,
        2
      ],
      [
        -5.132712805643678,
        55.846777483820915,
        2
      ],
      [
        -5.132718002423644,
        55.84678402170539,
        2
      ],
      [
        -5.132722947746515,
        55.84679030813277,
        2
      ],
      [
        -5.132727473974228,
        55.84679617546499,
        2
      ],
      [
        -5.132731664925814,
        55.84680170752108,
        2
      ],
      [
        -5.132735520601273,
        55.846806820482016,
        2
      ],
      [
        -5.132738873362541,
        55.84681151434779,
        2
      ],
      [
        -5.132741890847683,
        55.84681570529938,
        2
      ],
      [
        -5.132744573056698,
        55.846819560974836,
        2
      ],
      [
        -5.1327467523515224,
        55.846822913736105,
        2
      ],
      [
        -5.132748680189252,
        55.84682593122125,
        2
      ],
      [
        -5.132750440388918,
        55.84682869724929,
        2.1999999999999886
      ],
      [
        -5.1327520329505205,
        55.846831211820245,
        2.1999999999999886
      ],
      [
        -5.132753541693091,
        55.846833642572165,
        2.1999999999999886
      ],
      [
        -5.132755301892757,
        55.84683598950505,
        2.1999999999999886
      ],
      [
        -5.132757229730487,
        55.84683842025697,
        2.1999999999999886
      ],
      [
        -5.132759576663375,
        55.846840934827924,
        2.1999999999999886
      ],
      [
        -5.13276225887239,
        55.84684361703694,
        2.1999999999999886
      ],
      [
        -5.132765527814627,
        55.84684646688402,
        2.1999999999999886
      ],
      [
        -5.132769215852022,
        55.84684956818819,
        2.1999999999999886
      ],
      [
        -5.132773406803608,
        55.84685292094946,
        2.1999999999999886
      ],
      [
        -5.132778016850352,
        55.84685644134879,
        2.1999999999999886
      ],
      [
        -5.1327829621732235,
        55.84686021320522,
        2.1999999999999886
      ],
      [
        -5.13278815895319,
        55.84686406888068,
        2.1999999999999886
      ],
      [
        -5.132793607190251,
        55.84686800837517,
        2.1999999999999886
      ],
      [
        -5.132799139246345,
        55.84687203168869,
        2.1999999999999886
      ],
      [
        -5.132804671302438,
        55.846876138821244,
        2.1999999999999886
      ],
      [
        -5.132810203358531,
        55.84688016213477,
        2.1999999999999886
      ],
      [
        -5.132815567776561,
        55.84688426926732,
        2.1999999999999886
      ],
      [
        -5.132820848375559,
        55.846888376399875,
        2.1999999999999886
      ],
      [
        -5.132826045155525,
        55.84689256735146,
        2.1999999999999886
      ],
      [
        -5.132830906659365,
        55.846896758303046,
        2.1999999999999886
      ],
      [
        -5.1328356843441725,
        55.84690094925463,
        2.1999999999999886
      ],
      [
        -5.132840210571885,
        55.84690530784428,
        2.1999999999999886
      ],
      [
        -5.132844485342503,
        55.84690975025296,
        2.1999999999999886
      ],
      [
        -5.132848676294088,
        55.84691436029971,
        2.1999999999999886
      ],
      [
        -5.132852867245674,
        55.84691905416548,
        2.1999999999999886
      ],
      [
        -5.132856974378228,
        55.84692391566932,
        2.1999999999999886
      ],
      [
        -5.132861249148846,
        55.84692886099219,
        2.1999999999999886
      ],
      [
        -5.132865775376558,
        55.846933890134096,
        2.1999999999999886
      ],
      [
        -5.1328707206994295,
        55.84693908691406,
        2.3999999999999773
      ],
      [
        -5.132876001298428,
        55.84694436751306,
        2.3999999999999773
      ],
      [
        -5.132881700992584,
        55.84694973193109,
        2.3999999999999773
      ],
      [
        -5.1328878197818995,
        55.84695518016815,
        2.3999999999999773
      ],
      [
        -5.132894441485405,
        55.846960712224245,
        2.3999999999999773
      ],
      [
        -5.132901482284069,
        55.84696624428034,
        2.3999999999999773
      ],
      [
        -5.132908942177892,
        55.84697177633643,
        2.3999999999999773
      ],
      [
        -5.132916821166873,
        55.84697714075446,
        2.3999999999999773
      ],
      [
        -5.132925119251013,
        55.84698242135346,
        2.3999999999999773
      ],
      [
        -5.1329337526112795,
        55.846987534314394,
        2.6000000000000227
      ],
      [
        -5.132942805066705,
        55.84699239581823,
        2.6000000000000227
      ],
      [
        -5.132952108979225,
        55.846996922045946,
        2.6000000000000227
      ],
      [
        -5.132961748167872,
        55.847001196816564,
        2.6000000000000227
      ],
      [
        -5.132971554994583,
        55.84700505249202,
        2.6000000000000227
      ],
      [
        -5.132981529459357,
        55.847008656710386,
        2.6000000000000227
      ],
      [
        -5.132991671562195,
        55.847012009471655,
        2.6000000000000227
      ],
      [
        -5.133001729846001,
        55.8470150269568,
        2.6000000000000227
      ],
      [
        -5.1330117881298065,
        55.84701779298484,
        2.6000000000000227
      ],
      [
        -5.133021678775549,
        55.84702047519386,
        2.6000000000000227
      ],
      [
        -5.133031317964196,
        55.84702307358384,
        2.6000000000000227
      ],
      [
        -5.133040454238653,
        55.84702583961189,
        2.6000000000000227
      ],
      [
        -5.133049003779888,
        55.847028773278,
        2.6000000000000227
      ],
      [
        -5.133056882768869,
        55.8470319584012,
        2.6000000000000227
      ],
      [
        -5.133063839748502,
        55.847035478800535,
        2.6000000000000227
      ],
      [
        -5.133069874718785,
        55.847039418295026,
        2.6000000000000227
      ],
      [
        -5.13307498767972,
        55.847043776884675,
        2.3999999999999773
      ],
      [
        -5.133079010993242,
        55.84704855456948,
        2.3999999999999773
      ],
      [
        -5.133082112297416,
        55.84705375134945,
        2.3999999999999773
      ],
      [
        -5.133084375411272,
        55.84705928340554,
        2.3999999999999773
      ],
      [
        -5.133085967972875,
        55.84706515073776,
        2.3999999999999773
      ],
      [
        -5.133087057620287,
        55.84707126952708,
        2.3999999999999773
      ],
      [
        -5.133087811991572,
        55.84707772359252,
        2.3999999999999773
      ],
      [
        -5.133088566362858,
        55.847084345296025,
        2.1999999999999886
      ],
      [
        -5.133089404553175,
        55.847091134637594,
        2.1999999999999886
      ],
      [
        -5.133090578019619,
        55.847098007798195,
        2.1999999999999886
      ],
      [
        -5.133092338219285,
        55.84710504859686,
        2.1999999999999886
      ],
      [
        -5.133094601333141,
        55.847112173214555,
        2.1999999999999886
      ],
      [
        -5.133097534999251,
        55.84711938165128,
        2.1999999999999886
      ],
      [
        -5.133101139217615,
        55.84712659008801,
        2.1999999999999886
      ],
      [
        -5.133105330169201,
        55.84713388234377,
        2.1999999999999886
      ],
      [
        -5.133110107854009,
        55.84714125841856,
        2.1999999999999886
      ],
      [
        -5.1331154722720385,
        55.84714863449335,
        2.1999999999999886
      ],
      [
        -5.133121255785227,
        55.84715601056814,
        2.1999999999999886
      ],
      [
        -5.133127374574542,
        55.84716338664293,
        2.1999999999999886
      ],
      [
        -5.133133744820952,
        55.847170762717724,
        2.1999999999999886
      ],
      [
        -5.133140115067363,
        55.84717805497348,
        2.1999999999999886
      ],
      [
        -5.13314631767571,
        55.84718534722924,
        2.1999999999999886
      ],
      [
        -5.1331522688269615,
        55.84719255566597,
        2.1999999999999886
      ],
      [
        -5.1331578847020864,
        55.847199680283666,
        2.1999999999999886
      ],
      [
        -5.133162913843989,
        55.84720672108233,
        2.1999999999999886
      ],
      [
        -5.133167272433639,
        55.84721367806196,
        2.1999999999999886
      ],
      [
        -5.133170792832971,
        55.84722055122256,
        2.1999999999999886
      ],
      [
        -5.133173642680049,
        55.84722734056413,
        2.1999999999999886
      ],
      [
        -5.133175570517778,
        55.84723396226764,
        2.1999999999999886
      ],
      [
        -5.133176660165191,
        55.84724050015211,
        2.1999999999999886
      ],
      [
        -5.133176995441318,
        55.84724695421755,
        2.1999999999999886
      ],
      [
        -5.133176492527127,
        55.84725332446396,
        2.1999999999999886
      ],
      [
        -5.1331752352416515,
        55.84725952707231,
        2.1999999999999886
      ],
      [
        -5.133173307403922,
        55.847265645861626,
        2.1999999999999886
      ],
      [
        -5.133170960471034,
        55.84727168083191,
        2.1999999999999886
      ],
      [
        -5.133168194442987,
        55.84727771580219,
        2.1999999999999886
      ],
      [
        -5.133165260776877,
        55.84728358313441,
        2.1999999999999886
      ],
      [
        -5.133162410929799,
        55.847289534285665,
        2.1999999999999886
      ],
      [
        -5.133159728720784,
        55.847295401617885,
        2.1999999999999886
      ],
      [
        -5.133157381787896,
        55.847301352769136,
        2.1999999999999886
      ],
      [
        -5.133155705407262,
        55.84730738773942,
        2.1999999999999886
      ],
      [
        -5.133154531940818,
        55.847313506528735,
        2.1999999999999886
      ],
      [
        -5.133154112845659,
        55.847319792956114,
        2.1999999999999886
      ],
      [
        -5.133154280483723,
        55.84732633084059,
        2.1999999999999886
      ],
      [
        -5.13315511867404,
        55.84733320400119,
        2.1999999999999886
      ],
      [
        -5.133156459778547,
        55.847340328618884,
        2.1999999999999886
      ],
      [
        -5.1331584714353085,
        55.84734778851271,
        2.1999999999999886
      ],
      [
        -5.13316098600626,
        55.847355583682656,
        2.1999999999999886
      ],
      [
        -5.133164254948497,
        55.84736371412873,
        2.1999999999999886
      ],
      [
        -5.133168194442987,
        55.84737226366997,
        2.1999999999999886
      ],
      [
        -5.133173055946827,
        55.84738123230636,
        2.1999999999999886
      ],
      [
        -5.133178923279047,
        55.84739045239985,
        2.1999999999999886
      ],
      [
        -5.133185964077711,
        55.847399923950434,
        2.1999999999999886
      ],
      [
        -5.133194262161851,
        55.847409730777144,
        2.1999999999999886
      ],
      [
        -5.133203733712435,
        55.84741962142289,
        2
      ],
      [
        -5.133214378729463,
        55.84742967970669,
        2
      ],
      [
        -5.13322644867003,
        55.84743990562856,
        2
      ],
      [
        -5.133238937705755,
        55.8474500477314,
        2
      ],
      [
        -5.1332520972937346,
        55.847460106015205,
        2
      ],
      [
        -5.133265759795904,
        55.84747008047998,
        2
      ],
      [
        -5.133279589936137,
        55.84747988730669,
        2
      ],
      [
        -5.133293503895402,
        55.84748952649534,
        2
      ],
      [
        -5.13330708257854,
        55.84749883040786,
        2
      ],
      [
        -5.133320325985551,
        55.84750771522522,
        2
      ],
      [
        -5.133332898840308,
        55.84751618094742,
        2
      ],
      [
        -5.133344465866685,
        55.847524143755436,
        2
      ],
      [
        -5.133354943245649,
        55.847531436011195,
        2
      ],
      [
        -5.133364163339138,
        55.8475380577147,
        2
      ],
      [
        -5.133371874690056,
        55.84754392504692,
        2
      ],
      [
        -5.133378077298403,
        55.847549038007855,
        2
      ],
      [
        -5.133382771164179,
        55.84755322895944,
        2
      ],
      [
        -5.133386040106416,
        55.84755666553974,
        2
      ],
      [
        -5.133387967944145,
        55.847559347748756,
        2
      ],
      [
        -5.133388722315431,
        55.84756135940552,
        2
      ],
      [
        -5.1333884708583355,
        55.84756278432906,
        2
      ],
      [
        -5.133387465029955,
        55.84756379015744,
        2
      ],
      [
        -5.1333861239254475,
        55.84756454452872,
        2
      ],
      [
        -5.133384615182877,
        55.84756521508098,
        2.1999999999999886
      ],
      [
        -5.133383106440306,
        55.8475658018142,
        2.1999999999999886
      ],
      [
        -5.133382100611925,
        55.847566556185484,
        2.1999999999999886
      ],
      [
        -5.133381597697735,
        55.847567562013865,
        2.1999999999999886
      ],
      [
        -5.133382016792893,
        55.84756881929934,
        2.1999999999999886
      ],
      [
        -5.133383441716433,
        55.847570579499006,
        2.1999999999999886
      ],
      [
        -5.133386040106416,
        55.84757284261286,
        2.1999999999999886
      ],
      [
        -5.133390063419938,
        55.84757560864091,
        2.3999999999999773
      ],
      [
        -5.133395595476031,
        55.84757904522121,
        2.3999999999999773
      ],
      [
        -5.133402720093727,
        55.847583152353764,
        2.3999999999999773
      ],
      [
        -5.1334114372730255,
        55.84758793003857,
        2.3999999999999773
      ],
      [
        -5.133421663194895,
        55.8475932944566,
        2.3999999999999773
      ],
      [
        -5.133433481678367,
        55.84759924560785,
        2.3999999999999773
      ],
      [
        -5.133446641266346,
        55.847605699673295,
        2.3999999999999773
      ],
      [
        -5.133461058139801,
        55.84761265665293,
        2.3999999999999773
      ],
      [
        -5.133476480841637,
        55.84762003272772,
        2.3999999999999773
      ],
      [
        -5.133492825552821,
        55.847627744078636,
        2.3999999999999773
      ],
      [
        -5.133509673178196,
        55.84763587452471,
        2.3999999999999773
      ],
      [
        -5.133526939898729,
        55.847644256427884,
        2.3999999999999773
      ],
      [
        -5.13354454189539,
        55.84765297360718,
        2.6000000000000227
      ],
      [
        -5.13356214389205,
        55.847661942243576,
        2.6000000000000227
      ],
      [
        -5.13357974588871,
        55.84767107851803,
        2.6000000000000227
      ],
      [
        -5.1335972640663385,
        55.847680466249585,
        2.3999999999999773
      ],
      [
        -5.133614698424935,
        55.8476900216192,
        2.3999999999999773
      ],
      [
        -5.1336320489645,
        55.84769966080785,
        2.3999999999999773
      ],
      [
        -5.13364914804697,
        55.84770938381553,
        2.3999999999999773
      ],
      [
        -5.133666163310409,
        55.84771919064224,
        2.3999999999999773
      ],
      [
        -5.133683094754815,
        55.84772899746895,
        2.3999999999999773
      ],
      [
        -5.13369994238019,
        55.84773897193372,
        2.3999999999999773
      ],
      [
        -5.133716706186533,
        55.847748862579465,
        2.3999999999999773
      ],
      [
        -5.133733469992876,
        55.84775883704424,
        2.3999999999999773
      ],
      [
        -5.133750149980187,
        55.84776881150901,
        2.3999999999999773
      ],
      [
        -5.133766662329435,
        55.84777878597379,
        2.3999999999999773
      ],
      [
        -5.133783174678683,
        55.84778876043856,
        2.3999999999999773
      ],
      [
        -5.133799519389868,
        55.84779881872237,
        2.3999999999999773
      ],
      [
        -5.133815780282021,
        55.84780887700617,
        2.3999999999999773
      ],
      [
        -5.133832041174173,
        55.84781901910901,
        2.3999999999999773
      ],
      [
        -5.133848134428263,
        55.84782907739282,
        2.3999999999999773
      ],
      [
        -5.133864227682352,
        55.847839219495654,
        2.3999999999999773
      ],
      [
        -5.133880153298378,
        55.84784936159849,
        2.3999999999999773
      ],
      [
        -5.133896078914404,
        55.84785950370133,
        2.3999999999999773
      ],
      [
        -5.133911920711398,
        55.8478697296232,
        2.3999999999999773
      ],
      [
        -5.133927594870329,
        55.847879871726036,
        2.3999999999999773
      ],
      [
        -5.133943185210228,
        55.847890013828874,
        2.3999999999999773
      ],
      [
        -5.133958607912064,
        55.84790015593171,
        2.3999999999999773
      ],
      [
        -5.1339739467948675,
        55.84791029803455,
        2.1999999999999886
      ],
      [
        -5.13398920185864,
        55.847920356318355,
        2.1999999999999886
      ],
      [
        -5.13400437310338,
        55.84793041460216,
        2.1999999999999886
      ],
      [
        -5.134019460529089,
        55.847940389066935,
        2.1999999999999886
      ],
      [
        -5.134034547954798,
        55.84795027971268,
        2
      ],
      [
        -5.1340496353805065,
        55.84796008653939,
        2
      ],
      [
        -5.134064722806215,
        55.84796980954707,
        2
      ],
      [
        -5.134079810231924,
        55.847979532554746,
        2
      ],
      [
        -5.134094897657633,
        55.847989255562425,
        2
      ],
      [
        -5.13410990126431,
        55.84799889475107,
        1.8000000000000114
      ],
      [
        -5.134124988690019,
        55.84800853393972,
        1.8000000000000114
      ],
      [
        -5.134139992296696,
        55.84801817312837,
        1.8000000000000114
      ],
      [
        -5.1341550797224045,
        55.848027896136045,
        1.8000000000000114
      ],
      [
        -5.134170167148113,
        55.848037619143724,
        1.8000000000000114
      ],
      [
        -5.134185254573822,
        55.8480473421514,
        1.8000000000000114
      ],
      [
        -5.1342004258185625,
        55.848057148978114,
        1.8000000000000114
      ],
      [
        -5.134215680882335,
        55.848066955804825,
        1.8000000000000114
      ],
      [
        -5.13423110358417,
        55.848076762631536,
        1.8000000000000114
      ],
      [
        -5.134246777743101,
        55.848086569458246,
        1.8000000000000114
      ],
      [
        -5.134262619540095,
        55.84809646010399,
        1.8000000000000114
      ],
      [
        -5.134278712794185,
        55.8481062669307,
        1.8000000000000114
      ],
      [
        -5.134295141324401,
        55.84811615757644,
        1.8000000000000114
      ],
      [
        -5.134311653673649,
        55.848126132041216,
        1.8000000000000114
      ],
      [
        -5.13432833366096,
        55.84813602268696,
        1.8000000000000114
      ],
      [
        -5.134345097467303,
        55.8481459133327,
        1.8000000000000114
      ],
      [
        -5.134361861273646,
        55.848155887797475,
        1.8000000000000114
      ],
      [
        -5.134378625079989,
        55.84816577844322,
        1.8000000000000114
      ],
      [
        -5.134395305067301,
        55.84817575290799,
        1.8000000000000114
      ],
      [
        -5.134411985054612,
        55.848185643553734,
        2
      ],
      [
        -5.134428581222892,
        55.84819561801851,
        2
      ],
      [
        -5.134445009753108,
        55.84820559248328,
        2
      ],
      [
        -5.1344613544642925,
        55.848215566948056,
        2
      ],
      [
        -5.134477531537414,
        55.84822562523186,
        2.1999999999999886
      ],
      [
        -5.134493624791503,
        55.848235599696636,
        2.1999999999999886
      ],
      [
        -5.1345093827694654,
        55.84824565798044,
        2.1999999999999886
      ],
      [
        -5.1345249731093645,
        55.84825571626425,
        2.1999999999999886
      ],
      [
        -5.134540228173137,
        55.848265858367085,
        2.1999999999999886
      ],
      [
        -5.134555231779814,
        55.848276084288955,
        2.1999999999999886
      ],
      [
        -5.134570151567459,
        55.848286394029856,
        2.1999999999999886
      ],
      [
        -5.134584819898009,
        55.84829670377076,
        2.3999999999999773
      ],
      [
        -5.1345994882285595,
        55.84830718114972,
        2.3999999999999773
      ],
      [
        -5.13461415655911,
        55.848317574709654,
        2.3999999999999773
      ],
      [
        -5.134628908708692,
        55.84832813590765,
        2.3999999999999773
      ],
      [
        -5.134643912315369,
        55.848338697105646,
        2.3999999999999773
      ],
      [
        -5.134659083560109,
        55.848349342122674,
        2.3999999999999773
      ],
      [
        -5.1346745900809765,
        55.8483599871397,
        2.3999999999999773
      ],
      [
        -5.1346901804208755,
        55.84837079979479,
        2.3999999999999773
      ],
      [
        -5.13470602221787,
        55.848381612449884,
        2.3999999999999773
      ],
      [
        -5.134721947833896,
        55.84839250892401,
        2.3999999999999773
      ],
      [
        -5.134737957268953,
        55.84840348921716,
        2.6000000000000227
      ],
      [
        -5.134754050523043,
        55.84841455332935,
        2.6000000000000227
      ],
      [
        -5.134770143777132,
        55.84842570126057,
        2.6000000000000227
      ],
      [
        -5.134786237031221,
        55.84843676537275,
        2.6000000000000227
      ],
      [
        -5.1348024141043425,
        55.84844791330397,
        2.6000000000000227
      ],
      [
        -5.134818758815527,
        55.84845897741616,
        2.6000000000000227
      ],
      [
        -5.1348351035267115,
        55.848470125347376,
        2.6000000000000227
      ],
      [
        -5.134851615875959,
        55.84848118945956,
        2.6000000000000227
      ],
      [
        -5.134868212044239,
        55.84849216975272,
        2.6000000000000227
      ],
      [
        -5.134884808212519,
        55.8485032338649,
        2.6000000000000227
      ],
      [
        -5.134901572018862,
        55.84851421415806,
        2.6000000000000227
      ],
      [
        -5.134918419644237,
        55.84852519445121,
        2.6000000000000227
      ],
      [
        -5.134935351088643,
        55.848536090925336,
        2.6000000000000227
      ],
      [
        -5.134952366352081,
        55.84854707121849,
        2.6000000000000227
      ],
      [
        -5.1349693816155195,
        55.848557967692614,
        2.6000000000000227
      ],
      [
        -5.1349864806979895,
        55.84856886416674,
        2.6000000000000227
      ],
      [
        -5.135003579780459,
        55.84857984445989,
        2.6000000000000227
      ],
      [
        -5.135020595043898,
        55.848590824753046,
        2.6000000000000227
      ],
      [
        -5.135037526488304,
        55.8486018050462,
        2.6000000000000227
      ],
      [
        -5.135054374113679,
        55.84861286915839,
        2.6000000000000227
      ],
      [
        -5.135070970281959,
        55.848623933270574,
        2.6000000000000227
      ],
      [
        -5.135087398812175,
        55.84863508120179,
        2.6000000000000227
      ],
      [
        -5.135103743523359,
        55.84864614531398,
        2.6000000000000227
      ],
      [
        -5.135119836777449,
        55.848657293245196,
        2.6000000000000227
      ],
      [
        -5.135135762393475,
        55.848668441176414,
        2.6000000000000227
      ],
      [
        -5.135151604190469,
        55.8486795052886,
        2.6000000000000227
      ],
      [
        -5.135167194530368,
        55.848690485581756,
        2.6000000000000227
      ],
      [
        -5.135182701051235,
        55.84870146587491,
        2.6000000000000227
      ],
      [
        -5.135197872295976,
        55.84871227853,
        2.6000000000000227
      ],
      [
        -5.135212875902653,
        55.84872300736606,
        2.6000000000000227
      ],
      [
        -5.135227711871266,
        55.84873373620212,
        2.6000000000000227
      ],
      [
        -5.135242212563753,
        55.84874429740012,
        2.6000000000000227
      ],
      [
        -5.1352565456181765,
        55.84875477477908,
        2.6000000000000227
      ],
      [
        -5.135270711034536,
        55.848765252158046,
        2.6000000000000227
      ],
      [
        -5.135284708812833,
        55.84877556189895,
        2.6000000000000227
      ],
      [
        -5.135298706591129,
        55.84878587163985,
        2.6000000000000227
      ],
      [
        -5.135312872007489,
        55.848796013742685,
        2.6000000000000227
      ],
      [
        -5.135327288880944,
        55.84880598820746,
        2.6000000000000227
      ],
      [
        -5.135342124849558,
        55.84881579503417,
        2.6000000000000227
      ],
      [
        -5.135357463732362,
        55.84882543422282,
        2.6000000000000227
      ],
      [
        -5.135373221710324,
        55.8488349057734,
        2.6000000000000227
      ],
      [
        -5.135389566421509,
        55.84884412586689,
        2.6000000000000227
      ],
      [
        -5.135406414046884,
        55.848853178322315,
        2.3999999999999773
      ],
      [
        -5.13542384840548,
        55.84886206313968,
        2.3999999999999773
      ],
      [
        -5.1354417856782675,
        55.84887086413801,
        2.3999999999999773
      ],
      [
        -5.135460309684277,
        55.848879497498274,
        2.3999999999999773
      ],
      [
        -5.1354791689664125,
        55.84888796322048,
        2.3999999999999773
      ],
      [
        -5.135498531162739,
        55.84889642894268,
        2.3999999999999773
      ],
      [
        -5.135518312454224,
        55.84890481084585,
        2.3999999999999773
      ],
      [
        -5.135538429021835,
        55.84891310892999,
        2.3999999999999773
      ],
      [
        -5.135558964684606,
        55.84892140701413,
        2.3999999999999773
      ],
      [
        -5.135579835623503,
        55.84892962127924,
        2.3999999999999773
      ],
      [
        -5.135601041838527,
        55.84893783554435,
        2.3999999999999773
      ],
      [
        -5.135622499510646,
        55.848946049809456,
        2.3999999999999773
      ],
      [
        -5.135644376277924,
        55.84895418025553,
        2.3999999999999773
      ],
      [
        -5.135666420683265,
        55.84896239452064,
        2.3999999999999773
      ],
      [
        -5.135688716545701,
        55.84897060878575,
        2.3999999999999773
      ],
      [
        -5.1357112638652325,
        55.84897890686989,
        2.3999999999999773
      ],
      [
        -5.135733811184764,
        55.84898720495403,
        2.3999999999999773
      ],
      [
        -5.135756442323327,
        55.84899550303817,
        2.6000000000000227
      ],
      [
        -5.1357789896428585,
        55.84900396876037,
        2.6000000000000227
      ],
      [
        -5.1358013693243265,
        55.849012434482574,
        2.6000000000000227
      ],
      [
        -5.135823497548699,
        55.84902106784284,
        2.6000000000000227
      ],
      [
        -5.135845290496945,
        55.84902978502214,
        2.6000000000000227
      ],
      [
        -5.135866580531001,
        55.8490386698395,
        2.6000000000000227
      ],
      [
        -5.1358873676508665,
        55.84904780611396,
        2.6000000000000227
      ],
      [
        -5.13590756803751,
        55.84905702620745,
        2.6000000000000227
      ],
      [
        -5.1359270978719,
        55.84906658157706,
        2.6000000000000227
      ],
      [
        -5.135945957154036,
        55.84907622076571,
        2.6000000000000227
      ],
      [
        -5.135964062064886,
        55.84908611141145,
        2.6000000000000227
      ],
      [
        -5.135981580242515,
        55.84909625351429,
        2.6000000000000227
      ],
      [
        -5.135998344048858,
        55.84910647943616,
        2.6000000000000227
      ],
      [
        -5.136014521121979,
        55.84911687299609,
        2.6000000000000227
      ],
      [
        -5.136029943823814,
        55.84912743419409,
        2.6000000000000227
      ],
      [
        -5.13604486361146,
        55.84913816303015,
        2.6000000000000227
      ],
      [
        -5.136059112846851,
        55.84914897568524,
        2.6000000000000227
      ],
      [
        -5.136072859168053,
        55.84915987215936,
        2.6000000000000227
      ],
      [
        -5.136086186394095,
        55.84917085245252,
        2.6000000000000227
      ],
      [
        -5.136099262163043,
        55.8491819165647,
        2.6000000000000227
      ],
      [
        -5.136112254112959,
        55.84919289685786,
        2.3999999999999773
      ],
      [
        -5.136125162243843,
        55.84920379333198,
        2.3999999999999773
      ],
      [
        -5.136138321831822,
        55.84921460598707,
        2.3999999999999773
      ],
      [
        -5.136151649057865,
        55.84922516718507,
        2.3999999999999773
      ],
      [
        -5.1361653953790665,
        55.849235560745,
        2.3999999999999773
      ],
      [
        -5.136179476976395,
        55.84924578666687,
        2.3999999999999773
      ],
      [
        -5.136193977668881,
        55.84925567731261,
        2.3999999999999773
      ],
      [
        -5.136208897456527,
        55.84926531650126,
        2.3999999999999773
      ],
      [
        -5.136224152520299,
        55.84927470423281,
        2.3999999999999773
      ],
      [
        -5.136239659041166,
        55.84928384050727,
        2.3999999999999773
      ],
      [
        -5.1362555008381605,
        55.84929280914366,
        2.3999999999999773
      ],
      [
        -5.136271677911282,
        55.84930144250393,
        2.3999999999999773
      ],
      [
        -5.136288106441498,
        55.8493098244071,
        2.3999999999999773
      ],
      [
        -5.1363047026097775,
        55.84931803867221,
        2.6000000000000227
      ],
      [
        -5.136321550235152,
        55.84932608529925,
        2.6000000000000227
      ],
      [
        -5.1363385654985905,
        55.849333964288235,
        2.6000000000000227
      ],
      [
        -5.136355832219124,
        55.84934167563915,
        2.6000000000000227
      ],
      [
        -5.136373182758689,
        55.84934930317104,
        2.6000000000000227
      ],
      [
        -5.136390617117286,
        55.84935684688389,
        2.6000000000000227
      ],
      [
        -5.136408302932978,
        55.849364306777716,
        2.6000000000000227
      ],
      [
        -5.136426072567701,
        55.84937185049057,
        2.6000000000000227
      ],
      [
        -5.136444009840488,
        55.84937931038439,
        2.6000000000000227
      ],
      [
        -5.1364619471132755,
        55.84938685409725,
        2.8000000000000114
      ],
      [
        -5.136479884386063,
        55.84939448162913,
        2.8000000000000114
      ],
      [
        -5.136497737839818,
        55.84940227679908,
        2.8000000000000114
      ],
      [
        -5.136515339836478,
        55.84941007196903,
        2.8000000000000114
      ],
      [
        -5.136532606557012,
        55.849418034777045,
        2.8000000000000114
      ],
      [
        -5.136549538001418,
        55.84942616522312,
        2.8000000000000114
      ],
      [
        -5.136565966531634,
        55.8494342956692,
        2.8000000000000114
      ],
      [
        -5.136581975966692,
        55.84944259375334,
        2.8000000000000114
      ],
      [
        -5.136597482487559,
        55.84945097565651,
        2.8000000000000114
      ],
      [
        -5.136612486094236,
        55.84945935755968,
        2.8000000000000114
      ],
      [
        -5.136627070605755,
        55.84946773946285,
        2.6000000000000227
      ],
      [
        -5.1366413198411465,
        55.849476121366024,
        2.6000000000000227
      ],
      [
        -5.136655066162348,
        55.849484419450164,
        2.6000000000000227
      ],
      [
        -5.136668644845486,
        55.84949263371527,
        2.6000000000000227
      ],
      [
        -5.136681888252497,
        55.849500596523285,
        2.6000000000000227
      ],
      [
        -5.136694880202413,
        55.8495083078742,
        2.3999999999999773
      ],
      [
        -5.136707704514265,
        55.849515767768025,
        2.3999999999999773
      ],
      [
        -5.136720445007086,
        55.84952289238572,
        2.3999999999999773
      ],
      [
        -5.136733101680875,
        55.84952968172729,
        2.3999999999999773
      ],
      [
        -5.136745674535632,
        55.84953613579273,
        2.3999999999999773
      ],
      [
        -5.136758331209421,
        55.84954225458205,
        2.3999999999999773
      ],
      [
        -5.136771071702242,
        55.849547954276204,
        2.1999999999999886
      ],
      [
        -5.136784063652158,
        55.849553402513266,
        2.1999999999999886
      ],
      [
        -5.1367973908782005,
        55.8495585154742,
        2.1999999999999886
      ],
      [
        -5.136811137199402,
        55.84956346079707,
        2.1999999999999886
      ],
      [
        -5.136825470253825,
        55.84956815466285,
        2.1999999999999886
      ],
      [
        -5.136840222403407,
        55.84957259707153,
        2.1999999999999886
      ],
      [
        -5.136855645105243,
        55.84957695566118,
        2.1999999999999886
      ],
      [
        -5.136871486902237,
        55.849581230431795,
        2.1999999999999886
      ],
      [
        -5.136887831613421,
        55.84958542138338,
        2.1999999999999886
      ],
      [
        -5.136904679238796,
        55.84958961233497,
        2.1999999999999886
      ],
      [
        -5.136922029778361,
        55.849593887105584,
        2.1999999999999886
      ],
      [
        -5.136939799413085,
        55.84959824569523,
        2.1999999999999886
      ],
      [
        -5.136958071961999,
        55.849602771922946,
        2.3999999999999773
      ],
      [
        -5.136976595968008,
        55.84960738196969,
        2.3999999999999773
      ],
      [
        -5.136995371431112,
        55.84961232729256,
        2.3999999999999773
      ],
      [
        -5.137014230713248,
        55.84961752407253,
        2.3999999999999773
      ],
      [
        -5.137033173814416,
        55.84962297230959,
        2.3999999999999773
      ],
      [
        -5.13705194927752,
        55.84962875582278,
        2.3999999999999773
      ],
      [
        -5.137070557102561,
        55.84963487461209,
        2.3999999999999773
      ],
      [
        -5.137088997289538,
        55.84964141249657,
        2.3999999999999773
      ],
      [
        -5.137107018381357,
        55.849648201838136,
        2.3999999999999773
      ],
      [
        -5.137124704197049,
        55.84965541027486,
        2.3999999999999773
      ],
      [
        -5.137141887098551,
        55.84966303780675,
        2.3999999999999773
      ],
      [
        -5.137158734723926,
        55.84967100061476,
        2.3999999999999773
      ],
      [
        -5.13717507943511,
        55.84967921487987,
        2.3999999999999773
      ],
      [
        -5.1371911726891994,
        55.84968784824014,
        2.3999999999999773
      ],
      [
        -5.13720684684813,
        55.8496967330575,
        2.3999999999999773
      ],
      [
        -5.137222269549966,
        55.849705869331956,
        2.3999999999999773
      ],
      [
        -5.137237524613738,
        55.84971534088254,
        2.3999999999999773
      ],
      [
        -5.13725277967751,
        55.84972498007119,
        2.3999999999999773
      ],
      [
        -5.1372680347412825,
        55.8497347868979,
        2.3999999999999773
      ],
      [
        -5.137283373624086,
        55.84974476136267,
        2.3999999999999773
      ],
      [
        -5.137298963963985,
        55.84975481964648,
        2.3999999999999773
      ],
      [
        -5.13731480576098,
        55.84976487793028,
        2.3999999999999773
      ],
      [
        -5.137330899015069,
        55.84977502003312,
        2.3999999999999773
      ],
      [
        -5.137347411364317,
        55.84978507831693,
        2.3999999999999773
      ],
      [
        -5.1373643428087234,
        55.84979513660073,
        2.3999999999999773
      ],
      [
        -5.137381609529257,
        55.84980511106551,
        2.3999999999999773
      ],
      [
        -5.137399211525917,
        55.84981491789222,
        2.3999999999999773
      ],
      [
        -5.137417064979672,
        55.8498246408999,
        2.3999999999999773
      ],
      [
        -5.137435253709555,
        55.849834280088544,
        2.6000000000000227
      ],
      [
        -5.1374536100775,
        55.84984375163913,
        2.6000000000000227
      ],
      [
        -5.1374721340835094,
        55.84985305555165,
        2.6000000000000227
      ],
      [
        -5.13749074190855,
        55.84986227564514,
        2.6000000000000227
      ],
      [
        -5.137509349733591,
        55.849871411919594,
        2.6000000000000227
      ],
      [
        -5.137527957558632,
        55.84988038055599,
        2.6000000000000227
      ],
      [
        -5.137546481564641,
        55.84988934919238,
        2.6000000000000227
      ],
      [
        -5.137564837932587,
        55.84989815019071,
        2.8000000000000114
      ],
      [
        -5.137583110481501,
        55.84990695118904,
        2.8000000000000114
      ],
      [
        -5.137601215392351,
        55.84991558454931,
        2.8000000000000114
      ],
      [
        -5.137619152665138,
        55.84992413409054,
        2.8000000000000114
      ],
      [
        -5.137637089937925,
        55.849932599812746,
        2.8000000000000114
      ],
      [
        -5.137654943391681,
        55.849940814077854,
        3
      ],
      [
        -5.1376729644834995,
        55.84994877688587,
        3
      ],
      [
        -5.13769106939435,
        55.84995657205582,
        3
      ],
      [
        -5.137709425762296,
        55.84996403194964,
        3
      ],
      [
        -5.137727949768305,
        55.84997124038637,
        3
      ],
      [
        -5.1377468928694725,
        55.849978197366,
        3
      ],
      [
        -5.137766087427735,
        55.84998490288854,
        3.1999999999999886
      ],
      [
        -5.137785533443093,
        55.84999127313495,
        3.1999999999999886
      ],
      [
        -5.137805230915546,
        55.849997475743294,
        3.1999999999999886
      ],
      [
        -5.137825263664126,
        55.850003426894546,
        3.1999999999999886
      ],
      [
        -5.137845380231738,
        55.8500091265887,
        3.1999999999999886
      ],
      [
        -5.1378655806183815,
        55.850014658644795,
        3.1999999999999886
      ],
      [
        -5.1378856133669615,
        55.85002010688186,
        3.1999999999999886
      ],
      [
        -5.137905478477478,
        55.85002547129989,
        3.1999999999999886
      ],
      [
        -5.137924924492836,
        55.85003083571792,
        3.1999999999999886
      ],
      [
        -5.137943867594004,
        55.850036116316915,
        3.1999999999999886
      ],
      [
        -5.137962307780981,
        55.850041480734944,
        3.1999999999999886
      ],
      [
        -5.137980077415705,
        55.850046928972006,
        3.1999999999999886
      ],
      [
        -5.137997344136238,
        55.8500524610281,
        3.1999999999999886
      ],
      [
        -5.1380140241235495,
        55.85005799308419,
        3.1999999999999886
      ],
      [
        -5.138030117377639,
        55.85006369277835,
        3.1999999999999886
      ],
      [
        -5.138045707717538,
        55.850069392472506,
        3.1999999999999886
      ],
      [
        -5.138060711324215,
        55.850075259804726,
        3.3999999999999773
      ],
      [
        -5.138075295835733,
        55.85008121095598,
        3.3999999999999773
      ],
      [
        -5.138089545071125,
        55.85008724592626,
        3.3999999999999773
      ],
      [
        -5.138103375211358,
        55.850093364715576,
        3.3999999999999773
      ],
      [
        -5.138116953894496,
        55.85009956732392,
        3.3999999999999773
      ],
      [
        -5.138130281120539,
        55.85010593757033,
        3.3999999999999773
      ],
      [
        -5.13814352452755,
        55.850112307816744,
        3.3999999999999773
      ],
      [
        -5.138156684115529,
        55.850118678063154,
        3.3999999999999773
      ],
      [
        -5.13816992752254,
        55.850125132128596,
        3.3999999999999773
      ],
      [
        -5.138183170929551,
        55.85013158619404,
        3.1999999999999886
      ],
      [
        -5.138196414336562,
        55.85013804025948,
        3.1999999999999886
      ],
      [
        -5.138209825381637,
        55.850144578143954,
        3.1999999999999886
      ],
      [
        -5.138223236426711,
        55.85015111602843,
        3.1999999999999886
      ],
      [
        -5.138236815109849,
        55.85015757009387,
        3.1999999999999886
      ],
      [
        -5.138250477612019,
        55.850164107978344,
        3.1999999999999886
      ],
      [
        -5.13826422393322,
        55.850170562043786,
        3.1999999999999886
      ],
      [
        -5.138277970254421,
        55.850176932290196,
        3.1999999999999886
      ],
      [
        -5.138291716575623,
        55.85018330253661,
        3.1999999999999886
      ],
      [
        -5.138305462896824,
        55.850189505144954,
        3.1999999999999886
      ],
      [
        -5.1383191253989935,
        55.8501957077533,
        3.1999999999999886
      ],
      [
        -5.138332704082131,
        55.850201826542616,
        3.1999999999999886
      ],
      [
        -5.138346198946238,
        55.85020777769387,
        3.1999999999999886
      ],
      [
        -5.138359442353249,
        55.85021372884512,
        3.1999999999999886
      ],
      [
        -5.138372601941228,
        55.85021951235831,
        3.1999999999999886
      ],
      [
        -5.1383856777101755,
        55.850225212052464,
        3.1999999999999886
      ],
      [
        -5.13839858584106,
        55.85023074410856,
        3.1999999999999886
      ],
      [
        -5.138411577790976,
        55.85023619234562,
        3.1999999999999886
      ],
      [
        -5.13842448592186,
        55.85024155676365,
        3.1999999999999886
      ],
      [
        -5.138437561690807,
        55.85024683736265,
        3.1999999999999886
      ],
      [
        -5.138450637459755,
        55.85025203414261,
        3.1999999999999886
      ],
      [
        -5.138463964685798,
        55.850257063284516,
        3.1999999999999886
      ],
      [
        -5.138477459549904,
        55.85026209242642,
        3.1999999999999886
      ],
      [
        -5.1384911220520735,
        55.85026695393026,
        3.1999999999999886
      ],
      [
        -5.138505036011338,
        55.8502718154341,
        3.1999999999999886
      ],
      [
        -5.138519117608666,
        55.850276593118906,
        3.1999999999999886
      ],
      [
        -5.13853345066309,
        55.85028128698468,
        3.1999999999999886
      ],
      [
        -5.138547783717513,
        55.85028598085046,
        3.1999999999999886
      ],
      [
        -5.13856228441,
        55.850290674716234,
        3.1999999999999886
      ],
      [
        -5.138576701283455,
        55.85029536858201,
        3.1999999999999886
      ],
      [
        -5.1385909505188465,
        55.85030023008585,
        3.1999999999999886
      ],
      [
        -5.138605032116175,
        55.85030509158969,
        3.1999999999999886
      ],
      [
        -5.1386189460754395,
        55.85031012073159,
        3.1999999999999886
      ],
      [
        -5.138632524758577,
        55.85031523369253,
        3.3999999999999773
      ],
      [
        -5.13864585198462,
        55.85032043047249,
        3.3999999999999773
      ],
      [
        -5.138659095391631,
        55.85032579489052,
        3.3999999999999773
      ],
      [
        -5.138672087341547,
        55.850331243127584,
        3.3999999999999773
      ],
      [
        -5.138685079291463,
        55.85033677518368,
        3.3999999999999773
      ],
      [
        -5.138697987422347,
        55.85034230723977,
        3.3999999999999773
      ],
      [
        -5.138710895553231,
        55.850347923114896,
        3.3999999999999773
      ],
      [
        -5.138723971322179,
        55.85035353899002,
        3.3999999999999773
      ],
      [
        -5.13873721472919,
        55.850359071046114,
        3.3999999999999773
      ],
      [
        -5.138750709593296,
        55.85036460310221,
        3.3999999999999773
      ],
      [
        -5.138764455914497,
        55.8503701351583,
        3.3999999999999773
      ],
      [
        -5.138778537511826,
        55.85037558339536,
        3.3999999999999773
      ],
      [
        -5.138793038204312,
        55.85038094781339,
        3.3999999999999773
      ],
      [
        -5.138807874172926,
        55.85038622841239,
        3.6000000000000227
      ],
      [
        -5.138823045417666,
        55.850391341373324,
        3.6000000000000227
      ],
      [
        -5.138838551938534,
        55.85039645433426,
        3.6000000000000227
      ],
      [
        -5.138854309916496,
        55.8504013158381,
        3.6000000000000227
      ],
      [
        -5.138870235532522,
        55.85040617734194,
        3.6000000000000227
      ],
      [
        -5.138886412605643,
        55.850410955026746,
        3.8000000000000114
      ],
      [
        -5.138902757316828,
        55.85041564889252,
        3.8000000000000114
      ],
      [
        -5.138919185847044,
        55.850420258939266,
        3.8000000000000114
      ],
      [
        -5.138935782015324,
        55.85042486898601,
        3.8000000000000114
      ],
      [
        -5.138952629640698,
        55.85042956285179,
        3.8000000000000114
      ],
      [
        -5.138969477266073,
        55.85043417289853,
        3.8000000000000114
      ],
      [
        -5.1389864925295115,
        55.850438782945275,
        3.8000000000000114
      ],
      [
        -5.139003591611981,
        55.85044347681105,
        3.8000000000000114
      ],
      [
        -5.139020774513483,
        55.850448086857796,
        3.8000000000000114
      ],
      [
        -5.139037873595953,
        55.8504528645426,
        3.8000000000000114
      ],
      [
        -5.139054972678423,
        55.85045764222741,
        3.8000000000000114
      ],
      [
        -5.139072071760893,
        55.85046250373125,
        3.8000000000000114
      ],
      [
        -5.139089087024331,
        55.85046744905412,
        3.8000000000000114
      ],
      [
        -5.139105934649706,
        55.85047256201506,
        3.8000000000000114
      ],
      [
        -5.139122698456049,
        55.85047775879502,
        3.6000000000000227
      ],
      [
        -5.139139210805297,
        55.85048303939402,
        3.6000000000000227
      ],
      [
        -5.139155639335513,
        55.85048840381205,
        3.6000000000000227
      ],
      [
        -5.139171984046698,
        55.850493935868144,
        3.6000000000000227
      ],
      [
        -5.13918824493885,
        55.85049946792424,
        3.6000000000000227
      ],
      [
        -5.139204589650035,
        55.85050499998033,
        3.3999999999999773
      ],
      [
        -5.139221018180251,
        55.850510615855455,
        3.3999999999999773
      ],
      [
        -5.139237614348531,
        55.85051606409252,
        3.3999999999999773
      ],
      [
        -5.139254461973906,
        55.85052151232958,
        3.3999999999999773
      ],
      [
        -5.139271644875407,
        55.85052679292858,
        3.3999999999999773
      ],
      [
        -5.139289163053036,
        55.850532073527575,
        3.3999999999999773
      ],
      [
        -5.139306932687759,
        55.85053718648851,
        3.3999999999999773
      ],
      [
        -5.139324953779578,
        55.85054221563041,
        3.3999999999999773
      ],
      [
        -5.1393431425094604,
        55.85054707713425,
        3.3999999999999773
      ],
      [
        -5.139361498877406,
        55.85055185481906,
        3.3999999999999773
      ],
      [
        -5.13937977142632,
        55.850556548684835,
        3.3999999999999773
      ],
      [
        -5.139398043975234,
        55.85056107491255,
        3.3999999999999773
      ],
      [
        -5.139416148886085,
        55.850565349683166,
        3.3999999999999773
      ],
      [
        -5.139434086158872,
        55.85056954063475,
        3.3999999999999773
      ],
      [
        -5.139451771974564,
        55.85057348012924,
        3.3999999999999773
      ],
      [
        -5.139469290152192,
        55.85057725198567,
        3.3999999999999773
      ],
      [
        -5.139486640691757,
        55.850580772385,
        3.3999999999999773
      ],
      [
        -5.139503823593259,
        55.8505842089653,
        3.3999999999999773
      ],
      [
        -5.139521090313792,
        55.850587310269475,
        3.3999999999999773
      ],
      [
        -5.139538524672389,
        55.85059032775462,
        3.3999999999999773
      ],
      [
        -5.139556210488081,
        55.85059309378266,
        3.3999999999999773
      ],
      [
        -5.1395743153989315,
        55.85059577599168,
        3.3999999999999773
      ],
      [
        -5.139592923223972,
        55.85059837438166,
        3.3999999999999773
      ],
      [
        -5.139612117782235,
        55.85060088895261,
        3.3999999999999773
      ],
      [
        -5.139631982892752,
        55.850603403523564,
        3.3999999999999773
      ],
      [
        -5.1396523509174585,
        55.85060600191355,
        3.3999999999999773
      ],
      [
        -5.139673221856356,
        55.85060868412256,
        3.3999999999999773
      ],
      [
        -5.139694511890411,
        55.85061153396964,
        3.3999999999999773
      ],
      [
        -5.139716053381562,
        55.85061446763575,
        3.3999999999999773
      ],
      [
        -5.1397377625107765,
        55.850617568939924,
        3.3999999999999773
      ],
      [
        -5.139759220182896,
        55.85062092170119,
        3.3999999999999773
      ],
      [
        -5.139780510216951,
        55.85062452591956,
        3.3999999999999773
      ],
      [
        -5.139801297336817,
        55.850628381595016,
        3.3999999999999773
      ],
      [
        -5.13982149772346,
        55.8506325725466,
        3.3999999999999773
      ],
      [
        -5.13984102755785,
        55.850637098774314,
        3.3999999999999773
      ],
      [
        -5.139859803020954,
        55.85064179264009,
        3.3999999999999773
      ],
      [
        -5.139877740293741,
        55.85064673796296,
        3.3999999999999773
      ],
      [
        -5.139894839376211,
        55.85065193474293,
        3.1999999999999886
      ],
      [
        -5.139910848811269,
        55.85065729916096,
        3.1999999999999886
      ],
      [
        -5.139925852417946,
        55.85066283121705,
        3.1999999999999886
      ],
      [
        -5.1399395149201155,
        55.850668447092175,
        3.1999999999999886
      ],
      [
        -5.139951836317778,
        55.850674230605364,
        3.1999999999999886
      ],
      [
        -5.139962648972869,
        55.85068001411855,
        3
      ],
      [
        -5.139971952885389,
        55.85068579763174,
        3
      ],
      [
        -5.139979831874371,
        55.85069158114493,
        3
      ],
      [
        -5.139986202120781,
        55.850697280839086,
        3
      ],
      [
        -5.139991315081716,
        55.85070281289518,
        3
      ],
      [
        -5.13999542221427,
        55.85070826113224,
        3
      ],
      [
        -5.1399986911565065,
        55.85071354173124,
        3
      ],
      [
        -5.14000128954649,
        55.85071857087314,
        3
      ],
      [
        -5.140003385022283,
        55.85072334855795,
        3
      ],
      [
        -5.140005061402917,
        55.85072795860469,
        3
      ],
      [
        -5.140006234869361,
        55.85073223337531,
        3
      ],
      [
        -5.140007073059678,
        55.8507361728698,
        3
      ],
      [
        -5.140007408335805,
        55.85073994472623,
        3
      ],
      [
        -5.140007575973868,
        55.85074346512556,
        3
      ],
      [
        -5.140007408335805,
        55.8507467340678,
        3
      ],
      [
        -5.140007073059678,
        55.85074966773391,
        3
      ],
      [
        -5.140006737783551,
        55.85075234994292,
        3
      ],
      [
        -5.140006318688393,
        55.85075478069484,
        3
      ],
      [
        -5.140005899593234,
        55.8507567923516,
        3
      ],
      [
        -5.140005564317107,
        55.85075855255127,
        3
      ],
      [
        -5.14000522904098,
        55.85075997747481,
        3
      ],
      [
        -5.140004977583885,
        55.85076115094125,
        3.1999999999999886
      ],
      [
        -5.1400048937648535,
        55.85076215676963,
        3.1999999999999886
      ],
      [
        -5.1400048937648535,
        55.85076299495995,
        3.1999999999999886
      ],
      [
        -5.140004977583885,
        55.850763665512204,
        3.1999999999999886
      ],
      [
        -5.14000522904098,
        55.850764252245426,
        3.1999999999999886
      ],
      [
        -5.140005648136139,
        55.85076475515962,
        3.1999999999999886
      ],
      [
        -5.140006234869361,
        55.85076534189284,
        3.1999999999999886
      ],
      [
        -5.140006905421615,
        55.85076592862606,
        3.1999999999999886
      ],
      [
        -5.1400078274309635,
        55.85076651535928,
        3.1999999999999886
      ],
      [
        -5.140008917078376,
        55.850767102092505,
        3.1999999999999886
      ],
      [
        -5.140010258182883,
        55.85076768882573,
        3.1999999999999886
      ],
      [
        -5.140011766925454,
        55.85076827555895,
        3.1999999999999886
      ],
      [
        -5.14001352712512,
        55.85076877847314,
        3.1999999999999886
      ],
      [
        -5.140015538781881,
        55.85076928138733,
        3.1999999999999886
      ],
      [
        -5.140017801895738,
        55.85076978430152,
        3.1999999999999886
      ],
      [
        -5.140020148828626,
        55.85077020339668,
        3.1999999999999886
      ],
      [
        -5.140022663399577,
        55.85077062249184,
        3
      ],
      [
        -5.14002526178956,
        55.85077095776796,
        3
      ],
      [
        -5.140027943998575,
        55.85077120922506,
        3
      ],
      [
        -5.140030458569527,
        55.850771460682154,
        3
      ],
      [
        -5.140032973140478,
        55.850771544501185,
        3
      ],
      [
        -5.140035320073366,
        55.850771544501185,
        3.1999999999999886
      ],
      [
        -5.140037499368191,
        55.850771460682154,
        3.1999999999999886
      ],
      [
        -5.14003942720592,
        55.85077120922506,
        3.1999999999999886
      ],
      [
        -5.140041187405586,
        55.85077095776796,
        3.1999999999999886
      ],
      [
        -5.140042612329125,
        55.850770538672805,
        3.1999999999999886
      ],
      [
        -5.140043869614601,
        55.85077020339668,
        3.1999999999999886
      ],
      [
        -5.140044875442982,
        55.85076978430152,
        3.1999999999999886
      ],
      [
        -5.140045797452331,
        55.85076936520636,
        3.1999999999999886
      ],
      [
        -5.140046635642648,
        55.850769113749266,
        3.1999999999999886
      ],
      [
        -5.140047473832965,
        55.85076886229217,
        3.1999999999999886
      ],
      [
        -5.140048395842314,
        55.85076877847314,
        3.1999999999999886
      ],
      [
        -5.140049401670694,
        55.85076877847314,
        3.1999999999999886
      ],
      [
        -5.14005065895617,
        55.850769029930234,
        3.1999999999999886
      ],
      [
        -5.140052167698741,
        55.85076944902539,
        3.1999999999999886
      ],
      [
        -5.140053844079375,
        55.850770119577646,
        3.1999999999999886
      ],
      [
        -5.140055939555168,
        55.85077112540603,
        3.1999999999999886
      ],
      [
        -5.1400582026690245,
        55.8507723826915,
        3.1999999999999886
      ],
      [
        -5.140060801059008,
        55.850773975253105,
        3.1999999999999886
      ],
      [
        -5.140063650906086,
        55.850775903090835,
        3.1999999999999886
      ],
      [
        -5.140066752210259,
        55.85077825002372,
        3.1999999999999886
      ],
      [
        -5.140070104971528,
        55.85078093223274,
        3.1999999999999886
      ],
      [
        -5.14007362537086,
        55.85078394971788,
        3.1999999999999886
      ],
      [
        -5.140074044466019,
        55.85079115815461,
        3.1999999999999886
      ],
      [
        -5.140073373913765,
        55.85080046206713,
        3.3999999999999773
      ],
      [
        -5.140071948990226,
        55.85081001743674,
        3.3999999999999773
      ],
      [
        -5.140069769695401,
        55.85081999190152,
        3.3999999999999773
      ],
      [
        -5.140066668391228,
        55.850830217823386,
        3.3999999999999773
      ],
      [
        -5.140062728896737,
        55.85084069520235,
        3.3999999999999773
      ],
      [
        -5.140057951211929,
        55.85085150785744,
        3.6000000000000227
      ],
      [
        -5.1400525867938995,
        55.85086257196963,
        3.6000000000000227
      ],
      [
        -5.140046635642648,
        55.85087388753891,
        3.6000000000000227
      ],
      [
        -5.140040265396237,
        55.85088528692722,
        3.6000000000000227
      ],
      [
        -5.1400335598737,
        55.8508968539536,
        3.6000000000000227
      ],
      [
        -5.1400266867130995,
        55.85090842097998,
        3.6000000000000227
      ],
      [
        -5.140019645914435,
        55.85091990418732,
        3.6000000000000227
      ],
      [
        -5.14001252129674,
        55.850931303575635,
        3.6000000000000227
      ],
      [
        -5.140005564317107,
        55.85094245150685,
        3.6000000000000227
      ],
      [
        -5.139998774975538,
        55.850953347980976,
        3.6000000000000227
      ],
      [
        -5.13999248854816,
        55.85096382535994,
        3.8000000000000114
      ],
      [
        -5.139986705034971,
        55.85097396746278,
        3.8000000000000114
      ],
      [
        -5.139981675893068,
        55.850983606651425,
        3.8000000000000114
      ],
      [
        -5.139977652579546,
        55.85099257528782,
        3.8000000000000114
      ],
      [
        -5.139974635094404,
        55.85100095719099,
        3.8000000000000114
      ],
      [
        -5.1399727910757065,
        55.85100866854191,
        3.8000000000000114
      ],
      [
        -5.139972120523453,
        55.85101562552154,
        3.8000000000000114
      ],
      [
        -5.139972707256675,
        55.85102182812989,
        3.8000000000000114
      ],
      [
        -5.139974383637309,
        55.85102727636695,
        4
      ],
      [
        -5.139976982027292,
        55.851031970232725,
        4
      ],
      [
        -5.139980334788561,
        55.85103599354625,
        4
      ],
      [
        -5.1399842742830515,
        55.85103943012655,
        4
      ],
      [
        -5.139988632872701,
        55.85104236379266,
        4
      ],
      [
        -5.139993326738477,
        55.851044710725546,
        4
      ],
      [
        -5.139998188242316,
        55.85104672238231,
        4
      ],
      [
        -5.1400031335651875,
        55.85104839876294,
        4
      ],
      [
        -5.140007995069027,
        55.85104982368648,
        4
      ],
      [
        -5.140012856572866,
        55.85105116479099,
        4
      ],
      [
        -5.140017634257674,
        55.851052505895495,
        4
      ],
      [
        -5.14002232812345,
        55.851053930819035,
        4
      ],
      [
        -5.140026770532131,
        55.851055439561605,
        4.199999999999989
      ],
      [
        -5.140030961483717,
        55.85105719976127,
        4.199999999999989
      ],
      [
        -5.140034984797239,
        55.85105904377997,
        4.199999999999989
      ],
      [
        -5.140038840472698,
        55.85106113925576,
        4.199999999999989
      ],
      [
        -5.140042528510094,
        55.85106340236962,
        4.199999999999989
      ],
      [
        -5.140046048909426,
        55.851065749302506,
        4.199999999999989
      ],
      [
        -5.140049401670694,
        55.851068180054426,
        4.199999999999989
      ],
      [
        -5.140052754431963,
        55.85107069462538,
        4.199999999999989
      ],
      [
        -5.1400560233742,
        55.8510731253773,
        4.199999999999989
      ],
      [
        -5.1400594599545,
        55.85107563994825,
        4.399999999999977
      ],
      [
        -5.1400628965348005,
        55.85107807070017,
        4.399999999999977
      ],
      [
        -5.140066500753164,
        55.85108041763306,
        4.399999999999977
      ],
      [
        -5.140070356428623,
        55.851082764565945,
        4.399999999999977
      ],
      [
        -5.1400743797421455,
        55.85108494386077,
        4.399999999999977
      ],
      [
        -5.140078654512763,
        55.851087123155594,
        4.399999999999977
      ],
      [
        -5.140083264559507,
        55.85108921863139,
        4.399999999999977
      ],
      [
        -5.140088126063347,
        55.851091146469116,
        4.399999999999977
      ],
      [
        -5.140093322843313,
        55.851092990487814,
        4.399999999999977
      ],
      [
        -5.140098771080375,
        55.85109458304942,
        4.600000000000023
      ],
      [
        -5.140104554593563,
        55.85109609179199,
        4.600000000000023
      ],
      [
        -5.140110673382878,
        55.85109734907746,
        4.600000000000023
      ],
      [
        -5.140116959810257,
        55.851098438724875,
        4.600000000000023
      ],
      [
        -5.1401235815137625,
        55.851099360734224,
        4.600000000000023
      ],
      [
        -5.1401302870363,
        55.85110003128648,
        4.600000000000023
      ],
      [
        -5.140137076377869,
        55.85110053420067,
        4.399999999999977
      ],
      [
        -5.140143865719438,
        55.85110095329583,
        4.399999999999977
      ],
      [
        -5.1401506550610065,
        55.851101288571954,
        4.399999999999977
      ],
      [
        -5.140157276764512,
        55.85110162384808,
        4.399999999999977
      ],
      [
        -5.140163647010922,
        55.85110195912421,
        4.399999999999977
      ],
      [
        -5.140169765800238,
        55.851102378219366,
        4.399999999999977
      ],
      [
        -5.140175465494394,
        55.85110296495259,
        4.399999999999977
      ],
      [
        -5.140180746093392,
        55.85110363550484,
        4.399999999999977
      ],
      [
        -5.140185439959168,
        55.85110438987613,
        4.399999999999977
      ],
      [
        -5.1401895470917225,
        55.851105311885476,
        4.399999999999977
      ],
      [
        -5.1401930674910545,
        55.85110631771386,
        4.399999999999977
      ],
      [
        -5.140195917338133,
        55.85110740736127,
        4.399999999999977
      ],
      [
        -5.1401980966329575,
        55.85110849700868,
        4.399999999999977
      ],
      [
        -5.14019968919456,
        55.851109670475125,
        4.399999999999977
      ],
      [
        -5.140200695022941,
        55.85111084394157,
        4.399999999999977
      ],
      [
        -5.140201365575194,
        55.85111201740801,
        4.399999999999977
      ],
      [
        -5.140201700851321,
        55.851113107055426,
        4.399999999999977
      ],
      [
        -5.140201868489385,
        55.85111428052187,
        4.399999999999977
      ],
      [
        -5.140201952308416,
        55.851115453988314,
        4.399999999999977
      ],
      [
        -5.1402022037655115,
        55.85111662745476,
        4.399999999999977
      ],
      [
        -5.140202539041638,
        55.85111788474023,
        4.399999999999977
      ],
      [
        -5.140203041955829,
        55.85111914202571,
        4.399999999999977
      ],
      [
        -5.140203712508082,
        55.85112056694925,
        4.399999999999977
      ],
      [
        -5.1402045506983995,
        55.85112199187279,
        4.399999999999977
      ],
      [
        -5.140205472707748,
        55.85112341679633,
        4.399999999999977
      ],
      [
        -5.140206478536129,
        55.8511249255389,
        4.399999999999977
      ],
      [
        -5.140207652002573,
        55.85112643428147,
        4.399999999999977
      ],
      [
        -5.140208825469017,
        55.85112785920501,
        4.399999999999977
      ],
      [
        -5.140210082754493,
        55.85112928412855,
        4.399999999999977
      ],
      [
        -5.140211423859,
        55.851130625233054,
        4.399999999999977
      ],
      [
        -5.140212848782539,
        55.85113188251853,
        4.399999999999977
      ],
      [
        -5.14021435752511,
        55.85113297216594,
        4.399999999999977
      ],
      [
        -5.140215950086713,
        55.85113397799432,
        4.399999999999977
      ],
      [
        -5.140217542648315,
        55.8511349838227,
        4.399999999999977
      ],
      [
        -5.140219051390886,
        55.85113582201302,
        4.399999999999977
      ],
      [
        -5.140220560133457,
        55.851136576384306,
        4.399999999999977
      ],
      [
        -5.140221985056996,
        55.85113716311753,
        4.399999999999977
      ],
      [
        -5.140223242342472,
        55.85113766603172,
        4.399999999999977
      ],
      [
        -5.140224248170853,
        55.85113808512688,
        4.399999999999977
      ],
      [
        -5.140225002542138,
        55.851138420403004,
        4.399999999999977
      ],
      [
        -5.140225505456328,
        55.85113858804107,
        4.399999999999977
      ],
      [
        -5.14022558927536,
        55.8511386718601,
        4.399999999999977
      ],
      [
        -5.1402251701802015,
        55.85113858804107,
        4.399999999999977
      ],
      [
        -5.140224331989884,
        55.85113833658397,
        4.399999999999977
      ],
      [
        -5.140222990885377,
        55.85113791748881,
        4.399999999999977
      ],
      [
        -5.1402210630476475,
        55.85113733075559,
        4.399999999999977
      ],
      [
        -5.140218464657664,
        55.851136492565274,
        4.399999999999977
      ],
      [
        -5.139947477728128,
        55.85106055252254,
        4.199999999999989
      ],
      [
        -5.1400805823504925,
        55.85083348676562,
        3.1999999999999886
      ],
      [
        -5.1400823425501585,
        55.85082544013858,
        3.1999999999999886
      ],
      [
        -5.1400835160166025,
        55.85081714205444,
        3.1999999999999886
      ],
      [
        -5.140083767473698,
        55.85081420838833,
        3.1999999999999886
      ],
      [
        -5.140084186568856,
        55.850808676332235,
        3.1999999999999886
      ],
      [
        -5.140084438025951,
        55.850805239751935,
        3.1999999999999886
      ],
      [
        -5.140084605664015,
        55.850800126791,
        3
      ],
      [
        -5.1400846894830465,
        55.85079610347748,
        3
      ],
      [
        -5.140084773302078,
        55.8507914096117,
        3
      ],
      [
        -5.14008435420692,
        55.85078244097531,
        3
      ],
      [
        -5.1400835160166025,
        55.85077322088182,
        3
      ],
      [
        -5.140082007274032,
        55.85076349787414,
        3
      ],
      [
        -5.1400799956172705,
        55.85075327195227,
        3
      ],
      [
        -5.140077481046319,
        55.85074287839234,
        3
      ],
      [
        -5.140073876827955,
        55.850729551166296,
        3
      ],
      [
        -5.1400714460760355,
        55.85072150453925,
        3
      ],
      [
        -5.140068093314767,
        55.85071069188416,
        3
      ],
      [
        -5.140064740553498,
        55.85069987922907,
        3
      ],
      [
        -5.140061220154166,
        55.85068915039301,
        3
      ],
      [
        -5.140057867392898,
        55.85067858919501,
        3
      ],
      [
        -5.140054766088724,
        55.85066827945411,
        3
      ],
      [
        -5.140051916241646,
        55.850658221170306,
        3
      ],
      [
        -5.140049485489726,
        55.85064866580069,
        2.8000000000000114
      ],
      [
        -5.140047557651997,
        55.850639529526234,
        2.8000000000000114
      ],
      [
        -5.140046216547489,
        55.85063106380403,
        2.8000000000000114
      ],
      [
        -5.140045378357172,
        55.85062318481505,
        2.8000000000000114
      ],
      [
        -5.140044959262013,
        55.85061597637832,
        2.8000000000000114
      ],
      [
        -5.140045043081045,
        55.85060952231288,
        2.8000000000000114
      ],
      [
        -5.14004529453814,
        55.85060373879969,
        2.6000000000000227
      ],
      [
        -5.140045629814267,
        55.85059870965779,
        2.6000000000000227
      ],
      [
        -5.1400461327284575,
        55.85059435106814,
        2.6000000000000227
      ],
      [
        -5.140046551823616,
        55.85059049539268,
        2.6000000000000227
      ],
      [
        -5.140046887099743,
        55.85058722645044,
        2.3999999999999773
      ],
      [
        -5.140047054737806,
        55.8505844604224,
        2.3999999999999773
      ],
      [
        -5.140047054737806,
        55.85058202967048,
        2.3999999999999773
      ],
      [
        -5.140046803280711,
        55.850580018013716,
        2.3999999999999773
      ],
      [
        -5.140046384185553,
        55.85057825781405,
        2.3999999999999773
      ],
      [
        -5.140045797452331,
        55.85057674907148,
        2.1999999999999886
      ],
      [
        -5.140045126900077,
        55.850575491786,
        2.1999999999999886
      ],
      [
        -5.140044456347823,
        55.85057431831956,
        2.1999999999999886
      ],
      [
        -5.140043701976538,
        55.85057339631021,
        2.1999999999999886
      ],
      [
        -5.140043031424284,
        55.85057255811989,
        2.1999999999999886
      ],
      [
        -5.140042444691062,
        55.85057188756764,
        2.1999999999999886
      ],
      [
        -5.140041941776872,
        55.85057130083442,
        2.1999999999999886
      ],
      [
        -5.140041606500745,
        55.85057079792023,
        2.1999999999999886
      ],
      [
        -5.140041438862681,
        55.85057029500604,
        2.1999999999999886
      ],
      [
        -5.140041522681713,
        55.85056995972991,
        2.1999999999999886
      ],
      [
        -5.14004185795784,
        55.85056962445378,
        2.1999999999999886
      ],
      [
        -5.14004236087203,
        55.85056937299669,
        2.1999999999999886
      ],
      [
        -5.140043031424284,
        55.850569205358624,
        2.1999999999999886
      ],
      [
        -5.140043869614601,
        55.85056903772056,
        2.1999999999999886
      ],
      [
        -5.14004479162395,
        55.85056895390153,
        2.1999999999999886
      ],
      [
        -5.140045881271362,
        55.8505688700825,
        2.1999999999999886
      ],
      [
        -5.140047138556838,
        55.8505688700825,
        2.1999999999999886
      ],
      [
        -5.140048395842314,
        55.8505688700825,
        2.1999999999999886
      ],
      [
        -5.1400496531277895,
        55.850568786263466,
        2.1999999999999886
      ],
      [
        -5.140050910413265,
        55.850568702444434,
        2.1999999999999886
      ],
      [
        -5.140052167698741,
        55.85056853480637,
        2.1999999999999886
      ],
      [
        -5.140053341165185,
        55.85056836716831,
        2.1999999999999886
      ],
      [
        -5.140054346993566,
        55.85056811571121,
        2.1999999999999886
      ],
      [
        -5.140055185183883,
        55.850567780435085,
        2.1999999999999886
      ],
      [
        -5.140055771917105,
        55.850567277520895,
        2.1999999999999886
      ],
      [
        -5.140056191012263,
        55.85056669078767,
        2
      ],
      [
        -5.140056274831295,
        55.85056593641639,
        2
      ],
      [
        -5.140056191012263,
        55.85056509822607,
        2
      ],
      [
        -5.140055855736136,
        55.85056417621672,
        2
      ],
      [
        -5.140053005889058,
        55.85055738687515,
        1.8000000000000114
      ],
      [
        -5.140046384185553,
        55.85055126808584,
        1.8000000000000114
      ],
      [
        -5.140039091929793,
        55.85054498165846,
        1.6000000000000227
      ],
      [
        -5.140030961483717,
        55.85053827613592,
        1.6000000000000227
      ],
      [
        -5.140022076666355,
        55.85053140297532,
        1.6000000000000227
      ],
      [
        -5.140012437477708,
        55.85052419453859,
        1.6000000000000227
      ],
      [
        -5.140001876279712,
        55.8505168184638,
        1.3999999999999773
      ],
      [
        -5.139990476891398,
        55.85050927475095,
        1.3999999999999773
      ],
      [
        -5.1399783231318,
        55.85050164721906,
        1.3999999999999773
      ],
      [
        -5.139965498819947,
        55.850493935868144,
        1.3999999999999773
      ],
      [
        -5.139951920136809,
        55.850486224517226,
        1.6000000000000227
      ],
      [
        -5.1399377547204494,
        55.85047851316631,
        1.6000000000000227
      ],
      [
        -5.1399230025708675,
        55.85047080181539,
        1.6000000000000227
      ],
      [
        -5.139907747507095,
        55.85046309046447,
        1.6000000000000227
      ],
      [
        -5.139891989529133,
        55.85045546293259,
        1.6000000000000227
      ],
      [
        -5.13987572863698,
        55.85044775158167,
        1.8000000000000114
      ],
      [
        -5.139859048649669,
        55.85044012404978,
        1.8000000000000114
      ],
      [
        -5.1398420333862305,
        55.85043258033693,
        2
      ],
      [
        -5.139824682846665,
        55.85042495280504,
        2
      ],
      [
        -5.139806997030973,
        55.85041740909219,
        2.1999999999999886
      ],
      [
        -5.139789059758186,
        55.8504097815603,
        2.1999999999999886
      ],
      [
        -5.139770954847336,
        55.850402154028416,
        2.1999999999999886
      ],
      [
        -5.139752682298422,
        55.85039452649653,
        2.3999999999999773
      ],
      [
        -5.139734325930476,
        55.85038689896464,
        2.3999999999999773
      ],
      [
        -5.139715801924467,
        55.850379187613726,
        2.6000000000000227
      ],
      [
        -5.139697277918458,
        55.850371392443776,
        2.6000000000000227
      ],
      [
        -5.1396785862743855,
        55.85036368109286,
        2.8000000000000114
      ],
      [
        -5.1396597269922495,
        55.85035596974194,
        2.8000000000000114
      ],
      [
        -5.139640616253018,
        55.850348342210054,
        2.8000000000000114
      ],
      [
        -5.139621337875724,
        55.85034071467817,
        2.8000000000000114
      ],
      [
        -5.139601808041334,
        55.850333170965314,
        2.8000000000000114
      ],
      [
        -5.139582026749849,
        55.85032571107149,
        2.8000000000000114
      ],
      [
        -5.139562077820301,
        55.85031825117767,
        2.8000000000000114
      ],
      [
        -5.139542045071721,
        55.85031087510288,
        2.8000000000000114
      ],
      [
        -5.139521928504109,
        55.85030358284712,
        2.6000000000000227
      ],
      [
        -5.139501895755529,
        55.85029637441039,
        2.6000000000000227
      ],
      [
        -5.139481946825981,
        55.85028916597366,
        2.3999999999999773
      ],
      [
        -5.139462081715465,
        55.85028204135597,
        2.3999999999999773
      ],
      [
        -5.139442468062043,
        55.8502750005573,
        2.1999999999999886
      ],
      [
        -5.139423105865717,
        55.85026795975864,
        2.1999999999999886
      ],
      [
        -5.139403995126486,
        55.85026100277901,
        2
      ],
      [
        -5.139385052025318,
        55.850254129618406,
        2
      ],
      [
        -5.139366444200277,
        55.85024734027684,
        1.8000000000000114
      ],
      [
        -5.1393480040133,
        55.85024055093527,
        1.8000000000000114
      ],
      [
        -5.139329731464386,
        55.85023384541273,
        1.8000000000000114
      ],
      [
        -5.139311542734504,
        55.850227139890194,
        1.8000000000000114
      ],
      [
        -5.139293521642685,
        55.85022043436766,
        1.8000000000000114
      ],
      [
        -5.139275584369898,
        55.85021372884512,
        1.8000000000000114
      ],
      [
        -5.139257647097111,
        55.85020702332258,
        1.8000000000000114
      ],
      [
        -5.139239626005292,
        55.850200317800045,
        1.8000000000000114
      ],
      [
        -5.139221604913473,
        55.85019361227751,
        1.8000000000000114
      ],
      [
        -5.139203500002623,
        55.85018682293594,
        1.8000000000000114
      ],
      [
        -5.13918531127274,
        55.85018003359437,
        1.8000000000000114
      ],
      [
        -5.139166954904795,
        55.85017316043377,
        1.8000000000000114
      ],
      [
        -5.139148514717817,
        55.850166119635105,
        1.8000000000000114
      ],
      [
        -5.139129823073745,
        55.85015899501741,
        2
      ],
      [
        -5.139110963791609,
        55.85015170276165,
        2
      ],
      [
        -5.139091853052378,
        55.85014424286783,
        2
      ],
      [
        -5.1390724908560514,
        55.85013669915497,
        2
      ],
      [
        -5.139052793383598,
        55.85012907162309,
        2
      ],
      [
        -5.139032760635018,
        55.85012136027217,
        1.8000000000000114
      ],
      [
        -5.139012476429343,
        55.85011348128319,
        1.8000000000000114
      ],
      [
        -5.138991940766573,
        55.85010568611324,
        1.8000000000000114
      ],
      [
        -5.1389711536467075,
        55.85009780712426,
        1.8000000000000114
      ],
      [
        -5.13895028270781,
        55.850089928135276,
        1.8000000000000114
      ],
      [
        -5.13892924413085,
        55.850082132965326,
        1.8000000000000114
      ],
      [
        -5.138908289372921,
        55.85007450543344,
        1.8000000000000114
      ],
      [
        -5.138887334614992,
        55.850066961720586,
        1.8000000000000114
      ],
      [
        -5.138866631314158,
        55.850059585645795,
        1.8000000000000114
      ],
      [
        -5.1388460118323565,
        55.85005237720907,
        1.6000000000000227
      ],
      [
        -5.138825811445713,
        55.8500453364104,
        1.6000000000000227
      ],
      [
        -5.138805778697133,
        55.85003837943077,
        1.6000000000000227
      ],
      [
        -5.138786165043712,
        55.850031673908234,
        1.6000000000000227
      ],
      [
        -5.138766886666417,
        55.850024968385696,
        1.6000000000000227
      ],
      [
        -5.138747859746218,
        55.85001834668219,
        1.6000000000000227
      ],
      [
        -5.1387290842831135,
        55.850011724978685,
        1.6000000000000227
      ],
      [
        -5.138710560277104,
        55.85000518709421,
        1.6000000000000227
      ],
      [
        -5.138691952452064,
        55.849998565390706,
        1.6000000000000227
      ],
      [
        -5.138673344627023,
        55.8499919436872,
        1.6000000000000227
      ],
      [
        -5.1386545691639185,
        55.849985321983695,
        1.6000000000000227
      ],
      [
        -5.138635542243719,
        55.84997861646116,
        1.6000000000000227
      ],
      [
        -5.138616096228361,
        55.84997199475765,
        1.6000000000000227
      ],
      [
        -5.138596398755908,
        55.849965289235115,
        1.6000000000000227
      ],
      [
        -5.138576282188296,
        55.849958499893546,
        1.6000000000000227
      ],
      [
        -5.1385559141635895,
        55.84995171055198,
        1.6000000000000227
      ],
      [
        -5.1385352946817875,
        55.84994483739138,
        1.6000000000000227
      ],
      [
        -5.138514591380954,
        55.849937964230776,
        1.6000000000000227
      ],
      [
        -5.138493804261088,
        55.84993092343211,
        1.6000000000000227
      ],
      [
        -5.138473100960255,
        55.849923798814416,
        1.6000000000000227
      ],
      [
        -5.138452565297484,
        55.84991659037769,
        1.6000000000000227
      ],
      [
        -5.138432197272778,
        55.84990929812193,
        1.6000000000000227
      ],
      [
        -5.138412164524198,
        55.84990200586617,
        1.6000000000000227
      ],
      [
        -5.138392383232713,
        55.84989462979138,
        1.8000000000000114
      ],
      [
        -5.138372937217355,
        55.84988733753562,
        1.8000000000000114
      ],
      [
        -5.13835365884006,
        55.84988012909889,
        1.8000000000000114
      ],
      [
        -5.138334548100829,
        55.849872920662165,
        1.8000000000000114
      ],
      [
        -5.138315353542566,
        55.8498658798635,
        1.8000000000000114
      ],
      [
        -5.13829599134624,
        55.84985909052193,
        1.8000000000000114
      ],
      [
        -5.138276210054755,
        55.849852468818426,
        2
      ],
      [
        -5.138256009668112,
        55.849846098572016,
        2
      ],
      [
        -5.138235138729215,
        55.8498399797827,
        2
      ],
      [
        -5.138213597238064,
        55.84983419626951,
        2
      ],
      [
        -5.138191385194659,
        55.84982874803245,
        2
      ],
      [
        -5.138168586418033,
        55.849823551252484,
        2
      ],
      [
        -5.138145200908184,
        55.849818689748645,
        2
      ],
      [
        -5.138121312484145,
        55.84981399588287,
        1.8000000000000114
      ],
      [
        -5.138097088783979,
        55.84980955347419,
        1.8000000000000114
      ],
      [
        -5.1380726136267185,
        55.84980519488454,
        1.8000000000000114
      ],
      [
        -5.138048138469458,
        55.84980100393295,
        1.8000000000000114
      ],
      [
        -5.138023663312197,
        55.8497968968004,
        1.8000000000000114
      ],
      [
        -5.1379992719739676,
        55.84979287348688,
        1.8000000000000114
      ],
      [
        -5.13797496445477,
        55.849788933992386,
        1.8000000000000114
      ],
      [
        -5.137950740754604,
        55.84978507831693,
        1.8000000000000114
      ],
      [
        -5.137926684692502,
        55.8497813064605,
        1.8000000000000114
      ],
      [
        -5.1379026286304,
        55.849777618423104,
        1.8000000000000114
      ],
      [
        -5.137878656387329,
        55.84977401420474,
        1.8000000000000114
      ],
      [
        -5.13785476796329,
        55.84977049380541,
        1.8000000000000114
      ],
      [
        -5.137830879539251,
        55.84976714104414,
        1.8000000000000114
      ],
      [
        -5.137807158753276,
        55.849763955920935,
        2
      ],
      [
        -5.1377834379673,
        55.84976077079773,
        2
      ],
      [
        -5.137760052457452,
        55.84975775331259,
        2
      ],
      [
        -5.137736918404698,
        55.849754735827446,
        2
      ],
      [
        -5.1377142034471035,
        55.84975163452327,
        2
      ],
      [
        -5.137691907584667,
        55.849748365581036,
        2
      ],
      [
        -5.137670198455453,
        55.84974501281977,
        2
      ],
      [
        -5.137649159878492,
        55.84974132478237,
        2
      ],
      [
        -5.137628875672817,
        55.84973738528788,
        1.8000000000000114
      ],
      [
        -5.1376093458384275,
        55.84973311051726,
        1.8000000000000114
      ],
      [
        -5.137590486556292,
        55.84972850047052,
        1.8000000000000114
      ],
      [
        -5.137572381645441,
        55.84972355514765,
        1.8000000000000114
      ],
      [
        -5.1375548634678125,
        55.84971819072962,
        1.8000000000000114
      ],
      [
        -5.137537764385343,
        55.84971257485449,
        1.8000000000000114
      ],
      [
        -5.137521084398031,
        55.84970662370324,
        1.8000000000000114
      ],
      [
        -5.137504655867815,
        55.84970025345683,
        1.8000000000000114
      ],
      [
        -5.137488394975662,
        55.84969371557236,
        1.8000000000000114
      ],
      [
        -5.1374721340835094,
        55.84968684241176,
        1.8000000000000114
      ],
      [
        -5.13745604082942,
        55.84967980161309,
        1.8000000000000114
      ],
      [
        -5.137439947575331,
        55.8496724255383,
        1.8000000000000114
      ],
      [
        -5.137423938140273,
        55.84966496564448,
        1.8000000000000114
      ],
      [
        -5.137408012524247,
        55.84965725429356,
        1.8000000000000114
      ],
      [
        -5.137392086908221,
        55.84964945912361,
        1.8000000000000114
      ],
      [
        -5.137376245111227,
        55.8496414963156,
        1.8000000000000114
      ],
      [
        -5.137360403314233,
        55.849633449688554,
        2
      ],
      [
        -5.137344561517239,
        55.849625235423446,
        2
      ],
      [
        -5.137328719720244,
        55.84961702115834,
        2
      ],
      [
        -5.1373127941042185,
        55.84960880689323,
        2
      ],
      [
        -5.137296784669161,
        55.84960059262812,
        2
      ],
      [
        -5.137280439957976,
        55.849592462182045,
        2.1999999999999886
      ],
      [
        -5.137263927608728,
        55.84958449937403,
        2.1999999999999886
      ],
      [
        -5.137246996164322,
        55.84957670420408,
        2.1999999999999886
      ],
      [
        -5.1372297294437885,
        55.84956916049123,
        2.1999999999999886
      ],
      [
        -5.137212127447128,
        55.84956186823547,
        2.1999999999999886
      ],
      [
        -5.1371941063553095,
        55.84955499507487,
        2.1999999999999886
      ],
      [
        -5.137175749987364,
        55.849548457190394,
        2.1999999999999886
      ],
      [
        -5.137157142162323,
        55.84954242222011,
        2.1999999999999886
      ],
      [
        -5.137138534337282,
        55.849536722525954,
        2.1999999999999886
      ],
      [
        -5.137119926512241,
        55.84953152574599,
        2.1999999999999886
      ],
      [
        -5.137101737782359,
        55.84952666424215,
        2.1999999999999886
      ],
      [
        -5.137084051966667,
        55.8495223056525,
        2
      ],
      [
        -5.137066952884197,
        55.84951844997704,
        2
      ],
      [
        -5.137050524353981,
        55.84951492957771,
        2
      ],
      [
        -5.13703485019505,
        55.84951191209257,
        2
      ],
      [
        -5.137019930407405,
        55.84950922988355,
        2
      ],
      [
        -5.137005681172013,
        55.849506966769695,
        1.8000000000000114
      ],
      [
        -5.136992102488875,
        55.8495048712939,
        1.8000000000000114
      ],
      [
        -5.136979194357991,
        55.849503111094236,
        1.8000000000000114
      ],
      [
        -5.136966789141297,
        55.84950135089457,
        1.6000000000000227
      ],
      [
        -5.1369549706578255,
        55.84949975833297,
        1.6000000000000227
      ],
      [
        -5.136943655088544,
        55.84949808195233,
        1.6000000000000227
      ],
      [
        -5.136932674795389,
        55.849496237933636,
        1.6000000000000227
      ],
      [
        -5.13692194595933,
        55.84949414245784,
        1.3999999999999773
      ],
      [
        -5.136911552399397,
        55.84949171170592,
        1.3999999999999773
      ],
      [
        -5.136901326477528,
        55.849488861858845,
        1.3999999999999773
      ],
      [
        -5.1368913520127535,
        55.84948559291661,
        1.3999999999999773
      ],
      [
        -5.136881545186043,
        55.84948165342212,
        1.1999999999999886
      ],
      [
        -5.136872157454491,
        55.84947704337537,
        1.1999999999999886
      ],
      [
        -5.136863021180034,
        55.849471762776375,
        1.1999999999999886
      ],
      [
        -5.136854304000735,
        55.84946581162512,
        1.1999999999999886
      ],
      [
        -5.1368460059165955,
        55.849459022283554,
        1.1999999999999886
      ],
      [
        -5.136838126927614,
        55.84945156238973,
        1.1999999999999886
      ],
      [
        -5.13683058321476,
        55.84944351576269,
        1.3999999999999773
      ],
      [
        -5.136823290959001,
        55.84943471476436,
        1.3999999999999773
      ],
      [
        -5.136816082522273,
        55.849425327032804,
        1.3999999999999773
      ],
      [
        -5.136808957904577,
        55.84941543638706,
        1.3999999999999773
      ],
      [
        -5.136801665648818,
        55.84940504282713,
        1.3999999999999773
      ],
      [
        -5.136794038116932,
        55.84939431399107,
        1.6000000000000227
      ],
      [
        -5.136786075308919,
        55.84938316605985,
        1.6000000000000227
      ],
      [
        -5.136777441948652,
        55.84937168285251,
        1.6000000000000227
      ],
      [
        -5.136768221855164,
        55.8493600320071,
        1.6000000000000227
      ],
      [
        -5.136758415028453,
        55.849348213523626,
        1.6000000000000227
      ],
      [
        -5.136747853830457,
        55.84933631122112,
        1.8000000000000114
      ],
      [
        -5.13673678971827,
        55.84932440891862,
        1.8000000000000114
      ],
      [
        -5.136725306510925,
        55.849312422797084,
        1.8000000000000114
      ],
      [
        -5.136713488027453,
        55.84930043667555,
        1.8000000000000114
      ],
      [
        -5.13670158572495,
        55.84928845055401,
        1.8000000000000114
      ],
      [
        -5.136689767241478,
        55.84927654825151,
        1.8000000000000114
      ],
      [
        -5.136678200215101,
        55.849264645949006,
        1.8000000000000114
      ],
      [
        -5.136667052283883,
        55.8492527436465,
        1.6000000000000227
      ],
      [
        -5.136656491085887,
        55.84924100898206,
        1.6000000000000227
      ],
      [
        -5.136646516621113,
        55.84922919049859,
        1.6000000000000227
      ],
      [
        -5.136637296527624,
        55.84921753965318,
        1.6000000000000227
      ],
      [
        -5.136628746986389,
        55.849205972626805,
        1.6000000000000227
      ],
      [
        -5.136620867997408,
        55.84919440560043,
        1.6000000000000227
      ],
      [
        -5.136613491922617,
        55.84918309003115,
        1.6000000000000227
      ],
      [
        -5.136606618762016,
        55.84917194209993,
        1.6000000000000227
      ],
      [
        -5.136599829420447,
        55.849160961806774,
        1.6000000000000227
      ],
      [
        -5.136593040078878,
        55.849150316789746,
        1.6000000000000227
      ],
      [
        -5.136586083099246,
        55.849140007048845,
        1.6000000000000227
      ],
      [
        -5.136578707024455,
        55.84913003258407,
        1.8000000000000114
      ],
      [
        -5.13657066039741,
        55.849120393395424,
        1.8000000000000114
      ],
      [
        -5.13656185939908,
        55.8491110894829,
        1.8000000000000114
      ],
      [
        -5.136552220210433,
        55.84910220466554,
        1.8000000000000114
      ],
      [
        -5.136541491374373,
        55.84909365512431,
        1.8000000000000114
      ],
      [
        -5.136529672890902,
        55.84908535704017,
        2
      ],
      [
        -5.136516764760017,
        55.849077394232154,
        2
      ],
      [
        -5.136502850800753,
        55.849069599062204,
        2
      ],
      [
        -5.136488014832139,
        55.84906197153032,
        1.8000000000000114
      ],
      [
        -5.1364722568541765,
        55.849054511636496,
        1.8000000000000114
      ],
      [
        -5.13645582832396,
        55.84904696792364,
        1.8000000000000114
      ],
      [
        -5.136438813060522,
        55.84903950802982,
        1.8000000000000114
      ],
      [
        -5.136421294882894,
        55.849031964316964,
        1.8000000000000114
      ],
      [
        -5.136403441429138,
        55.849024252966046,
        1.8000000000000114
      ],
      [
        -5.136385336518288,
        55.84901654161513,
        1.8000000000000114
      ],
      [
        -5.136367147788405,
        55.849008578807116,
        1.6000000000000227
      ],
      [
        -5.136348959058523,
        55.84900053218007,
        1.6000000000000227
      ],
      [
        -5.136330770328641,
        55.84899231791496,
        1.6000000000000227
      ],
      [
        -5.136312833055854,
        55.84898393601179,
        1.6000000000000227
      ],
      [
        -5.13629506342113,
        55.84897547028959,
        1.6000000000000227
      ],
      [
        -5.136277377605438,
        55.84896683692932,
        1.6000000000000227
      ],
      [
        -5.136259943246841,
        55.84895811975002,
        1.6000000000000227
      ],
      [
        -5.136242592707276,
        55.84894923493266,
        1.6000000000000227
      ],
      [
        -5.136225242167711,
        55.8489403501153,
        1.6000000000000227
      ],
      [
        -5.136207975447178,
        55.848931381478906,
        1.6000000000000227
      ],
      [
        -5.1361907087266445,
        55.84892232902348,
        1.6000000000000227
      ],
      [
        -5.136173358187079,
        55.848913276568055,
        1.6000000000000227
      ],
      [
        -5.136155840009451,
        55.84890422411263,
        1.6000000000000227
      ],
      [
        -5.136138154193759,
        55.848895255476236,
        1.6000000000000227
      ],
      [
        -5.136120216920972,
        55.84888628683984,
        1.6000000000000227
      ],
      [
        -5.136102112010121,
        55.84887731820345,
        1.6000000000000227
      ],
      [
        -5.136083671823144,
        55.84886843338609,
        1.6000000000000227
      ],
      [
        -5.13606489636004,
        55.84885963238776,
        1.6000000000000227
      ],
      [
        -5.136045953258872,
        55.84885083138943,
        1.6000000000000227
      ],
      [
        -5.136026758700609,
        55.848841946572065,
        1.6000000000000227
      ],
      [
        -5.136007480323315,
        55.848833145573735,
        1.6000000000000227
      ],
      [
        -5.135987950488925,
        55.84882426075637,
        1.6000000000000227
      ],
      [
        -5.135968420654535,
        55.84881529211998,
        1.6000000000000227
      ],
      [
        -5.135948723182082,
        55.848806239664555,
        1.6000000000000227
      ],
      [
        -5.135929109528661,
        55.8487971033901,
        1.6000000000000227
      ],
      [
        -5.135909495875239,
        55.84878788329661,
        1.6000000000000227
      ],
      [
        -5.135890049859881,
        55.84877849556506,
        1.6000000000000227
      ],
      [
        -5.135870687663555,
        55.84876894019544,
        1.6000000000000227
      ],
      [
        -5.1358517445623875,
        55.84875921718776,
        1.6000000000000227
      ],
      [
        -5.135833052918315,
        55.84874932654202,
        1.6000000000000227
      ],
      [
        -5.135814696550369,
        55.848739268258214,
        1.6000000000000227
      ],
      [
        -5.1357966754585505,
        55.848729042336345,
        1.6000000000000227
      ],
      [
        -5.13577907346189,
        55.84871864877641,
        1.6000000000000227
      ],
      [
        -5.135761722922325,
        55.848708087578416,
        1.6000000000000227
      ],
      [
        -5.135744707658887,
        55.848697358742356,
        1.6000000000000227
      ],
      [
        -5.135728111490607,
        55.848686546087265,
        1.6000000000000227
      ],
      [
        -5.135711682960391,
        55.84867564961314,
        1.6000000000000227
      ],
      [
        -5.13569550588727,
        55.84866475313902,
        1.6000000000000227
      ],
      [
        -5.135679664090276,
        55.848653772845864,
        1.6000000000000227
      ],
      [
        -5.135663989931345,
        55.84864287637174,
        1.6000000000000227
      ],
      [
        -5.135648483410478,
        55.84863197989762,
        1.6000000000000227
      ],
      [
        -5.135633144527674,
        55.84862125106156,
        1.6000000000000227
      ],
      [
        -5.1356178894639015,
        55.8486105222255,
        1.8000000000000114
      ],
      [
        -5.135602802038193,
        55.8485999610275,
        1.8000000000000114
      ],
      [
        -5.135587714612484,
        55.84858948364854,
        1.8000000000000114
      ],
      [
        -5.135572627186775,
        55.848579090088606,
        1.8000000000000114
      ],
      [
        -5.135557623580098,
        55.84856886416674,
        1.8000000000000114
      ],
      [
        -5.135542619973421,
        55.8485587220639,
        1.8000000000000114
      ],
      [
        -5.135527616366744,
        55.848548747599125,
        1.8000000000000114
      ],
      [
        -5.135512696579099,
        55.84853877313435,
        1.8000000000000114
      ],
      [
        -5.135497944429517,
        55.84852879866958,
        1.8000000000000114
      ],
      [
        -5.135483359917998,
        55.848518908023834,
        1.8000000000000114
      ],
      [
        -5.1354688592255116,
        55.84850893355906,
        1.8000000000000114
      ],
      [
        -5.135454526171088,
        55.848498959094286,
        1.8000000000000114
      ],
      [
        -5.135440193116665,
        55.84848881699145,
        1.8000000000000114
      ],
      [
        -5.135426027700305,
        55.84847859106958,
        1.8000000000000114
      ],
      [
        -5.135411862283945,
        55.848468113690615,
        1.8000000000000114
      ],
      [
        -5.135397864505649,
        55.84845755249262,
        1.8000000000000114
      ],
      [
        -5.135383950546384,
        55.84844682365656,
        1.8000000000000114
      ],
      [
        -5.135370120406151,
        55.84843601100147,
        1.8000000000000114
      ],
      [
        -5.135356625542045,
        55.84842494688928,
        1.8000000000000114
      ],
      [
        -5.13534321449697,
        55.84841379895806,
        1.8000000000000114
      ],
      [
        -5.135330054908991,
        55.84840248338878,
        1.8000000000000114
      ],
      [
        -5.135317062959075,
        55.84839108400047,
        1.8000000000000114
      ],
      [
        -5.135304071009159,
        55.84837960079312,
        2
      ],
      [
        -5.1352909952402115,
        55.84836811758578,
        2
      ],
      [
        -5.1352777518332005,
        55.8483565505594,
        2
      ],
      [
        -5.135264340788126,
        55.84834489971399,
        2
      ],
      [
        -5.135250594466925,
        55.848333248868585,
        1.8000000000000114
      ],
      [
        -5.1352365128695965,
        55.848321598023176,
        1.8000000000000114
      ],
      [
        -5.135222095996141,
        55.84830994717777,
        1.8000000000000114
      ],
      [
        -5.135207427665591,
        55.84829829633236,
        1.8000000000000114
      ],
      [
        -5.135192507877946,
        55.84828664548695,
        1.8000000000000114
      ],
      [
        -5.135177420452237,
        55.84827499464154,
        1.8000000000000114
      ],
      [
        -5.135162249207497,
        55.848263343796134,
        1.8000000000000114
      ],
      [
        -5.135147077962756,
        55.84825177676976,
        1.8000000000000114
      ],
      [
        -5.135131906718016,
        55.84824012592435,
        1.8000000000000114
      ],
      [
        -5.135116819292307,
        55.848228642717004,
        1.8000000000000114
      ],
      [
        -5.13510181568563,
        55.84821707569063,
        1.8000000000000114
      ],
      [
        -5.1350868958979845,
        55.848205676302314,
        1.8000000000000114
      ],
      [
        -5.135072059929371,
        55.848194276914,
        1.8000000000000114
      ],
      [
        -5.135057223960757,
        55.84818304516375,
        1.8000000000000114
      ],
      [
        -5.135042471811175,
        55.84817189723253,
        1.8000000000000114
      ],
      [
        -5.135027803480625,
        55.84816091693938,
        1.8000000000000114
      ],
      [
        -5.135013302788138,
        55.84815010428429,
        1.8000000000000114
      ],
      [
        -5.1349991373717785,
        55.84813945926726,
        2
      ],
      [
        -5.134985391050577,
        55.848128981888294,
        2
      ],
      [
        -5.134972231462598,
        55.848118755966425,
        2
      ],
      [
        -5.134959826245904,
        55.84810861386359,
        2
      ],
      [
        -5.134948343038559,
        55.848098723217845,
        2
      ],
      [
        -5.134937781840563,
        55.8480890840292,
        2
      ],
      [
        -5.134928394109011,
        55.848079612478614,
        2.1999999999999886
      ],
      [
        -5.134920012205839,
        55.84807030856609,
        2.1999999999999886
      ],
      [
        -5.134912636131048,
        55.84806117229164,
        2.1999999999999886
      ],
      [
        -5.134906098246574,
        55.84805220365524,
        2.1999999999999886
      ],
      [
        -5.134900063276291,
        55.848043486475945,
        2.1999999999999886
      ],
      [
        -5.1348942797631025,
        55.848034769296646,
        2.1999999999999886
      ],
      [
        -5.1348884124308825,
        55.84802613593638,
        2.1999999999999886
      ],
      [
        -5.134882126003504,
        55.848017586395144,
        2.1999999999999886
      ],
      [
        -5.134875252842903,
        55.84800903685391,
        2
      ],
      [
        -5.134867457672954,
        55.848000487312675,
        2
      ],
      [
        -5.134858824312687,
        55.84799202159047,
        2
      ],
      [
        -5.134849017485976,
        55.847983472049236,
        2
      ],
      [
        -5.1348380371928215,
        55.84797500632703,
        2
      ],
      [
        -5.134825883433223,
        55.84796662442386,
        2
      ],
      [
        -5.13481255620718,
        55.84795824252069,
        1.8000000000000114
      ],
      [
        -5.134798223152757,
        55.84794986061752,
        1.8000000000000114
      ],
      [
        -5.134782884269953,
        55.84794156253338,
        1.8000000000000114
      ],
      [
        -5.134766791015863,
        55.84793326444924,
        1.8000000000000114
      ],
      [
        -5.134750111028552,
        55.84792505018413,
        1.8000000000000114
      ],
      [
        -5.134733011946082,
        55.84791675209999,
        1.8000000000000114
      ],
      [
        -5.134715661406517,
        55.84790837019682,
        1.6000000000000227
      ],
      [
        -5.13469822704792,
        55.84789998829365,
        1.6000000000000227
      ],
      [
        -5.134680792689323,
        55.847891522571445,
        1.6000000000000227
      ],
      [
        -5.13466352596879,
        55.84788297303021,
        1.6000000000000227
      ],
      [
        -5.134646343067288,
        55.84787433966994,
        1.6000000000000227
      ],
      [
        -5.134629495441914,
        55.847865622490644,
        1.6000000000000227
      ],
      [
        -5.134612815454602,
        55.847856905311346,
        1.6000000000000227
      ],
      [
        -5.134596386924386,
        55.84784818813205,
        1.6000000000000227
      ],
      [
        -5.134580293670297,
        55.84783938713372,
        1.6000000000000227
      ],
      [
        -5.134564535692334,
        55.847830502316356,
        1.6000000000000227
      ],
      [
        -5.134549029171467,
        55.847821617498994,
        1.6000000000000227
      ],
      [
        -5.134533941745758,
        55.8478126488626,
        1.8000000000000114
      ],
      [
        -5.134519189596176,
        55.84780351258814,
        1.8000000000000114
      ],
      [
        -5.134504772722721,
        55.84779420867562,
        1.8000000000000114
      ],
      [
        -5.134490774944425,
        55.84778482094407,
        1.8000000000000114
      ],
      [
        -5.134477028623223,
        55.847775265574455,
        1.8000000000000114
      ],
      [
        -5.134463533759117,
        55.847765542566776,
        1.8000000000000114
      ],
      [
        -5.134450290352106,
        55.847755735740066,
        2
      ],
      [
        -5.134437130764127,
        55.84774576127529,
        2
      ],
      [
        -5.1344239711761475,
        55.84773578681052,
        2
      ],
      [
        -5.134410811588168,
        55.84772581234574,
        2
      ],
      [
        -5.134397652000189,
        55.8477159217,
        2
      ],
      [
        -5.134384324774146,
        55.84770611487329,
        2
      ],
      [
        -5.13437082991004,
        55.84769639186561,
        2
      ],
      [
        -5.134357083588839,
        55.84768692031503,
        2
      ],
      [
        -5.13434300199151,
        55.84767770022154,
        2.1999999999999886
      ],
      [
        -5.134328585118055,
        55.847668731585145,
        2.1999999999999886
      ],
      [
        -5.134313749149442,
        55.84766001440585,
        2.1999999999999886
      ],
      [
        -5.134298326447606,
        55.84765171632171,
        2.1999999999999886
      ],
      [
        -5.13428240083158,
        55.847643837332726,
        2.1999999999999886
      ],
      [
        -5.134265888482332,
        55.847636461257935,
        2.1999999999999886
      ],
      [
        -5.134248873218894,
        55.84762942045927,
        2.1999999999999886
      ],
      [
        -5.1342313550412655,
        55.8476228825748,
        2.1999999999999886
      ],
      [
        -5.13421350158751,
        55.84761676378548,
        2.1999999999999886
      ],
      [
        -5.134195480495691,
        55.847611064091325,
        2.1999999999999886
      ],
      [
        -5.134177375584841,
        55.84760578349233,
        2.1999999999999886
      ],
      [
        -5.134159522131085,
        55.847600754350424,
        2.1999999999999886
      ],
      [
        -5.134141920134425,
        55.84759614430368,
        2
      ],
      [
        -5.134124904870987,
        55.84759161807597,
        2
      ],
      [
        -5.134108643978834,
        55.84758725948632,
        2
      ],
      [
        -5.134093472734094,
        55.8475829847157,
        2
      ],
      [
        -5.134079558774829,
        55.84757854230702,
        1.8000000000000114
      ],
      [
        -5.134067153558135,
        55.84757384844124,
        1.8000000000000114
      ],
      [
        -5.13405617326498,
        55.84756890311837,
        1.8000000000000114
      ],
      [
        -5.134046785533428,
        55.84756345488131,
        1.8000000000000114
      ],
      [
        -5.13403857126832,
        55.84755750373006,
        1.8000000000000114
      ],
      [
        -5.134031446650624,
        55.84755113348365,
        1.8000000000000114
      ],
      [
        -5.1340249087661505,
        55.847544176504016,
        1.8000000000000114
      ],
      [
        -5.13401853851974,
        55.84753671661019,
        1.8000000000000114
      ],
      [
        -5.134012084454298,
        55.847528921440244,
        1.8000000000000114
      ],
      [
        -5.134005211293697,
        55.847520707175136,
        1.8000000000000114
      ],
      [
        -5.133997583761811,
        55.8475121576339,
        2
      ],
      [
        -5.13398920185864,
        55.84750335663557,
        2
      ],
      [
        -5.133979981765151,
        55.84749438799918,
        2
      ],
      [
        -5.1339698396623135,
        55.84748525172472,
        2
      ],
      [
        -5.133958775550127,
        55.8474759478122,
        2
      ],
      [
        -5.133946789428592,
        55.84746656008065,
        2
      ],
      [
        -5.133934048935771,
        55.847457088530064,
        2
      ],
      [
        -5.133920386433601,
        55.84744753316045,
        2
      ],
      [
        -5.133905969560146,
        55.84743797779083,
        2
      ],
      [
        -5.133890965953469,
        55.84742842242122,
        2
      ],
      [
        -5.133875207975507,
        55.8474188670516,
        2
      ],
      [
        -5.133858863264322,
        55.847409311681986,
        2
      ],
      [
        -5.133841931819916,
        55.84739975631237,
        2
      ],
      [
        -5.133824497461319,
        55.84739028476179,
        2
      ],
      [
        -5.133806644007564,
        55.8473808132112,
        2
      ],
      [
        -5.133788455277681,
        55.84737134166062,
        2
      ],
      [
        -5.133770182728767,
        55.84736195392907,
        2
      ],
      [
        -5.133751826360822,
        55.847352650016546,
        2
      ],
      [
        -5.133733469992876,
        55.847343346104026,
        2
      ],
      [
        -5.133715448901057,
        55.84733420982957,
        2
      ],
      [
        -5.133697763085365,
        55.847325157374144,
        2
      ],
      [
        -5.133680580183864,
        55.84731618873775,
        2
      ],
      [
        -5.133664151653647,
        55.84730730392039,
        1.8000000000000114
      ],
      [
        -5.133648728951812,
        55.84729850292206,
        1.8000000000000114
      ],
      [
        -5.133634312078357,
        55.84728986956179,
        1.8000000000000114
      ],
      [
        -5.133621152490377,
        55.84728148765862,
        1.8000000000000114
      ],
      [
        -5.133609166368842,
        55.84727318957448,
        1.8000000000000114
      ],
      [
        -5.1335984375327826,
        55.84726522676647,
        2
      ],
      [
        -5.133588798344135,
        55.84725759923458,
        2
      ],
      [
        -5.133580164983869,
        55.84725030697882,
        2
      ],
      [
        -5.133572285994887,
        55.84724334999919,
        2
      ],
      [
        -5.1335651613771915,
        55.847236812114716,
        2
      ],
      [
        -5.133558539673686,
        55.84723060950637,
        2
      ],
      [
        -5.133552337065339,
        55.84722482599318,
        2
      ],
      [
        -5.133546469733119,
        55.84721937775612,
        2
      ],
      [
        -5.133540770038962,
        55.847214264795184,
        2
      ],
      [
        -5.133535154163837,
        55.847209487110376,
        2
      ],
      [
        -5.133529705926776,
        55.84720487706363,
        2
      ],
      [
        -5.133524425327778,
        55.84720051847398,
        2
      ],
      [
        -5.13351914472878,
        55.8471963275224,
        2
      ],
      [
        -5.133513947948813,
        55.84719222038984,
        2
      ],
      [
        -5.133508834987879,
        55.84718819707632,
        2
      ],
      [
        -5.133503889665008,
        55.8471841737628,
        2
      ],
      [
        -5.1334991119802,
        55.847180150449276,
        2
      ],
      [
        -5.1334945019334555,
        55.84717604331672,
        2
      ],
      [
        -5.1334900595247746,
        55.847171768546104,
        2
      ],
      [
        -5.133486036211252,
        55.847167409956455,
        2.1999999999999886
      ],
      [
        -5.133482348173857,
        55.84716279990971,
        2.1999999999999886
      ],
      [
        -5.133478995412588,
        55.847158106043935,
        2.1999999999999886
      ],
      [
        -5.133475977927446,
        55.847153160721064,
        2.1999999999999886
      ],
      [
        -5.133473128080368,
        55.84714813157916,
        2.1999999999999886
      ],
      [
        -5.133470445871353,
        55.847143018618226,
        2.1999999999999886
      ],
      [
        -5.13346784748137,
        55.84713773801923,
        2.1999999999999886
      ],
      [
        -5.1334653329104185,
        55.84713245742023,
        2.1999999999999886
      ],
      [
        -5.133462650701404,
        55.84712717682123,
        2.1999999999999886
      ],
      [
        -5.133459884673357,
        55.847121980041265,
        2.1999999999999886
      ],
      [
        -5.133456951007247,
        55.8471167832613,
        2.1999999999999886
      ],
      [
        -5.13345368206501,
        55.847111670300364,
        2.1999999999999886
      ],
      [
        -5.133449994027615,
        55.84710664115846,
        2.1999999999999886
      ],
      [
        -5.133446054533124,
        55.84710169583559,
        2.1999999999999886
      ],
      [
        -5.133441612124443,
        55.84709683433175,
        2.1999999999999886
      ],
      [
        -5.133436834439635,
        55.84709197282791,
        2.1999999999999886
      ],
      [
        -5.1334314700216055,
        55.84708711132407,
        2.1999999999999886
      ],
      [
        -5.133425602689385,
        55.8470821660012,
        2.1999999999999886
      ],
      [
        -5.133419232442975,
        55.84707722067833,
        2.1999999999999886
      ],
      [
        -5.133412191644311,
        55.84707219153643,
        2.1999999999999886
      ],
      [
        -5.133404480293393,
        55.847067162394524,
        2
      ],
      [
        -5.133396098390222,
        55.84706196561456,
        2
      ],
      [
        -5.133386962115765,
        55.84705685265362,
        2
      ],
      [
        -5.133377155289054,
        55.847051655873656,
        2
      ],
      [
        -5.1333666779100895,
        55.84704645909369,
        2
      ],
      [
        -5.133355613797903,
        55.84704117849469,
        2
      ],
      [
        -5.133343962952495,
        55.847035981714725,
        2
      ],
      [
        -5.133331976830959,
        55.84703070111573,
        2
      ],
      [
        -5.133319739252329,
        55.84702542051673,
        1.8000000000000114
      ],
      [
        -5.133307334035635,
        55.84702013991773,
        1.8000000000000114
      ],
      [
        -5.133294928818941,
        55.847014943137765,
        1.8000000000000114
      ],
      [
        -5.133282775059342,
        55.8470097463578,
        1.8000000000000114
      ],
      [
        -5.133270872756839,
        55.847004633396864,
        1.8000000000000114
      ],
      [
        -5.1332594733685255,
        55.84699960425496,
        1.8000000000000114
      ],
      [
        -5.1332485768944025,
        55.84699465893209,
        1.8000000000000114
      ],
      [
        -5.13323818333447,
        55.84698971360922,
        1.8000000000000114
      ],
      [
        -5.133228460326791,
        55.84698493592441,
        1.8000000000000114
      ],
      [
        -5.133219324052334,
        55.846980242058635,
        1.8000000000000114
      ],
      [
        -5.133210690692067,
        55.84697571583092,
        1.8000000000000114
      ],
      [
        -5.1332026440650225,
        55.84697127342224,
        1.8000000000000114
      ],
      [
        -5.133195016533136,
        55.84696691483259,
        1.8000000000000114
      ],
      [
        -5.133187891915441,
        55.846962723881006,
        1.8000000000000114
      ],
      [
        -5.133181102573872,
        55.84695853292942,
        1.8000000000000114
      ],
      [
        -5.133174816146493,
        55.8469545096159,
        2
      ],
      [
        -5.1331687811762094,
        55.84695057012141,
        2
      ],
      [
        -5.133162997663021,
        55.84694663062692,
        2
      ],
      [
        -5.133157465606928,
        55.84694285877049,
        2
      ],
      [
        -5.13315218500793,
        55.846939170733094,
        2
      ],
      [
        -5.133147072046995,
        55.84693556651473,
        2
      ],
      [
        -5.133142210543156,
        55.84693196229637,
        2
      ],
      [
        -5.133137684315443,
        55.846928525716066,
        2
      ],
      [
        -5.1331334095448256,
        55.846925089135766,
        2
      ],
      [
        -5.133129470050335,
        55.846921652555466,
        2
      ],
      [
        -5.133125865831971,
        55.846918215975165,
        2
      ],
      [
        -5.133122680708766,
        55.846914779394865,
        2
      ],
      [
        -5.133119914680719,
        55.846911426633596,
        2
      ],
      [
        -5.133117651566863,
        55.846907990053296,
        2
      ],
      [
        -5.133115975186229,
        55.84690463729203,
        2.1999999999999886
      ],
      [
        -5.133114801719785,
        55.84690120071173,
        2.1999999999999886
      ],
      [
        -5.1331142988055944,
        55.846897680312395,
        2.1999999999999886
      ],
      [
        -5.133114214986563,
        55.84689415991306,
        2.1999999999999886
      ],
      [
        -5.133114634081721,
        55.84689047187567,
        2.1999999999999886
      ],
      [
        -5.133115304633975,
        55.84688661620021,
        2.1999999999999886
      ],
      [
        -5.133116310462356,
        55.84688267670572,
        2.1999999999999886
      ],
      [
        -5.133117316290736,
        55.84687848575413,
        2.1999999999999886
      ],
      [
        -5.1331184059381485,
        55.84687412716448,
        2.3999999999999773
      ],
      [
        -5.133119160309434,
        55.84686960093677,
        2.3999999999999773
      ],
      [
        -5.133119663223624,
        55.846864907070994,
        2.3999999999999773
      ],
      [
        -5.1331195794045925,
        55.84686012938619,
        2.3999999999999773
      ],
      [
        -5.133118825033307,
        55.84685535170138,
        2.3999999999999773
      ],
      [
        -5.133117400109768,
        55.84685049019754,
        2.3999999999999773
      ],
      [
        -5.133115136995912,
        55.8468456286937,
        2.3999999999999773
      ],
      [
        -5.133111951872706,
        55.84684085100889,
        2.3999999999999773
      ],
      [
        -5.133107928559184,
        55.84683624096215,
        2.3999999999999773
      ],
      [
        -5.133103067055345,
        55.8468318823725,
        2.3999999999999773
      ],
      [
        -5.13309745118022,
        55.84682760760188,
        2.3999999999999773
      ],
      [
        -5.133091164752841,
        55.84682366810739,
        2.3999999999999773
      ],
      [
        -5.133084375411272,
        55.84681989625096,
        2.3999999999999773
      ],
      [
        -5.133077083155513,
        55.84681637585163,
        2.3999999999999773
      ],
      [
        -5.133069539442658,
        55.846813106909394,
        2.6000000000000227
      ],
      [
        -5.133061660453677,
        55.846810173243284,
        2.6000000000000227
      ],
      [
        -5.133053697645664,
        55.846807323396206,
        2.6000000000000227
      ],
      [
        -5.133045399561524,
        55.84680472500622,
        2.6000000000000227
      ],
      [
        -5.133036850020289,
        55.8468022942543,
        2.6000000000000227
      ],
      [
        -5.133027965202928,
        55.846799947321415,
        2.6000000000000227
      ],
      [
        -5.133018745109439,
        55.84679768420756,
        2.3999999999999773
      ],
      [
        -5.133009105920792,
        55.84679533727467,
        2.3999999999999773
      ],
      [
        -5.132999047636986,
        55.84679299034178,
        2.3999999999999773
      ],
      [
        -5.132988570258021,
        55.846790643408895,
        2.3999999999999773
      ],
      [
        -5.132977506145835,
        55.84678804501891,
        2.3999999999999773
      ],
      [
        -5.1329658553004265,
        55.846785278990865,
        2.3999999999999773
      ],
      [
        -5.1329537853598595,
        55.84678226150572,
        2.1999999999999886
      ],
      [
        -5.132941212505102,
        55.846778908744454,
        2.1999999999999886
      ],
      [
        -5.132928136736155,
        55.84677530452609,
        2.1999999999999886
      ],
      [
        -5.13291472569108,
        55.84677144885063,
        2.1999999999999886
      ],
      [
        -5.132900979369879,
        55.84676734171808,
        2.1999999999999886
      ],
      [
        -5.132887149229646,
        55.8467628993094,
        2
      ],
      [
        -5.132873235270381,
        55.84675820544362,
        2
      ],
      [
        -5.132859572768211,
        55.84675326012075,
        2
      ],
      [
        -5.1328463293612,
        55.84674806334078,
        2
      ],
      [
        -5.132833672687411,
        55.84674269892275,
        2
      ],
      [
        -5.132821686565876,
        55.84673708304763,
        2
      ],
      [
        -5.13281062245369,
        55.84673129953444,
        2
      ],
      [
        -5.132800480350852,
        55.84672543220222,
        2
      ],
      [
        -5.132791427895427,
        55.84671948105097,
        2
      ],
      [
        -5.1327835489064455,
        55.846713446080685,
        2
      ],
      [
        -5.132777011021972,
        55.8467074111104,
        2
      ],
      [
        -5.132771898061037,
        55.84670154377818,
        2
      ],
      [
        -5.132768042385578,
        55.84669576026499,
        2
      ],
      [
        -5.132765527814627,
        55.84669014438987,
        2
      ],
      [
        -5.132764186710119,
        55.846684612333775,
        2
      ],
      [
        -5.132764019072056,
        55.84667933173478,
        2
      ],
      [
        -5.1327646896243095,
        55.84667413495481,
        2
      ],
      [
        -5.132766030728817,
        55.84666918963194,
        2
      ],
      [
        -5.132767790928483,
        55.8466643281281,
        2
      ],
      [
        -5.132769886404276,
        55.84665980190039,
        2.1999999999999886
      ],
      [
        -5.132771981880069,
        55.84665544331074,
        2.1999999999999886
      ],
      [
        -5.132773909717798,
        55.846651419997215,
        2.1999999999999886
      ],
      [
        -5.132775669917464,
        55.84664773195982,
        2.1999999999999886
      ],
      [
        -5.132777178660035,
        55.84664446301758,
        2.1999999999999886
      ],
      [
        -5.132778184488416,
        55.84664152935147,
        2.1999999999999886
      ],
      [
        -5.132778771221638,
        55.84663893096149,
        2.1999999999999886
      ],
      [
        -5.132778938859701,
        55.846636751666665,
        2.1999999999999886
      ],
      [
        -5.132778687402606,
        55.84663490764797,
        2.1999999999999886
      ],
      [
        -5.132778100669384,
        55.8466333989054,
        2.1999999999999886
      ],
      [
        -5.132777178660035,
        55.84663214161992,
        2.1999999999999886
      ],
      [
        -5.132776089012623,
        55.84663113579154,
        2.1999999999999886
      ],
      [
        -5.1327749993652105,
        55.84663029760122,
        2.1999999999999886
      ],
      [
        -5.1327738258987665,
        55.84662962704897,
        2.1999999999999886
      ],
      [
        -5.132772820070386,
        55.84662912413478,
        2.1999999999999886
      ],
      [
        -5.132771981880069,
        55.84662870503962,
        2.1999999999999886
      ],
      [
        -5.132771227508783,
        55.84662836976349,
        2.1999999999999886
      ],
      [
        -5.132770724594593,
        55.84662820212543,
        2.1999999999999886
      ],
      [
        -5.1327703054994345,
        55.8466281183064,
        2.1999999999999886
      ],
      [
        -5.132770137861371,
        55.8466281183064,
        2.1999999999999886
      ],
      [
        -5.132770054042339,
        55.84662828594446,
        2.1999999999999886
      ],
      [
        -5.132770137861371,
        55.846628453582525,
        2.1999999999999886
      ],
      [
        -5.132770389318466,
        55.84662870503962,
        2.1999999999999886
      ],
      [
        -5.132770640775561,
        55.846628956496716,
        2.1999999999999886
      ],
      [
        -5.1327708922326565,
        55.84662920795381,
        2.1999999999999886
      ],
      [
        -5.132771143689752,
        55.846629459410906,
        2.1999999999999886
      ],
      [
        -5.132771227508783,
        55.846629710868,
        2.1999999999999886
      ],
      [
        -5.132770976051688,
        55.84662979468703,
        2.1999999999999886
      ],
      [
        -5.132770389318466,
        55.84662979468703,
        2.1999999999999886
      ],
      [
        -5.132769215852022,
        55.84662962704897,
        2.3999999999999773
      ],
      [
        -5.132767371833324,
        55.84662929177284,
        2.3999999999999773
      ],
      [
        -5.1327646896243095,
        55.84662870503962,
        2.3999999999999773
      ],
      [
        -5.132761085405946,
        55.846627950668335,
        2.3999999999999773
      ],
      [
        -5.13275639154017,
        55.846627028658986,
        2.6000000000000227
      ],
      [
        -5.13275052420795,
        55.84662577137351,
        2.6000000000000227
      ],
      [
        -5.1327434834092855,
        55.84662434644997,
        2.6000000000000227
      ],
      [
        -5.132735185325146,
        55.846622586250305,
        2.6000000000000227
      ],
      [
        -5.13272562995553,
        55.846620574593544,
        2.8000000000000114
      ],
      [
        -5.132714901119471,
        55.84661831147969,
        2.8000000000000114
      ],
      [
        -5.13270316645503,
        55.846615796908736,
        2.8000000000000114
      ],
      [
        -5.132690342143178,
        55.84661303088069,
        2.8000000000000114
      ],
      [
        -5.132676679641008,
        55.846609929576516,
        2.8000000000000114
      ],
      [
        -5.132662262767553,
        55.84660657681525,
        2.8000000000000114
      ],
      [
        -5.132647259160876,
        55.846603056415915,
        2.8000000000000114
      ],
      [
        -5.132631836459041,
        55.84659928455949,
        2.8000000000000114
      ],
      [
        -5.13261616230011,
        55.846595345065,
        2.8000000000000114
      ],
      [
        -5.132600488141179,
        55.846591321751475,
        2.8000000000000114
      ],
      [
        -5.132584813982248,
        55.84658713079989,
        2.8000000000000114
      ],
      [
        -5.132569223642349,
        55.84658285602927,
        2.8000000000000114
      ],
      [
        -5.132553717121482,
        55.84657849743962,
        2.8000000000000114
      ],
      [
        -5.13253846205771,
        55.846574138849974,
        2.6000000000000227
      ],
      [
        -5.132523458451033,
        55.84656969644129,
        2.6000000000000227
      ],
      [
        -5.1325087901204824,
        55.846565337851644,
        2.6000000000000227
      ],
      [
        -5.132494289427996,
        55.846560979261994,
        2.6000000000000227
      ],
      [
        -5.132480124011636,
        55.846556620672345,
        2.6000000000000227
      ],
      [
        -5.132465958595276,
        55.84655234590173,
        2.6000000000000227
      ],
      [
        -5.132451709359884,
        55.84654815495014,
        2.6000000000000227
      ],
      [
        -5.132437292486429,
        55.846543963998556,
        2.6000000000000227
      ],
      [
        -5.132422456517816,
        55.846539856866,
        2.6000000000000227
      ],
      [
        -5.132407285273075,
        55.84653583355248,
        2.3999999999999773
      ],
      [
        -5.132391527295113,
        55.84653181023896,
        2.3999999999999773
      ],
      [
        -5.1323753502219915,
        55.846527786925435,
        2.3999999999999773
      ],
      [
        -5.13235867023468,
        55.84652376361191,
        2.3999999999999773
      ],
      [
        -5.13234157115221,
        55.84651982411742,
        2.3999999999999773
      ],
      [
        -5.132324220612645,
        55.84651588462293,
        2.1999999999999886
      ],
      [
        -5.132306534796953,
        55.84651186130941,
        2.1999999999999886
      ],
      [
        -5.132288597524166,
        55.84650783799589,
        2.1999999999999886
      ],
      [
        -5.132270492613316,
        55.846503814682364,
        2.1999999999999886
      ],
      [
        -5.132252220064402,
        55.84649962373078,
        2
      ],
      [
        -5.132233947515488,
        55.84649543277919,
        2
      ],
      [
        -5.132215674966574,
        55.846491158008575,
        2
      ],
      [
        -5.1321974862366915,
        55.846486799418926,
        2
      ],
      [
        -5.132179465144873,
        55.846482273191214,
        1.8000000000000114
      ],
      [
        -5.132161779329181,
        55.84647766314447,
        1.8000000000000114
      ],
      [
        -5.132144428789616,
        55.84647288545966,
        1.8000000000000114
      ],
      [
        -5.132127497345209,
        55.84646794013679,
        1.8000000000000114
      ],
      [
        -5.132110984995961,
        55.84646291099489,
        1.6000000000000227
      ],
      [
        -5.132095059379935,
        55.84645779803395,
        1.6000000000000227
      ],
      [
        -5.132079720497131,
        55.84645268507302,
        1.6000000000000227
      ],
      [
        -5.132064968347549,
        55.84644757211208,
        1.6000000000000227
      ],
      [
        -5.132050886750221,
        55.84644245915115,
        1.6000000000000227
      ],
      [
        -5.132037475705147,
        55.846437430009246,
        1.3999999999999773
      ],
      [
        -5.132024819031358,
        55.846432484686375,
        1.3999999999999773
      ],
      [
        -5.1320128329098225,
        55.8464277908206,
        1.3999999999999773
      ],
      [
        -5.132001684978604,
        55.846423264592886,
        1.3999999999999773
      ],
      [
        -5.131991291418672,
        55.84641898982227,
        1.3999999999999773
      ],
      [
        -5.131981736049056,
        55.84641505032778,
        1.3999999999999773
      ],
      [
        -5.131973102688789,
        55.84641136229038,
        1.3999999999999773
      ],
      [
        -5.13196530751884,
        55.84640792571008,
        1.3999999999999773
      ],
      [
        -5.131958434358239,
        55.84640482440591,
        1.3999999999999773
      ],
      [
        -5.131952399387956,
        55.84640197455883,
        1.3999999999999773
      ],
      [
        -5.131947118788958,
        55.84639945998788,
        1.6000000000000227
      ],
      [
        -5.131942592561245,
        55.84639702923596,
        1.6000000000000227
      ],
      [
        -5.131938653066754,
        55.846394849941134,
        1.6000000000000227
      ],
      [
        -5.131935132667422,
        55.84639275446534,
        1.6000000000000227
      ],
      [
        -5.131932031363249,
        55.84639074280858,
        1.6000000000000227
      ],
      [
        -5.131929349154234,
        55.84638881497085,
        1.6000000000000227
      ],
      [
        -5.131927086040378,
        55.84638688713312,
        1.6000000000000227
      ],
      [
        -5.1319250743836164,
        55.84638487547636,
        1.8000000000000114
      ],
      [
        -5.131923481822014,
        55.84638278000057,
        1.8000000000000114
      ],
      [
        -5.131922224536538,
        55.84638060070574,
        1.8000000000000114
      ],
      [
        -5.131921051070094,
        55.846378253772855,
        1.8000000000000114
      ],
      [
        -5.1319200452417135,
        55.8463757392019,
        1.8000000000000114
      ],
      [
        -5.1319188717752695,
        55.84637305699289,
        2
      ],
      [
        -5.131917530670762,
        55.84637012332678,
        2
      ],
      [
        -5.131915770471096,
        55.846367022022605,
        2
      ],
      [
        -5.13191350735724,
        55.846363669261336,
        2
      ],
      [
        -5.13191057369113,
        55.84636006504297,
        2.1999999999999886
      ],
      [
        -5.131906885653734,
        55.84635612554848,
        2.1999999999999886
      ],
      [
        -5.131902359426022,
        55.84635176695883,
        2.1999999999999886
      ],
      [
        -5.131896743550897,
        55.84634707309306,
        2.1999999999999886
      ],
      [
        -5.131890121847391,
        55.846342043951154,
        2.1999999999999886
      ],
      [
        -5.131882578134537,
        55.846336679533124,
        2.3999999999999773
      ],
      [
        -5.131874028593302,
        55.846330896019936,
        2.3999999999999773
      ],
      [
        -5.13186464086175,
        55.84632477723062,
        2.3999999999999773
      ],
      [
        -5.131854498758912,
        55.84631823934615,
        2.3999999999999773
      ],
      [
        -5.131843686103821,
        55.84631145000458,
        2.1999999999999886
      ],
      [
        -5.131832119077444,
        55.84630440920591,
        2.1999999999999886
      ],
      [
        -5.131819965317845,
        55.84629703313112,
        2.1999999999999886
      ],
      [
        -5.131807224825025,
        55.84628940559924,
        2.1999999999999886
      ],
      [
        -5.131793981418014,
        55.846281526610255,
        2.1999999999999886
      ],
      [
        -5.1317801512777805,
        55.84627347998321,
        2.1999999999999886
      ],
      [
        -5.131765985861421,
        55.84626518189907,
        2.1999999999999886
      ],
      [
        -5.131751485168934,
        55.846256632357836,
        2
      ],
      [
        -5.13173664920032,
        55.84624799899757,
        2
      ],
      [
        -5.1317215617746115,
        55.84623911418021,
        2
      ],
      [
        -5.131706390529871,
        55.84623006172478,
        2
      ],
      [
        -5.131691051647067,
        55.846220925450325,
        2
      ],
      [
        -5.131675628945231,
        55.846211621537805,
        2
      ],
      [
        -5.131660122424364,
        55.84620214998722,
        2
      ],
      [
        -5.13164478354156,
        55.84619242697954,
        1.8000000000000114
      ],
      [
        -5.131629444658756,
        55.8461825363338,
        1.8000000000000114
      ],
      [
        -5.1316143572330475,
        55.84617231041193,
        1.8000000000000114
      ],
      [
        -5.13159935362637,
        55.846161916852,
        1.8000000000000114
      ],
      [
        -5.1315846014767885,
        55.84615127183497,
        1.8000000000000114
      ],
      [
        -5.13157001696527,
        55.84614045917988,
        1.8000000000000114
      ],
      [
        -5.131555516272783,
        55.84612931124866,
        1.8000000000000114
      ],
      [
        -5.13154118321836,
        55.84611799567938,
        1.8000000000000114
      ],
      [
        -5.131526850163937,
        55.846106428653,
        2
      ],
      [
        -5.131512684747577,
        55.84609461016953,
        2
      ],
      [
        -5.131498519331217,
        55.846082707867026,
        2
      ],
      [
        -5.131484605371952,
        55.84607055410743,
        2
      ],
      [
        -5.131470775231719,
        55.8460583165288,
        2
      ],
      [
        -5.131457112729549,
        55.84604582749307,
        2
      ],
      [
        -5.131443701684475,
        55.846033338457346,
        2
      ],
      [
        -5.131430374458432,
        55.84602076560259,
        2
      ],
      [
        -5.131417298689485,
        55.84600819274783,
        2
      ],
      [
        -5.131404474377632,
        55.845995619893074,
        2
      ],
      [
        -5.131391901522875,
        55.84598304703832,
        2
      ],
      [
        -5.131379663944244,
        55.84597047418356,
        2
      ],
      [
        -5.131367677822709,
        55.845957985147834,
        2
      ],
      [
        -5.131356026977301,
        55.84594549611211,
        2
      ],
      [
        -5.131344795227051,
        55.84593300707638,
        2
      ],
      [
        -5.131333814933896,
        55.84592060185969,
        2
      ],
      [
        -5.1313232537359,
        55.845908196642995,
        2.1999999999999886
      ],
      [
        -5.131312943994999,
        55.845895959064364,
        2.1999999999999886
      ],
      [
        -5.131302969530225,
        55.845883805304766,
        2.1999999999999886
      ],
      [
        -5.131293162703514,
        55.8458717353642,
        2.1999999999999886
      ],
      [
        -5.1312836073338985,
        55.84585991688073,
        2.1999999999999886
      ],
      [
        -5.131274219602346,
        55.84584826603532,
        2.1999999999999886
      ],
      [
        -5.131264915689826,
        55.84583695046604,
        2.1999999999999886
      ],
      [
        -5.131255611777306,
        55.84582588635385,
        2.3999999999999773
      ],
      [
        -5.131246307864785,
        55.84581515751779,
        2.3999999999999773
      ],
      [
        -5.13123675249517,
        55.84580476395786,
        2.3999999999999773
      ],
      [
        -5.131226945668459,
        55.845794789493084,
        2.3999999999999773
      ],
      [
        -5.13121671974659,
        55.84578523412347,
        2.3999999999999773
      ],
      [
        -5.13120599091053,
        55.84577601402998,
        2.3999999999999773
      ],
      [
        -5.131194591522217,
        55.84576729685068,
        2.3999999999999773
      ],
      [
        -5.13118252158165,
        55.84575891494751,
        2.6000000000000227
      ],
      [
        -5.131169529631734,
        55.8457509521395,
        2.6000000000000227
      ],
      [
        -5.131155699491501,
        55.84574340842664,
        2.6000000000000227
      ],
      [
        -5.131140863522887,
        55.845736199989915,
        2.6000000000000227
      ],
      [
        -5.131125021725893,
        55.845729410648346,
        2.6000000000000227
      ],
      [
        -5.131108174100518,
        55.845722956582904,
        2.6000000000000227
      ],
      [
        -5.131090404465795,
        55.84571692161262,
        2.6000000000000227
      ],
      [
        -5.131071712821722,
        55.84571113809943,
        2.6000000000000227
      ],
      [
        -5.131052182987332,
        55.84570568986237,
        2.6000000000000227
      ],
      [
        -5.131031982600689,
        55.84570040926337,
        2.3999999999999773
      ],
      [
        -5.131011279299855,
        55.845695212483406,
        2.3999999999999773
      ],
      [
        -5.130990240722895,
        55.84568993188441,
        2.3999999999999773
      ],
      [
        -5.130968950688839,
        55.84568456746638,
        2.3999999999999773
      ],
      [
        -5.130947660654783,
        55.84567886777222,
        2.1999999999999886
      ],
      [
        -5.130926622077823,
        55.84567283280194,
        2.1999999999999886
      ],
      [
        -5.130905918776989,
        55.845666294917464,
        2.1999999999999886
      ],
      [
        -5.130885718390346,
        55.8456592541188,
        2.1999999999999886
      ],
      [
        -5.130866104736924,
        55.845651626586914,
        2.1999999999999886
      ],
      [
        -5.130847245454788,
        55.845643412321806,
        2
      ],
      [
        -5.130829056724906,
        55.845634611323476,
        2
      ],
      [
        -5.130811454728246,
        55.845625307410955,
        2
      ],
      [
        -5.130794523283839,
        55.84561541676521,
        2
      ],
      [
        -5.130778178572655,
        55.84560510702431,
        2
      ],
      [
        -5.130762252956629,
        55.84559437818825,
        2.1999999999999886
      ],
      [
        -5.130746830254793,
        55.845583230257034,
        2.1999999999999886
      ],
      [
        -5.130731742829084,
        55.84557183086872,
        2.1999999999999886
      ],
      [
        -5.130716906860471,
        55.84556018002331,
        2.3999999999999773
      ],
      [
        -5.130702322348952,
        55.84554836153984,
        2.3999999999999773
      ],
      [
        -5.1306878216564655,
        55.84553645923734,
        2.3999999999999773
      ],
      [
        -5.130673320963979,
        55.84552455693483,
        2.6000000000000227
      ],
      [
        -5.13065873645246,
        55.84551265463233,
        2.6000000000000227
      ],
      [
        -5.130643900483847,
        55.84550083614886,
        2.6000000000000227
      ],
      [
        -5.130628813058138,
        55.84548918530345,
        2.8000000000000114
      ],
      [
        -5.1306133065372705,
        55.845477702096105,
        2.8000000000000114
      ],
      [
        -5.130597548559308,
        55.84546630270779,
        2.8000000000000114
      ],
      [
        -5.130581455305219,
        55.845455238595605,
        2.8000000000000114
      ],
      [
        -5.1305650267750025,
        55.84544425830245,
        2.8000000000000114
      ],
      [
        -5.130548179149628,
        55.84543361328542,
        2.8000000000000114
      ],
      [
        -5.1305311638861895,
        55.84542313590646,
        2.8000000000000114
      ],
      [
        -5.130513729527593,
        55.84541282616556,
        2.8000000000000114
      ],
      [
        -5.130496127530932,
        55.84540276788175,
        2.8000000000000114
      ],
      [
        -5.130478274077177,
        55.84539279341698,
        2.6000000000000227
      ],
      [
        -5.1304601691663265,
        55.8453830704093,
        2.6000000000000227
      ],
      [
        -5.130441896617413,
        55.84537343122065,
        2.6000000000000227
      ],
      [
        -5.130423456430435,
        55.845363875851035,
        2.3999999999999773
      ],
      [
        -5.130404848605394,
        55.84535440430045,
        2.3999999999999773
      ],
      [
        -5.1303862407803535,
        55.8453450165689,
        2.1999999999999886
      ],
      [
        -5.1303677167743444,
        55.845335545018315,
        2.1999999999999886
      ],
      [
        -5.130349276587367,
        55.8453259896487,
        2
      ],
      [
        -5.130331004038453,
        55.84531635046005,
        2
      ],
      [
        -5.130312899127603,
        55.84530662745237,
        1.8000000000000114
      ],
      [
        -5.130295129492879,
        55.84529682062566,
        1.8000000000000114
      ],
      [
        -5.13027761131525,
        55.84528676234186,
        1.8000000000000114
      ],
      [
        -5.130260428413749,
        55.84527662023902,
        1.6000000000000227
      ],
      [
        -5.130243496969342,
        55.84526631049812,
        1.6000000000000227
      ],
      [
        -5.130226816982031,
        55.845255833119154,
        1.6000000000000227
      ],
      [
        -5.130210472270846,
        55.84524527192116,
        1.6000000000000227
      ],
      [
        -5.130194379016757,
        55.8452345430851,
        1.6000000000000227
      ],
      [
        -5.130178537219763,
        55.84522373043001,
        1.6000000000000227
      ],
      [
        -5.1301630306988955,
        55.845212917774916,
        1.6000000000000227
      ],
      [
        -5.1301476918160915,
        55.84520202130079,
        1.6000000000000227
      ],
      [
        -5.130132520571351,
        55.84519112482667,
        1.8000000000000114
      ],
      [
        -5.130117516964674,
        55.84518031217158,
        1.8000000000000114
      ],
      [
        -5.130102513357997,
        55.84516949951649,
        1.8000000000000114
      ],
      [
        -5.130087593570352,
        55.84515885449946,
        1.8000000000000114
      ],
      [
        -5.130072673782706,
        55.84514829330146,
        2
      ],
      [
        -5.130057753995061,
        55.84513789974153,
        2
      ],
      [
        -5.130042834207416,
        55.84512775763869,
        2
      ],
      [
        -5.13002791441977,
        55.84511769935489,
        2.1999999999999886
      ],
      [
        -5.130012910813093,
        55.845107808709145,
        2.1999999999999886
      ],
      [
        -5.129997823387384,
        55.845098085701466,
        2.1999999999999886
      ],
      [
        -5.129982652142644,
        55.84508853033185,
        2.1999999999999886
      ],
      [
        -5.12996731325984,
        55.845078974962234,
        2.1999999999999886
      ],
      [
        -5.129951974377036,
        55.84506941959262,
        2.1999999999999886
      ],
      [
        -5.1299365516752005,
        55.845059948042035,
        2.1999999999999886
      ],
      [
        -5.129921128973365,
        55.84505039267242,
        2.1999999999999886
      ],
      [
        -5.1299056224524975,
        55.845040837302804,
        2.1999999999999886
      ],
      [
        -5.129890199750662,
        55.845031114295125,
        2.1999999999999886
      ],
      [
        -5.129874777048826,
        55.845021307468414,
        2.1999999999999886
      ],
      [
        -5.129859521985054,
        55.84501141682267,
        2.1999999999999886
      ],
      [
        -5.1298443507403135,
        55.845001358538866,
        2.1999999999999886
      ],
      [
        -5.1298293471336365,
        55.84499121643603,
        2.1999999999999886
      ],
      [
        -5.129814511165023,
        55.84498099051416,
        2
      ],
      [
        -5.129799759015441,
        55.84497068077326,
        2
      ],
      [
        -5.129785006865859,
        55.844960287213326,
        2
      ],
      [
        -5.129770254716277,
        55.844949977472425,
        2
      ],
      [
        -5.129755586385727,
        55.84493950009346,
        2
      ],
      [
        -5.129740750417113,
        55.84492910653353,
        2
      ],
      [
        -5.1297259144485,
        55.844918712973595,
        2
      ],
      [
        -5.129710994660854,
        55.84490823559463,
        2
      ],
      [
        -5.129695823416114,
        55.8448978420347,
        2
      ],
      [
        -5.129680568352342,
        55.84488736465573,
        2
      ],
      [
        -5.129665145650506,
        55.84487688727677,
        2
      ],
      [
        -5.129649471491575,
        55.844866409897804,
        2
      ],
      [
        -5.129633713513613,
        55.84485601633787,
        2
      ],
      [
        -5.129617704078555,
        55.84484553895891,
        2
      ],
      [
        -5.129601610824466,
        55.84483506157994,
        1.8000000000000114
      ],
      [
        -5.129585433751345,
        55.84482458420098,
        1.8000000000000114
      ],
      [
        -5.12956908904016,
        55.844814190641046,
        1.8000000000000114
      ],
      [
        -5.129552660509944,
        55.84480379708111,
        1.8000000000000114
      ],
      [
        -5.129536064341664,
        55.84479348734021,
        1.8000000000000114
      ],
      [
        -5.129519300535321,
        55.84478326141834,
        1.8000000000000114
      ],
      [
        -5.129502369090915,
        55.844773119315505,
        1.8000000000000114
      ],
      [
        -5.129485270008445,
        55.84476314485073,
        1.8000000000000114
      ],
      [
        -5.129468003287911,
        55.84475325420499,
        1.8000000000000114
      ],
      [
        -5.129450568929315,
        55.84474353119731,
        1.8000000000000114
      ],
      [
        -5.129433050751686,
        55.84473389200866,
        1.8000000000000114
      ],
      [
        -5.129415532574058,
        55.84472442045808,
        1.8000000000000114
      ],
      [
        -5.129397930577397,
        55.84471511654556,
        1.8000000000000114
      ],
      [
        -5.129380412399769,
        55.84470589645207,
        1.8000000000000114
      ],
      [
        -5.129362978041172,
        55.84469676017761,
        1.8000000000000114
      ],
      [
        -5.129345711320639,
        55.84468770772219,
        1.8000000000000114
      ],
      [
        -5.129328612238169,
        55.84467865526676,
        1.8000000000000114
      ],
      [
        -5.129311680793762,
        55.84466968663037,
        1.8000000000000114
      ],
      [
        -5.129295000806451,
        55.84466063417494,
        1.8000000000000114
      ],
      [
        -5.129278404638171,
        55.84465166553855,
        1.8000000000000114
      ],
      [
        -5.129262059926987,
        55.844642613083124,
        1.8000000000000114
      ],
      [
        -5.129245882853866,
        55.84463347680867,
        1.8000000000000114
      ],
      [
        -5.12922995723784,
        55.84462417289615,
        1.8000000000000114
      ],
      [
        -5.129214199259877,
        55.844614868983626,
        1.8000000000000114
      ],
      [
        -5.129198608919978,
        55.84460539743304,
        1.8000000000000114
      ],
      [
        -5.1291831862181425,
        55.844595758244395,
        1.8000000000000114
      ],
      [
        -5.129168014973402,
        55.844586035236716,
        1.8000000000000114
      ],
      [
        -5.129153095185757,
        55.844576144590974,
        1.8000000000000114
      ],
      [
        -5.1291384268552065,
        55.84456608630717,
        1.8000000000000114
      ],
      [
        -5.129124177619815,
        55.84455594420433,
        1.8000000000000114
      ],
      [
        -5.129110179841518,
        55.8445455506444,
        1.8000000000000114
      ],
      [
        -5.1290966011583805,
        55.8445349894464,
        1.8000000000000114
      ],
      [
        -5.129083273932338,
        55.844524344429374,
        1.8000000000000114
      ],
      [
        -5.129070281982422,
        55.84451344795525,
        1.8000000000000114
      ],
      [
        -5.129057541489601,
        55.84450255148113,
        1.8000000000000114
      ],
      [
        -5.12904480099678,
        55.84449148736894,
        1.8000000000000114
      ],
      [
        -5.129032228142023,
        55.844480423256755,
        1.8000000000000114
      ],
      [
        -5.129019571468234,
        55.84446927532554,
        1.6000000000000227
      ],
      [
        -5.129006914794445,
        55.84445812739432,
        1.6000000000000227
      ],
      [
        -5.128994006663561,
        55.84444706328213,
        1.6000000000000227
      ],
      [
        -5.128980930894613,
        55.844435999169946,
        1.6000000000000227
      ],
      [
        -5.128967519849539,
        55.84442493505776,
        1.6000000000000227
      ],
      [
        -5.1289537735283375,
        55.844414038583636,
        1.6000000000000227
      ],
      [
        -5.128939608111978,
        55.844403225928545,
        1.6000000000000227
      ],
      [
        -5.128925107419491,
        55.844392497092485,
        1.6000000000000227
      ],
      [
        -5.128910019993782,
        55.84438185207546,
        1.6000000000000227
      ],
      [
        -5.128894597291946,
        55.84437129087746,
        1.6000000000000227
      ],
      [
        -5.1288786716759205,
        55.84436089731753,
        1.6000000000000227
      ],
      [
        -5.128862410783768,
        55.84435058757663,
        1.3999999999999773
      ],
      [
        -5.128845814615488,
        55.84434027783573,
        1.3999999999999773
      ],
      [
        -5.128829050809145,
        55.84433005191386,
        1.3999999999999773
      ],
      [
        -5.1288121193647385,
        55.84431982599199,
        1.3999999999999773
      ],
      [
        -5.128795187920332,
        55.84430960007012,
        1.3999999999999773
      ],
      [
        -5.128778172656894,
        55.84429937414825,
        1.3999999999999773
      ],
      [
        -5.128761241212487,
        55.84428906440735,
        1.3999999999999773
      ],
      [
        -5.128744393587112,
        55.844278670847416,
        1.3999999999999773
      ],
      [
        -5.128727545961738,
        55.84426819346845,
        1.3999999999999773
      ],
      [
        -5.128710698336363,
        55.84425771608949,
        1.3999999999999773
      ],
      [
        -5.12869393453002,
        55.84424715489149,
        1.6000000000000227
      ],
      [
        -5.128677086904645,
        55.844236593693495,
        1.6000000000000227
      ],
      [
        -5.1286601554602385,
        55.8442260324955,
        1.6000000000000227
      ],
      [
        -5.128643391653895,
        55.84421538747847,
        1.6000000000000227
      ],
      [
        -5.128626627847552,
        55.844204826280475,
        1.6000000000000227
      ],
      [
        -5.128610031679273,
        55.84419426508248,
        1.6000000000000227
      ],
      [
        -5.128593603149056,
        55.84418370388448,
        1.8000000000000114
      ],
      [
        -5.128577342256904,
        55.84417322650552,
        1.8000000000000114
      ],
      [
        -5.128561416640878,
        55.84416274912655,
        1.8000000000000114
      ],
      [
        -5.128545658662915,
        55.84415243938565,
        1.8000000000000114
      ],
      [
        -5.128530068323016,
        55.84414221346378,
        1.8000000000000114
      ],
      [
        -5.128514729440212,
        55.844132071360946,
        1.8000000000000114
      ],
      [
        -5.12849947437644,
        55.84412209689617,
        1.8000000000000114
      ],
      [
        -5.1284843031317,
        55.84411229006946,
        1.8000000000000114
      ],
      [
        -5.128469131886959,
        55.84410256706178,
        1.8000000000000114
      ],
      [
        -5.128454128280282,
        55.8440930955112,
        2
      ],
      [
        -5.128439208492637,
        55.844083707779646,
        2
      ],
      [
        -5.128424372524023,
        55.84407448768616,
        2
      ],
      [
        -5.128409536555409,
        55.84406543523073,
        2
      ],
      [
        -5.1283947844058275,
        55.84405646659434,
        2
      ],
      [
        -5.128379948437214,
        55.84404766559601,
        2
      ],
      [
        -5.128364861011505,
        55.84403903223574,
        2
      ],
      [
        -5.1283494383096695,
        55.84403056651354,
        2
      ],
      [
        -5.128333596512675,
        55.84402218461037,
        2
      ],
      [
        -5.1283173356205225,
        55.84401405416429,
        2.1999999999999886
      ],
      [
        -5.128300571814179,
        55.84400609135628,
        2.1999999999999886
      ],
      [
        -5.128283388912678,
        55.843998212367296,
        2.1999999999999886
      ],
      [
        -5.128265870735049,
        55.84399050101638,
        2.1999999999999886
      ],
      [
        -5.128248017281294,
        55.843982957303524,
        2.3999999999999773
      ],
      [
        -5.128229912370443,
        55.84397541359067,
        2.3999999999999773
      ],
      [
        -5.128211556002498,
        55.84396803751588,
        2.3999999999999773
      ],
      [
        -5.128192864358425,
        55.84396074526012,
        2.3999999999999773
      ],
      [
        -5.1281739212572575,
        55.843953620642424,
        2.6000000000000227
      ],
      [
        -5.128154810518026,
        55.84394657984376,
        2.6000000000000227
      ],
      [
        -5.1281354483217,
        55.84393962286413,
        2.6000000000000227
      ],
      [
        -5.128116002306342,
        55.84393291734159,
        2.6000000000000227
      ],
      [
        -5.128096388652921,
        55.843926379457116,
        2.8000000000000114
      ],
      [
        -5.128076858818531,
        55.843920009210706,
        2.8000000000000114
      ],
      [
        -5.128057328984141,
        55.84391389042139,
        2.8000000000000114
      ],
      [
        -5.128037966787815,
        55.8439081069082,
        2.8000000000000114
      ],
      [
        -5.1280186884105206,
        55.84390257485211,
        3
      ],
      [
        -5.127999493852258,
        55.843897545710206,
        3
      ],
      [
        -5.127980466932058,
        55.84389285184443,
        3
      ],
      [
        -5.127961691468954,
        55.84388857707381,
        3
      ],
      [
        -5.127943167462945,
        55.843884805217385,
        3
      ],
      [
        -5.127924894914031,
        55.84388153627515,
        3
      ],
      [
        -5.1279067900031805,
        55.84387860260904,
        3
      ],
      [
        -5.127889020368457,
        55.84387617185712,
        3
      ],
      [
        -5.127871502190828,
        55.84387416020036,
        3
      ],
      [
        -5.1278540678322315,
        55.84387265145779,
        3
      ],
      [
        -5.127836717292666,
        55.84387147799134,
        3
      ],
      [
        -5.127819450572133,
        55.84387080743909,
        3
      ],
      [
        -5.1278021838516,
        55.84387047216296,
        3
      ],
      [
        -5.127784917131066,
        55.843870639801025,
        3
      ],
      [
        -5.127767650410533,
        55.843871058896184,
        3
      ],
      [
        -5.127750299870968,
        55.84387181326747,
        3
      ],
      [
        -5.1277330331504345,
        55.84387290291488,
        3
      ],
      [
        -5.127715766429901,
        55.84387432783842,
        3.1999999999999886
      ],
      [
        -5.127698499709368,
        55.84387583658099,
        3.1999999999999886
      ],
      [
        -5.127681316807866,
        55.84387768059969,
        3.1999999999999886
      ],
      [
        -5.127664301544428,
        55.84387960843742,
        3.1999999999999886
      ],
      [
        -5.127647370100021,
        55.84388162009418,
        3.3999999999999773
      ],
      [
        -5.12763069011271,
        55.84388363175094,
        3.3999999999999773
      ],
      [
        -5.127614177763462,
        55.843885727226734,
        3.3999999999999773
      ],
      [
        -5.127597916871309,
        55.843887655064464,
        3.3999999999999773
      ],
      [
        -5.127581907436252,
        55.84388941526413,
        3.6000000000000227
      ],
      [
        -5.127566233277321,
        55.8438909240067,
        3.6000000000000227
      ],
      [
        -5.127550978213549,
        55.843892097473145,
        3.6000000000000227
      ],
      [
        -5.127536058425903,
        55.84389285184443,
        3.6000000000000227
      ],
      [
        -5.12752172537148,
        55.84389327093959,
        3.6000000000000227
      ],
      [
        -5.127507895231247,
        55.843893103301525,
        3.8000000000000114
      ],
      [
        -5.127494651824236,
        55.84389243274927,
        3.8000000000000114
      ],
      [
        -5.12748216278851,
        55.84389134310186,
        3.8000000000000114
      ],
      [
        -5.12747042812407,
        55.84388983435929,
        3.8000000000000114
      ],
      [
        -5.127459364011884,
        55.84388790652156,
        3.8000000000000114
      ],
      [
        -5.127448970451951,
        55.8438856434077,
        3.8000000000000114
      ],
      [
        -5.127439247444272,
        55.843883296474814,
        4
      ],
      [
        -5.127430111169815,
        55.84388069808483,
        4
      ],
      [
        -5.127421393990517,
        55.84387818351388,
        4
      ],
      [
        -5.1274131797254086,
        55.84387566894293,
        4
      ],
      [
        -5.127405468374491,
        55.84387323819101,
        4
      ],
      [
        -5.127398259937763,
        55.84387097507715,
        4
      ],
      [
        -5.127391554415226,
        55.84386896342039,
        4
      ],
      [
        -5.1273855194449425,
        55.84386711940169,
        4
      ],
      [
        -5.127380238845944,
        55.84386552684009,
        4
      ],
      [
        -5.1273756287992,
        55.84386401809752,
        4.199999999999989
      ],
      [
        -5.127371773123741,
        55.843862760812044,
        4.199999999999989
      ],
      [
        -5.127368671819568,
        55.8438615873456,
        4.199999999999989
      ],
      [
        -5.127366241067648,
        55.84386066533625,
        4.199999999999989
      ],
      [
        -5.127364480867982,
        55.8438597433269,
        4.199999999999989
      ],
      [
        -5.12736339122057,
        55.84385898895562,
        4.199999999999989
      ],
      [
        -5.127362720668316,
        55.84385823458433,
        4.199999999999989
      ],
      [
        -5.1273625530302525,
        55.84385764785111,
        4.199999999999989
      ],
      [
        -5.127362636849284,
        55.84385706111789,
        4.199999999999989
      ],
      [
        -5.127363055944443,
        55.8438565582037,
        4.199999999999989
      ],
      [
        -5.1273637264966965,
        55.84385605528951,
        4.199999999999989
      ],
      [
        -5.12736439704895,
        55.84385563619435,
        4.199999999999989
      ],
      [
        -5.127366241067648,
        55.84385488182306,
        4.399999999999977
      ],
      [
        -5.1273672468960285,
        55.843854462727904,
        4.399999999999977
      ]
    ]
  }
}
