{
  "type": "Feature",
  "properties": {},
  "geometry": {
    "type": "LineString",
    "coordinates": [
      [
        -0.32033815048635006,
        51.181173054501414,
        94.79999999999995
      ],
      [
        -0.3203121665865183,
        51.18116794154048,
        96.39999999999998
      ],
      [
        -0.3203323669731617,
        51.18116458877921,
        91.60000000000002
      ],
      [
        -0.3203339595347643,
        51.181162828579545,
        90.79999999999995
      ],
      [
        -0.3203360550105572,
        51.18116199038923,
        89.79999999999995
      ],
      [
        -0.3203132562339306,
        51.18115411140025,
        88.79999999999995
      ],
      [
        -0.32029900699853897,
        51.18114983662963,
        88.20000000000005
      ],
      [
        -0.3202277608215809,
        51.18113139644265,
        87.20000000000005
      ],
      [
        -0.32019155099987984,
        51.181120835244656,
        87.20000000000005
      ],
      [
        -0.32014042139053345,
        51.18110734038055,
        87
      ],
      [
        -0.32006355933845043,
        51.18108537979424,
        86.79999999999995
      ],
      [
        -0.3199740406125784,
        51.18105738423765,
        85.60000000000002
      ],
      [
        -0.3199146129190922,
        51.181034753099084,
        84.60000000000002
      ],
      [
        -0.31962526962161064,
        51.180953700095415,
        84.20000000000005
      ],
      [
        -0.3191126324236393,
        51.18077223189175,
        80.20000000000005
      ],
      [
        -0.3185947146266699,
        51.180525636300445,
        76.60000000000002
      ],
      [
        -0.3185691498219967,
        51.18049428798258,
        76.79999999999995
      ],
      [
        -0.3189200162887573,
        51.1801187787205,
        79.39999999999998
      ],
      [
        -0.31928664073348045,
        51.17990839295089,
        84
      ],
      [
        -0.31938621774315834,
        51.17975031025708,
        85.20000000000005
      ],
      [
        -0.31940423883497715,
        51.17968459613621,
        85
      ],
      [
        -0.31940038315951824,
        51.17967227473855,
        84.79999999999995
      ],
      [
        -0.3193853795528412,
        51.17964645847678,
        84.39999999999998
      ],
      [
        -0.31934388913214207,
        51.179602118209004,
        83.79999999999995
      ],
      [
        -0.31929426826536655,
        51.17957906797528,
        83.20000000000005
      ],
      [
        -0.3192156460136175,
        51.179549396038055,
        82.39999999999998
      ],
      [
        -0.31871206127107143,
        51.17927212268114,
        83.79999999999995
      ],
      [
        -0.31851550564169884,
        51.17898537777364,
        83.60000000000002
      ],
      [
        -0.31843436881899834,
        51.17890181019902,
        83.79999999999995
      ],
      [
        -0.3183617815375328,
        51.178820338100195,
        83.60000000000002
      ],
      [
        -0.31815508380532265,
        51.17849570699036,
        81.20000000000005
      ],
      [
        -0.31817905604839325,
        51.17847894318402,
        81.60000000000002
      ],
      [
        -0.31820470467209816,
        51.17846737615764,
        81.60000000000002
      ],
      [
        -0.31828584149479866,
        51.17843016050756,
        82
      ],
      [
        -0.31891909427940845,
        51.178202256560326,
        86.79999999999995
      ],
      [
        -0.3191294800490141,
        51.17809362709522,
        88.39999999999998
      ],
      [
        -0.319186644628644,
        51.17806571535766,
        87.60000000000002
      ],
      [
        -0.31942217610776424,
        51.17791132070124,
        86
      ],
      [
        -0.3197677619755268,
        51.17765475064516,
        86.60000000000002
      ],
      [
        -0.3201296925544739,
        51.17726826108992,
        80.39999999999998
      ],
      [
        -0.32026413828134537,
        51.17716600187123,
        76
      ],
      [
        -0.3204886894673109,
        51.17673709988594,
        72.60000000000002
      ],
      [
        -0.3205321077257395,
        51.17664732970297,
        76.79999999999995
      ],
      [
        -0.32055473886430264,
        51.17662386037409,
        78.20000000000005
      ],
      [
        -0.3205899428576231,
        51.17656250484288,
        80.60000000000002
      ],
      [
        -0.32040009275078773,
        51.176448091864586,
        83
      ],
      [
        -0.3204030264168978,
        51.176444571465254,
        83.60000000000002
      ],
      [
        -0.3203694149851799,
        51.17638430558145,
        86.39999999999998
      ],
      [
        -0.3203259967267513,
        51.17630803026259,
        87.60000000000002
      ],
      [
        -0.3203317802399397,
        51.17630643770099,
        88
      ],
      [
        -0.3203297685831785,
        51.176299564540386,
        88.79999999999995
      ],
      [
        -0.3203106578439474,
        51.17627835832536,
        89
      ],
      [
        -0.32027218490839005,
        51.176145169883966,
        85.20000000000005
      ],
      [
        -0.3203084785491228,
        51.176109379157424,
        83.60000000000002
      ],
      [
        -0.3205730952322483,
        51.176000917330384,
        83.39999999999998
      ],
      [
        -0.32117240130901337,
        51.17573043331504,
        85.79999999999995
      ],
      [
        -0.32179249450564384,
        51.175486855208874,
        87.20000000000005
      ],
      [
        -0.3219932410866022,
        51.17541158571839,
        87
      ],
      [
        -0.3220493160188198,
        51.17538342252374,
        87.39999999999998
      ],
      [
        -0.32234360463917255,
        51.1752939876169,
        87.20000000000005
      ],
      [
        -0.32249003648757935,
        51.17523313499987,
        87.39999999999998
      ],
      [
        -0.3228416573256254,
        51.17508368566632,
        87
      ],
      [
        -0.3228808846324682,
        51.17504194378853,
        86.79999999999995
      ],
      [
        -0.32291533425450325,
        51.17499751970172,
        86.39999999999998
      ],
      [
        -0.3229433298110962,
        51.17495569400489,
        85.79999999999995
      ],
      [
        -0.32320819795131683,
        51.174727622419596,
        78.79999999999995
      ],
      [
        -0.3232832998037338,
        51.17470197379589,
        77.60000000000002
      ],
      [
        -0.3237671032547951,
        51.17460013367236,
        82.60000000000002
      ],
      [
        -0.3238528501242399,
        51.17459527216852,
        85.20000000000005
      ],
      [
        -0.3238963522017002,
        51.17459577508271,
        85
      ],
      [
        -0.32400766387581825,
        51.1745045799762,
        82.20000000000005
      ],
      [
        -0.32397061586380005,
        51.17438966408372,
        79.20000000000005
      ],
      [
        -0.3237404488027096,
        51.1739744246006,
        81.20000000000005
      ],
      [
        -0.3237858787178993,
        51.174022536724806,
        89.20000000000005
      ],
      [
        -0.324030127376318,
        51.174372816458344,
        88.60000000000002
      ],
      [
        -0.3242545109242201,
        51.174374241381884,
        92.20000000000005
      ],
      [
        -0.3242970071732998,
        51.174362590536475,
        91.79999999999995
      ],
      [
        -0.32435609959065914,
        51.17435353808105,
        91.60000000000002
      ],
      [
        -0.3243755456060171,
        51.174348341301084,
        91.39999999999998
      ],
      [
        -0.32439155504107475,
        51.17434121668339,
        91.20000000000005
      ],
      [
        -0.32445643097162247,
        51.17431011982262,
        89.60000000000002
      ],
      [
        -0.32447160221636295,
        51.174302995204926,
        89.60000000000002
      ],
      [
        -0.3245087340474129,
        51.17429880425334,
        89.39999999999998
      ],
      [
        -0.32464795745909214,
        51.174277514219284,
        88.79999999999995
      ],
      [
        -0.3246663976460695,
        51.17427240125835,
        89
      ],
      [
        -0.32471165992319584,
        51.17425580509007,
        88.39999999999998
      ],
      [
        -0.3250125702470541,
        51.1740074492991,
        87.79999999999995
      ],
      [
        -0.32506738789379597,
        51.17396453395486,
        88
      ],
      [
        -0.3251294977962971,
        51.1739244684577,
        87.20000000000005
      ],
      [
        -0.3252942021936178,
        51.17377602495253,
        89.20000000000005
      ],
      [
        -0.3256164863705635,
        51.17353814654052,
        86.79999999999995
      ],
      [
        -0.325706172734499,
        51.173482490703464,
        86
      ],
      [
        -0.32580122351646423,
        51.17343932390213,
        85
      ],
      [
        -0.32608000561594963,
        51.17335961200297,
        85.20000000000005
      ],
      [
        -0.3262998629361391,
        51.17328786291182,
        87
      ],
      [
        -0.32663505524396896,
        51.17319842800498,
        88.79999999999995
      ],
      [
        -0.32700369134545326,
        51.17309742607176,
        89
      ],
      [
        -0.32711751759052277,
        51.17306892760098,
        88.60000000000002
      ],
      [
        -0.32710880041122437,
        51.17307521402836,
        88.60000000000002
      ],
      [
        -0.32710863277316093,
        51.17307789623737,
        88.79999999999995
      ],
      [
        -0.3271100576967001,
        51.17308175191283,
        88.79999999999995
      ],
      [
        -0.32711148262023926,
        51.17308443412185,
        89
      ],
      [
        -0.3271524701267481,
        51.17308686487377,
        88.79999999999995
      ],
      [
        -0.3272924479097128,
        51.1730832606554,
        88.60000000000002
      ],
      [
        -0.32730795443058014,
        51.173082338646054,
        88.39999999999998
      ],
      [
        -0.32732320949435234,
        51.17307957261801,
        88.39999999999998
      ],
      [
        -0.32734181731939316,
        51.17307957261801,
        88.20000000000005
      ],
      [
        -0.32736126333475113,
        51.17307764478028,
        88.20000000000005
      ],
      [
        -0.3273849841207266,
        51.173074040561914,
        88.39999999999998
      ],
      [
        -0.3274091240018606,
        51.173070687800646,
        88.60000000000002
      ],
      [
        -0.32743552699685097,
        51.17306892760098,
        89
      ],
      [
        -0.32745840959250927,
        51.17306398227811,
        88.79999999999995
      ],
      [
        -0.3275794442743063,
        51.17303716018796,
        87.60000000000002
      ],
      [
        -0.32758137211203575,
        51.17303900420666,
        87.39999999999998
      ],
      [
        -0.3275833837687969,
        51.17304654791951,
        87.79999999999995
      ],
      [
        -0.32763049006462097,
        51.17307806387544,
        91.20000000000005
      ],
      [
        -0.3276441525667906,
        51.17308250628412,
        91.79999999999995
      ],
      [
        -0.327762421220541,
        51.17310890927911,
        93.20000000000005
      ],
      [
        -0.3277928475290537,
        51.17311645299196,
        93.79999999999995
      ],
      [
        -0.32780617475509644,
        51.1731178779155,
        94
      ],
      [
        -0.3278206754475832,
        51.17311913520098,
        93.79999999999995
      ],
      [
        -0.3278278838843107,
        51.17312123067677,
        93.79999999999995
      ],
      [
        -0.3278216812759638,
        51.1731181293726,
        93.79999999999995
      ],
      [
        -0.3278178256005049,
        51.17311678826809,
        94
      ],
      [
        -0.3278173226863146,
        51.173116620630026,
        94
      ],
      [
        -0.32781723886728287,
        51.173116117715836,
        94
      ],
      [
        -0.3278169874101877,
        51.1731162853539,
        94
      ],
      [
        -0.32785420306026936,
        51.17312014102936,
        93.60000000000002
      ],
      [
        -0.3279296401888132,
        51.173140006139874,
        92.79999999999995
      ],
      [
        -0.3280151356011629,
        51.17316775023937,
        91.20000000000005
      ],
      [
        -0.3280303068459034,
        51.17317060008645,
        91.20000000000005
      ],
      [
        -0.3280935902148485,
        51.17318828590214,
        91
      ],
      [
        -0.3281709551811218,
        51.17322089150548,
        90.39999999999998
      ],
      [
        -0.32873673364520073,
        51.17336195893586,
        94.39999999999998
      ],
      [
        -0.32887947745621204,
        51.17338517680764,
        94
      ],
      [
        -0.32899321988224983,
        51.17345608770847,
        96.20000000000005
      ],
      [
        -0.3290736861526966,
        51.1734736058861,
        97.39999999999998
      ],
      [
        -0.32920452766120434,
        51.1735013499856,
        98.79999999999995
      ],
      [
        -0.32925297506153584,
        51.173520125448704,
        99.20000000000005
      ],
      [
        -0.3293328545987606,
        51.17353797890246,
        98.79999999999995
      ],
      [
        -0.3293776139616966,
        51.17355038411915,
        99.79999999999995
      ],
      [
        -0.32941533252596855,
        51.17355599999428,
        100.20000000000005
      ],
      [
        -0.329514155164361,
        51.17357552982867,
        101
      ],
      [
        -0.3295620158314705,
        51.17358944378793,
        101.39999999999998
      ],
      [
        -0.32962504774332047,
        51.17360553704202,
        102.20000000000005
      ],
      [
        -0.3298502694815397,
        51.17367032915354,
        103
      ],
      [
        -0.3299008961766958,
        51.17368751205504,
        103.39999999999998
      ],
      [
        -0.330009525641799,
        51.17371986620128,
        106
      ],
      [
        -0.33005562610924244,
        51.17374585010111,
        107
      ],
      [
        -0.33007792197167873,
        51.17375356145203,
        107.20000000000005
      ],
      [
        -0.3301878087222576,
        51.17377954535186,
        108.20000000000005
      ],
      [
        -0.33032963052392006,
        51.17381843738258,
        107
      ],
      [
        -0.33048586919903755,
        51.17387870326638,
        108.60000000000002
      ],
      [
        -0.3307060617953539,
        51.17397794499993,
        109.60000000000002
      ],
      [
        -0.33130972646176815,
        51.174221271649,
        114.39999999999998
      ],
      [
        -0.33202135004103184,
        51.17426058277488,
        112.79999999999995
      ],
      [
        -0.33212260343134403,
        51.17424943484366,
        113.39999999999998
      ],
      [
        -0.33220558427274227,
        51.174246752634645,
        115
      ],
      [
        -0.33223475329577923,
        51.174251697957516,
        116.20000000000005
      ],
      [
        -0.33231102861464024,
        51.17426217533648,
        117.60000000000002
      ],
      [
        -0.332605317234993,
        51.17438974790275,
        118.79999999999995
      ],
      [
        -0.332691315561533,
        51.1744184140116,
        118.79999999999995
      ],
      [
        -0.33297546207904816,
        51.17452209815383,
        118.79999999999995
      ],
      [
        -0.3331494703888893,
        51.17458990775049,
        118.20000000000005
      ],
      [
        -0.33339246176183224,
        51.17465562187135,
        118.79999999999995
      ],
      [
        -0.33357812091708183,
        51.17469602264464,
        119.20000000000005
      ],
      [
        -0.3340119682252407,
        51.17476307787001,
        120.39999999999998
      ],
      [
        -0.33455788157880306,
        51.17469476535916,
        121.60000000000002
      ],
      [
        -0.33487035892903805,
        51.174625447019935,
        121.20000000000005
      ],
      [
        -0.3351326286792755,
        51.174578508362174,
        118.60000000000002
      ],
      [
        -0.3351522423326969,
        51.17457632906735,
        118.60000000000002
      ],
      [
        -0.33523354679346085,
        51.17456895299256,
        118.20000000000005
      ],
      [
        -0.33538601361215115,
        51.174587812274694,
        117.20000000000005
      ],
      [
        -0.3353994246572256,
        51.17459393106401,
        117.20000000000005
      ],
      [
        -0.3355070482939482,
        51.17469032295048,
        116
      ],
      [
        -0.3356471937149763,
        51.174867767840624,
        112.20000000000005
      ],
      [
        -0.3357253968715668,
        51.174964578822255,
        112.20000000000005
      ],
      [
        -0.3359056916087866,
        51.17524470202625,
        112.39999999999998
      ],
      [
        -0.3364790976047516,
        51.175466906279325,
        110.20000000000005
      ],
      [
        -0.336607089266181,
        51.17546045221388,
        110.60000000000002
      ],
      [
        -0.3366457298398018,
        51.17545357905328,
        110.39999999999998
      ],
      [
        -0.3366426285356283,
        51.17545768618584,
        110.60000000000002
      ],
      [
        -0.33669115975499153,
        51.17545751854777,
        110.60000000000002
      ],
      [
        -0.33691713586449623,
        51.17543572559953,
        111
      ],
      [
        -0.3370618913322687,
        51.17540404200554,
        111.60000000000002
      ],
      [
        -0.3377697430551052,
        51.17529457435012,
        114.60000000000002
      ],
      [
        -0.33847793005406857,
        51.1752160359174,
        115.60000000000002
      ],
      [
        -0.339202294126153,
        51.175163984298706,
        115.39999999999998
      ],
      [
        -0.33975868485867977,
        51.17517949081957,
        110.20000000000005
      ],
      [
        -0.33999606035649776,
        51.17513498291373,
        107
      ],
      [
        -0.34065043553709984,
        51.17501864209771,
        114.20000000000005
      ],
      [
        -0.3410155512392521,
        51.17485745809972,
        117
      ],
      [
        -0.3412302955985069,
        51.17479048669338,
        122.39999999999998
      ],
      [
        -0.34139868803322315,
        51.17488017305732,
        124.60000000000002
      ],
      [
        -0.34148569218814373,
        51.174914287403226,
        124.79999999999995
      ],
      [
        -0.3416411764919758,
        51.174973379820585,
        123.20000000000005
      ],
      [
        -0.3419440146535635,
        51.175076896324754,
        128.60000000000002
      ],
      [
        -0.3420617803931236,
        51.17513598874211,
        128.39999999999998
      ],
      [
        -0.34227920696139336,
        51.17526389658451,
        128
      ],
      [
        -0.3423737548291683,
        51.17529616691172,
        126.79999999999995
      ],
      [
        -0.342609453946352,
        51.17537814192474,
        125.79999999999995
      ],
      [
        -0.34264465793967247,
        51.17536850273609,
        126.39999999999998
      ],
      [
        -0.3427167423069477,
        51.17535115219653,
        127.79999999999995
      ],
      [
        -0.342748174443841,
        51.17534461431205,
        128.20000000000005
      ],
      [
        -0.3428439795970917,
        51.175330113619566,
        129
      ],
      [
        -0.34295990131795406,
        51.1753249168396,
        129.39999999999998
      ],
      [
        -0.34304254688322544,
        51.175319384783506,
        131.39999999999998
      ],
      [
        -0.34305729903280735,
        51.17532013915479,
        131.79999999999995
      ],
      [
        -0.3430716320872307,
        51.175319300964475,
        132.60000000000002
      ],
      [
        -0.3430854622274637,
        51.175317792221904,
        132.79999999999995
      ],
      [
        -0.34309803508222103,
        51.17531611584127,
        133
      ],
      [
        -0.3431152179837227,
        51.17531267926097,
        133
      ],
      [
        -0.34313407726585865,
        51.17531259544194,
        133.60000000000002
      ],
      [
        -0.3432044852524996,
        51.17530924268067,
        134.60000000000002
      ],
      [
        -0.34328604117035866,
        51.175300693139434,
        133.79999999999995
      ],
      [
        -0.3436309564858675,
        51.17527957074344,
        130.79999999999995
      ],
      [
        -0.34373514354228973,
        51.175280744209886,
        129.39999999999998
      ],
      [
        -0.3438146039843559,
        51.17527361959219,
        128.60000000000002
      ],
      [
        -0.3439766261726618,
        51.17524101398885,
        130.60000000000002
      ],
      [
        -0.3440833278000355,
        51.17522802203894,
        131.79999999999995
      ],
      [
        -0.34423336386680603,
        51.17521611973643,
        134
      ],
      [
        -0.3446019161492586,
        51.175172282382846,
        138
      ],
      [
        -0.3447688836604357,
        51.17514529265463,
        138.60000000000002
      ],
      [
        -0.34507918171584606,
        51.175106735900044,
        144
      ],
      [
        -0.34511455334722996,
        51.175098437815905,
        144.20000000000005
      ],
      [
        -0.3451441414654255,
        51.17508980445564,
        144.79999999999995
      ],
      [
        -0.3451773338019848,
        51.17508511058986,
        145
      ],
      [
        -0.3452116157859564,
        51.17507857270539,
        145.39999999999998
      ],
      [
        -0.3452929202467203,
        51.17506340146065,
        144.20000000000005
      ],
      [
        -0.34564873203635216,
        51.17501713335514,
        143
      ],
      [
        -0.3457443695515394,
        51.175012523308396,
        143.60000000000002
      ],
      [
        -0.345798684284091,
        51.175007997080684,
        143.60000000000002
      ],
      [
        -0.34592759795486927,
        51.17500648833811,
        145.20000000000005
      ],
      [
        -0.346015440300107,
        51.175038339570165,
        144.39999999999998
      ],
      [
        -0.3461236506700516,
        51.17508536204696,
        146.20000000000005
      ],
      [
        -0.3461555019021034,
        51.175093408674,
        147
      ],
      [
        -0.34629447385668755,
        51.17513783276081,
        149.20000000000005
      ],
      [
        -0.3463771194219589,
        51.17514956742525,
        150
      ],
      [
        -0.3467663750052452,
        51.175223998725414,
        152.39999999999998
      ],
      [
        -0.3468876611441374,
        51.17524428293109,
        153.20000000000005
      ],
      [
        -0.3470749966800213,
        51.17528962902725,
        154.79999999999995
      ],
      [
        -0.34732645377516747,
        51.17531863041222,
        154.20000000000005
      ],
      [
        -0.34743298776447773,
        51.17533950135112,
        153.79999999999995
      ],
      [
        -0.34760456532239914,
        51.17536355741322,
        154.20000000000005
      ],
      [
        -0.3476603887975216,
        51.17536841891706,
        154
      ],
      [
        -0.34827394410967827,
        51.175506468862295,
        151.60000000000002
      ],
      [
        -0.34834183752536774,
        51.175511414185166,
        151
      ],
      [
        -0.348404785618186,
        51.17550311610103,
        151.39999999999998
      ],
      [
        -0.3484787978231907,
        51.17549758404493,
        151.39999999999998
      ],
      [
        -0.3485409077256918,
        51.17547361180186,
        150.60000000000002
      ],
      [
        -0.34868340007960796,
        51.17540345527232,
        150.60000000000002
      ],
      [
        -0.3487434983253479,
        51.17538023740053,
        149.79999999999995
      ],
      [
        -0.34890979528427124,
        51.1753299459815,
        149.60000000000002
      ],
      [
        -0.3489955421537161,
        51.17530723102391,
        151
      ],
      [
        -0.3493387810885906,
        51.17520924657583,
        157
      ],
      [
        -0.34936954267323017,
        51.17520019412041,
        157.20000000000005
      ],
      [
        -0.3497225884348154,
        51.1751452088356,
        163.20000000000005
      ],
      [
        -0.3497771546244621,
        51.17514646612108,
        165
      ],
      [
        -0.3504745289683342,
        51.1751089990139,
        165
      ],
      [
        -0.35052062943577766,
        51.17510958574712,
        168
      ],
      [
        -0.35052699968218803,
        51.17511042393744,
        168.39999999999998
      ],
      [
        -0.35055038519203663,
        51.17511662654579,
        169.60000000000002
      ],
      [
        -0.35055968910455704,
        51.17511922493577,
        170
      ],
      [
        -0.35056513734161854,
        51.17512182332575,
        170
      ],
      [
        -0.3505675680935383,
        51.175128193572164,
        170.39999999999998
      ],
      [
        -0.3505666460841894,
        51.17513431236148,
        169
      ],
      [
        -0.350566478446126,
        51.17513288743794,
        168.79999999999995
      ],
      [
        -0.3505655564367771,
        51.1751333065331,
        168.79999999999995
      ],
      [
        -0.35056564025580883,
        51.1751348990947,
        169
      ],
      [
        -0.3505759499967098,
        51.17513238452375,
        168.60000000000002
      ],
      [
        -0.35059086978435516,
        51.175131127238274,
        168.79999999999995
      ],
      [
        -0.35060880705714226,
        51.17513137869537,
        169.20000000000005
      ],
      [
        -0.35061643458902836,
        51.175134563818574,
        169.39999999999998
      ],
      [
        -0.35062121227383614,
        51.17513473145664,
        169
      ],
      [
        -0.35079387947916985,
        51.17513967677951,
        168.60000000000002
      ],
      [
        -0.3508535586297512,
        51.17513288743794,
        169.60000000000002
      ],
      [
        -0.3510152455419302,
        51.17512123659253,
        169.60000000000002
      ],
      [
        -0.3511518705636263,
        51.17512810975313,
        171.20000000000005
      ],
      [
        -0.3513343445956707,
        51.17512417025864,
        173.39999999999998
      ],
      [
        -0.3515341691672802,
        51.17510070092976,
        175
      ],
      [
        -0.35164824686944485,
        51.175099946558475,
        175
      ],
      [
        -0.35169241949915886,
        51.17510732263327,
        175
      ],
      [
        -0.35172879695892334,
        51.17511151358485,
        175.60000000000002
      ],
      [
        -0.35184807144105434,
        51.17512509226799,
        176
      ],
      [
        -0.3518898971378803,
        51.175126852467656,
        175.79999999999995
      ],
      [
        -0.35190959461033344,
        51.175127774477005,
        175.20000000000005
      ],
      [
        -0.35192870534956455,
        51.17513087578118,
        174.79999999999995
      ],
      [
        -0.3522476367652416,
        51.17518569342792,
        172.79999999999995
      ],
      [
        -0.35240253433585167,
        51.17521025240421,
        170.60000000000002
      ],
      [
        -0.3530872520059347,
        51.175302704796195,
        173.60000000000002
      ],
      [
        -0.3533366974443197,
        51.175368251279,
        176.20000000000005
      ],
      [
        -0.3539230115711689,
        51.17552029900253,
        179.20000000000005
      ],
      [
        -0.35432349890470505,
        51.175647201016545,
        179
      ],
      [
        -0.3543764725327492,
        51.17577016353607,
        181.20000000000005
      ],
      [
        -0.35437630489468575,
        51.175805954262614,
        181.20000000000005
      ],
      [
        -0.35438133403658867,
        51.175837721675634,
        181
      ],
      [
        -0.3544130176305771,
        51.17587510496378,
        183.39999999999998
      ],
      [
        -0.3544276859611273,
        51.175905112177134,
        184.79999999999995
      ],
      [
        -0.3544279374182224,
        51.17593419738114,
        186
      ],
      [
        -0.3544310387223959,
        51.17594392038882,
        186.39999999999998
      ],
      [
        -0.3544317092746496,
        51.17595657706261,
        186.79999999999995
      ],
      [
        -0.35443338565528393,
        51.17596521042287,
        187.20000000000005
      ],
      [
        -0.35443447530269623,
        51.175974011421204,
        187.20000000000005
      ],
      [
        -0.35443615168333054,
        51.17598348297179,
        187
      ],
      [
        -0.3544371575117111,
        51.175995552912354,
        187.20000000000005
      ],
      [
        -0.35443682223558426,
        51.176008796319366,
        187.20000000000005
      ],
      [
        -0.35443673841655254,
        51.17603008635342,
        187.20000000000005
      ],
      [
        -0.3544381633400917,
        51.17605296894908,
        187.39999999999998
      ],
      [
        -0.3544599562883377,
        51.176103595644236,
        186.20000000000005
      ],
      [
        -0.3544652368873358,
        51.17611650377512,
        186.39999999999998
      ],
      [
        -0.35447646863758564,
        51.1761381290853,
        186.39999999999998
      ],
      [
        -0.35448459908366203,
        51.176151875406504,
        186
      ],
      [
        -0.3545583598315716,
        51.1762522906065,
        186.79999999999995
      ],
      [
        -0.3546519856899977,
        51.17634725756943,
        189.79999999999995
      ],
      [
        -0.35467201843857765,
        51.17635739967227,
        189.39999999999998
      ],
      [
        -0.35479774698615074,
        51.17636578157544,
        190.60000000000002
      ],
      [
        -0.3548901155591011,
        51.17637785151601,
        190.39999999999998
      ],
      [
        -0.35490771755576134,
        51.17637701332569,
        190.39999999999998
      ],
      [
        -0.35491802729666233,
        51.17637500166893,
        190.39999999999998
      ],
      [
        -0.354936383664608,
        51.17637156508863,
        191
      ],
      [
        -0.3549473639577627,
        51.17637977935374,
        192.20000000000005
      ],
      [
        -0.3549527283757925,
        51.17637692950666,
        192.20000000000005
      ],
      [
        -0.35495524294674397,
        51.176376761868596,
        192.20000000000005
      ],
      [
        -0.3549586795270443,
        51.17637508548796,
        192.39999999999998
      ],
      [
        -0.3549596853554249,
        51.17637366056442,
        192.39999999999998
      ],
      [
        -0.3549598529934883,
        51.17637357674539,
        192.60000000000002
      ],
      [
        -0.35496111027896404,
        51.17637190036476,
        193
      ],
      [
        -0.3549607750028372,
        51.1763712298125,
        193
      ],
      [
        -0.3549831546843052,
        51.176363518461585,
        193.79999999999995
      ],
      [
        -0.35498172976076603,
        51.17635991424322,
        194.39999999999998
      ],
      [
        -0.354981143027544,
        51.17635991424322,
        194.39999999999998
      ],
      [
        -0.3549810592085123,
        51.176359662786126,
        194.20000000000005
      ],
      [
        -0.3549826517701149,
        51.17635983042419,
        194.60000000000002
      ],
      [
        -0.3549792990088463,
        51.176361590623856,
        194.79999999999995
      ],
      [
        -0.3549789637327194,
        51.176360584795475,
        194.79999999999995
      ],
      [
        -0.3549996670335531,
        51.17635052651167,
        196
      ],
      [
        -0.35500084049999714,
        51.176349772140384,
        196
      ],
      [
        -0.355000589042902,
        51.176349855959415,
        196
      ],
      [
        -0.3553323447704315,
        51.17633007466793,
        198.39999999999998
      ],
      [
        -0.35539026372134686,
        51.17632160894573,
        197.60000000000002
      ],
      [
        -0.3554151579737663,
        51.176318591460586,
        196.79999999999995
      ],
      [
        -0.35543971695005894,
        51.176314651966095,
        196
      ],
      [
        -0.3554813750088215,
        51.17630166001618,
        195.39999999999998
      ],
      [
        -0.35552747547626495,
        51.17629403248429,
        195.60000000000002
      ],
      [
        -0.3556993883103132,
        51.17625279352069,
        197
      ],
      [
        -0.35577524453401566,
        51.1762435734272,
        196.79999999999995
      ],
      [
        -0.3558075148612261,
        51.176238460466266,
        196.20000000000005
      ],
      [
        -0.35582737997174263,
        51.17623426951468,
        195.79999999999995
      ],
      [
        -0.3559922520071268,
        51.17621700279415,
        195.39999999999998
      ],
      [
        -0.35610356368124485,
        51.17623234167695,
        197.20000000000005
      ],
      [
        -0.3561670146882534,
        51.17623435333371,
        198.60000000000002
      ],
      [
        -0.3562116902321577,
        51.17624072358012,
        198
      ],
      [
        -0.35629752092063427,
        51.176256481558084,
        199.20000000000005
      ],
      [
        -0.35640682093799114,
        51.176278023049235,
        201.79999999999995
      ],
      [
        -0.3564734570682049,
        51.176286321133375,
        201.79999999999995
      ],
      [
        -0.3566514886915684,
        51.1763315834105,
        206
      ],
      [
        -0.35682499408721924,
        51.17638539522886,
        207.60000000000002
      ],
      [
        -0.35694275982677937,
        51.176432836800814,
        208.39999999999998
      ],
      [
        -0.357335451990366,
        51.17656359449029,
        209.60000000000002
      ],
      [
        -0.3573683090507984,
        51.17661003023386,
        209.79999999999995
      ],
      [
        -0.3575695585459471,
        51.176709942519665,
        205.39999999999998
      ],
      [
        -0.3575985599309206,
        51.17673366330564,
        211.60000000000002
      ],
      [
        -0.3579911682754755,
        51.17684782482684,
        209.60000000000002
      ],
      [
        -0.35807205364108086,
        51.17685972712934,
        210
      ],
      [
        -0.35830138251185417,
        51.1768619902432,
        211.79999999999995
      ],
      [
        -0.3583598043769598,
        51.17687724530697,
        212.79999999999995
      ],
      [
        -0.35837816074490547,
        51.17687942460179,
        212.60000000000002
      ],
      [
        -0.35845275968313217,
        51.17689744569361,
        215.39999999999998
      ],
      [
        -0.3584577888250351,
        51.17689141072333,
        215.39999999999998
      ],
      [
        -0.3584758937358856,
        51.17689065635204,
        216.39999999999998
      ],
      [
        -0.35849391482770443,
        51.176894679665565,
        217
      ],
      [
        -0.3585101757198572,
        51.17689149454236,
        217
      ],
      [
        -0.3585226647555828,
        51.176887387409806,
        216.79999999999995
      ],
      [
        -0.358538506552577,
        51.17688084952533,
        216.60000000000002
      ],
      [
        -0.3585835173726082,
        51.17686592973769,
        216.39999999999998
      ],
      [
        -0.35861654207110405,
        51.17686609737575,
        217.60000000000002
      ],
      [
        -0.3586499858647585,
        51.176857966929674,
        218.79999999999995
      ],
      [
        -0.358709329739213,
        51.176852686330676,
        220
      ],
      [
        -0.35872098058462143,
        51.17685176432133,
        220.60000000000002
      ],
      [
        -0.3587577771395445,
        51.17685771547258,
        220.60000000000002
      ],
      [
        -0.3587911371141672,
        51.17685905657709,
        220.79999999999995
      ],
      [
        -0.3588090743869543,
        51.17685838602483,
        220.20000000000005
      ],
      [
        -0.35882835276424885,
        51.176856542006135,
        220
      ],
      [
        -0.3590130899101496,
        51.1768479924649,
        217.20000000000005
      ],
      [
        -0.3590639680624008,
        51.17683969438076,
        217.20000000000005
      ],
      [
        -0.3591236472129822,
        51.17683332413435,
        218
      ],
      [
        -0.3591438475996256,
        51.176830641925335,
        217.79999999999995
      ],
      [
        -0.3592630382627249,
        51.176811615005136,
        217
      ],
      [
        -0.35940276458859444,
        51.17683223448694,
        216.20000000000005
      ],
      [
        -0.3595947101712227,
        51.176848663017154,
        218.20000000000005
      ],
      [
        -0.3597843088209629,
        51.17681974545121,
        219.79999999999995
      ],
      [
        -0.35985262133181095,
        51.17679032497108,
        221.39999999999998
      ],
      [
        -0.359899140894413,
        51.176771465688944,
        222.79999999999995
      ],
      [
        -0.3599394578486681,
        51.17676945403218,
        223.60000000000002
      ],
      [
        -0.3599594905972481,
        51.17676299996674,
        223.79999999999995
      ],
      [
        -0.35997030325233936,
        51.17676090449095,
        223.79999999999995
      ],
      [
        -0.35999628715217113,
        51.176758306100965,
        223.20000000000005
      ],
      [
        -0.3600135538727045,
        51.17676065303385,
        223
      ],
      [
        -0.36003568209707737,
        51.176760820671916,
        223
      ],
      [
        -0.36006887443363667,
        51.17675528861582,
        222.79999999999995
      ],
      [
        -0.3601223509758711,
        51.176753947511315,
        222
      ],
      [
        -0.3602187428623438,
        51.17674590088427,
        221
      ],
      [
        -0.36031588912010193,
        51.176715390756726,
        220.79999999999995
      ],
      [
        -0.3603313956409693,
        51.17671103216708,
        221
      ],
      [
        -0.3603444714099169,
        51.17670424282551,
        220.79999999999995
      ],
      [
        -0.36047598347067833,
        51.176675744354725,
        219
      ],
      [
        -0.3605026379227638,
        51.17667004466057,
        219.20000000000005
      ],
      [
        -0.360525855794549,
        51.17666526697576,
        219.79999999999995
      ],
      [
        -0.3605690225958824,
        51.17665437050164,
        221.60000000000002
      ],
      [
        -0.3605881333351135,
        51.176651353016496,
        222.20000000000005
      ],
      [
        -0.36060196347534657,
        51.17665244266391,
        223
      ],
      [
        -0.360613027587533,
        51.17665009573102,
        223.79999999999995
      ],
      [
        -0.3606173023581505,
        51.17664389312267,
        224.60000000000002
      ],
      [
        -0.3605508338660002,
        51.17666576988995,
        225.39999999999998
      ],
      [
        -0.36051755771040916,
        51.17667322978377,
        225
      ],
      [
        -0.3604225069284439,
        51.17670524865389,
        227.39999999999998
      ],
      [
        -0.3603673540055752,
        51.17671715095639,
        227.79999999999995
      ],
      [
        -0.36028563044965267,
        51.176738776266575,
        228
      ],
      [
        -0.36012704484164715,
        51.17675989866257,
        226.60000000000002
      ],
      [
        -0.36002143286168575,
        51.1767753213644,
        228.20000000000005
      ],
      [
        -0.3599080257117748,
        51.17679342627525,
        228
      ],
      [
        -0.35949965938925743,
        51.17682410404086,
        228.39999999999998
      ],
      [
        -0.35926613956689835,
        51.176833575591445,
        230.39999999999998
      ],
      [
        -0.3592217154800892,
        51.1768358387053,
        229.39999999999998
      ],
      [
        -0.35911794751882553,
        51.17684690281749,
        227.20000000000005
      ],
      [
        -0.35904175601899624,
        51.17685436271131,
        226
      ],
      [
        -0.3586825914680958,
        51.17720221169293,
        219.60000000000002
      ],
      [
        -0.3586642351001501,
        51.17731109261513,
        216.39999999999998
      ],
      [
        -0.358665743842721,
        51.17732240818441,
        216
      ],
      [
        -0.3586706053465605,
        51.177344620227814,
        215.79999999999995
      ],
      [
        -0.35870740190148354,
        51.17740388028324,
        214.60000000000002
      ],
      [
        -0.35871343687176704,
        51.177419386804104,
        214.39999999999998
      ],
      [
        -0.35879893228411674,
        51.17757805623114,
        214.39999999999998
      ],
      [
        -0.3589845076203346,
        51.178010646253824,
        221.20000000000005
      ],
      [
        -0.3590043727308512,
        51.17807409726083,
        222.79999999999995
      ],
      [
        -0.35900311544537544,
        51.17853384464979,
        225.39999999999998
      ],
      [
        -0.35904955118894577,
        51.17868958041072,
        224
      ],
      [
        -0.35910327918827534,
        51.179079338908195,
        225.60000000000002
      ],
      [
        -0.35914971493184566,
        51.179116386920214,
        226.39999999999998
      ],
      [
        -0.35917360335588455,
        51.17913231253624,
        227.20000000000005
      ],
      [
        -0.359185254201293,
        51.179138012230396,
        227.39999999999998
      ],
      [
        -0.3596880007535219,
        51.17908646352589,
        237
      ],
      [
        -0.35971255972981453,
        51.17908101528883,
        238
      ],
      [
        -0.35972186364233494,
        51.17908101528883,
        238
      ],
      [
        -0.3597304131835699,
        51.17908109910786,
        238.20000000000005
      ],
      [
        -0.35972781479358673,
        51.17907514795661,
        238.60000000000002
      ],
      [
        -0.3597286529839039,
        51.179056875407696,
        240.20000000000005
      ],
      [
        -0.35973058082163334,
        51.17903323844075,
        242.20000000000005
      ],
      [
        -0.35974306985735893,
        51.17902963422239,
        244.79999999999995
      ],
      [
        -0.35977592691779137,
        51.179029466584325,
        249.79999999999995
      ],
      [
        -0.3598102927207947,
        51.179059809073806,
        250.79999999999995
      ],
      [
        -0.35985907539725304,
        51.17905964143574,
        248.60000000000002
      ],
      [
        -0.35986737348139286,
        51.179036255925894,
        248
      ],
      [
        -0.3598572313785553,
        51.179011948406696,
        250.60000000000002
      ],
      [
        -0.3598848916590214,
        51.17899216711521,
        254
      ],
      [
        -0.3599211014807224,
        51.17899208329618,
        254.39999999999998
      ],
      [
        -0.3599563054740429,
        51.178997280076146,
        254.60000000000002
      ],
      [
        -0.3599902521818876,
        51.17900775745511,
        254
      ],
      [
        -0.3600074350833893,
        51.17900918237865,
        255.79999999999995
      ],
      [
        -0.3600216004997492,
        51.17901119403541,
        256.79999999999995
      ],
      [
        -0.36005747504532337,
        51.1790098529309,
        261.4
      ],
      [
        -0.36010148003697395,
        51.17900432087481,
        264.4
      ],
      [
        -0.36012763157486916,
        51.179002141579986,
        264.79999999999995
      ],
      [
        -0.3601544536650181,
        51.179002057760954,
        265
      ],
      [
        -0.36022947169840336,
        51.17899945937097,
        264.20000000000005
      ],
      [
        -0.3602537792176008,
        51.17901219986379,
        269
      ],
      [
        -0.36025009118020535,
        51.17894816212356,
        270.20000000000005
      ],
      [
        -0.3602628316730261,
        51.17894061841071,
        271.20000000000005
      ],
      [
        -0.36025813780725,
        51.178939528763294,
        271.20000000000005
      ],
      [
        -0.3602557070553303,
        51.17893978022039,
        271.4
      ],
      [
        -0.36025277338922024,
        51.17894045077264,
        271.6
      ],
      [
        -0.3602504264563322,
        51.17894648574293,
        272.20000000000005
      ],
      [
        -0.3602308128029108,
        51.178951766341925,
        273.4
      ],
      [
        -0.3602350037544966,
        51.17897490039468,
        273
      ],
      [
        -0.3602284658700228,
        51.178996777161956,
        274.79999999999995
      ],
      [
        -0.3602279629558325,
        51.17899895645678,
        274.79999999999995
      ],
      [
        -0.36022838205099106,
        51.17901018820703,
        273.20000000000005
      ],
      [
        -0.36022729240357876,
        51.17901454679668,
        273.4
      ],
      [
        -0.36023223772644997,
        51.179009014740586,
        272
      ],
      [
        -0.3602334950119257,
        51.17901119403541,
        272
      ],
      [
        -0.360224274918437,
        51.17901521734893,
        272.6
      ],
      [
        -0.3602009732276201,
        51.17903910577297,
        273.79999999999995
      ],
      [
        -0.3602051641792059,
        51.17903650738299,
        273.79999999999995
      ],
      [
        -0.3602086007595062,
        51.17903248406947,
        273.6
      ],
      [
        -0.36023148335516453,
        51.17902628146112,
        273.20000000000005
      ],
      [
        -0.36023927852511406,
        51.179023599252105,
        272.79999999999995
      ],
      [
        -0.36024673841893673,
        51.17902250960469,
        272.20000000000005
      ],
      [
        -0.3602585569024086,
        51.17901865392923,
        271.6
      ],
      [
        -0.36046952940523624,
        51.178948916494846,
        267.79999999999995
      ],
      [
        -0.36052887327969074,
        51.178936595097184,
        267.79999999999995
      ],
      [
        -0.36053658463060856,
        51.17892762646079,
        268
      ],
      [
        -0.360549408942461,
        51.17892276495695,
        268
      ],
      [
        -0.36056692712008953,
        51.178919579833746,
        267.79999999999995
      ],
      [
        -0.36058343946933746,
        51.17891765199602,
        268
      ],
      [
        -0.36065585911273956,
        51.17893508635461,
        269.20000000000005
      ],
      [
        -0.36068729124963284,
        51.17894279770553,
        270.4
      ],
      [
        -0.36071235314011574,
        51.178948413580656,
        270.79999999999995
      ],
      [
        -0.3607359901070595,
        51.178962076082826,
        271.20000000000005
      ],
      [
        -0.36088552325963974,
        51.17892318405211,
        277.20000000000005
      ],
      [
        -0.3609491419047117,
        51.17882503196597,
        273.4
      ],
      [
        -0.361176710575819,
        51.17856167256832,
        272
      ],
      [
        -0.36159245297312737,
        51.17824634537101,
        271.20000000000005
      ],
      [
        -0.3616061992943287,
        51.17824140004814,
        271.4
      ],
      [
        -0.36162338219583035,
        51.1782362870872,
        271.20000000000005
      ],
      [
        -0.3617108054459095,
        51.17820183746517,
        270.79999999999995
      ],
      [
        -0.36176017485558987,
        51.17819177918136,
        271.20000000000005
      ],
      [
        -0.3617727477103472,
        51.17819085717201,
        271.20000000000005
      ],
      [
        -0.3617886733263731,
        51.17818959988654,
        271.4
      ],
      [
        -0.3620022442191839,
        51.17815162986517,
        273.79999999999995
      ],
      [
        -0.36211665719747543,
        51.17814861238003,
        274
      ],
      [
        -0.3621670324355364,
        51.17814442142844,
        275
      ],
      [
        -0.36217885091900826,
        51.17814224213362,
        276
      ],
      [
        -0.36246366798877716,
        51.17816369980574,
        284
      ],
      [
        -0.3627169691026211,
        51.178125059232116,
        283.20000000000005
      ],
      [
        -0.362970856949687,
        51.178132351487875,
        279.20000000000005
      ],
      [
        -0.3630351461470127,
        51.178120616823435,
        279.20000000000005
      ],
      [
        -0.3630542568862438,
        51.178118688985705,
        279.79999999999995
      ],
      [
        -0.36309138871729374,
        51.17811416275799,
        280
      ],
      [
        -0.36337947472929955,
        51.17806093767285,
        278.79999999999995
      ],
      [
        -0.36353956907987595,
        51.17802849970758,
        278.6
      ],
      [
        -0.3636530600488186,
        51.178004359826446,
        278.4
      ],
      [
        -0.3639734163880348,
        51.17795214056969,
        277.6
      ],
      [
        -0.3641986381262541,
        51.177975526079535,
        283.20000000000005
      ],
      [
        -0.36421305499970913,
        51.177975442260504,
        283.20000000000005
      ],
      [
        -0.36438957788050175,
        51.17792297154665,
        281
      ],
      [
        -0.364580936729908,
        51.17787427268922,
        278
      ],
      [
        -0.3646899852901697,
        51.17785055190325,
        274.4
      ],
      [
        -0.3647519275546074,
        51.17783395573497,
        270.4
      ],
      [
        -0.3648256044834852,
        51.177824987098575,
        270.6
      ],
      [
        -0.364907830953598,
        51.177828926593065,
        271.79999999999995
      ],
      [
        -0.3650224953889847,
        51.17782440036535,
        273.4
      ],
      [
        -0.36510564386844635,
        51.17780193686485,
        273.79999999999995
      ],
      [
        -0.36563822999596596,
        51.17750211618841,
        278
      ],
      [
        -0.36604978144168854,
        51.17713465355337,
        285.79999999999995
      ],
      [
        -0.3662182576954365,
        51.17689006961882,
        278.6
      ],
      [
        -0.36627843976020813,
        51.176762664690614,
        278.6
      ],
      [
        -0.3664188366383314,
        51.17669468745589,
        277.6
      ],
      [
        -0.3665613289922476,
        51.17667121812701,
        276.6
      ],
      [
        -0.3667290508747101,
        51.17663358338177,
        274.20000000000005
      ],
      [
        -0.36695972084999084,
        51.17659234441817,
        270.20000000000005
      ],
      [
        -0.36730656400322914,
        51.17655529640615,
        268.6
      ],
      [
        -0.36744863726198673,
        51.176552195101976,
        268
      ],
      [
        -0.3679424151778221,
        51.176744643598795,
        263
      ],
      [
        -0.36803956143558025,
        51.176792085170746,
        258.4
      ],
      [
        -0.3680704068392515,
        51.17678806185722,
        253.20000000000005
      ],
      [
        -0.3681616857647896,
        51.17674833163619,
        247.60000000000002
      ],
      [
        -0.3681818023324013,
        51.176750008016825,
        249.39999999999998
      ],
      [
        -0.368237541988492,
        51.17677951231599,
        252.39999999999998
      ],
      [
        -0.3682227060198784,
        51.17683122865856,
        250.60000000000002
      ],
      [
        -0.3682321775704622,
        51.176883950829506,
        253.20000000000005
      ],
      [
        -0.36823293194174767,
        51.17690113373101,
        254
      ],
      [
        -0.368235195055604,
        51.17691387422383,
        254.60000000000002
      ],
      [
        -0.36823838017880917,
        51.17694094777107,
        255.79999999999995
      ],
      [
        -0.368238715454936,
        51.176968859508634,
        257.79999999999995
      ],
      [
        -0.3682445827871561,
        51.17699962109327,
        260.20000000000005
      ],
      [
        -0.36825187504291534,
        51.17704010568559,
        261.79999999999995
      ],
      [
        -0.36826000548899174,
        51.177051756531,
        262.4
      ],
      [
        -0.3682859055697918,
        51.17707732133567,
        261.79999999999995
      ],
      [
        -0.3682980593293905,
        51.17708654142916,
        261.79999999999995
      ],
      [
        -0.3683093748986721,
        51.177096012979746,
        261.4
      ],
      [
        -0.36833292804658413,
        51.1771157104522,
        260.4
      ],
      [
        -0.3683911822736263,
        51.17715477012098,
        259.6
      ],
      [
        -0.368419261649251,
        51.177159547805786,
        258.4
      ],
      [
        -0.3684476763010025,
        51.177161978557706,
        256.20000000000005
      ],
      [
        -0.3684405516833067,
        51.177158961072564,
        257.79999999999995
      ],
      [
        -0.368440467864275,
        51.177158541977406,
        257.6
      ],
      [
        -0.36844038404524326,
        51.17715862579644,
        257.6
      ],
      [
        -0.36844683811068535,
        51.177157117053866,
        258
      ],
      [
        -0.3685951139777899,
        51.177113112062216,
        260.6
      ],
      [
        -0.3687205072492361,
        51.177080841735005,
        260
      ],
      [
        -0.36887481808662415,
        51.17705728858709,
        265.6
      ],
      [
        -0.36896031349897385,
        51.17702476680279,
        269.20000000000005
      ],
      [
        -0.3691164683550596,
        51.176934242248535,
        269.20000000000005
      ],
      [
        -0.3691298794001341,
        51.176926363259554,
        269.20000000000005
      ],
      [
        -0.36914329044520855,
        51.176921585574746,
        269.20000000000005
      ],
      [
        -0.369155528023839,
        51.176919071003795,
        268.6
      ],
      [
        -0.3691903967410326,
        51.17690943181515,
        268.20000000000005
      ],
      [
        -0.36925979889929295,
        51.17688269354403,
        269
      ],
      [
        -0.3692758083343506,
        51.176879005506635,
        269.20000000000005
      ],
      [
        -0.36929349415004253,
        51.1768754851073,
        269.20000000000005
      ],
      [
        -0.3693543467670679,
        51.176858050748706,
        270.20000000000005
      ],
      [
        -0.3694304544478655,
        51.176850171759725,
        271
      ],
      [
        -0.3694583661854267,
        51.17684447206557,
        271.4
      ],
      [
        -0.3694763034582138,
        51.176839862018824,
        271.4
      ],
      [
        -0.369501281529665,
        51.17683919146657,
        271.79999999999995
      ],
      [
        -0.36951201036572456,
        51.1768395267427,
        272
      ],
      [
        -0.36953958682715893,
        51.176838437095284,
        272.6
      ],
      [
        -0.36957344971597195,
        51.176830139011145,
        274
      ],
      [
        -0.3695874474942684,
        51.176826199516654,
        274.4
      ],
      [
        -0.36959851160645485,
        51.17682351730764,
        274.79999999999995
      ],
      [
        -0.36961276084184647,
        51.17682418785989,
        275.20000000000005
      ],
      [
        -0.369633212685585,
        51.17683039046824,
        275.6
      ],
      [
        -0.3696615435183048,
        51.176827289164066,
        276.4
      ],
      [
        -0.36979347467422485,
        51.17679904215038,
        276.20000000000005
      ],
      [
        -0.36982515826821327,
        51.176792085170746,
        276.20000000000005
      ],
      [
        -0.36993219517171383,
        51.176750510931015,
        276.20000000000005
      ],
      [
        -0.36995960399508476,
        51.1767359264195,
        276.4
      ],
      [
        -0.37005482241511345,
        51.176659651100636,
        277.20000000000005
      ],
      [
        -0.370118860155344,
        51.1766167357564,
        277.20000000000005
      ],
      [
        -0.370162446051836,
        51.176597541198134,
        278.20000000000005
      ],
      [
        -0.3702053613960743,
        51.17658111266792,
        278.6
      ],
      [
        -0.37022195756435394,
        51.176577005535364,
        278.6
      ],
      [
        -0.37025850266218185,
        51.176565773785114,
        279.4
      ],
      [
        -0.37030250765383244,
        51.17654540576041,
        279.79999999999995
      ],
      [
        -0.3703648690134287,
        51.17653124034405,
        281.20000000000005
      ],
      [
        -0.37044198252260685,
        51.17650349624455,
        282
      ],
      [
        -0.37055639550089836,
        51.17647499777377,
        283.4
      ],
      [
        -0.3707481734454632,
        51.17640031501651,
        284.4
      ],
      [
        -0.370801230892539,
        51.17636611685157,
        286.79999999999995
      ],
      [
        -0.37081606686115265,
        51.17636611685157,
        288.20000000000005
      ],
      [
        -0.3708114568144083,
        51.17635941132903,
        287.6
      ],
      [
        -0.3707908373326063,
        51.176364608109,
        288.4
      ],
      [
        -0.37077298387885094,
        51.17636217735708,
        290.6
      ],
      [
        -0.37079636938869953,
        51.17636821232736,
        290.20000000000005
      ],
      [
        -0.3708886541426182,
        51.17634574882686,
        289
      ],
      [
        -0.37096744403243065,
        51.17632177658379,
        288.20000000000005
      ],
      [
        -0.37104154005646706,
        51.17630023509264,
        287.6
      ],
      [
        -0.3711201623082161,
        51.17627575993538,
        286.6
      ],
      [
        -0.371219152584672,
        51.1762348562479,
        286.79999999999995
      ],
      [
        -0.3712774906307459,
        51.17620686069131,
        286.4
      ],
      [
        -0.37127246148884296,
        51.17620543576777,
        286.6
      ],
      [
        -0.37127246148884296,
        51.17620510049164,
        286.6
      ],
      [
        -0.3712727967649698,
        51.176204765215516,
        286.6
      ],
      [
        -0.3712732996791601,
        51.176204681396484,
        286.6
      ],
      [
        -0.37127447314560413,
        51.17620484903455,
        286.4
      ],
      [
        -0.3712671808898449,
        51.176207615062594,
        284.79999999999995
      ],
      [
        -0.37126542069017887,
        51.17620845325291,
        285
      ],
      [
        -0.37126651033759117,
        51.17620836943388,
        285
      ],
      [
        -0.37126910872757435,
        51.17620971053839,
        284.79999999999995
      ],
      [
        -0.3712689410895109,
        51.176210129633546,
        284.79999999999995
      ],
      [
        -0.3712688572704792,
        51.17620996199548,
        284.79999999999995
      ],
      [
        -0.37127028219401836,
        51.17620979435742,
        284.79999999999995
      ],
      [
        -0.37127078510820866,
        51.176210045814514,
        284.6
      ],
      [
        -0.37127070128917694,
        51.17621029727161,
        284.6
      ],
      [
        -0.3712692763656378,
        51.17620987817645,
        284.79999999999995
      ],
      [
        -0.3712785802781582,
        51.17620652541518,
        285
      ],
      [
        -0.37127790972590446,
        51.176204765215516,
        284.6
      ],
      [
        -0.37127614952623844,
        51.176205268129706,
        284.6
      ],
      [
        -0.37131001241505146,
        51.176271233707666,
        286.20000000000005
      ],
      [
        -0.3713204897940159,
        51.17627860978246,
        285.79999999999995
      ],
      [
        -0.37131210789084435,
        51.17628011852503,
        285.79999999999995
      ],
      [
        -0.37130557000637054,
        51.176279531791806,
        286
      ],
      [
        -0.3713026363402605,
        51.17628330364823,
        286
      ],
      [
        -0.37131311371922493,
        51.176299480721354,
        284.4
      ],
      [
        -0.3713090065866709,
        51.176311299204826,
        284.6
      ],
      [
        -0.37130548618733883,
        51.17631406523287,
        284.6
      ],
      [
        -0.3713042289018631,
        51.176311718299985,
        284.79999999999995
      ],
      [
        -0.37130347453057766,
        51.17631104774773,
        284.79999999999995
      ],
      [
        -0.37130339071154594,
        51.17631054483354,
        284.79999999999995
      ],
      [
        -0.37130565382540226,
        51.176308365538716,
        285.20000000000005
      ],
      [
        -0.3713058214634657,
        51.176306856796145,
        285.20000000000005
      ],
      [
        -0.371308084577322,
        51.17630518041551,
        285.20000000000005
      ],
      [
        -0.37131093442440033,
        51.176303839311004,
        285.20000000000005
      ],
      [
        -0.37131596356630325,
        51.17630350403488,
        285.20000000000005
      ],
      [
        -0.37131914868950844,
        51.17630350403488,
        285.20000000000005
      ],
      [
        -0.3713231720030308,
        51.17630551569164,
        285.20000000000005
      ],
      [
        -0.3713261056691408,
        51.176305348053575,
        285.20000000000005
      ],
      [
        -0.37133063189685345,
        51.17630559951067,
        285.20000000000005
      ],
      [
        -0.3713347390294075,
        51.176305850967765,
        285.20000000000005
      ],
      [
        -0.3713351581245661,
        51.17630526423454,
        285.20000000000005
      ],
      [
        -0.3713373374193907,
        51.17630417458713,
        285.4
      ],
      [
        -0.37133926525712013,
        51.17630710825324,
        286
      ],
      [
        -0.37133934907615185,
        51.17630719207227,
        286.4
      ],
      [
        -0.3713401034474373,
        51.17630719207227,
        286.4
      ],
      [
        -0.371339600533247,
        51.17630761116743,
        286.4
      ],
      [
        -0.37133775651454926,
        51.176311215385795,
        287
      ],
      [
        -0.3713297098875046,
        51.17630601860583,
        287
      ],
      [
        -0.3713781572878361,
        51.17633284069598,
        286
      ],
      [
        -0.37143364548683167,
        51.17634667083621,
        283.79999999999995
      ],
      [
        -0.37210335955023766,
        51.17640475742519,
        280.4
      ],
      [
        -0.37215230986475945,
        51.17643183097243,
        280.6
      ],
      [
        -0.37261624820530415,
        51.176628889515996,
        283.79999999999995
      ],
      [
        -0.3729433100670576,
        51.17668513208628,
        282.4
      ],
      [
        -0.3732681926339865,
        51.17683189921081,
        278.6
      ],
      [
        -0.37375861778855324,
        51.1771537642926,
        280.6
      ],
      [
        -0.3736952506005764,
        51.177304135635495,
        279.4
      ],
      [
        -0.3736505750566721,
        51.177375884726644,
        278.4
      ],
      [
        -0.3735057357698679,
        51.177554838359356,
        277.20000000000005
      ],
      [
        -0.3734981920570135,
        51.17771007120609,
        274.6
      ],
      [
        -0.37367002107203007,
        51.17783848196268,
        272
      ],
      [
        -0.373827014118433,
        51.17796991020441,
        272.20000000000005
      ],
      [
        -0.3742881026118994,
        51.17832278832793,
        275.20000000000005
      ],
      [
        -0.37457384169101715,
        51.178609197959304,
        274.20000000000005
      ],
      [
        -0.37490274757146835,
        51.17894573137164,
        276.6
      ],
      [
        -0.37498061545193195,
        51.179016223177314,
        275.79999999999995
      ],
      [
        -0.37499796599149704,
        51.17906291037798,
        274
      ],
      [
        -0.37507306784391403,
        51.179156452417374,
        273.4
      ],
      [
        -0.3751938510686159,
        51.179245468229055,
        273.79999999999995
      ],
      [
        -0.37566239945590496,
        51.17953196167946,
        276.6
      ],
      [
        -0.37572710774838924,
        51.179533386603,
        278
      ],
      [
        -0.3757399320602417,
        51.17952869273722,
        278.4
      ],
      [
        -0.37584319710731506,
        51.17956180125475,
        275.20000000000005
      ],
      [
        -0.3758685104548931,
        51.17957688868046,
        274.79999999999995
      ],
      [
        -0.37595526315271854,
        51.179648134857416,
        272.6
      ],
      [
        -0.3759707696735859,
        51.17965626530349,
        272
      ],
      [
        -0.3760137688368559,
        51.17968342266977,
        271.20000000000005
      ],
      [
        -0.37604193203151226,
        51.17969616316259,
        270.4
      ],
      [
        -0.3761243261396885,
        51.17975374683738,
        270.6
      ],
      [
        -0.3762115817517042,
        51.1798045411706,
        268.20000000000005
      ],
      [
        -0.3763852547854185,
        51.179922223091125,
        265.6
      ],
      [
        -0.37660972215235233,
        51.180080054327846,
        262.79999999999995
      ],
      [
        -0.37671223282814026,
        51.18013394996524,
        262
      ],
      [
        -0.37697458639740944,
        51.180320363491774,
        260.79999999999995
      ],
      [
        -0.37722562439739704,
        51.18048355914652,
        260.4
      ],
      [
        -0.3773179929703474,
        51.18051264435053,
        260.79999999999995
      ],
      [
        -0.3779871203005314,
        51.18057316169143,
        264.79999999999995
      ],
      [
        -0.37809139117598534,
        51.180562349036336,
        267
      ],
      [
        -0.37811988964676857,
        51.18057291023433,
        268.79999999999995
      ],
      [
        -0.37812693044543266,
        51.180607695132494,
        269.20000000000005
      ],
      [
        -0.3781270980834961,
        51.180633176118135,
        269.20000000000005
      ],
      [
        -0.37818669341504574,
        51.18108328431845,
        262.79999999999995
      ],
      [
        -0.3782116714864969,
        51.181217562407255,
        260.79999999999995
      ],
      [
        -0.37839699536561966,
        51.181534649804235,
        258.6
      ],
      [
        -0.37862171418964863,
        51.181959779933095,
        255.39999999999998
      ],
      [
        -0.37867250852286816,
        51.18206664919853,
        254.20000000000005
      ],
      [
        -0.3787602670490742,
        51.182319950312376,
        251.39999999999998
      ],
      [
        -0.3788463491946459,
        51.1825449205935,
        248.20000000000005
      ],
      [
        -0.37893486209213734,
        51.182987317442894,
        247.39999999999998
      ],
      [
        -0.37897861562669277,
        51.18323139846325,
        245.20000000000005
      ],
      [
        -0.3790793661028147,
        51.18341227993369,
        245.39999999999998
      ],
      [
        -0.3791186772286892,
        51.183864483609796,
        242.39999999999998
      ],
      [
        -0.3790992312133312,
        51.18394821882248,
        242
      ],
      [
        -0.37905740551650524,
        51.18414619937539,
        240
      ],
      [
        -0.3790619317442179,
        51.1841974966228,
        238.60000000000002
      ],
      [
        -0.37907207384705544,
        51.1842373944819,
        237
      ],
      [
        -0.3791716508567333,
        51.18469152599573,
        227.79999999999995
      ],
      [
        -0.3794007282704115,
        51.18512880988419,
        222
      ],
      [
        -0.3796816058456898,
        51.18555377237499,
        218.79999999999995
      ],
      [
        -0.37972443737089634,
        51.18563356809318,
        218.39999999999998
      ],
      [
        -0.3800547681748867,
        51.186041850596666,
        224.60000000000002
      ],
      [
        -0.3802540060132742,
        51.18631074205041,
        235.20000000000005
      ],
      [
        -0.38068223744630814,
        51.18668398819864,
        228.60000000000002
      ],
      [
        -0.38078474812209606,
        51.1867652926594,
        228.79999999999995
      ],
      [
        -0.3809036035090685,
        51.1868139076978,
        233.79999999999995
      ],
      [
        -0.3810252249240875,
        51.18692203424871,
        235.60000000000002
      ],
      [
        -0.38103888742625713,
        51.186931589618325,
        236
      ],
      [
        -0.38104986771941185,
        51.18694466538727,
        236.20000000000005
      ],
      [
        -0.3810609318315983,
        51.18695824407041,
        236.60000000000002
      ],
      [
        -0.38110057823359966,
        51.18701130151749,
        236.60000000000002
      ],
      [
        -0.38111633621156216,
        51.18702546693385,
        236.60000000000002
      ],
      [
        -0.3811290767043829,
        51.18703845888376,
        236.60000000000002
      ],
      [
        -0.38114190101623535,
        51.18705287575722,
        236.60000000000002
      ],
      [
        -0.3814368601888418,
        51.18730332702398,
        235.79999999999995
      ],
      [
        -0.3815188352018595,
        51.18736870586872,
        237.20000000000005
      ],
      [
        -0.38157055154442787,
        51.187425535172224,
        237.79999999999995
      ],
      [
        -0.3815946076065302,
        51.18744632229209,
        238
      ],
      [
        -0.38162117823958397,
        51.18749124929309,
        238.20000000000005
      ],
      [
        -0.3816372714936733,
        51.18751882575452,
        239.79999999999995
      ],
      [
        -0.38164347410202026,
        51.18752611801028,
        240.39999999999998
      ],
      [
        -0.3816534485667944,
        51.18753860704601,
        241.39999999999998
      ],
      [
        -0.3815331682562828,
        51.187723679468036,
        228.20000000000005
      ],
      [
        -0.3814464993774891,
        51.18791252374649,
        219.79999999999995
      ],
      [
        -0.3813164122402668,
        51.188134644180536,
        216.20000000000005
      ],
      [
        -0.3812566492706537,
        51.188215697184205,
        218.39999999999998
      ],
      [
        -0.38123653270304203,
        51.188253331929445,
        218.79999999999995
      ],
      [
        -0.38121750578284264,
        51.18830110877752,
        218.60000000000002
      ],
      [
        -0.3810973931103945,
        51.18852138519287,
        220.60000000000002
      ],
      [
        -0.38074049167335033,
        51.188911059871316,
        219
      ],
      [
        -0.3805664833635092,
        51.18916888721287,
        212.60000000000002
      ],
      [
        -0.3807527292519808,
        51.18922060355544,
        211
      ],
      [
        -0.3808160126209259,
        51.18921423330903,
        212
      ],
      [
        -0.3810383006930351,
        51.18920216336846,
        217.60000000000002
      ],
      [
        -0.3810517117381096,
        51.18920484557748,
        218.60000000000002
      ],
      [
        -0.38107207976281643,
        51.189219430089,
        219.20000000000005
      ],
      [
        -0.38112220354378223,
        51.18922353722155,
        220.20000000000005
      ],
      [
        -0.38113209418952465,
        51.189221357926726,
        220.20000000000005
      ],
      [
        -0.3811433259397745,
        51.18922345340252,
        220.20000000000005
      ],
      [
        -0.3811643645167351,
        51.1892210226506,
        220.39999999999998
      ],
      [
        -0.38119361735880375,
        51.18922655470669,
        220.79999999999995
      ],
      [
        -0.3812217805534601,
        51.18922831490636,
        221.20000000000005
      ],
      [
        -0.38123762235045433,
        51.189231500029564,
        221.60000000000002
      ],
      [
        -0.3812860697507858,
        51.18924784474075,
        222.60000000000002
      ],
      [
        -0.38132202811539173,
        51.189249604940414,
        223.20000000000005
      ],
      [
        -0.38143426179885864,
        51.18926511146128,
        223.79999999999995
      ],
      [
        -0.38149578496813774,
        51.1892712302506,
        224.39999999999998
      ],
      [
        -0.3815081063657999,
        51.18926695547998,
        224.20000000000005
      ],
      [
        -0.3815511055290699,
        51.189272571355104,
        224.20000000000005
      ],
      [
        -0.3816687036305666,
        51.1892712302506,
        225
      ],
      [
        -0.38168630562722683,
        51.18926879949868,
        225.39999999999998
      ],
      [
        -0.38175880908966064,
        51.189273074269295,
        226.39999999999998
      ],
      [
        -0.381958382204175,
        51.18926603347063,
        224
      ],
      [
        -0.3821294568479061,
        51.18927089497447,
        222.60000000000002
      ],
      [
        -0.38225862197577953,
        51.18925287388265,
        220
      ],
      [
        -0.38241829723119736,
        51.18925086222589,
        220
      ],
      [
        -0.38267855532467365,
        51.18924943730235,
        218.39999999999998
      ],
      [
        -0.3827648889273405,
        51.18925631046295,
        217
      ],
      [
        -0.38284074515104294,
        51.18926511146128,
        215.20000000000005
      ],
      [
        -0.3828874323517084,
        51.189381619915366,
        214.20000000000005
      ],
      [
        -0.38291970267891884,
        51.18943082168698,
        214.79999999999995
      ],
      [
        -0.38290386088192463,
        51.18962318636477,
        217.60000000000002
      ],
      [
        -0.3828825708478689,
        51.18983265012503,
        219.79999999999995
      ],
      [
        -0.38300100713968277,
        51.1898373439908,
        218.60000000000002
      ],
      [
        -0.3831247240304947,
        51.189811611548066,
        218.79999999999995
      ],
      [
        -0.3831475228071213,
        51.18981094099581,
        219.20000000000005
      ],
      [
        -0.3832750953733921,
        51.189812030643225,
        218.60000000000002
      ],
      [
        -0.38390491157770157,
        51.189734330400825,
        217.20000000000005
      ],
      [
        -0.38412594236433506,
        51.18975788354874,
        214
      ],
      [
        -0.38431537337601185,
        51.189724104478955,
        211.79999999999995
      ],
      [
        -0.38437086157500744,
        51.189705496653914,
        211.60000000000002
      ],
      [
        -0.38449516519904137,
        51.18968026712537,
        210.60000000000002
      ],
      [
        -0.3846227377653122,
        51.18964313529432,
        210
      ],
      [
        -0.38472105748951435,
        51.18959963321686,
        209.39999999999998
      ],
      [
        -0.3850152622908354,
        51.18956174701452,
        208.20000000000005
      ],
      [
        -0.3851422481238842,
        51.18965067900717,
        205.60000000000002
      ],
      [
        -0.3852602653205395,
        51.189758805558085,
        209.79999999999995
      ],
      [
        -0.38563862442970276,
        51.18976769037545,
        206.79999999999995
      ],
      [
        -0.38588748313486576,
        51.1898080073297,
        204.39999999999998
      ],
      [
        -0.3863582946360111,
        51.19009408168495,
        197.20000000000005
      ],
      [
        -0.38651252165436745,
        51.19018569588661,
        195.20000000000005
      ],
      [
        -0.3865661658346653,
        51.190196592360735,
        194.20000000000005
      ],
      [
        -0.3866761364042759,
        51.19022383354604,
        205.39999999999998
      ],
      [
        -0.38673045113682747,
        51.19022861123085,
        208.20000000000005
      ],
      [
        -0.38678040727972984,
        51.19024361483753,
        210.20000000000005
      ],
      [
        -0.3867993503808975,
        51.190248392522335,
        210.79999999999995
      ],
      [
        -0.38684251718223095,
        51.19025853462517,
        211.60000000000002
      ],
      [
        -0.38695139810442924,
        51.19028929620981,
        210.79999999999995
      ],
      [
        -0.38697863928973675,
        51.1903053894639,
        209.39999999999998
      ],
      [
        -0.3870035335421562,
        51.190342186018825,
        205.60000000000002
      ],
      [
        -0.3870218899101019,
        51.190360793843865,
        204.79999999999995
      ],
      [
        -0.38714803755283356,
        51.19047344662249,
        198.60000000000002
      ],
      [
        -0.38717184215784073,
        51.19048912078142,
        198.79999999999995
      ],
      [
        -0.3872713353484869,
        51.19055449962616,
        197.39999999999998
      ],
      [
        -0.3874417394399643,
        51.190726747736335,
        188.60000000000002
      ],
      [
        -0.3877040930092335,
        51.190905114635825,
        185.79999999999995
      ],
      [
        -0.38779587484896183,
        51.191001925617456,
        179.20000000000005
      ],
      [
        -0.3878674563020468,
        51.19102153927088,
        172.60000000000002
      ],
      [
        -0.3880319930613041,
        51.1911206971854,
        180.60000000000002
      ],
      [
        -0.3882797621190548,
        51.191214909777045,
        182
      ],
      [
        -0.3884648345410824,
        51.191304344683886,
        170.60000000000002
      ],
      [
        -0.3885319735854864,
        51.191325886175036,
        171.79999999999995
      ],
      [
        -0.3886865358799696,
        51.191386403515935,
        173.20000000000005
      ],
      [
        -0.3887649904936552,
        51.191836008802056,
        176.60000000000002
      ],
      [
        -0.3887258470058441,
        51.191969364881516,
        179.39999999999998
      ],
      [
        -0.38873464800417423,
        51.19199987500906,
        179.39999999999998
      ],
      [
        -0.3887654095888138,
        51.19207179173827,
        179.39999999999998
      ],
      [
        -0.38877999410033226,
        51.19209014810622,
        180.60000000000002
      ],
      [
        -0.3887725342065096,
        51.19234931655228,
        200.39999999999998
      ],
      [
        -0.38876524195075035,
        51.1923950817436,
        201.79999999999995
      ],
      [
        -0.3886369988322258,
        51.192434057593346,
        200.60000000000002
      ],
      [
        -0.3886511642485857,
        51.19245300069451,
        200.39999999999998
      ],
      [
        -0.388520322740078,
        51.192486863583326,
        200.60000000000002
      ],
      [
        -0.38842007517814636,
        51.19249398820102,
        199
      ],
      [
        -0.38844513706862926,
        51.19253313168883,
        196.39999999999998
      ],
      [
        -0.38845695555210114,
        51.19254754856229,
        196.79999999999995
      ],
      [
        -0.3884582966566086,
        51.19260471314192,
        199.60000000000002
      ],
      [
        -0.38846299052238464,
        51.192645113915205,
        199.60000000000002
      ],
      [
        -0.38845963776111603,
        51.19265818968415,
        198.79999999999995
      ],
      [
        -0.3884181473404169,
        51.19273614138365,
        198.79999999999995
      ],
      [
        -0.38837263360619545,
        51.192804872989655,
        196.20000000000005
      ],
      [
        -0.3883314784616232,
        51.19285164400935,
        197.20000000000005
      ],
      [
        -0.3882987052202225,
        51.192895649001,
        196.20000000000005
      ],
      [
        -0.3882939275354147,
        51.19291006587446,
        196.39999999999998
      ],
      [
        -0.38829040713608265,
        51.19292641058564,
        196.60000000000002
      ],
      [
        -0.38827833719551563,
        51.19295717217028,
        196.79999999999995
      ],
      [
        -0.3882651776075363,
        51.192987682297826,
        195.79999999999995
      ],
      [
        -0.38826090283691883,
        51.19300042279065,
        194.79999999999995
      ],
      [
        -0.38825780153274536,
        51.19303520768881,
        194
      ],
      [
        -0.3881616611033678,
        51.19325380772352,
        189.60000000000002
      ],
      [
        -0.3881290555000305,
        51.19333134032786,
        193.79999999999995
      ],
      [
        -0.38805847987532616,
        51.19339630007744,
        193.79999999999995
      ],
      [
        -0.3880418837070465,
        51.19343091733754,
        193
      ],
      [
        -0.38805252872407436,
        51.19347156956792,
        191.60000000000002
      ],
      [
        -0.38803601637482643,
        51.193574415519834,
        188.79999999999995
      ],
      [
        -0.38800877518951893,
        51.19367541745305,
        185.20000000000005
      ],
      [
        -0.3879954479634762,
        51.193793350830674,
        178.20000000000005
      ],
      [
        -0.38811061531305313,
        51.19410281069577,
        175.39999999999998
      ],
      [
        -0.38812260143458843,
        51.19420439936221,
        182.39999999999998
      ],
      [
        -0.3881966136395931,
        51.19457588531077,
        175.20000000000005
      ],
      [
        -0.3882151376456022,
        51.194700775668025,
        175.60000000000002
      ],
      [
        -0.3882167302072048,
        51.19471359997988,
        175
      ],
      [
        -0.38820667192339897,
        51.19487293995917,
        180
      ],
      [
        -0.38822838105261326,
        51.19496690109372,
        185.39999999999998
      ],
      [
        -0.38818471133708954,
        51.1952046956867,
        179.79999999999995
      ],
      [
        -0.3881753236055374,
        51.19532682001591,
        176.39999999999998
      ],
      [
        -0.3881474956870079,
        51.195406364277005,
        176.79999999999995
      ],
      [
        -0.3881397005170584,
        51.195501079782844,
        177.20000000000005
      ],
      [
        -0.38809209130704403,
        51.19560501538217,
        176.20000000000005
      ],
      [
        -0.3881044127047062,
        51.19570719078183,
        175.79999999999995
      ],
      [
        -0.38793107494711876,
        51.19617138057947,
        182.60000000000002
      ],
      [
        -0.3879278898239136,
        51.19619677774608,
        182.39999999999998
      ],
      [
        -0.3879307396709919,
        51.196260983124375,
        182.39999999999998
      ],
      [
        -0.387927470728755,
        51.19630716741085,
        181.60000000000002
      ],
      [
        -0.38790869526565075,
        51.1964169703424,
        177
      ],
      [
        -0.38786720484495163,
        51.19650263339281,
        171
      ],
      [
        -0.3878283966332674,
        51.19659533724189,
        169
      ],
      [
        -0.38777642883360386,
        51.196667002514005,
        171.60000000000002
      ],
      [
        -0.3876104671508074,
        51.197109231725335,
        171.79999999999995
      ],
      [
        -0.3875995706766844,
        51.197138484567404,
        172
      ],
      [
        -0.387558750808239,
        51.197235714644194,
        170
      ],
      [
        -0.38751985877752304,
        51.19729715399444,
        168.20000000000005
      ],
      [
        -0.3874352853745222,
        51.1974011734128,
        166.20000000000005
      ],
      [
        -0.38736588321626186,
        51.19753662496805,
        159.20000000000005
      ],
      [
        -0.38735440000891685,
        51.197572415694594,
        157.60000000000002
      ],
      [
        -0.3872619476169348,
        51.19775363244116,
        152.39999999999998
      ],
      [
        -0.3872124943882227,
        51.197825130075216,
        153.39999999999998
      ],
      [
        -0.38720671087503433,
        51.19785605929792,
        153.20000000000005
      ],
      [
        -0.3870471194386482,
        51.19829493574798,
        159.79999999999995
      ],
      [
        -0.38705206476151943,
        51.198314633220434,
        160.20000000000005
      ],
      [
        -0.38704284466803074,
        51.19845528155565,
        160
      ],
      [
        -0.38696413859725,
        51.19850540533662,
        166
      ],
      [
        -0.38675157353281975,
        51.198558462783694,
        165.20000000000005
      ],
      [
        -0.3867986798286438,
        51.19853281415999,
        166.60000000000002
      ],
      [
        -0.38702985271811485,
        51.20026585645974,
        123.79999999999995
      ],
      [
        -0.38716161623597145,
        51.20032235048711,
        124.60000000000002
      ],
      [
        -0.38718567229807377,
        51.20036669075489,
        124.39999999999998
      ],
      [
        -0.38719371892511845,
        51.200380101799965,
        124.39999999999998
      ],
      [
        -0.3872081357985735,
        51.200427040457726,
        124.79999999999995
      ],
      [
        -0.38722414523363113,
        51.20045352727175,
        124
      ],
      [
        -0.38723504170775414,
        51.200469955801964,
        124
      ],
      [
        -0.3872685693204403,
        51.20054027996957,
        125.60000000000002
      ],
      [
        -0.3872761130332947,
        51.200554026290774,
        126.20000000000005
      ],
      [
        -0.38730259984731674,
        51.200631726533175,
        125.60000000000002
      ],
      [
        -0.38731031119823456,
        51.2006666790694,
        124
      ],
      [
        -0.3873131610453129,
        51.20068394578993,
        123.60000000000002
      ],
      [
        -0.38731777109205723,
        51.20069978758693,
        123.60000000000002
      ],
      [
        -0.3873218782246113,
        51.2007668428123,
        122.79999999999995
      ],
      [
        -0.38732833229005337,
        51.200809674337506,
        122.20000000000005
      ],
      [
        -0.38734358735382557,
        51.20087329298258,
        121.60000000000002
      ],
      [
        -0.3873430844396353,
        51.20090497657657,
        121.20000000000005
      ],
      [
        -0.38734576664865017,
        51.200921069830656,
        121
      ],
      [
        -0.387353477999568,
        51.200969433411956,
        120.60000000000002
      ],
      [
        -0.38737443275749683,
        51.201024083420634,
        119.60000000000002
      ],
      [
        -0.38738105446100235,
        51.201029447838664,
        119.39999999999998
      ],
      [
        -0.38744752295315266,
        51.20114210061729,
        118.60000000000002
      ],
      [
        -0.3874740097671747,
        51.20121686719358,
        118.79999999999995
      ],
      [
        -0.38760476745665073,
        51.20139523409307,
        120.60000000000002
      ],
      [
        -0.38778883405029774,
        51.20159447193146,
        130.20000000000005
      ],
      [
        -0.38795270025730133,
        51.20204458013177,
        130.79999999999995
      ],
      [
        -0.38798932917416096,
        51.2024987116456,
        137.20000000000005
      ],
      [
        -0.3880118764936924,
        51.20259149931371,
        136.39999999999998
      ],
      [
        -0.3883320651948452,
        51.202924344688654,
        130
      ],
      [
        -0.38837313652038574,
        51.202970361337066,
        130.39999999999998
      ],
      [
        -0.3885406907647848,
        51.20308309793472,
        124.60000000000002
      ],
      [
        -0.38876138627529144,
        51.20331812649965,
        122.60000000000002
      ],
      [
        -0.38884906098246574,
        51.203372944146395,
        122.39999999999998
      ],
      [
        -0.38906900212168694,
        51.20354812592268,
        122.39999999999998
      ],
      [
        -0.3893502987921238,
        51.20374342426658,
        123
      ],
      [
        -0.38957652635872364,
        51.203860603272915,
        122.39999999999998
      ],
      [
        -0.38980082608759403,
        51.20403729379177,
        119.20000000000005
      ],
      [
        -0.3898125607520342,
        51.20404517278075,
        117.79999999999995
      ],
      [
        -0.38987182080745697,
        51.2040875852108,
        115
      ],
      [
        -0.38998011499643326,
        51.20421406812966,
        111
      ],
      [
        -0.3900625091046095,
        51.20445010252297,
        109.79999999999995
      ],
      [
        -0.39007156156003475,
        51.204461585730314,
        111.39999999999998
      ],
      [
        -0.3900783509016037,
        51.20448966510594,
        113.79999999999995
      ],
      [
        -0.39032637141644955,
        51.204919992014766,
        120
      ],
      [
        -0.39040591567754745,
        51.205115457996726,
        123.20000000000005
      ],
      [
        -0.39045930840075016,
        51.20530379936099,
        125.60000000000002
      ],
      [
        -0.3905021399259567,
        51.20532383210957,
        126
      ],
      [
        -0.39048152044415474,
        51.205372447147965,
        126.79999999999995
      ],
      [
        -0.39046308025717735,
        51.20569800026715,
        126.20000000000005
      ],
      [
        -0.3904792573302984,
        51.20586027391255,
        126
      ],
      [
        -0.39047724567353725,
        51.20589975267649,
        125.20000000000005
      ],
      [
        -0.39047657512128353,
        51.2059251498431,
        125.20000000000005
      ],
      [
        -0.39049459621310234,
        51.20619119144976,
        126.79999999999995
      ],
      [
        -0.39048168808221817,
        51.206228993833065,
        126.60000000000002
      ],
      [
        -0.3904655110090971,
        51.20633393526077,
        125
      ],
      [
        -0.39055352099239826,
        51.20651758275926,
        128.79999999999995
      ],
      [
        -0.39056492038071156,
        51.206566113978624,
        129.79999999999995
      ],
      [
        -0.39058403111994267,
        51.20674422942102,
        130.20000000000005
      ],
      [
        -0.3906060755252838,
        51.206772895529866,
        129.79999999999995
      ],
      [
        -0.39063021540641785,
        51.20682385750115,
        130.20000000000005
      ],
      [
        -0.3906899783760309,
        51.20698319748044,
        130.39999999999998
      ],
      [
        -0.3908411879092455,
        51.20723742060363,
        122.20000000000005
      ],
      [
        -0.3908607177436352,
        51.20727689936757,
        120.39999999999998
      ],
      [
        -0.3909262642264366,
        51.20738821104169,
        118.79999999999995
      ],
      [
        -0.39109524339437485,
        51.207631370052695,
        113.79999999999995
      ],
      [
        -0.3910230752080679,
        51.20769012719393,
        114.60000000000002
      ],
      [
        -0.3908445406705141,
        51.20788525789976,
        113.79999999999995
      ],
      [
        -0.39078041911125183,
        51.20798734948039,
        119.79999999999995
      ],
      [
        -0.3907459694892168,
        51.20816026814282,
        141.60000000000002
      ],
      [
        -0.390750914812088,
        51.20821366086602,
        145.20000000000005
      ],
      [
        -0.3907535132020712,
        51.20822330005467,
        145.60000000000002
      ],
      [
        -0.3907540161162615,
        51.20823159813881,
        146.20000000000005
      ],
      [
        -0.3907536808401346,
        51.208246098831296,
        147
      ],
      [
        -0.3907334804534912,
        51.208277279511094,
        147.79999999999995
      ],
      [
        -0.3907295409590006,
        51.20828457176685,
        148.20000000000005
      ],
      [
        -0.3907066583633423,
        51.20832631364465,
        149.60000000000002
      ],
      [
        -0.39070154540240765,
        51.208350118249655,
        150.20000000000005
      ],
      [
        -0.3907001204788685,
        51.20835673995316,
        150.39999999999998
      ],
      [
        -0.3907007072120905,
        51.20836118236184,
        150.60000000000002
      ],
      [
        -0.3906980250030756,
        51.20837057009339,
        150.79999999999995
      ],
      [
        -0.39069944992661476,
        51.208378029987216,
        151
      ],
      [
        -0.39069224148988724,
        51.20838230475783,
        150.39999999999998
      ],
      [
        -0.3906932473182678,
        51.20839001610875,
        150.60000000000002
      ],
      [
        -0.39067983627319336,
        51.208417508751154,
        151.20000000000005
      ],
      [
        -0.3906794171780348,
        51.20842354372144,
        151.20000000000005
      ],
      [
        -0.390674639493227,
        51.20843200944364,
        151
      ],
      [
        -0.39065100252628326,
        51.20845841243863,
        150.20000000000005
      ],
      [
        -0.3906205762177706,
        51.208512391895056,
        149
      ],
      [
        -0.39052133448421955,
        51.20866603218019,
        148.60000000000002
      ],
      [
        -0.39049694314599037,
        51.20869729667902,
        148.79999999999995
      ],
      [
        -0.39039610885083675,
        51.20882369577885,
        151.79999999999995
      ],
      [
        -0.39037004113197327,
        51.2088814470917,
        153
      ],
      [
        -0.39034003391861916,
        51.20893584564328,
        153
      ],
      [
        -0.3903180733323097,
        51.20897674933076,
        152.39999999999998
      ],
      [
        -0.3902427200227976,
        51.20905897580087,
        150
      ],
      [
        -0.39018044248223305,
        51.20918638072908,
        148
      ],
      [
        -0.3900033328682184,
        51.209477819502354,
        142.20000000000005
      ],
      [
        -0.3898122254759073,
        51.2099121697247,
        144
      ],
      [
        -0.389540484175086,
        51.210341826081276,
        141.60000000000002
      ],
      [
        -0.38949279114603996,
        51.210530335083604,
        144
      ],
      [
        -0.38944367319345474,
        51.21072420850396,
        142.79999999999995
      ],
      [
        -0.38942355662584305,
        51.21077575720847,
        142.60000000000002
      ],
      [
        -0.38935541175305843,
        51.21092847548425,
        143
      ],
      [
        -0.38913069292902946,
        51.21135603636503,
        134.79999999999995
      ],
      [
        -0.3890267573297024,
        51.211464665830135,
        135
      ],
      [
        -0.3888772241771221,
        51.21157254092395,
        134.39999999999998
      ],
      [
        -0.38884570822119713,
        51.21161847375333,
        133.20000000000005
      ],
      [
        -0.3886036388576031,
        51.21183925308287,
        128.79999999999995
      ],
      [
        -0.38856323808431625,
        51.211874121800065,
        125
      ],
      [
        -0.38842753507196903,
        51.21207168325782,
        119
      ],
      [
        -0.38843315094709396,
        51.21227653697133,
        115.20000000000005
      ],
      [
        -0.3884443826973438,
        51.21230101212859,
        115.20000000000005
      ],
      [
        -0.3884671814739704,
        51.21237913146615,
        116
      ],
      [
        -0.38847707211971283,
        51.21240444481373,
        116.79999999999995
      ],
      [
        -0.3884721267968416,
        51.21242850087583,
        117.20000000000005
      ],
      [
        -0.3884975239634514,
        51.21251433156431,
        117.20000000000005
      ],
      [
        -0.3885274473577738,
        51.212640730664134,
        114.79999999999995
      ],
      [
        -0.38856483064591885,
        51.21276914142072,
        114.20000000000005
      ],
      [
        -0.3885635733604431,
        51.21278481557965,
        113.79999999999995
      ],
      [
        -0.38857631385326385,
        51.21282731182873,
        113.39999999999998
      ],
      [
        -0.3886060696095228,
        51.21285689994693,
        113.39999999999998
      ],
      [
        -0.3886315505951643,
        51.2129154894501,
        116.79999999999995
      ],
      [
        -0.38862962275743484,
        51.21292621828616,
        118.20000000000005
      ],
      [
        -0.38863238878548145,
        51.212975922971964,
        118.60000000000002
      ],
      [
        -0.3886842727661133,
        51.21306854300201,
        120.79999999999995
      ],
      [
        -0.3886893857270479,
        51.213081032037735,
        121
      ],
      [
        -0.3886919841170311,
        51.213082456961274,
        121
      ],
      [
        -0.38870413787662983,
        51.21309980750084,
        120.60000000000002
      ],
      [
        -0.38872157223522663,
        51.21312973089516,
        120.20000000000005
      ],
      [
        -0.3887339774519205,
        51.213138196617365,
        119.79999999999995
      ],
      [
        -0.38874235935509205,
        51.213146997615695,
        119.60000000000002
      ],
      [
        -0.3887659125030041,
        51.21319519355893,
        119.20000000000005
      ],
      [
        -0.3888200595974922,
        51.21325026266277,
        122.60000000000002
      ],
      [
        -0.3888655733317137,
        51.21330516412854,
        124
      ],
      [
        -0.38888552226126194,
        51.21332352049649,
        127.20000000000005
      ],
      [
        -0.38889809511601925,
        51.21333869174123,
        128.39999999999998
      ],
      [
        -0.3889398369938135,
        51.21336459182203,
        129.60000000000002
      ],
      [
        -0.38899130187928677,
        51.21339208446443,
        134
      ],
      [
        -0.38897445425391197,
        51.213394766673446,
        134.39999999999998
      ],
      [
        -0.38896674290299416,
        51.21339594013989,
        135
      ],
      [
        -0.38896774873137474,
        51.21341194957495,
        135.60000000000002
      ],
      [
        -0.38896682672202587,
        51.21341555379331,
        135.39999999999998
      ],
      [
        -0.38895207457244396,
        51.21341044083238,
        134.60000000000002
      ],
      [
        -0.38896137848496437,
        51.21342577971518,
        134
      ],
      [
        -0.3889913856983185,
        51.21350280940533,
        132.20000000000005
      ],
      [
        -0.388998594135046,
        51.21356341056526,
        132.60000000000002
      ],
      [
        -0.38897101767361164,
        51.21366893872619,
        130
      ],
      [
        -0.3889527451246977,
        51.21377756819129,
        129.79999999999995
      ],
      [
        -0.388901699334383,
        51.213882928714156,
        127.20000000000005
      ],
      [
        -0.3888825047761202,
        51.21397881768644,
        129.79999999999995
      ],
      [
        -0.38887697272002697,
        51.2141156103462,
        130.39999999999998
      ],
      [
        -0.3888734523206949,
        51.2141586933285,
        130.79999999999995
      ],
      [
        -0.38887412287294865,
        51.21422273106873,
        130.20000000000005
      ],
      [
        -0.3888815827667713,
        51.21426899917424,
        130
      ],
      [
        -0.3888525813817978,
        51.21448592282832,
        129
      ],
      [
        -0.38893514312803745,
        51.21482991613448,
        130.60000000000002
      ],
      [
        -0.38909909315407276,
        51.21511146426201,
        131.20000000000005
      ],
      [
        -0.3892348799854517,
        51.21531983837485,
        127
      ],
      [
        -0.38929020054638386,
        51.21548781171441,
        125
      ],
      [
        -0.3891030326485634,
        51.21569937095046,
        126.39999999999998
      ],
      [
        -0.38897101767361164,
        51.21582509949803,
        126.79999999999995
      ],
      [
        -0.3887757193297148,
        51.21604369953275,
        128.60000000000002
      ],
      [
        -0.3886527568101883,
        51.21613028459251,
        128.60000000000002
      ],
      [
        -0.38863951340317726,
        51.21615802869201,
        128.60000000000002
      ],
      [
        -0.38861210457980633,
        51.21620882302523,
        126
      ],
      [
        -0.3886555228382349,
        51.216319212689996,
        126.79999999999995
      ],
      [
        -0.3887857776135206,
        51.216767225414515,
        126.39999999999998
      ],
      [
        -0.38905818946659565,
        51.2171099614352,
        128
      ],
      [
        -0.38930922746658325,
        51.2172394618392,
        124.39999999999998
      ],
      [
        -0.3893573395907879,
        51.217277850955725,
        123
      ],
      [
        -0.38973829708993435,
        51.21766082011163,
        122.79999999999995
      ],
      [
        -0.38987056352198124,
        51.21798469685018,
        118.60000000000002
      ],
      [
        -0.3898425679653883,
        51.21832424774766,
        110.60000000000002
      ],
      [
        -0.3898425679653883,
        51.21832424774766,
        110.60000000000002
      ],
      [
        -0.3897728305310011,
        51.21855944395065,
        110.39999999999998
      ],
      [
        -0.3897206950932741,
        51.21872062794864,
        112
      ],
      [
        -0.3896907716989517,
        51.21882020495832,
        115
      ],
      [
        -0.389625309035182,
        51.219197139143944,
        126.79999999999995
      ],
      [
        -0.3896464314311743,
        51.219401909038424,
        126.20000000000005
      ],
      [
        -0.38963100872933865,
        51.21945530176163,
        123.60000000000002
      ],
      [
        -0.38960753940045834,
        51.21948120184243,
        123.20000000000005
      ],
      [
        -0.3896149154752493,
        51.21950374916196,
        114.20000000000005
      ],
      [
        -0.3896776121109724,
        51.219583209604025,
        115.79999999999995
      ],
      [
        -0.3896890114992857,
        51.21968471445143,
        114.60000000000002
      ],
      [
        -0.38969093933701515,
        51.21974850073457,
        116.60000000000002
      ],
      [
        -0.3897112235426903,
        51.21981211937964,
        117.60000000000002
      ],
      [
        -0.3899030014872551,
        51.219894513487816,
        119
      ],
      [
        -0.3899247944355011,
        51.2199090141803,
        119
      ],
      [
        -0.39004323072731495,
        51.21999970637262,
        120.20000000000005
      ],
      [
        -0.390101820230484,
        51.22004656121135,
        121.60000000000002
      ],
      [
        -0.39010215550661087,
        51.22004672884941,
        121.60000000000002
      ],
      [
        -0.3901274688541889,
        51.220064079388976,
        122
      ],
      [
        -0.39022788405418396,
        51.22009517624974,
        121.60000000000002
      ],
      [
        -0.3903548698872328,
        51.220205733552575,
        121.79999999999995
      ],
      [
        -0.39038454182446003,
        51.220234567299485,
        122.20000000000005
      ],
      [
        -0.3903953544795513,
        51.220243368297815,
        122.39999999999998
      ],
      [
        -0.39047833532094955,
        51.22030564583838,
        122.20000000000005
      ],
      [
        -0.39052074775099754,
        51.220333725214005,
        121.60000000000002
      ],
      [
        -0.3905465640127659,
        51.220355685800314,
        121.20000000000005
      ],
      [
        -0.3906009625643492,
        51.220392314717174,
        120.79999999999995
      ],
      [
        -0.39069458842277527,
        51.22045367024839,
        119.79999999999995
      ],
      [
        -0.3907977696508169,
        51.22052801772952,
        118.79999999999995
      ],
      [
        -0.3909648209810257,
        51.22066120617092,
        116.79999999999995
      ],
      [
        -0.39145524613559246,
        51.22099212370813,
        111.79999999999995
      ],
      [
        -0.39165875874459743,
        51.22114651836455,
        113.39999999999998
      ],
      [
        -0.39178683422505856,
        51.22139194048941,
        97.20000000000005
      ],
      [
        -0.392078859731555,
        51.22175118885934,
        94
      ],
      [
        -0.3923473320901394,
        51.22196316719055,
        95.20000000000005
      ],
      [
        -0.39285468868911266,
        51.22229743748903,
        102.60000000000002
      ],
      [
        -0.39296247996389866,
        51.22238100506365,
        104.60000000000002
      ],
      [
        -0.3932927269488573,
        51.222654758021235,
        104.60000000000002
      ],
      [
        -0.393375875428319,
        51.222716784104705,
        104.60000000000002
      ],
      [
        -0.39342029951512814,
        51.22275366447866,
        104.79999999999995
      ],
      [
        -0.39343136362731457,
        51.222761794924736,
        104
      ],
      [
        -0.39346388541162014,
        51.22277713380754,
        103
      ],
      [
        -0.39347427897155285,
        51.22278484515846,
        102.60000000000002
      ],
      [
        -0.3934995085000992,
        51.22280454263091,
        101.20000000000005
      ],
      [
        -0.3935235645622015,
        51.22281527146697,
        100.79999999999995
      ],
      [
        -0.39354066364467144,
        51.22281996533275,
        100.60000000000002
      ],
      [
        -0.3935551643371582,
        51.22282583266497,
        100.79999999999995
      ],
      [
        -0.3935632109642029,
        51.22283044271171,
        100.60000000000002
      ],
      [
        -0.39356958121061325,
        51.222829688340425,
        100
      ],
      [
        -0.39357335306704044,
        51.22283153235912,
        100.39999999999998
      ],
      [
        -0.39357234723865986,
        51.2228309456259,
        100.20000000000005
      ],
      [
        -0.39357326924800873,
        51.22283077798784,
        100.39999999999998
      ],
      [
        -0.3935667313635349,
        51.22283136472106,
        100.20000000000005
      ],
      [
        -0.3935665637254715,
        51.222832622006536,
        99.79999999999995
      ],
      [
        -0.39356966502964497,
        51.22283270582557,
        99.79999999999995
      ],
      [
        -0.39360394701361656,
        51.222845362499356,
        99.60000000000002
      ],
      [
        -0.3936423361301422,
        51.2228586897254,
        99
      ],
      [
        -0.393648874014616,
        51.22286262921989,
        99.60000000000002
      ],
      [
        -0.393649460747838,
        51.22286346741021,
        99.60000000000002
      ],
      [
        -0.3936497960239649,
        51.22286313213408,
        99.60000000000002
      ],
      [
        -0.393690699711442,
        51.222875118255615,
        98.60000000000002
      ],
      [
        -0.3937714174389839,
        51.22290453873575,
        98.60000000000002
      ],
      [
        -0.39389127865433693,
        51.22293253429234,
        95.79999999999995
      ],
      [
        -0.3939255606383085,
        51.22294527478516,
        94.79999999999995
      ],
      [
        -0.39394089952111244,
        51.222949884831905,
        94.60000000000002
      ],
      [
        -0.3940115589648485,
        51.222968408837914,
        94
      ],
      [
        -0.3940719086676836,
        51.22298466973007,
        93
      ],
      [
        -0.3941774368286133,
        51.22301124036312,
        93.39999999999998
      ],
      [
        -0.3942402172833681,
        51.223053485155106,
        96.20000000000005
      ],
      [
        -0.39428497664630413,
        51.223068153485656,
        96.79999999999995
      ],
      [
        -0.39431297220289707,
        51.223074523732066,
        97.20000000000005
      ],
      [
        -0.3943311609327793,
        51.22307904995978,
        98
      ],
      [
        -0.39446200244128704,
        51.2230936344713,
        96.60000000000002
      ],
      [
        -0.3946715500205755,
        51.223134119063616,
        96.79999999999995
      ],
      [
        -0.3951576165854931,
        51.22327225282788,
        100.39999999999998
      ],
      [
        -0.39534252136945724,
        51.22333075851202,
        100
      ],
      [
        -0.3960234671831131,
        51.2235027551651,
        105
      ],
      [
        -0.39621264673769474,
        51.22366653755307,
        98.39999999999998
      ],
      [
        -0.3960919473320246,
        51.22329010628164,
        95
      ],
      [
        -0.3961632773280144,
        51.22319480404258,
        95.60000000000002
      ],
      [
        -0.39618439972400665,
        51.22317535802722,
        94.60000000000002
      ],
      [
        -0.3962809592485428,
        51.22309371829033,
        95
      ],
      [
        -0.3965833783149719,
        51.22290604747832,
        100.20000000000005
      ],
      [
        -0.3968717996031046,
        51.22274553403258,
        102.20000000000005
      ],
      [
        -0.39700230583548546,
        51.22267219237983,
        102.20000000000005
      ],
      [
        -0.39707086980342865,
        51.22265165671706,
        104.39999999999998
      ],
      [
        -0.3974135220050812,
        51.22251310385764,
        105
      ],
      [
        -0.39742425084114075,
        51.222506146878004,
        104.79999999999995
      ],
      [
        -0.39747169241309166,
        51.222477816045284,
        103.60000000000002
      ],
      [
        -0.3975259233266115,
        51.22246448881924,
        104.20000000000005
      ],
      [
        -0.3976696729660034,
        51.222435403615236,
        106.39999999999998
      ],
      [
        -0.3976864367723465,
        51.22243112884462,
        106.60000000000002
      ],
      [
        -0.3977223113179207,
        51.22242333367467,
        106.20000000000005
      ],
      [
        -0.39775039069354534,
        51.22241361066699,
        106.20000000000005
      ],
      [
        -0.39784150198102,
        51.22238167561591,
        105
      ],
      [
        -0.39786966517567635,
        51.22237245552242,
        104.39999999999998
      ],
      [
        -0.39786966517567635,
        51.22237245552242,
        104.39999999999998
      ],
      [
        -0.39789573289453983,
        51.222363486886024,
        104.39999999999998
      ],
      [
        -0.3980327770113945,
        51.22232174500823,
        104
      ],
      [
        -0.3980534803122282,
        51.22231646440923,
        104.39999999999998
      ],
      [
        -0.39841700345277786,
        51.222236920148134,
        108
      ],
      [
        -0.39859344251453876,
        51.222208170220256,
        109.79999999999995
      ],
      [
        -0.3987663611769676,
        51.22217481024563,
        109.60000000000002
      ],
      [
        -0.3988554608076811,
        51.222148491069674,
        107.60000000000002
      ],
      [
        -0.3989781718701124,
        51.222113287076354,
        106.39999999999998
      ],
      [
        -0.3992345742881298,
        51.22206869535148,
        104
      ],
      [
        -0.3994256816804409,
        51.22206039726734,
        102.60000000000002
      ],
      [
        -0.39952450431883335,
        51.22205830179155,
        103.60000000000002
      ],
      [
        -0.40024870075285435,
        51.222118735313416,
        106
      ],
      [
        -0.4006487689912319,
        51.222087973728776,
        108.20000000000005
      ],
      [
        -0.4011742305010557,
        51.221996024250984,
        105.39999999999998
      ],
      [
        -0.4014991130679846,
        51.22193089686334,
        107.20000000000005
      ],
      [
        -0.4021574277430773,
        51.221790416166186,
        115.79999999999995
      ],
      [
        -0.4028761759400368,
        51.22172897681594,
        109
      ],
      [
        -0.402949433773756,
        51.22171816416085,
        108.79999999999995
      ],
      [
        -0.40314079262316227,
        51.22171958908439,
        111.39999999999998
      ],
      [
        -0.40332301519811153,
        51.221735179424286,
        112.39999999999998
      ],
      [
        -0.40358126163482666,
        51.22174507007003,
        113
      ],
      [
        -0.404308894649148,
        51.22177541255951,
        110
      ],
      [
        -0.40474986657500267,
        51.221767449751496,
        115.39999999999998
      ],
      [
        -0.4054002184420824,
        51.221760995686054,
        115
      ],
      [
        -0.405403571203351,
        51.22177055105567,
        114.79999999999995
      ],
      [
        -0.4054116178303957,
        51.22203550301492,
        108
      ],
      [
        -0.40545713156461716,
        51.22233850881457,
        105.20000000000005
      ],
      [
        -0.4054693691432476,
        51.22234177775681,
        105
      ],
      [
        -0.406094491481781,
        51.22231881134212,
        104
      ],
      [
        -0.40682069957256317,
        51.222320487722754,
        105.39999999999998
      ],
      [
        -0.40715429931879044,
        51.2223303783685,
        104.20000000000005
      ],
      [
        -0.40779534727334976,
        51.22233741916716,
        103
      ],
      [
        -0.4080461338162422,
        51.222336580976844,
        109.20000000000005
      ],
      [
        -0.40813690982759,
        51.22232065536082,
        113
      ],
      [
        -0.4083122592419386,
        51.22227229177952,
        117.79999999999995
      ],
      [
        -0.40832608938217163,
        51.22226407751441,
        117.60000000000002
      ],
      [
        -0.40838065557181835,
        51.22222828678787,
        117.39999999999998
      ],
      [
        -0.40840571746230125,
        51.22221127152443,
        117.79999999999995
      ],
      [
        -0.40840571746230125,
        51.22221127152443,
        117.79999999999995
      ],
      [
        -0.408419044688344,
        51.22220213524997,
        118
      ],
      [
        -0.40848081931471825,
        51.22215217910707,
        119
      ],
      [
        -0.4087610263377428,
        51.22205788269639,
        122
      ],
      [
        -0.4088436719030142,
        51.22201287187636,
        122.20000000000005
      ],
      [
        -0.4092755913734436,
        51.22191161848605,
        125.39999999999998
      ],
      [
        -0.4094296507537365,
        51.22188932262361,
        126.60000000000002
      ],
      [
        -0.41007237508893013,
        51.22167960740626,
        111.39999999999998
      ],
      [
        -0.41029307059943676,
        51.22161271981895,
        110.39999999999998
      ],
      [
        -0.41073353961110115,
        51.221553795039654,
        113.20000000000005
      ],
      [
        -0.41098281741142273,
        51.22151683084667,
        111.60000000000002
      ],
      [
        -0.41128733195364475,
        51.22141432017088,
        111.20000000000005
      ],
      [
        -0.41150081902742386,
        51.22135137207806,
        114.60000000000002
      ],
      [
        -0.41216340847313404,
        51.221170239150524,
        117.20000000000005
      ],
      [
        -0.4123761411756277,
        51.221106201410294,
        113.79999999999995
      ],
      [
        -0.41305909864604473,
        51.22096035629511,
        124.60000000000002
      ],
      [
        -0.41314417496323586,
        51.22095013037324,
        124.39999999999998
      ],
      [
        -0.4134031757712364,
        51.220870250836015,
        125.39999999999998
      ],
      [
        -0.4135113023221493,
        51.22083353810012,
        126.79999999999995
      ],
      [
        -0.4136199317872524,
        51.220812583342195,
        123.60000000000002
      ],
      [
        -0.4143314715474844,
        51.22082121670246,
        112.60000000000002
      ],
      [
        -0.41463229805231094,
        51.22080897912383,
        110.60000000000002
      ],
      [
        -0.415350878611207,
        51.220716862007976,
        110
      ],
      [
        -0.41603836230933666,
        51.220593648031354,
        105.39999999999998
      ],
      [
        -0.4164682701230049,
        51.220419723540545,
        103.20000000000005
      ],
      [
        -0.41700479574501514,
        51.220126105472445,
        102.79999999999995
      ],
      [
        -0.4176782816648483,
        51.21996743604541,
        109.39999999999998
      ],
      [
        -0.41781499050557613,
        51.2199246045202,
        110.79999999999995
      ],
      [
        -0.41825663298368454,
        51.219912031665444,
        112.20000000000005
      ],
      [
        -0.4182896576821804,
        51.21991236694157,
        112.39999999999998
      ],
      [
        -0.41830516420304775,
        51.21990834362805,
        112.39999999999998
      ],
      [
        -0.4184166435152292,
        51.21988009661436,
        114.20000000000005
      ],
      [
        -0.4184356704354286,
        51.21988185681403,
        114.60000000000002
      ],
      [
        -0.4184583015739918,
        51.219883197918534,
        114.79999999999995
      ],
      [
        -0.4184797592461109,
        51.219881772994995,
        115.20000000000005
      ],
      [
        -0.4184981156140566,
        51.219880348071456,
        115.60000000000002
      ],
      [
        -0.4185226745903492,
        51.21987699531019,
        116.60000000000002
      ],
      [
        -0.4186369199305773,
        51.21987020596862,
        120
      ],
      [
        -0.41866726242005825,
        51.219862746074796,
        120.60000000000002
      ],
      [
        -0.4186921566724777,
        51.219857884570956,
        121
      ],
      [
        -0.4187482316046953,
        51.21984732337296,
        123
      ],
      [
        -0.4191441088914871,
        51.219831481575966,
        125.39999999999998
      ],
      [
        -0.4192479606717825,
        51.219819663092494,
        125
      ],
      [
        -0.4194738529622555,
        51.219818741083145,
        124.20000000000005
      ],
      [
        -0.41955482214689255,
        51.21982242912054,
        124.39999999999998
      ],
      [
        -0.4196650441735983,
        51.21982938610017,
        125.39999999999998
      ],
      [
        -0.4199427366256714,
        51.219796696677804,
        127
      ],
      [
        -0.4200146533548832,
        51.21978714130819,
        127.20000000000005
      ],
      [
        -0.42003015987575054,
        51.21978269889951,
        126.79999999999995
      ],
      [
        -0.4200440738350153,
        51.21977582573891,
        126.60000000000002
      ],
      [
        -0.42012923397123814,
        51.219762079417706,
        125.20000000000005
      ],
      [
        -0.42064388282597065,
        51.21971103362739,
        121.79999999999995
      ],
      [
        -0.42079417034983635,
        51.21970608830452,
        122
      ],
      [
        -0.42094504460692406,
        51.21968203224242,
        124.39999999999998
      ],
      [
        -0.42165348306298256,
        51.21959418989718,
        124.79999999999995
      ],
      [
        -0.4218041058629751,
        51.21952545829117,
        124.60000000000002
      ],
      [
        -0.42207643389701843,
        51.2194187566638,
        127.60000000000002
      ],
      [
        -0.4224961996078491,
        51.219250950962305,
        132.39999999999998
      ],
      [
        -0.42298100888729095,
        51.21907375752926,
        124
      ],
      [
        -0.4236184526234865,
        51.21886521577835,
        121.39999999999998
      ],
      [
        -0.4239727556705475,
        51.218824395909905,
        123.60000000000002
      ],
      [
        -0.4241829738020897,
        51.21883822605014,
        125.20000000000005
      ],
      [
        -0.4248816054314375,
        51.21889589354396,
        132.60000000000002
      ],
      [
        -0.42515678331255913,
        51.21886714361608,
        134.79999999999995
      ],
      [
        -0.425817109644413,
        51.218865383416414,
        135.39999999999998
      ],
      [
        -0.42652957141399384,
        51.21891760267317,
        125.79999999999995
      ],
      [
        -0.42690264992415905,
        51.21894484385848,
        123.39999999999998
      ],
      [
        -0.42753648944199085,
        51.218993961811066,
        117.79999999999995
      ],
      [
        -0.42783714830875397,
        51.219017934054136,
        116.60000000000002
      ],
      [
        -0.42793555185198784,
        51.21903168037534,
        116
      ],
      [
        -0.4282031022012234,
        51.219075517728925,
        113
      ],
      [
        -0.428607277572155,
        51.219131760299206,
        110.60000000000002
      ],
      [
        -0.42864122427999973,
        51.21913310140371,
        110.39999999999998
      ],
      [
        -0.42891464196145535,
        51.219136118888855,
        109.60000000000002
      ],
      [
        -0.42936760000884533,
        51.21912723407149,
        109.60000000000002
      ],
      [
        -0.4300191253423691,
        51.21912279166281,
        108.20000000000005
      ],
      [
        -0.4303709138184786,
        51.21912119910121,
        106.79999999999995
      ],
      [
        -0.43066520243883133,
        51.21911231428385,
        107.20000000000005
      ],
      [
        -0.43084926903247833,
        51.219116086140275,
        107
      ],
      [
        -0.4309453256428242,
        51.219117091968656,
        106.60000000000002
      ],
      [
        -0.431041968986392,
        51.219121031463146,
        106.39999999999998
      ],
      [
        -0.4310624208301306,
        51.219123378396034,
        106.20000000000005
      ],
      [
        -0.431233998388052,
        51.219131257385015,
        102.20000000000005
      ],
      [
        -0.43128781020641327,
        51.21913159266114,
        102
      ],
      [
        -0.43152074329555035,
        51.219029668718576,
        97.79999999999995
      ],
      [
        -0.4316249303519726,
        51.21864284388721,
        94
      ],
      [
        -0.43163356371223927,
        51.21845559217036,
        90.60000000000002
      ],
      [
        -0.43164370581507683,
        51.21842877008021,
        90
      ],
      [
        -0.4316532611846924,
        51.21841326355934,
        90.20000000000005
      ],
      [
        -0.43167639523744583,
        51.21836791746318,
        90.39999999999998
      ],
      [
        -0.43180882930755615,
        51.21802752837539,
        92.60000000000002
      ],
      [
        -0.43187026865780354,
        51.21791739016771,
        92.79999999999995
      ],
      [
        -0.4318996053189039,
        51.21785067021847,
        92
      ],
      [
        -0.4319250863045454,
        51.21775897219777,
        90
      ],
      [
        -0.4320828337222338,
        51.217552442103624,
        90.79999999999995
      ],
      [
        -0.43256797827780247,
        51.217209873721,
        95.60000000000002
      ],
      [
        -0.43270401656627655,
        51.21703368611634,
        91
      ],
      [
        -0.4329973831772804,
        51.21669061481953,
        89.79999999999995
      ],
      [
        -0.4331753309816122,
        51.216407641768456,
        84.20000000000005
      ],
      [
        -0.4333055019378662,
        51.216397415846586,
        81
      ],
      [
        -0.43358009308576584,
        51.21635450050235,
        80.60000000000002
      ],
      [
        -0.43370640836656094,
        51.21637470088899,
        79.60000000000002
      ],
      [
        -0.4338411055505276,
        51.21649045497179,
        82.60000000000002
      ],
      [
        -0.43398267589509487,
        51.2166815623641,
        95.39999999999998
      ],
      [
        -0.4340115934610367,
        51.21669815853238,
        98.79999999999995
      ],
      [
        -0.4340324643999338,
        51.21671140193939,
        98.39999999999998
      ],
      [
        -0.43424343690276146,
        51.216859174892306,
        93.60000000000002
      ],
      [
        -0.4342682473361492,
        51.21687971055508,
        93.20000000000005
      ],
      [
        -0.43428040109574795,
        51.21689295396209,
        92.39999999999998
      ],
      [
        -0.43430496007204056,
        51.21691642329097,
        91.60000000000002
      ],
      [
        -0.4343232326209545,
        51.21692379936576,
        90.79999999999995
      ],
      [
        -0.4343668185174465,
        51.21693997643888,
        89.20000000000005
      ],
      [
        -0.4349971376359463,
        51.217147344723344,
        79.60000000000002
      ],
      [
        -0.4354170709848404,
        51.21722973883152,
        75
      ],
      [
        -0.4358538519591093,
        51.21686244383454,
        78.39999999999998
      ],
      [
        -0.43610572814941406,
        51.216668067499995,
        78.79999999999995
      ],
      [
        -0.43635240755975246,
        51.21644946746528,
        77.60000000000002
      ],
      [
        -0.43644603341817856,
        51.216360284015536,
        77
      ],
      [
        -0.4365823231637478,
        51.21630387380719,
        76.79999999999995
      ],
      [
        -0.437247846275568,
        51.21616506949067,
        77.20000000000005
      ],
      [
        -0.43746544048190117,
        51.2160980142653,
        76
      ],
      [
        -0.43810305185616016,
        51.215934650972486,
        76.79999999999995
      ],
      [
        -0.4383939877152443,
        51.21590212918818,
        80.20000000000005
      ],
      [
        -0.43856908567249775,
        51.21587321162224,
        81.20000000000005
      ],
      [
        -0.4388346243649721,
        51.215824261307716,
        83
      ],
      [
        -0.4389160964637995,
        51.21582191437483,
        82.79999999999995
      ],
      [
        -0.4389325249940157,
        51.21582577005029,
        82.39999999999998
      ],
      [
        -0.4389456007629633,
        51.21582359075546,
        82.20000000000005
      ],
      [
        -0.43962428346276283,
        51.21566559188068,
        86.60000000000002
      ],
      [
        -0.4403258487582207,
        51.21555034071207,
        84
      ],
      [
        -0.4407201334834099,
        51.215449925512075,
        84.39999999999998
      ],
      [
        -0.4410147573798895,
        51.21550591662526,
        82.20000000000005
      ],
      [
        -0.4410784598439932,
        51.21550147421658,
        82
      ],
      [
        -0.4413991514593363,
        51.215440118685365,
        84.79999999999995
      ],
      [
        -0.44144969433546066,
        51.215464090928435,
        85.79999999999995
      ],
      [
        -0.4415020812302828,
        51.21549996547401,
        85.60000000000002
      ],
      [
        -0.4415337648242712,
        51.21554598212242,
        84
      ],
      [
        -0.44181992299854755,
        51.21563256718218,
        81
      ],
      [
        -0.4425279423594475,
        51.21574521996081,
        82.79999999999995
      ],
      [
        -0.4430078901350498,
        51.21585862711072,
        80.60000000000002
      ],
      [
        -0.4431047011166811,
        51.21589232236147,
        79
      ],
      [
        -0.4434391390532255,
        51.215978069230914,
        77.60000000000002
      ],
      [
        -0.4434598423540592,
        51.215982008725405,
        77.60000000000002
      ],
      [
        -0.4436017479747534,
        51.21600757353008,
        77.20000000000005
      ],
      [
        -0.4438186716288328,
        51.21602802537382,
        75.79999999999995
      ],
      [
        -0.4441931750625372,
        51.216114861890674,
        75.60000000000002
      ],
      [
        -0.444352263584733,
        51.216184850782156,
        76.39999999999998
      ],
      [
        -0.44446349143981934,
        51.216214187443256,
        75.79999999999995
      ],
      [
        -0.4447503201663494,
        51.21638442389667,
        72.39999999999998
      ],
      [
        -0.44500856660306454,
        51.21637905947864,
        76.20000000000005
      ],
      [
        -0.4455909412354231,
        51.216372437775135,
        75.39999999999998
      ],
      [
        -0.4457707330584526,
        51.216365145519376,
        77
      ],
      [
        -0.4459450766444206,
        51.2163689173758,
        76
      ],
      [
        -0.4460278060287237,
        51.21636430732906,
        74.39999999999998
      ],
      [
        -0.44668092392385006,
        51.216370426118374,
        73.20000000000005
      ],
      [
        -0.44674521312117577,
        51.21637210249901,
        72.79999999999995
      ],
      [
        -0.4471242427825928,
        51.21634134091437,
        72.79999999999995
      ],
      [
        -0.4472697526216507,
        51.216337233781815,
        72.60000000000002
      ],
      [
        -0.4473046213388443,
        51.216342598199844,
        72.39999999999998
      ],
      [
        -0.4477222077548504,
        51.21644368395209,
        73.39999999999998
      ],
      [
        -0.44790828600525856,
        51.216503866016865,
        72.20000000000005
      ],
      [
        -0.4485324863344431,
        51.216663205996156,
        74.60000000000002
      ],
      [
        -0.4485862981528044,
        51.2166659720242,
        74.79999999999995
      ],
      [
        -0.44861881993710995,
        51.21666932478547,
        74.20000000000005
      ],
      [
        -0.4488329775631428,
        51.216792287305,
        80.79999999999995
      ],
      [
        -0.44876357540488243,
        51.217208029702306,
        79.79999999999995
      ],
      [
        -0.44866181910037994,
        51.217264607548714,
        78
      ],
      [
        -0.44842653907835484,
        51.21752184815705,
        71.20000000000005
      ],
      [
        -0.4482059273868799,
        51.21795586310327,
        70.20000000000005
      ],
      [
        -0.44811959378421307,
        51.21841016225517,
        73.79999999999995
      ],
      [
        -0.447832765057683,
        51.21882758103311,
        71.20000000000005
      ],
      [
        -0.4477920290082693,
        51.218874854967,
        70.39999999999998
      ],
      [
        -0.4476616904139519,
        51.21913779526949,
        72.60000000000002
      ],
      [
        -0.4475409910082817,
        51.219575330615044,
        68.60000000000002
      ],
      [
        -0.44751123525202274,
        51.21958362869918,
        70.20000000000005
      ],
      [
        -0.44742087833583355,
        51.219651103019714,
        73.60000000000002
      ],
      [
        -0.4473736882209778,
        51.21964515186846,
        76
      ],
      [
        -0.44733923859894276,
        51.21964590623975,
        75.39999999999998
      ],
      [
        -0.4473259951919317,
        51.21964246965945,
        74.60000000000002
      ],
      [
        -0.4473268333822489,
        51.21964414604008,
        74.39999999999998
      ],
      [
        -0.4473263304680586,
        51.219645235687494,
        74.79999999999995
      ],
      [
        -0.4473188705742359,
        51.21965738944709,
        77.60000000000002
      ],
      [
        -0.44731132686138153,
        51.21964925900102,
        77.60000000000002
      ],
      [
        -0.44730772264301777,
        51.21964205056429,
        77.39999999999998
      ],
      [
        -0.44735868461430073,
        51.2195879034698,
        77.79999999999995
      ],
      [
        -0.44729246757924557,
        51.21950852684677,
        79
      ],
      [
        -0.4472735244780779,
        51.219538701698184,
        77.79999999999995
      ],
      [
        -0.4472965747117996,
        51.21953224763274,
        77.39999999999998
      ],
      [
        -0.4472985863685608,
        51.21952663175762,
        77
      ],
      [
        -0.4472996760159731,
        51.21952126733959,
        77
      ],
      [
        -0.4472909588366747,
        51.21952042914927,
        76.60000000000002
      ],
      [
        -0.4472838342189789,
        51.219526045024395,
        76.20000000000005
      ],
      [
        -0.44727612286806107,
        51.219532834365964,
        76
      ],
      [
        -0.4472723510116339,
        51.219531409442425,
        75.39999999999998
      ],
      [
        -0.4472568444907665,
        51.219551023095846,
        72.79999999999995
      ],
      [
        -0.4472481273114681,
        51.21955152601004,
        73
      ],
      [
        -0.4472430143505335,
        51.21955160982907,
        73.20000000000005
      ],
      [
        -0.447250222787261,
        51.21954289264977,
        75.39999999999998
      ],
      [
        -0.44725164771080017,
        51.21953224763274,
        75.60000000000002
      ],
      [
        -0.44726346619427204,
        51.219528056681156,
        76
      ],
      [
        -0.4472730215638876,
        51.21952436864376,
        75.39999999999998
      ],
      [
        -0.4472731053829193,
        51.21951699256897,
        74.20000000000005
      ],
      [
        -0.44727327302098274,
        51.21951003558934,
        73.39999999999998
      ]
    ]
  }
}
