{
  "type": "Feature",
  "properties": {},
  "geometry": {
    "type": "LineString",
    "coordinates": [
      [
        -1.8172137066721916,
        53.370381658896804,
        259.20000000000005
      ],
      [
        -1.8171987868845463,
        53.370389034971595,
        259.4
      ],
      [
        -1.8172090128064156,
        53.37039087899029,
        259.4
      ],
      [
        -1.8172111082822084,
        53.37040051817894,
        259.6
      ],
      [
        -1.8172250222414732,
        53.370436979457736,
        259.6
      ],
      [
        -1.817226279526949,
        53.3704458642751,
        259.6
      ],
      [
        -1.8172734696418047,
        53.37043505162001,
        259.6
      ],
      [
        -1.8174872919917107,
        53.37038015015423,
        260.20000000000005
      ],
      [
        -1.8175109289586544,
        53.37037428282201,
        260.20000000000005
      ],
      [
        -1.8175780680030584,
        53.37036355398595,
        260.4
      ],
      [
        -1.8176096677780151,
        53.370356848463416,
        260.4
      ],
      [
        -1.8176975939422846,
        53.37035056203604,
        261.4
      ],
      [
        -1.8178546708077192,
        53.370363637804985,
        262.4
      ],
      [
        -1.817940752953291,
        53.370366320014,
        263
      ],
      [
        -1.8180418387055397,
        53.37038199417293,
        263.4
      ],
      [
        -1.8180552497506142,
        53.370381658896804,
        263.4
      ],
      [
        -1.8181717582046986,
        53.37038476020098,
        263.6
      ],
      [
        -1.8182560801506042,
        53.37038626894355,
        263.6
      ],
      [
        -1.8183041084557772,
        53.37038207799196,
        263.6
      ],
      [
        -1.8183440901339054,
        53.370379731059074,
        264.20000000000005
      ],
      [
        -1.8184208683669567,
        53.37034427560866,
        264.20000000000005
      ],
      [
        -1.8184846546500921,
        53.370332876220345,
        264.4
      ],
      [
        -1.8185272347182035,
        53.370335809886456,
        264.4
      ],
      [
        -1.8186527956277132,
        53.37033740244806,
        265.20000000000005
      ],
      [
        -1.8187118880450726,
        53.370337737724185,
        265.4
      ],
      [
        -1.8187964614480734,
        53.37032415904105,
        265.6
      ],
      [
        -1.818921770900488,
        53.370308903977275,
        266.4
      ],
      [
        -1.8189480900764465,
        53.37030219845474,
        266.4
      ],
      [
        -1.8190479185432196,
        53.370304042473435,
        266.79999999999995
      ],
      [
        -1.8191438913345337,
        53.37030513212085,
        267.20000000000005
      ],
      [
        -1.8192640878260136,
        53.37029851041734,
        267.4
      ],
      [
        -1.819326700642705,
        53.37029339745641,
        267.4
      ],
      [
        -1.8194209970533848,
        53.370284931734204,
        268
      ],
      [
        -1.8195897247642279,
        53.370259534567595,
        268.6
      ],
      [
        -1.8196109309792519,
        53.37025869637728,
        268.79999999999995
      ],
      [
        -1.8196885474026203,
        53.37025777436793,
        269.20000000000005
      ],
      [
        -1.8197097536176443,
        53.3702542539686,
        269.4
      ],
      [
        -1.8197708576917648,
        53.37025458924472,
        269.6
      ],
      [
        -1.8198260106146336,
        53.37025651708245,
        270.20000000000005
      ],
      [
        -1.8199176248162985,
        53.37025006301701,
        270.79999999999995
      ],
      [
        -1.8199772201478481,
        53.37025458924472,
        271.20000000000005
      ],
      [
        -1.820049975067377,
        53.37024126201868,
        271.79999999999995
      ],
      [
        -1.8201163597404957,
        53.37023631669581,
        272.20000000000005
      ],
      [
        -1.8201765418052673,
        53.37023681961,
        272.6
      ],
      [
        -1.8201968260109425,
        53.37023891508579,
        272.79999999999995
      ],
      [
        -1.82027293369174,
        53.37024821899831,
        273
      ],
      [
        -1.8204145040363073,
        53.37024134583771,
        273.6
      ],
      [
        -1.8204583413898945,
        53.37023405358195,
        274
      ],
      [
        -1.820510644465685,
        53.37023053318262,
        274.6
      ],
      [
        -1.8205714970827103,
        53.37023547850549,
        275
      ],
      [
        -1.8206464312970638,
        53.370235562324524,
        275.6
      ],
      [
        -1.8207190185785294,
        53.370238076895475,
        276.20000000000005
      ],
      [
        -1.820775931701064,
        53.370238579809666,
        276.6
      ],
      [
        -1.820868132635951,
        53.370228270068765,
        277.20000000000005
      ],
      [
        -1.8208879139274359,
        53.37022449821234,
        277.4
      ],
      [
        -1.8210382014513016,
        53.370214104652405,
        278.20000000000005
      ],
      [
        -1.8210491817444563,
        53.37021494284272,
        278.4
      ],
      [
        -1.821166779845953,
        53.37020396254957,
        279.4
      ],
      [
        -1.8212013132870197,
        53.37019734084606,
        279.6
      ],
      [
        -1.821268703788519,
        53.37017982266843,
        280.4
      ],
      [
        -1.8212805222719908,
        53.37017563171685,
        280.79999999999995
      ],
      [
        -1.8213136307895184,
        53.37017429061234,
        281.6
      ],
      [
        -1.8213765788823366,
        53.370165238156915,
        282.4
      ],
      [
        -1.8213976174592972,
        53.370161382481456,
        282.6
      ],
      [
        -1.8214720487594604,
        53.37014805525541,
        283.4
      ],
      [
        -1.8215135391801596,
        53.370153000578284,
        283.6
      ],
      [
        -1.8215588852763176,
        53.370159370824695,
        284.4
      ],
      [
        -1.8215704523026943,
        53.370160795748234,
        284.6
      ],
      [
        -1.8216661736369133,
        53.37016934528947,
        285.79999999999995
      ],
      [
        -1.8217723723500967,
        53.370186695829034,
        286.79999999999995
      ],
      [
        -1.8218013737350702,
        53.37019088678062,
        286.79999999999995
      ],
      [
        -1.821831213310361,
        53.370198011398315,
        286.6
      ],
      [
        -1.8218673393130302,
        53.37019625119865,
        286.6
      ],
      [
        -1.8219002801924944,
        53.37018359452486,
        287
      ],
      [
        -1.8219094164669514,
        53.37018652819097,
        287.79999999999995
      ],
      [
        -1.821924839168787,
        53.3701744582504,
        288.6
      ],
      [
        -1.8219177145510912,
        53.37017588317394,
        288.79999999999995
      ],
      [
        -1.82189860381186,
        53.37018594145775,
        288.79999999999995
      ],
      [
        -1.8219508230686188,
        53.37017093785107,
        288.6
      ],
      [
        -1.8220592848956585,
        53.370141265913844,
        289.20000000000005
      ],
      [
        -1.8221632204949856,
        53.370120730251074,
        290
      ],
      [
        -1.8221958260983229,
        53.37011628784239,
        290.20000000000005
      ],
      [
        -1.8223255779594183,
        53.37009223178029,
        291.20000000000005
      ],
      [
        -1.822342174127698,
        53.37008837610483,
        291.4
      ],
      [
        -1.822459101676941,
        53.37006515823305,
        292.4
      ],
      [
        -1.8225065432488918,
        53.37005509994924,
        292.79999999999995
      ],
      [
        -1.8226341996341944,
        53.370020650327206,
        293.20000000000005
      ],
      [
        -1.8226660508662462,
        53.37001436389983,
        293.4
      ],
      [
        -1.8227672204375267,
        53.36999852210283,
        294.20000000000005
      ],
      [
        -1.822816338390112,
        53.36998770944774,
        294.6
      ],
      [
        -1.8228694796562195,
        53.36998066864908,
        295.20000000000005
      ],
      [
        -1.8229392170906067,
        53.36997211910784,
        296
      ],
      [
        -1.8229764327406883,
        53.36996516212821,
        296.6
      ],
      [
        -1.8230412248522043,
        53.36995636112988,
        297
      ],
      [
        -1.8231353536248207,
        53.36994462646544,
        297.6
      ],
      [
        -1.8231851421296597,
        53.36993683129549,
        297.79999999999995
      ],
      [
        -1.823242474347353,
        53.36993079632521,
        298.20000000000005
      ],
      [
        -1.823332579806447,
        53.369919899851084,
        298.6
      ],
      [
        -1.8234225176274776,
        53.3699085842818,
        299
      ],
      [
        -1.8234614096581936,
        53.3699019625783,
        299
      ],
      [
        -1.8234978709369898,
        53.36989768780768,
        299
      ],
      [
        -1.8235360085964203,
        53.3698898088187,
        299
      ],
      [
        -1.823662407696247,
        53.36985569447279,
        299
      ],
      [
        -1.8236964382231236,
        53.369848569855094,
        299.4
      ],
      [
        -1.8237695284187794,
        53.36981956847012,
        300.20000000000005
      ],
      [
        -1.823787298053503,
        53.3698152936995,
        300.4
      ],
      [
        -1.8238076660782099,
        53.3698121085763,
        300.4
      ],
      [
        -1.8238884676247835,
        53.36980196647346,
        300.79999999999995
      ],
      [
        -1.8239190615713596,
        53.369800793007016,
        301.6
      ],
      [
        -1.8239288683980703,
        53.369802720844746,
        301.6
      ],
      [
        -1.8240870349109173,
        53.36980548687279,
        302.6
      ],
      [
        -1.8242330476641655,
        53.36977455765009,
        303.6
      ],
      [
        -1.824245871976018,
        53.36976148188114,
        304
      ],
      [
        -1.824264731258154,
        53.3697378449142,
        304.4
      ],
      [
        -1.8242654018104076,
        53.369723008945584,
        304.6
      ],
      [
        -1.8243265058845282,
        53.36965385824442,
        304.6
      ],
      [
        -1.8244615383446217,
        53.36957733146846,
        304.6
      ],
      [
        -1.8245596066117287,
        53.36953709833324,
        305
      ],
      [
        -1.824571592733264,
        53.36952821351588,
        305.20000000000005
      ],
      [
        -1.8246602732688189,
        53.36948865093291,
        305.79999999999995
      ],
      [
        -1.8247285019606352,
        53.36945839226246,
        306.4
      ],
      [
        -1.8247804697602987,
        53.36942771449685,
        307
      ],
      [
        -1.8247991614043713,
        53.369421595707536,
        307.20000000000005
      ],
      [
        -1.8248720839619637,
        53.369384882971644,
        307.79999999999995
      ],
      [
        -1.824907623231411,
        53.3693612460047,
        308.6
      ],
      [
        -1.824922375380993,
        53.36935470812023,
        309
      ],
      [
        -1.8250258918851614,
        53.36930248886347,
        309.20000000000005
      ],
      [
        -1.8250907678157091,
        53.369271559640765,
        310
      ],
      [
        -1.8251834716647863,
        53.36924247443676,
        310.4
      ],
      [
        -1.825236026197672,
        53.369223698973656,
        310.4
      ],
      [
        -1.8253562226891518,
        53.369183130562305,
        310.79999999999995
      ],
      [
        -1.8254688754677773,
        53.36913778446615,
        311
      ],
      [
        -1.8254850525408983,
        53.369129821658134,
        311
      ],
      [
        -1.8256030697375536,
        53.36909478530288,
        311.20000000000005
      ],
      [
        -1.8256605695933104,
        53.36907533928752,
        312.20000000000005
      ],
      [
        -1.8257008027285337,
        53.36906511336565,
        312.4
      ],
      [
        -1.825847066938877,
        53.369041895493865,
        312.79999999999995
      ],
      [
        -1.8259447161108255,
        53.36899923160672,
        312.79999999999995
      ],
      [
        -1.8259735498577356,
        53.36899948306382,
        313.20000000000005
      ],
      [
        -1.826012609526515,
        53.36898313835263,
        313.4
      ],
      [
        -1.8260271102190018,
        53.36897668428719,
        313.4
      ],
      [
        -1.8261722847819328,
        53.36893267929554,
        314.20000000000005
      ],
      [
        -1.8262095004320145,
        53.368923123925924,
        314.6
      ],
      [
        -1.826269095763564,
        53.36891029961407,
        314.79999999999995
      ],
      [
        -1.8263791501522064,
        53.36887937039137,
        315.79999999999995
      ],
      [
        -1.8264892045408487,
        53.36884433403611,
        317.20000000000005
      ],
      [
        -1.8265054654330015,
        53.368837209418416,
        317.20000000000005
      ],
      [
        -1.8266517296433449,
        53.36880066432059,
        317.79999999999995
      ],
      [
        -1.8266712594777346,
        53.36879697628319,
        318.4
      ],
      [
        -1.826790114864707,
        53.36876403540373,
        318.6
      ],
      [
        -1.8268972355872393,
        53.36874702014029,
        319.4
      ],
      [
        -1.8269352056086063,
        53.368737464770675,
        319.6
      ],
      [
        -1.8269571661949158,
        53.368734112009406,
        319.6
      ],
      [
        -1.8271134048700333,
        53.36870980449021,
        320.20000000000005
      ],
      [
        -1.8271562363952398,
        53.368704272434115,
        320.4
      ],
      [
        -1.8272330984473228,
        53.3687031827867,
        321
      ],
      [
        -1.8272980581969023,
        53.368700332939625,
        321.6
      ],
      [
        -1.82738296687603,
        53.36869169957936,
        322
      ],
      [
        -1.8273708131164312,
        53.36868734098971,
        322
      ],
      [
        -1.8273677956312895,
        53.36869765073061,
        321.79999999999995
      ],
      [
        -1.8274295702576637,
        53.36865448392928,
        321.79999999999995
      ],
      [
        -1.8274401314556599,
        53.36864149197936,
        322
      ],
      [
        -1.8275196757167578,
        53.36860285140574,
        322.4
      ],
      [
        -1.8275392893701792,
        53.36859765462577,
        322.79999999999995
      ],
      [
        -1.8276076018810272,
        53.36855348199606,
        323.79999999999995
      ],
      [
        -1.8277193326503038,
        53.368489695712924,
        324.79999999999995
      ],
      [
        -1.8277288880199194,
        53.36848525330424,
        324.79999999999995
      ],
      [
        -1.827745484188199,
        53.368478966876864,
        325
      ],
      [
        -1.8278313148766756,
        53.36842993274331,
        325.79999999999995
      ],
      [
        -1.827864171937108,
        53.36841392330825,
        326
      ],
      [
        -1.8279618211090565,
        53.368360279127955,
        326.6
      ],
      [
        -1.8280893098562956,
        53.36830973625183,
        326.79999999999995
      ],
      [
        -1.8281783256679773,
        53.36828132160008,
        326.6
      ],
      [
        -1.8282228335738182,
        53.3682768791914,
        327
      ],
      [
        -1.8282265216112137,
        53.36827436462045,
        328
      ],
      [
        -1.8282254319638014,
        53.36827486753464,
        328.20000000000005
      ],
      [
        -1.8282377533614635,
        53.36826765909791,
        328.20000000000005
      ],
      [
        -1.828283267095685,
        53.368250308558345,
        328.20000000000005
      ],
      [
        -1.8283573631197214,
        53.3682250790298,
        329.20000000000005
      ],
      [
        -1.8284067325294018,
        53.36820186115801,
        330.20000000000005
      ],
      [
        -1.8284786492586136,
        53.36813966743648,
        331.6
      ],
      [
        -1.828494993969798,
        53.368131536990404,
        331.79999999999995
      ],
      [
        -1.8285489734262228,
        53.36810722947121,
        332
      ],
      [
        -1.8286229018121958,
        53.36806632578373,
        331.6
      ],
      [
        -1.8287579342722893,
        53.36802911013365,
        332
      ],
      [
        -1.8289342056959867,
        53.36798233911395,
        332
      ],
      [
        -1.8289898615330458,
        53.36796658113599,
        332.79999999999995
      ],
      [
        -1.8290788773447275,
        53.36794059723616,
        333
      ],
      [
        -1.8290989939123392,
        53.367935651913285,
        333.20000000000005
      ],
      [
        -1.829248107969761,
        53.36791251786053,
        334
      ],
      [
        -1.8292688950896263,
        53.36790849454701,
        334
      ],
      [
        -1.829392947256565,
        53.367873122915626,
        335
      ],
      [
        -1.8294241279363632,
        53.367865327745676,
        335.6
      ],
      [
        -1.8294683005660772,
        53.3678537607193,
        336.4
      ],
      [
        -1.8295542150735855,
        53.36783439852297,
        337.20000000000005
      ],
      [
        -1.8295747507363558,
        53.367829537019134,
        337.20000000000005
      ],
      [
        -1.8295957893133163,
        53.36782501079142,
        337.20000000000005
      ],
      [
        -1.8296166602522135,
        53.36782199330628,
        337.4
      ],
      [
        -1.8297488428652287,
        53.36780531331897,
        338
      ],
      [
        -1.8298430554568768,
        53.367800284177065,
        338.6
      ],
      [
        -1.8298540357500315,
        53.367793494835496,
        338.6
      ],
      [
        -1.8298540357500315,
        53.367793494835496,
        338.6
      ],
      [
        -1.8298853002488613,
        53.36777798831463,
        339.79999999999995
      ],
      [
        -1.82987742125988,
        53.367781760171056,
        340.4
      ],
      [
        -1.82988571934402,
        53.36777153424919,
        341
      ],
      [
        -1.8298853002488613,
        53.36777614429593,
        341.20000000000005
      ],
      [
        -1.8298758286982775,
        53.367776311933994,
        340.6
      ],
      [
        -1.8298594001680613,
        53.367782263085246,
        340.6
      ],
      [
        -1.8298551253974438,
        53.367782179266214,
        340.4
      ],
      [
        -1.829854790121317,
        53.367781676352024,
        340.4
      ],
      [
        -1.8298557121306658,
        53.36778033524752,
        340.6
      ],
      [
        -1.829922515898943,
        53.367746975272894,
        340.4
      ],
      [
        -1.8299332447350025,
        53.36773691698909,
        340.4
      ],
      [
        -1.8299434706568718,
        53.367726020514965,
        340.4
      ],
      [
        -1.8299588933587074,
        53.36771462112665,
        340.4
      ],
      [
        -1.8299703765660524,
        53.3677086699754,
        340.4
      ],
      [
        -1.830018237233162,
        53.36769022978842,
        340.4
      ],
      [
        -1.8301572930067778,
        53.367624934762716,
        340
      ],
      [
        -1.8302836082875729,
        53.36758931167424,
        340
      ],
      [
        -1.8303702771663666,
        53.367566764354706,
        340.20000000000005
      ],
      [
        -1.8304283637553453,
        53.36755050346255,
        340.20000000000005
      ],
      [
        -1.8305735383182764,
        53.36750239133835,
        340.6
      ],
      [
        -1.8307470437139273,
        53.367447070777416,
        341.79999999999995
      ],
      [
        -1.830799262970686,
        53.36743944324553,
        342
      ],
      [
        -1.830877885222435,
        53.36742393672466,
        342.20000000000005
      ],
      [
        -1.830987436696887,
        53.36739543825388,
        343.4
      ],
      [
        -1.8310244847089052,
        53.367388816550374,
        343.4
      ],
      [
        -1.8310459423810244,
        53.36738529615104,
        343.4
      ],
      [
        -1.8311596009880304,
        53.36735528893769,
        343.4
      ],
      [
        -1.831220369786024,
        53.36733542382717,
        343.20000000000005
      ],
      [
        -1.8312895204871893,
        53.367326371371746,
        342.79999999999995
      ],
      [
        -1.8313538935035467,
        53.36731103248894,
        342.79999999999995
      ],
      [
        -1.8314926978200674,
        53.36726509965956,
        342.79999999999995
      ],
      [
        -1.831534020602703,
        53.36723618209362,
        342.4
      ],
      [
        -1.83158322237432,
        53.36721229366958,
        342
      ],
      [
        -1.8317241221666336,
        53.367160661146045,
        342.4
      ],
      [
        -1.831846246495843,
        53.36712193675339,
        342.6
      ],
      [
        -1.8319567199796438,
        53.36709285154939,
        342.79999999999995
      ],
      [
        -1.8320773355662823,
        53.36706770583987,
        343.20000000000005
      ],
      [
        -1.8320964463055134,
        53.367062760517,
        343.20000000000005
      ],
      [
        -1.8321312312036753,
        53.36705647408962,
        343.4
      ],
      [
        -1.832316555082798,
        53.36701196618378,
        343.6
      ],
      [
        -1.8325189780443907,
        53.36694675497711,
        343
      ],
      [
        -1.8327147793024778,
        53.36689964868128,
        342.79999999999995
      ],
      [
        -1.8329137656837702,
        53.36686276830733,
        343.4
      ],
      [
        -1.833089953288436,
        53.36683435365558,
        344.20000000000005
      ],
      [
        -1.8333054520189762,
        53.366795629262924,
        344.4
      ],
      [
        -1.833322886377573,
        53.36679336614907,
        344.4
      ],
      [
        -1.8334924522787333,
        53.3667916059494,
        344.79999999999995
      ],
      [
        -1.8336095474660397,
        53.36679554544389,
        345.4
      ],
      [
        -1.8336550612002611,
        53.36679646745324,
        345.79999999999995
      ],
      [
        -1.8336699809879065,
        53.366800993680954,
        345.79999999999995
      ],
      [
        -1.83374198153615,
        53.366795629262924,
        346.6
      ],
      [
        -1.8337330967187881,
        53.366793198511004,
        346.79999999999995
      ],
      [
        -1.8337268102914095,
        53.36679378524423,
        347.20000000000005
      ],
      [
        -1.8337177578359842,
        53.36679839529097,
        347.20000000000005
      ],
      [
        -1.833730498328805,
        53.3667900133878,
        347.20000000000005
      ],
      [
        -1.8338010739535093,
        53.366781463846564,
        347.20000000000005
      ],
      [
        -1.8338210228830576,
        53.366775093600154,
        347.20000000000005
      ],
      [
        -1.8339294008910656,
        53.36673368699849,
        347
      ],
      [
        -1.83398581109941,
        53.36673595011234,
        347.20000000000005
      ],
      [
        -1.834040293470025,
        53.366743912920356,
        347.4
      ],
      [
        -1.8340872321277857,
        53.36674123071134,
        347.79999999999995
      ],
      [
        -1.8341708835214376,
        53.366730166599154,
        348.4
      ],
      [
        -1.8341939337551594,
        53.366721868515015,
        348.79999999999995
      ],
      [
        -1.834248499944806,
        53.36670393124223,
        349.4
      ],
      [
        -1.8342651799321175,
        53.36670393124223,
        349.6
      ],
      [
        -1.8343312293291092,
        53.36669781245291,
        350
      ],
      [
        -1.83436400257051,
        53.36669026874006,
        350
      ],
      [
        -1.8344059959053993,
        53.36668834090233,
        350.20000000000005
      ],
      [
        -1.8344186525791883,
        53.36669068783522,
        350.4
      ],
      [
        -1.8344822712242603,
        53.36670896038413,
        351.20000000000005
      ],
      [
        -1.8345090933144093,
        53.366712648421526,
        351.79999999999995
      ],
      [
        -1.8345102667808533,
        53.36671365424991,
        351.79999999999995
      ],
      [
        -1.8345870450139046,
        53.36670837365091,
        352.20000000000005
      ],
      [
        -1.8346165493130684,
        53.36670259013772,
        352.6
      ],
      [
        -1.8346520885825157,
        53.366691106930375,
        353.4
      ],
      [
        -1.8347402662038803,
        53.366673085838556,
        354.4
      ],
      [
        -1.834786031395197,
        53.366670068353415,
        354.79999999999995
      ],
      [
        -1.8348017055541277,
        53.366671074181795,
        355
      ],
      [
        -1.8348106741905212,
        53.36666889488697,
        355
      ],
      [
        -1.8348306231200695,
        53.36666445247829,
        355
      ],
      [
        -1.8348473031073809,
        53.366656405851245,
        355.20000000000005
      ],
      [
        -1.8349476344883442,
        53.366644252091646,
        355.20000000000005
      ],
      [
        -1.83499189093709,
        53.366640312597156,
        355.20000000000005
      ],
      [
        -1.8350274302065372,
        53.36662799119949,
        355.6
      ],
      [
        -1.8351284321397543,
        53.36660577915609,
        356.20000000000005
      ],
      [
        -1.835255166515708,
        53.366601252928376,
        355.79999999999995
      ],
      [
        -1.8353896960616112,
        53.36660209111869,
        356
      ],
      [
        -1.8353777937591076,
        53.366601252928376,
        356
      ],
      [
        -1.8353777937591076,
        53.36660058237612,
        356
      ],
      [
        -1.8353775423020124,
        53.36660049855709,
        356
      ],
      [
        -1.8353772070258856,
        53.366600247099996,
        356.20000000000005
      ],
      [
        -1.8353770393878222,
        53.366600247099996,
        356.20000000000005
      ],
      [
        -1.835376787930727,
        53.366600247099996,
        356.20000000000005
      ],
      [
        -1.835376201197505,
        53.366600163280964,
        356.20000000000005
      ],
      [
        -1.8354104831814766,
        53.366602174937725,
        355.79999999999995
      ],
      [
        -1.835461612790823,
        53.36660083383322,
        355.79999999999995
      ],
      [
        -1.8355743493884802,
        53.36659253574908,
        356
      ],
      [
        -1.8358046002686024,
        53.36659010499716,
        356.6
      ],
      [
        -1.8358240462839603,
        53.36658976972103,
        356.6
      ],
      [
        -1.835997048765421,
        53.36662178859115,
        356
      ],
      [
        -1.836140463128686,
        53.36662279441953,
        356.20000000000005
      ],
      [
        -1.8362547922879457,
        53.36661952547729,
        356.4
      ],
      [
        -1.8364143837243319,
        53.36662874557078,
        356.4
      ],
      [
        -1.8365229293704033,
        53.36663209833205,
        355.4
      ],
      [
        -1.8365727178752422,
        53.366642659530044,
        354.79999999999995
      ],
      [
        -1.8365925829857588,
        53.36663796566427,
        354.6
      ],
      [
        -1.836612280458212,
        53.36663519963622,
        354.4
      ],
      [
        -1.8367085047066212,
        53.36662329733372,
        353.4
      ],
      [
        -1.8367818463593721,
        53.366615418344736,
        353.4
      ],
      [
        -1.8368397653102875,
        53.366594966501,
        352.79999999999995
      ],
      [
        -1.836850829422474,
        53.36658884771168,
        352.20000000000005
      ],
      [
        -1.836874382570386,
        53.36658046580851,
        351.6
      ],
      [
        -1.8368742149323225,
        53.36658222600818,
        351
      ],
      [
        -1.836876394227147,
        53.36658272892237,
        350.6
      ],
      [
        -1.8368994444608688,
        53.366582142189145,
        350.20000000000005
      ],
      [
        -1.836905563250184,
        53.36658054962754,
        350
      ],
      [
        -1.8369077425450087,
        53.366573341190815,
        350
      ],
      [
        -1.836918806657195,
        53.36657158099115,
        349.79999999999995
      ],
      [
        -1.836973875761032,
        53.36657023988664,
        348.79999999999995
      ],
      [
        -1.8369913939386606,
        53.366570407524705,
        348.6
      ],
      [
        -1.8370602931827307,
        53.366582645103335,
        348
      ],
      [
        -1.837083762511611,
        53.36659278720617,
        347.79999999999995
      ],
      [
        -1.8371251691132784,
        53.366603599861264,
        347
      ],
      [
        -1.8371369875967503,
        53.366606617346406,
        346.6
      ],
      [
        -1.8371938169002533,
        53.36660929955542,
        345.6
      ],
      [
        -1.8372234888374805,
        53.36660636588931,
        345.20000000000005
      ],
      [
        -1.8372365646064281,
        53.366609551012516,
        344.79999999999995
      ],
      [
        -1.8372529931366444,
        53.36661105975509,
        344.20000000000005
      ],
      [
        -1.8373494688421488,
        53.366605108603835,
        343.6
      ],
      [
        -1.8373848404735327,
        53.36660192348063,
        343.6
      ],
      [
        -1.8374208826571703,
        53.36659345775843,
        343.20000000000005
      ],
      [
        -1.8374473694711924,
        53.36659111082554,
        343
      ],
      [
        -1.8375783786177635,
        53.3665759395808,
        342.20000000000005
      ],
      [
        -1.8376114033162594,
        53.36658180691302,
        342
      ],
      [
        -1.8376660533249378,
        53.366585997864604,
        341.4
      ],
      [
        -1.8377143330872059,
        53.36659010499716,
        341.4
      ],
      [
        -1.8377559911459684,
        53.36658490821719,
        341.4
      ],
      [
        -1.8377559911459684,
        53.36658490821719,
        341
      ],
      [
        -1.8377559911459684,
        53.36658490821719,
        341
      ],
      [
        -1.8377559911459684,
        53.36658490821719,
        341.20000000000005
      ],
      [
        -1.8377559911459684,
        53.36658490821719,
        341.20000000000005
      ],
      [
        -1.8377646245062351,
        53.366581220179796,
        341
      ],
      [
        -1.8377647921442986,
        53.3665809687227,
        341
      ],
      [
        -1.8377559911459684,
        53.36658490821719,
        340.79999999999995
      ],
      [
        -1.8377559911459684,
        53.36658490821719,
        340.79999999999995
      ],
      [
        -1.8377559911459684,
        53.36658490821719,
        340.79999999999995
      ],
      [
        -1.8377559911459684,
        53.36658490821719,
        340.79999999999995
      ],
      [
        -1.837754650041461,
        53.36657904088497,
        341
      ],
      [
        -1.8377520516514778,
        53.366580214351416,
        340.6
      ],
      [
        -1.8377833161503077,
        53.366589015349746,
        340.79999999999995
      ],
      [
        -1.8378586694598198,
        53.366587003692985,
        340.6
      ],
      [
        -1.8379414826631546,
        53.36658616550267,
        340.20000000000005
      ],
      [
        -1.8379607610404491,
        53.366581220179796,
        339.79999999999995
      ],
      [
        -1.8380563147366047,
        53.366602594032884,
        339
      ],
      [
        -1.8380835559219122,
        53.366622710600495,
        338.6
      ],
      [
        -1.838128985837102,
        53.366644168272614,
        337.79999999999995
      ],
      [
        -1.8381449114531279,
        53.36664944887161,
        337.6
      ],
      [
        -1.838159579783678,
        53.36665355600417,
        337.6
      ],
      [
        -1.8381941970437765,
        53.36667174473405,
        337
      ],
      [
        -1.8382459972053766,
        53.36667568422854,
        336.4
      ],
      [
        -1.8382668681442738,
        53.36667233146727,
        335.79999999999995
      ],
      [
        -1.8382826261222363,
        53.36666646413505,
        335.20000000000005
      ],
      [
        -1.838376922532916,
        53.36667224764824,
        334.20000000000005
      ],
      [
        -1.8383956979960203,
        53.36667484603822,
        334.20000000000005
      ],
      [
        -1.8384740687906742,
        53.36666436865926,
        333.20000000000005
      ],
      [
        -1.8384780921041965,
        53.366662776097655,
        333
      ],
      [
        -1.8384874798357487,
        53.36665665730834,
        332.79999999999995
      ],
      [
        -1.8385084345936775,
        53.366669649258256,
        332.79999999999995
      ],
      [
        -1.8386038206517696,
        53.366653053089976,
        332.20000000000005
      ],
      [
        -1.8386068381369114,
        53.36664475500584,
        332
      ],
      [
        -1.8386538606137037,
        53.36661349050701,
        330.79999999999995
      ],
      [
        -1.8387334048748016,
        53.36657417938113,
        329.6
      ],
      [
        -1.8387722969055176,
        53.366559678688645,
        329
      ],
      [
        -1.838806662708521,
        53.36655657738447,
        328.6
      ],
      [
        -1.8388185650110245,
        53.366550374776125,
        328.4
      ],
      [
        -1.8388650845736265,
        53.36653989739716,
        327.79999999999995
      ],
      [
        -1.8389037251472473,
        53.36653017438948,
        327.20000000000005
      ],
      [
        -1.8389882147312164,
        53.36651332676411,
        326
      ],
      [
        -1.8390128575265408,
        53.36651089601219,
        325.79999999999995
      ],
      [
        -1.8390957545489073,
        53.36648742668331,
        325
      ],
      [
        -1.8391490634530783,
        53.36647443473339,
        324.79999999999995
      ],
      [
        -1.8392402585595846,
        53.366446355357766,
        324
      ],
      [
        -1.8392796535044909,
        53.366432609036565,
        323.4
      ],
      [
        -1.8393113370984793,
        53.366420455276966,
        322.79999999999995
      ],
      [
        -1.8393188808113337,
        53.36640846915543,
        322.6
      ],
      [
        -1.839383253827691,
        53.36637225933373,
        321.6
      ],
      [
        -1.8395006842911243,
        53.366326577961445,
        320.6
      ],
      [
        -1.8395913764834404,
        53.36629179306328,
        319.4
      ],
      [
        -1.8396249040961266,
        53.36627687327564,
        319.20000000000005
      ],
      [
        -1.8397002574056387,
        53.36624661460519,
        318.4
      ],
      [
        -1.8397188652306795,
        53.36624192073941,
        318.20000000000005
      ],
      [
        -1.8398163467645645,
        53.36621358990669,
        317.4
      ],
      [
        -1.839901003986597,
        53.36619305424392,
        316.6
      ],
      [
        -1.839921623468399,
        53.36618752218783,
        316.20000000000005
      ],
      [
        -1.8400353658944368,
        53.366166818886995,
        315.20000000000005
      ],
      [
        -1.8401472643017769,
        53.36614443920553,
        314.20000000000005
      ],
      [
        -1.8401697278022766,
        53.36614318192005,
        313.79999999999995
      ],
      [
        -1.8402501102536917,
        53.366132620722055,
        313.20000000000005
      ],
      [
        -1.8402887508273125,
        53.3661250770092,
        312.79999999999995
      ],
      [
        -1.8403954524546862,
        53.36609129793942,
        311.6
      ],
      [
        -1.8404630944132805,
        53.36607193574309,
        311.4
      ],
      [
        -1.840495029464364,
        53.36606548167765,
        311
      ],
      [
        -1.840501818805933,
        53.36605852469802,
        311
      ],
      [
        -1.8405036628246307,
        53.36604989133775,
        310.6
      ],
      [
        -1.8405039981007576,
        53.36604863405228,
        310.4
      ],
      [
        -1.8405568040907383,
        53.366031032055616,
        310.20000000000005
      ],
      [
        -1.840661410242319,
        53.365982165560126,
        309.79999999999995
      ],
      [
        -1.840684711933136,
        53.36596431210637,
        309.6
      ],
      [
        -1.840710360556841,
        53.36594184860587,
        309
      ],
      [
        -1.8407458998262882,
        53.36592039093375,
        308.4
      ],
      [
        -1.840852601453662,
        53.36588317528367,
        307.6
      ],
      [
        -1.8408684432506561,
        53.36587680503726,
        307.4
      ],
      [
        -1.8409893102943897,
        53.36582609452307,
        306.6
      ],
      [
        -1.8410066608339548,
        53.365820813924074,
        306
      ],
      [
        -1.8411177210509777,
        53.365788124501705,
        305
      ],
      [
        -1.8411395978182554,
        53.36578594520688,
        304.79999999999995
      ],
      [
        -1.841246047988534,
        53.365792483091354,
        303.79999999999995
      ],
      [
        -1.8414104171097279,
        53.36578183807433,
        303.20000000000005
      ],
      [
        -1.8414727784693241,
        53.365764655172825,
        302.79999999999995
      ],
      [
        -1.8415482994168997,
        53.36574085056782,
        302
      ],
      [
        -1.8415627162903547,
        53.365733390673995,
        301.6
      ],
      [
        -1.841644775122404,
        53.36570816114545,
        300.6
      ],
      [
        -1.8416674062609673,
        53.36569927632809,
        300.20000000000005
      ],
      [
        -1.8417606130242348,
        53.36566516198218,
        299.6
      ],
      [
        -1.8417771253734827,
        53.36565795354545,
        299.4
      ],
      [
        -1.8418114073574543,
        53.36564462631941,
        299.20000000000005
      ],
      [
        -1.84189279563725,
        53.365607829764485,
        298.20000000000005
      ],
      [
        -1.841953145340085,
        53.36556449532509,
        297.6
      ],
      [
        -1.842063032090664,
        53.36551043204963,
        297
      ],
      [
        -1.842077113687992,
        53.36550288833678,
        297
      ],
      [
        -1.8421585019677877,
        53.36546785198152,
        295.79999999999995
      ],
      [
        -1.842216420918703,
        53.36544421501458,
        295.6
      ],
      [
        -1.8423045985400677,
        53.3654154650867,
        294.79999999999995
      ],
      [
        -1.8423626851290464,
        53.36538763716817,
        294.4
      ],
      [
        -1.8424328416585922,
        53.36534757167101,
        293.79999999999995
      ],
      [
        -1.8424843903630972,
        53.36532359942794,
        293.6
      ],
      [
        -1.8425824586302042,
        53.36527029052377,
        292.6
      ],
      [
        -1.8425970431417227,
        53.36526224389672,
        292.4
      ],
      [
        -1.8427125457674265,
        53.36520214565098,
        292.6
      ],
      [
        -1.8427581433206797,
        53.36517574265599,
        292
      ],
      [
        -1.8428039085119963,
        53.36514984257519,
        291.4
      ],
      [
        -1.842878507450223,
        53.36511296220124,
        291.4
      ],
      [
        -1.8429035693407059,
        53.36509401910007,
        291.20000000000005
      ],
      [
        -1.8429864663630724,
        53.36504523642361,
        290.4
      ],
      [
        -1.8429969437420368,
        53.365039117634296,
        290.4
      ],
      [
        -1.8430683575570583,
        53.36502260528505,
        289.20000000000005
      ],
      [
        -1.843165336176753,
        53.36500165052712,
        288.6
      ],
      [
        -1.8431826028972864,
        53.36500651203096,
        288.6
      ],
      [
        -1.8432209081947803,
        53.36501405574381,
        288.6
      ],
      [
        -1.843267260119319,
        53.36500701494515,
        288.79999999999995
      ],
      [
        -1.843339679762721,
        53.36499083787203,
        288.79999999999995
      ],
      [
        -1.8434506561607122,
        53.364982372149825,
        288.4
      ],
      [
        -1.8436347227543592,
        53.364965273067355,
        289
      ],
      [
        -1.8436800688505173,
        53.36497139185667,
        289
      ],
      [
        -1.8437191285192966,
        53.36497281678021,
        289.20000000000005
      ],
      [
        -1.8438793905079365,
        53.36497030220926,
        288.4
      ],
      [
        -1.8439201265573502,
        53.36496745236218,
        288.20000000000005
      ],
      [
        -1.8440642952919006,
        53.364956974983215,
        287.20000000000005
      ],
      [
        -1.8441003374755383,
        53.36495437659323,
        287
      ],
      [
        -1.8442165944725275,
        53.36496225558221,
        286.6
      ],
      [
        -1.8443581648170948,
        53.36495580151677,
        286.4
      ],
      [
        -1.8445522896945477,
        53.36494306102395,
        286.20000000000005
      ],
      [
        -1.844607526436448,
        53.36494540795684,
        286
      ],
      [
        -1.8447021581232548,
        53.364944234490395,
        285.79999999999995
      ],
      [
        -1.8448363523930311,
        53.364939372986555,
        285.6
      ],
      [
        -1.844997201114893,
        53.36494063027203,
        285.4
      ],
      [
        -1.8450500071048737,
        53.36494406685233,
        285
      ],
      [
        -1.845132652670145,
        53.36494632996619,
        284.4
      ],
      [
        -1.8453197367489338,
        53.36495722644031,
        284
      ],
      [
        -1.845473377034068,
        53.364960830658674,
        284.6
      ],
      [
        -1.845657778903842,
        53.36494515649974,
        285.20000000000005
      ],
      [
        -1.8458118382841349,
        53.364939372986555,
        285.20000000000005
      ],
      [
        -1.845867158845067,
        53.36493518203497,
        285.20000000000005
      ],
      [
        -1.8460074719041586,
        53.36491900496185,
        284.79999999999995
      ],
      [
        -1.846199668943882,
        53.36488673463464,
        284
      ],
      [
        -1.8462126608937979,
        53.36487692780793,
        284
      ],
      [
        -1.8462471943348646,
        53.36485127918422,
        284
      ],
      [
        -1.8462519720196724,
        53.364861253648996,
        284
      ],
      [
        -1.8463764432817698,
        53.36485329084098,
        283.20000000000005
      ],
      [
        -1.8464225437492132,
        53.364828480407596,
        282.79999999999995
      ],
      [
        -1.846433188766241,
        53.3647938631475,
        282.4
      ],
      [
        -1.8464516289532185,
        53.36475932970643,
        281.79999999999995
      ],
      [
        -1.8464916106313467,
        53.36472152732313,
        281.6
      ],
      [
        -1.8466041795909405,
        53.364691184833646,
        280.79999999999995
      ],
      [
        -1.846625804901123,
        53.36469126865268,
        280.79999999999995
      ],
      [
        -1.8467943649739027,
        53.36468003690243,
        280
      ],
      [
        -1.846865527331829,
        53.364675510674715,
        279.79999999999995
      ],
      [
        -1.84696183539927,
        53.36464659310877,
        279.4
      ],
      [
        -1.8470509350299835,
        53.364567048847675,
        279
      ],
      [
        -1.8470629211515188,
        53.364544082432985,
        278.79999999999995
      ],
      [
        -1.8470947723835707,
        53.364500999450684,
        278.4
      ],
      [
        -1.8472032342106104,
        53.364419946447015,
        277.79999999999995
      ],
      [
        -1.8472120352089405,
        53.364409217610955,
        277.6
      ],
      [
        -1.847287304699421,
        53.36439027450979,
        277
      ],
      [
        -1.8473463132977486,
        53.364412151277065,
        276.6
      ],
      [
        -1.8473462294787169,
        53.364421958103776,
        276.6
      ],
      [
        -1.8473695311695337,
        53.36445892229676,
        276
      ],
      [
        -1.8473781645298004,
        53.364487923681736,
        275.4
      ],
      [
        -1.847397442907095,
        53.36455514654517,
        274.6
      ],
      [
        -1.8474080879241228,
        53.36456730030477,
        274.4
      ],
      [
        -1.8474824354052544,
        53.36461666971445,
        273.79999999999995
      ],
      [
        -1.8476005364209414,
        53.36462890729308,
        274
      ],
      [
        -1.8477438669651747,
        53.36460342630744,
        275
      ],
      [
        -1.8477616365998983,
        53.36459713988006,
        275.20000000000005
      ],
      [
        -1.8477912247180939,
        53.364586411044,
        275.6
      ],
      [
        -1.8478623032569885,
        53.36457693949342,
        276.20000000000005
      ],
      [
        -1.847900440916419,
        53.36457895115018,
        276.6
      ],
      [
        -1.8479954916983843,
        53.364597307518125,
        277.4
      ],
      [
        -1.8480131775140762,
        53.364601666107774,
        277.79999999999995
      ],
      [
        -1.8481025286018848,
        53.36463779211044,
        278.79999999999995
      ],
      [
        -1.8481171131134033,
        53.36464399471879,
        279
      ],
      [
        -1.8481959030032158,
        53.36470124311745,
        279.6
      ],
      [
        -1.8483225535601377,
        53.364814734086394,
        280
      ],
      [
        -1.8483355455100536,
        53.36482563056052,
        280
      ],
      [
        -1.8484251480549574,
        53.364906599745154,
        281.20000000000005
      ],
      [
        -1.848458256572485,
        53.36493828333914,
        281.20000000000005
      ],
      [
        -1.848560767248273,
        53.365042470395565,
        282
      ],
      [
        -1.8486020900309086,
        53.36508848704398,
        282.20000000000005
      ],
      [
        -1.848613154143095,
        53.36510080844164,
        282.20000000000005
      ],
      [
        -1.848628493025899,
        53.36511120200157,
        282.20000000000005
      ],
      [
        -1.8486780300736427,
        53.3651424665004,
        282.4
      ],
      [
        -1.8487436603754759,
        53.36521421559155,
        283.20000000000005
      ],
      [
        -1.8487538862973452,
        53.365225698798895,
        283.4
      ],
      [
        -1.8488261383026838,
        53.36528210900724,
        284.6
      ],
      [
        -1.8488709814846516,
        53.36531245149672,
        285
      ],
      [
        -1.8488869909197092,
        53.36532359942794,
        285
      ],
      [
        -1.8490521982312202,
        53.36541404016316,
        284.79999999999995
      ],
      [
        -1.8492199201136827,
        53.36548880673945,
        284.6
      ],
      [
        -1.8494008854031563,
        53.365574050694704,
        284.20000000000005
      ],
      [
        -1.8494668509811163,
        53.36560028605163,
        286.20000000000005
      ],
      [
        -1.849511107429862,
        53.36560942232609,
        287.20000000000005
      ],
      [
        -1.8495731335133314,
        53.3656020462513,
        287.20000000000005
      ],
      [
        -1.8495745584368706,
        53.36560372263193,
        287.20000000000005
      ],
      [
        -1.8495769053697586,
        53.36560606956482,
        287.4
      ],
      [
        -1.8496329803019762,
        53.36562115699053,
        287.20000000000005
      ],
      [
        -1.8498737085610628,
        53.36564118973911,
        286.79999999999995
      ],
      [
        -1.8501234892755747,
        53.36564923636615,
        287.4
      ],
      [
        -1.85031627304852,
        53.365660551935434,
        287.20000000000005
      ],
      [
        -1.8504958972334862,
        53.36567899212241,
        287.4
      ],
      [
        -1.8506253976374865,
        53.365676729008555,
        287.20000000000005
      ],
      [
        -1.8507579155266285,
        53.365691397339106,
        287
      ],
      [
        -1.8508821353316307,
        53.36570874787867,
        286.6
      ],
      [
        -1.8510229513049126,
        53.365746550261974,
        287.6
      ],
      [
        -1.8510458339005709,
        53.365751914680004,
        287.6
      ],
      [
        -1.8511962890625,
        53.365792986005545,
        288.20000000000005
      ],
      [
        -1.8513148091733456,
        53.36582416668534,
        288.79999999999995
      ],
      [
        -1.851396532729268,
        53.365852078422904,
        289.4
      ],
      [
        -1.8514562956988811,
        53.36587278172374,
        289.79999999999995
      ],
      [
        -1.8515869695693254,
        53.36591536179185,
        290.20000000000005
      ],
      [
        -1.8517587147653103,
        53.36595023050904,
        290
      ],
      [
        -1.8519359081983566,
        53.36596221663058,
        290.79999999999995
      ],
      [
        -1.8519624788314104,
        53.365964563563466,
        291
      ],
      [
        -1.8519875407218933,
        53.36596414446831,
        291
      ],
      [
        -1.8520747125148773,
        53.36596473120153,
        290.79999999999995
      ],
      [
        -1.8521180469542742,
        53.36596481502056,
        290.79999999999995
      ],
      [
        -1.852290378883481,
        53.365944949910045,
        290.4
      ],
      [
        -1.8524673208594322,
        53.36593153886497,
        289.79999999999995
      ],
      [
        -1.8526269122958183,
        53.3659178763628,
        290.20000000000005
      ],
      [
        -1.8527258187532425,
        53.36591427214444,
        290.20000000000005
      ],
      [
        -1.8528466019779444,
        53.3659059740603,
        290
      ],
      [
        -1.8530460074543953,
        53.36590614169836,
        290.20000000000005
      ],
      [
        -1.853062603622675,
        53.36590706370771,
        290.20000000000005
      ],
      [
        -1.8532366957515478,
        53.36592776700854,
        290.20000000000005
      ],
      [
        -1.8533711414784193,
        53.365927347913384,
        290
      ],
      [
        -1.8534780945628881,
        53.365928856655955,
        289.79999999999995
      ],
      [
        -1.8535388633608818,
        53.36593103595078,
        289.79999999999995
      ],
      [
        -1.8535962793976068,
        53.365929862484336,
        289.6
      ],
      [
        -1.8536069244146347,
        53.36593204177916,
        289.6
      ],
      [
        -1.8537500873208046,
        53.365958612412214,
        289.79999999999995
      ],
      [
        -1.8538961838930845,
        53.36597596295178,
        290.6
      ],
      [
        -1.8539196532219648,
        53.36597856134176,
        290.79999999999995
      ],
      [
        -1.854130793362856,
        53.36600781418383,
        291.4
      ],
      [
        -1.8542735371738672,
        53.366031954064965,
        291.79999999999995
      ],
      [
        -1.8543226551264524,
        53.36603849194944,
        291.79999999999995
      ],
      [
        -1.8544365651905537,
        53.36606405675411,
        292.20000000000005
      ],
      [
        -1.8545783031731844,
        53.36608534678817,
        292.4
      ],
      [
        -1.8548323586583138,
        53.36610068567097,
        292
      ],
      [
        -1.8550217896699905,
        53.366120802238584,
        291.79999999999995
      ],
      [
        -1.8551672156900167,
        53.36615248583257,
        291.6
      ],
      [
        -1.85531884431839,
        53.36619699373841,
        291.6
      ],
      [
        -1.855429233983159,
        53.36623504757881,
        292.4
      ],
      [
        -1.8555065151304007,
        53.36625658906996,
        292.79999999999995
      ],
      [
        -1.8555713072419167,
        53.3662736043334,
        293.4
      ],
      [
        -1.8555899150669575,
        53.36627896875143,
        293.6
      ],
      [
        -1.855623945593834,
        53.366288021206856,
        294
      ],
      [
        -1.8557324074208736,
        53.36631400510669,
        295.20000000000005
      ],
      [
        -1.855746153742075,
        53.36631769314408,
        295.20000000000005
      ],
      [
        -1.8558454792946577,
        53.36635021492839,
        296.20000000000005
      ],
      [
        -1.8558624107390642,
        53.366353400051594,
        296.4
      ],
      [
        -1.855972297489643,
        53.36638726294041,
        297.4
      ],
      [
        -1.855993503704667,
        53.36639245972037,
        297.4
      ],
      [
        -1.8561250995844603,
        53.366423808038235,
        298
      ],
      [
        -1.8562654964625835,
        53.366463454440236,
        298.4
      ],
      [
        -1.8562842719256878,
        53.36646722629666,
        298.6
      ],
      [
        -1.8564259260892868,
        53.36649287492037,
        299.4
      ],
      [
        -1.8565050512552261,
        53.36650662124157,
        299.6
      ],
      [
        -1.8565441109240055,
        53.36650863289833,
        299.6
      ],
      [
        -1.8565587792545557,
        53.36650745943189,
        299.79999999999995
      ],
      [
        -1.8565560970455408,
        53.36652019992471,
        300.20000000000005
      ],
      [
        -1.8565935641527176,
        53.36654861457646,
        300.6
      ],
      [
        -1.8566391617059708,
        53.366557750850916,
        300.4
      ],
      [
        -1.8566763773560524,
        53.36656437255442,
        300
      ],
      [
        -1.8567243218421936,
        53.36657258681953,
        300
      ],
      [
        -1.856868239119649,
        53.366600247099996,
        300.20000000000005
      ],
      [
        -1.8569887708872557,
        53.3666190225631,
        300.4
      ],
      [
        -1.857021376490593,
        53.36662329733372,
        300.79999999999995
      ],
      [
        -1.8570556584745646,
        53.366623632609844,
        301
      ],
      [
        -1.8571631982922554,
        53.36665045469999,
        301.79999999999995
      ],
      [
        -1.8573201913386583,
        53.36670979857445,
        301.79999999999995
      ],
      [
        -1.8574225343763828,
        53.366738548502326,
        302.20000000000005
      ],
      [
        -1.8574944511055946,
        53.36676310747862,
        303
      ],
      [
        -1.8575412221252918,
        53.366778530180454,
        303.4
      ],
      [
        -1.857624789699912,
        53.366804011166096,
        304
      ],
      [
        -1.857637446373701,
        53.36681482382119,
        304.20000000000005
      ],
      [
        -1.8577421363443136,
        53.36687165312469,
        304.79999999999995
      ],
      [
        -1.8577842134982347,
        53.366893865168095,
        305
      ],
      [
        -1.8577998876571655,
        53.366902247071266,
        305.20000000000005
      ],
      [
        -1.8578517716377974,
        53.366926638409495,
        306.20000000000005
      ],
      [
        -1.8578652665019035,
        53.36693367920816,
        306.6
      ],
      [
        -1.8579122051596642,
        53.36696142330766,
        307.20000000000005
      ],
      [
        -1.8579453136771917,
        53.36698514409363,
        307.20000000000005
      ],
      [
        -1.85799116268754,
        53.367020431905985,
        307.6
      ],
      [
        -1.8580345809459686,
        53.367057144641876,
        308.6
      ],
      [
        -1.8580688629299402,
        53.3670989703387,
        308.79999999999995
      ],
      [
        -1.8580951821058989,
        53.36712520569563,
        309.79999999999995
      ],
      [
        -1.85810306109488,
        53.36713316850364,
        310
      ],
      [
        -1.8581850361078978,
        53.36719033308327,
        311
      ],
      [
        -1.8582952581346035,
        53.367272140458226,
        311.6
      ],
      [
        -1.858348399400711,
        53.36731430143118,
        311.6
      ],
      [
        -1.8583576194941998,
        53.36735671386123,
        312.20000000000005
      ],
      [
        -1.8584080785512924,
        53.367402981966734,
        312.79999999999995
      ],
      [
        -1.8584631476551294,
        53.36743835359812,
        313.20000000000005
      ],
      [
        -1.8585276883095503,
        53.367467103525996,
        313.6
      ],
      [
        -1.8586726114153862,
        53.367528123781085,
        314
      ],
      [
        -1.8587590288370848,
        53.36755570024252,
        314.20000000000005
      ],
      [
        -1.8587970826774836,
        53.367564249783754,
        314.4
      ],
      [
        -1.8589238170534372,
        53.367610769346356,
        315.4
      ],
      [
        -1.8589565064758062,
        53.36762216873467,
        315.4
      ],
      [
        -1.8590647168457508,
        53.367664497345686,
        316.4
      ],
      [
        -1.8591434229165316,
        53.36769400164485,
        317
      ],
      [
        -1.8592284992337227,
        53.367744041606784,
        317.6
      ],
      [
        -1.8592588417232037,
        53.36776323616505,
        317.79999999999995
      ],
      [
        -1.8593331053853035,
        53.367809588089585,
        318.6
      ],
      [
        -1.859365375712514,
        53.36783163249493,
        318.79999999999995
      ],
      [
        -1.8594289105385542,
        53.36788343265653,
        319.4
      ],
      [
        -1.8594384659081697,
        53.367890641093254,
        319.6
      ],
      [
        -1.8595457542687654,
        53.367960546165705,
        320.4
      ],
      [
        -1.8595786113291979,
        53.36798753589392,
        320.6
      ],
      [
        -1.8595951236784458,
        53.36801025085151,
        320.6
      ],
      [
        -1.8596066068857908,
        53.36803908459842,
        320.79999999999995
      ],
      [
        -1.859639547765255,
        53.36807956919074,
        321.4
      ],
      [
        -1.859646923840046,
        53.368097422644496,
        321.6
      ],
      [
        -1.8596531264483929,
        53.36811175569892,
        321.79999999999995
      ],
      [
        -1.8597233667969704,
        53.36819834075868,
        322.4
      ],
      [
        -1.859728479757905,
        53.36820672266185,
        322.4
      ],
      [
        -1.859740549698472,
        53.36822499521077,
        322.6
      ],
      [
        -1.8598350137472153,
        53.36827595718205,
        323
      ],
      [
        -1.859919000416994,
        53.36832482367754,
        323.79999999999995
      ],
      [
        -1.8599424697458744,
        53.36833169683814,
        324
      ],
      [
        -1.8600511830300093,
        53.36838936433196,
        324.6
      ],
      [
        -1.860068365931511,
        53.368398835882545,
        324.79999999999995
      ],
      [
        -1.8601650930941105,
        53.36843680590391,
        326
      ],
      [
        -1.860334575176239,
        53.36846865713596,
        325.79999999999995
      ],
      [
        -1.860478576272726,
        53.36850545369089,
        326.6
      ],
      [
        -1.8605691008269787,
        53.368544932454824,
        327.20000000000005
      ],
      [
        -1.860598437488079,
        53.368559684604406,
        327.20000000000005
      ],
      [
        -1.8607101682573557,
        53.36860184557736,
        326.79999999999995
      ],
      [
        -1.8607676681131124,
        53.368625650182366,
        328.6
      ],
      [
        -1.8607935681939125,
        53.368639312684536,
        328.6
      ],
      [
        -1.8608227372169495,
        53.36865188553929,
        328.4
      ],
      [
        -1.8609622120857239,
        53.36870779283345,
        329
      ],
      [
        -1.8610791396349669,
        53.36874115280807,
        329.20000000000005
      ],
      [
        -1.8611525651067495,
        53.36877090856433,
        329
      ],
      [
        -1.8612430058419704,
        53.3687999099493,
        329.6
      ],
      [
        -1.861300840973854,
        53.368819523602724,
        330
      ],
      [
        -1.8613354582339525,
        53.36883871816099,
        330.20000000000005
      ],
      [
        -1.861364459618926,
        53.36885221302509,
        330.20000000000005
      ],
      [
        -1.8613909464329481,
        53.36886964738369,
        330.20000000000005
      ],
      [
        -1.861526481807232,
        53.368933349847794,
        330.4
      ],
      [
        -1.8616055231541395,
        53.36896201595664,
        330.79999999999995
      ],
      [
        -1.8616564851254225,
        53.36898481473327,
        331.20000000000005
      ],
      [
        -1.8617238756269217,
        53.36901230737567,
        331.79999999999995
      ],
      [
        -1.8618117179721594,
        53.369045332074165,
        332
      ],
      [
        -1.8619431462138891,
        53.369111213833094,
        332.20000000000005
      ],
      [
        -1.8620939366519451,
        53.3691817894578,
        332.79999999999995
      ],
      [
        -1.8621109519153833,
        53.36919863708317,
        333
      ],
      [
        -1.862156130373478,
        53.369220765307546,
        333.4
      ],
      [
        -1.86228571459651,
        53.36929268203676,
        333
      ],
      [
        -1.8624007981270552,
        53.36934666149318,
        333.6
      ],
      [
        -1.8624672666192055,
        53.36937826126814,
        334
      ],
      [
        -1.8625161331146955,
        53.369397623464465,
        334.20000000000005
      ],
      [
        -1.8626297917217016,
        53.36945755407214,
        334.79999999999995
      ],
      [
        -1.8626872077584267,
        53.36948077194393,
        335
      ],
      [
        -1.8627685122191906,
        53.369513377547264,
        335.79999999999995
      ],
      [
        -1.8627924844622612,
        53.36952243000269,
        336
      ],
      [
        -1.862860545516014,
        53.36956484243274,
        336.6
      ],
      [
        -1.8629157822579145,
        53.36959526874125,
        337.20000000000005
      ],
      [
        -1.862985771149397,
        53.36962670087814,
        338
      ],
      [
        -1.8630135990679264,
        53.36962636560202,
        338
      ],
      [
        -1.8629958294332027,
        53.369631143286824,
        338
      ],
      [
        -1.8630106654018164,
        53.36963047273457,
        338.20000000000005
      ],
      [
        -1.8630489706993103,
        53.36963692680001,
        338.20000000000005
      ],
      [
        -1.863191882148385,
        53.36969702504575,
        338.79999999999995
      ],
      [
        -1.8632545787841082,
        53.36972678080201,
        339
      ],
      [
        -1.8632979970425367,
        53.36975402198732,
        339
      ],
      [
        -1.8633784633129835,
        53.369799787178636,
        339.4
      ],
      [
        -1.8634093925356865,
        53.36981965228915,
        339.20000000000005
      ],
      [
        -1.8634421657770872,
        53.36983365006745,
        339.20000000000005
      ],
      [
        -1.863463455811143,
        53.3698501624167,
        339.4
      ],
      [
        -1.8634792137891054,
        53.36985619738698,
        339.6
      ],
      [
        -1.8635157588869333,
        53.369872123003006,
        339.4
      ],
      [
        -1.8635680619627237,
        53.369888719171286,
        339.6
      ],
      [
        -1.8635709956288338,
        53.36989676579833,
        340
      ],
      [
        -1.8635699898004532,
        53.36989676579833,
        340
      ],
      [
        -1.863569151610136,
        53.36989684961736,
        340
      ],
      [
        -1.863571833819151,
        53.36989860981703,
        340
      ],
      [
        -1.8636134918779135,
        53.36993012577295,
        340.20000000000005
      ],
      [
        -1.863693119958043,
        53.369973208755255,
        340
      ],
      [
        -1.8637103866785765,
        53.36997304111719,
        340.20000000000005
      ],
      [
        -1.8637100514024496,
        53.36996708996594,
        340.4
      ],
      [
        -1.8637351132929325,
        53.36997974663973,
        341
      ],
      [
        -1.8637584149837494,
        53.36998770944774,
        340.79999999999995
      ],
      [
        -1.8638113047927618,
        53.37002635002136,
        340.6
      ],
      [
        -1.8639030028134584,
        53.37007697671652,
        341.4
      ],
      [
        -1.8639410566538572,
        53.37010455317795,
        341.4
      ],
      [
        -1.864029485732317,
        53.37016364559531,
        342
      ],
      [
        -1.8640417233109474,
        53.37017395533621,
        342.6
      ],
      [
        -1.8640957027673721,
        53.37021712213755,
        343.6
      ],
      [
        -1.8641295656561852,
        53.37023355066776,
        343.6
      ],
      [
        -1.8641657754778862,
        53.37024855427444,
        343.4
      ],
      [
        -1.8641994707286358,
        53.370258528739214,
        343.4
      ],
      [
        -1.864274824038148,
        53.37028970941901,
        343.20000000000005
      ],
      [
        -1.8643767479807138,
        53.37034494616091,
        343.6
      ],
      [
        -1.864401726052165,
        53.37035559117794,
        343.79999999999995
      ],
      [
        -1.8644614052027464,
        53.370386101305485,
        345
      ],
      [
        -1.864489484578371,
        53.37039817124605,
        345.20000000000005
      ],
      [
        -1.8645055778324604,
        53.37040688842535,
        345.4
      ],
      [
        -1.8645517621189356,
        53.370430022478104,
        346
      ],
      [
        -1.8646352458745241,
        53.3704648911953,
        346.79999999999995
      ],
      [
        -1.8647082522511482,
        53.37050378322601,
        347.20000000000005
      ],
      [
        -1.864762231707573,
        53.37053982540965,
        347.4
      ],
      [
        -1.8648339807987213,
        53.37059246376157,
        347.6
      ],
      [
        -1.8649042211472988,
        53.370620040223,
        348.4
      ],
      [
        -1.8649634812027216,
        53.370645521208644,
        348.4
      ],
      [
        -1.86512122862041,
        53.37069061584771,
        348.6
      ],
      [
        -1.8651937320828438,
        53.37070997804403,
        348.79999999999995
      ],
      [
        -1.8652777187526226,
        53.37073428556323,
        349.20000000000005
      ],
      [
        -1.8652937281876802,
        53.370736967772245,
        349.4
      ],
      [
        -1.8653985857963562,
        53.37075725197792,
        349.4
      ],
      [
        -1.8653949815779924,
        53.37075121700764,
        349.4
      ],
      [
        -1.8653913773596287,
        53.37074501439929,
        349.4
      ],
      [
        -1.8654005136340857,
        53.37074099108577,
        349.4
      ],
      [
        -1.8654194567352533,
        53.37076152674854,
        349.6
      ],
      [
        -1.8654291797429323,
        53.37076747789979,
        349.79999999999995
      ],
      [
        -1.8654668983072042,
        53.37077979929745,
        349.79999999999995
      ],
      [
        -1.8655140046030283,
        53.370788767933846,
        350.4
      ],
      [
        -1.8656269926577806,
        53.37081491947174,
        350.20000000000005
      ],
      [
        -1.865772670134902,
        53.37086755782366,
        350.4
      ],
      [
        -1.8659135699272156,
        53.37090720422566,
        350.6
      ],
      [
        -1.8660442437976599,
        53.370949532836676,
        351.20000000000005
      ],
      [
        -1.8661250453442335,
        53.37097652256489,
        351.4
      ],
      [
        -1.866177599877119,
        53.37100141681731,
        351.6
      ],
      [
        -1.8663096148520708,
        53.37104399688542,
        352.20000000000005
      ],
      [
        -1.8663495127111673,
        53.371053552255034,
        352.20000000000005
      ],
      [
        -1.866386393085122,
        53.371058497577906,
        352.4
      ],
      [
        -1.8664936814457178,
        53.371085403487086,
        352.6
      ],
      [
        -1.8666605651378632,
        53.37111205793917,
        352.79999999999995
      ],
      [
        -1.8668244313448668,
        53.3711364492774,
        353.4
      ],
      [
        -1.8669791612774134,
        53.37114994414151,
        353.4
      ],
      [
        -1.8670385889708996,
        53.37115539237857,
        353.4
      ],
      [
        -1.8672108370810747,
        53.371183555573225,
        353.6
      ],
      [
        -1.867302618920803,
        53.37120593525469,
        353.79999999999995
      ],
      [
        -1.8673348054289818,
        53.37121180258691,
        353.79999999999995
      ],
      [
        -1.8674213904887438,
        53.37123518809676,
        354
      ],
      [
        -1.8674850929528475,
        53.37125320918858,
        354
      ],
      [
        -1.8675254099071026,
        53.371259327977896,
        354
      ],
      [
        -1.8676841631531715,
        53.37128832936287,
        354.4
      ],
      [
        -1.867705201730132,
        53.37128950282931,
        354.4
      ],
      [
        -1.8678122386336327,
        53.371313558891416,
        355
      ],
      [
        -1.8679631128907204,
        53.37135815061629,
        355.20000000000005
      ],
      [
        -1.8680220376700163,
        53.371376087889075,
        355.6
      ],
      [
        -1.8681198544800282,
        53.37141984142363,
        356
      ],
      [
        -1.8682283163070679,
        53.371487902477384,
        356.20000000000005
      ],
      [
        -1.868330743163824,
        53.371566608548164,
        356.4
      ],
      [
        -1.8683925177901983,
        53.371643805876374,
        356
      ],
      [
        -1.8684765882790089,
        53.371729385107756,
        356.4
      ],
      [
        -1.8685194198042154,
        53.371806498616934,
        356.4
      ],
      [
        -1.8685399554669857,
        53.371843630447984,
        356.6
      ],
      [
        -1.8685891572386026,
        53.37193038314581,
        357
      ],
      [
        -1.8686198350042105,
        53.37204672396183,
        357.20000000000005
      ],
      [
        -1.86863349750638,
        53.37213263846934,
        356
      ],
      [
        -1.8686360958963633,
        53.372130459174514,
        355.79999999999995
      ],
      [
        -1.8686360958963633,
        53.372130459174514,
        355.79999999999995
      ],
      [
        -1.8686360958963633,
        53.372130459174514,
        355.79999999999995
      ],
      [
        -1.8686250317841768,
        53.372153509408236,
        355.79999999999995
      ],
      [
        -1.8686539493501186,
        53.372162729501724,
        356
      ],
      [
        -1.8686539493501186,
        53.372162729501724,
        356.20000000000005
      ],
      [
        -1.8686539493501186,
        53.372162729501724,
        356.20000000000005
      ],
      [
        -1.8686554580926895,
        53.37216893211007,
        356.20000000000005
      ],
      [
        -1.8686568830162287,
        53.372168596833944,
        356.6
      ],
      [
        -1.8686758261173964,
        53.372161807492375,
        356.79999999999995
      ],
      [
        -1.868689740076661,
        53.37216432206333,
        356.79999999999995
      ],
      [
        -1.8687902390956879,
        53.372215535491705,
        357.4
      ],
      [
        -1.8688200786709785,
        53.37224654853344,
        357.6
      ],
      [
        -1.8688200786709785,
        53.37224654853344,
        357.6
      ],
      [
        -1.868813456967473,
        53.37225585244596,
        357.79999999999995
      ],
      [
        -1.8688108585774899,
        53.37225006893277,
        357.79999999999995
      ],
      [
        -1.8688007164746523,
        53.37225669063628,
        357.4
      ],
      [
        -1.8687905743718147,
        53.372298181056976,
        358.4
      ],
      [
        -1.8687950167804956,
        53.37230999954045,
        358.6
      ],
      [
        -1.8687902390956879,
        53.37232030928135,
        359
      ],
      [
        -1.868793172761798,
        53.37233439087868,
        359.20000000000005
      ],
      [
        -1.8688016384840012,
        53.372350400313735,
        359.6
      ],
      [
        -1.868798453360796,
        53.372358698397875,
        359.79999999999995
      ],
      [
        -1.8687970284372568,
        53.37236674502492,
        360
      ],
      [
        -1.8688154686242342,
        53.37239515967667,
        360.79999999999995
      ],
      [
        -1.8688362557440996,
        53.37242064066231,
        361.4
      ],
      [
        -1.868832902982831,
        53.37243279442191,
        361.79999999999995
      ],
      [
        -1.8688145466148853,
        53.37243715301156,
        362.4
      ],
      [
        -1.8688027281314135,
        53.372448133304715,
        362.79999999999995
      ],
      [
        -1.8688059132546186,
        53.37245651520789,
        363
      ],
      [
        -1.8687874730676413,
        53.372484762221575,
        363.6
      ],
      [
        -1.8687823601067066,
        53.37250487878919,
        364.20000000000005
      ],
      [
        -1.8687818571925163,
        53.372514098882675,
        364.20000000000005
      ],
      [
        -1.8687787558883429,
        53.37253991514444,
        365.20000000000005
      ],
      [
        -1.8687780853360891,
        53.372548297047615,
        365.4
      ],
      [
        -1.8687771633267403,
        53.37255676276982,
        365.6
      ],
      [
        -1.8687605671584606,
        53.37260806001723,
        366.6
      ],
      [
        -1.8687540292739868,
        53.37262297980487,
        367
      ],
      [
        -1.8687727209180593,
        53.37264468893409,
        367.6
      ],
      [
        -1.8687774986028671,
        53.37265684269369,
        368
      ],
      [
        -1.868781941011548,
        53.3726700861007,
        368.79999999999995
      ],
      [
        -1.8687821924686432,
        53.372694896534085,
        369.4
      ],
      [
        -1.8687909096479416,
        53.372708139941096,
        370
      ],
      [
        -1.8688415363430977,
        53.37273605167866,
        371
      ],
      [
        -1.8688859604299068,
        53.372735967859626,
        372
      ],
      [
        -1.8688997067511082,
        53.372739320620894,
        372.20000000000005
      ],
      [
        -1.8689552787691355,
        53.37275147438049,
        373.4
      ],
      [
        -1.8690026365220547,
        53.37274099700153,
        374.4
      ],
      [
        -1.8690178077667952,
        53.37273730896413,
        374.6
      ],
      [
        -1.869052592664957,
        53.37273571640253,
        375.79999999999995
      ],
      [
        -1.8690639082342386,
        53.37273286655545,
        376.20000000000005
      ],
      [
        -1.8690918199717999,
        53.372727585956454,
        376.79999999999995
      ],
      [
        -1.869122413918376,
        53.37272113189101,
        377.4
      ],
      [
        -1.8691538460552692,
        53.37272339500487,
        377.79999999999995
      ],
      [
        -1.8691779021173716,
        53.372717862948775,
        378.6
      ],
      [
        -1.8692020419985056,
        53.37271031923592,
        379
      ],
      [
        -1.8692183028906584,
        53.37271308526397,
        379.6
      ],
      [
        -1.8692396767437458,
        53.3727113250643,
        380.20000000000005
      ],
      [
        -1.8692733719944954,
        53.37270596064627,
        380.6
      ],
      [
        -1.8692937400192022,
        53.372710570693016,
        381.20000000000005
      ],
      [
        -1.8693365715444088,
        53.37271995842457,
        382.20000000000005
      ],
      [
        -1.8693626392632723,
        53.372721299529076,
        382.4
      ],
      [
        -1.8693972565233707,
        53.37272339500487,
        383.6
      ],
      [
        -1.8694155290722847,
        53.37273211218417,
        384.20000000000005
      ],
      [
        -1.8694096617400646,
        53.372735381126404,
        384.6
      ],
      [
        -1.8693982623517513,
        53.37273630313575,
        384.4
      ],
      [
        -1.8694123439490795,
        53.37276505306363,
        385
      ],
      [
        -1.8694229889661074,
        53.37277393788099,
        385.20000000000005
      ],
      [
        -1.8694291915744543,
        53.37278324179351,
        385.6
      ],
      [
        -1.8694436084479094,
        53.37279765866697,
        386.4
      ],
      [
        -1.8694437760859728,
        53.37280159816146,
        386.6
      ],
      [
        -1.8694405909627676,
        53.3728064596653,
        386.79999999999995
      ],
      [
        -1.8694497272372246,
        53.37282992899418,
        388
      ],
      [
        -1.8694567680358887,
        53.37284308858216,
        388.79999999999995
      ],
      [
        -1.869476968422532,
        53.37285934947431,
        389
      ],
      [
        -1.8694734480232,
        53.372879549860954,
        390.20000000000005
      ],
      [
        -1.8694710172712803,
        53.37291416712105,
        391.4
      ],
      [
        -1.8694789800792933,
        53.3729549869895,
        392.6
      ],
      [
        -1.8694847635924816,
        53.372962195426226,
        392.6
      ],
      [
        -1.8694913852959871,
        53.372981222346425,
        393.6
      ],
      [
        -1.8694923911243677,
        53.372994968667626,
        394.6
      ],
      [
        -1.86947638168931,
        53.37300821207464,
        394.79999999999995
      ],
      [
        -1.8694821652024984,
        53.37301961146295,
        395
      ],
      [
        -1.8694928102195263,
        53.3730448409915,
        395.79999999999995
      ],
      [
        -1.8694898765534163,
        53.37305582128465,
        396.4
      ],
      [
        -1.869491133838892,
        53.373071160167456,
        397
      ],
      [
        -1.8694853503257036,
        53.3730966411531,
        397.79999999999995
      ],
      [
        -1.869485517963767,
        53.37310259230435,
        398
      ],
      [
        -1.8694844283163548,
        53.3731259778142,
        399.20000000000005
      ],
      [
        -1.8694856017827988,
        53.37313243187964,
        399.4
      ],
      [
        -1.8694753758609295,
        53.37314408272505,
        400.20000000000005
      ],
      [
        -1.8694592826068401,
        53.373176688328385,
        401
      ],
      [
        -1.8694592826068401,
        53.373176688328385,
        401.20000000000005
      ],
      [
        -1.8694710172712803,
        53.37320627644658,
        402.4
      ],
      [
        -1.8694791477173567,
        53.37320820428431,
        402.6
      ],
      [
        -1.8694735318422318,
        53.37322765029967,
        403.20000000000005
      ],
      [
        -1.869474956765771,
        53.373224548995495,
        403.4
      ],
      [
        -1.8694688379764557,
        53.3732242975384,
        404.20000000000005
      ],
      [
        -1.8694683350622654,
        53.3732242975384,
        404.79999999999995
      ],
      [
        -1.8694689217954874,
        53.37322488427162,
        405.20000000000005
      ],
      [
        -1.869474370032549,
        53.37323636747897,
        403.79999999999995
      ],
      [
        -1.8694828357547522,
        53.373244162648916,
        403.4
      ],
      [
        -1.8695071432739496,
        53.373262686654925,
        403.4
      ],
      [
        -1.8695121724158525,
        53.373275846242905,
        403.6
      ],
      [
        -1.8695257510989904,
        53.3732932806015,
        404
      ],
      [
        -1.8695322889834642,
        53.37329654954374,
        404.4
      ],
      [
        -1.8695509806275368,
        53.37329864501953,
        404.6
      ],
      [
        -1.8695710971951485,
        53.373309625312686,
        405
      ],
      [
        -1.8695801496505737,
        53.37331825867295,
        405.20000000000005
      ],
      [
        -1.8695776350796223,
        53.37332194671035,
        405.20000000000005
      ],
      [
        -1.8695843406021595,
        53.37332982569933,
        405.4
      ],
      [
        -1.869597416371107,
        53.37333535775542,
        405.6
      ],
      [
        -1.8696276750415564,
        53.37336318567395,
        406.6
      ],
      [
        -1.8696276750415564,
        53.37336318567395,
        407.20000000000005
      ],
      [
        -1.8696756195276976,
        53.373386235907674,
        408.20000000000005
      ],
      [
        -1.8696875218302011,
        53.37339243851602,
        408.20000000000005
      ],
      [
        -1.8696885276585817,
        53.373397467657924,
        408
      ],
      [
        -1.8696862645447254,
        53.3733968809247,
        407.79999999999995
      ],
      [
        -1.86968551017344,
        53.37339662946761,
        407.79999999999995
      ],
      [
        -1.8696891143918037,
        53.37339889258146,
        407.79999999999995
      ],
      [
        -1.8697177805006504,
        53.373420517891645,
        408.6
      ],
      [
        -1.8697400763630867,
        53.37343451566994,
        409.4
      ],
      [
        -1.8697557505220175,
        53.373444993048906,
        409.79999999999995
      ],
      [
        -1.8698020186275244,
        53.373460499569774,
        410.6
      ],
      [
        -1.8698105681687593,
        53.37345999665558,
        410.6
      ],
      [
        -1.8698365520685911,
        53.373472820967436,
        411.6
      ],
      [
        -1.869874270632863,
        53.37347558699548,
        412.20000000000005
      ],
      [
        -1.8698973208665848,
        53.37348262779415,
        412.6
      ],
      [
        -1.8699079658836126,
        53.3734832983464,
        412.79999999999995
      ],
      [
        -1.8699648790061474,
        53.37348807603121,
        414
      ],
      [
        -1.8699765298515558,
        53.373486986383796,
        414.20000000000005
      ],
      [
        -1.8700181040912867,
        53.373503079637885,
        415.20000000000005
      ],
      [
        -1.8700694013386965,
        53.37351179681718,
        416.4
      ],
      [
        -1.870105778798461,
        53.37352034635842,
        417.20000000000005
      ],
      [
        -1.8701183516532183,
        53.373518753796816,
        417.79999999999995
      ],
      [
        -1.8701628595590591,
        53.3735179156065,
        418.4
      ],
      [
        -1.8701869994401932,
        53.373524621129036,
        418.79999999999995
      ],
      [
        -1.870210887864232,
        53.37353199720383,
        419.4
      ],
      [
        -1.8702523782849312,
        53.373529817909,
        420
      ],
      [
        -1.8702718243002892,
        53.3735263813287,
        420.6
      ],
      [
        -1.8702895939350128,
        53.373532835394144,
        421.20000000000005
      ],
      [
        -1.8703136499971151,
        53.37353032082319,
        421.79999999999995
      ],
      [
        -1.870349021628499,
        53.37352713569999,
        422.4
      ],
      [
        -1.8703812081366777,
        53.37353157810867,
        423
      ],
      [
        -1.870387913659215,
        53.37353308685124,
        423.20000000000005
      ],
      [
        -1.8704051803797483,
        53.373539792373776,
        423.4
      ],
      [
        -1.8704294878989458,
        53.373534847050905,
        423.6
      ],
      [
        -1.8704457487910986,
        53.373533338308334,
        423.79999999999995
      ],
      [
        -1.8704555556178093,
        53.37353660725057,
        423.79999999999995
      ],
      [
        -1.8704876583069563,
        53.373549515381455,
        424.4
      ],
      [
        -1.8705102056264877,
        53.3735506888479,
        425.4
      ],
      [
        -1.8705228623002768,
        53.37355077266693,
        425.79999999999995
      ],
      [
        -1.8705844692885876,
        53.37355270050466,
        426.4
      ],
      [
        -1.870592851191759,
        53.37355990894139,
        426.6
      ],
      [
        -1.8706283066421747,
        53.373565608635545,
        427.4
      ],
      [
        -1.8706528656184673,
        53.37356041185558,
        428
      ],
      [
        -1.8706884887069464,
        53.373546581715345,
        428.79999999999995
      ],
      [
        -1.870695361867547,
        53.373537780717015,
        429
      ],
      [
        -1.8707391154021025,
        53.37353593669832,
        429.79999999999995
      ],
      [
        -1.8707421328872442,
        53.37353124283254,
        430
      ],
      [
        -1.8707709666341543,
        53.37350710295141,
        431.20000000000005
      ],
      [
        -1.8708212580531836,
        53.373483046889305,
        432.20000000000005
      ],
      [
        -1.8708348367363214,
        53.37347189895809,
        432.4
      ],
      [
        -1.8708718847483397,
        53.37345287203789,
        432.79999999999995
      ],
      [
        -1.8708915822207928,
        53.37344574742019,
        433.6
      ],
      [
        -1.870902394875884,
        53.37343736551702,
        433.79999999999995
      ],
      [
        -1.8709256127476692,
        53.373419009149075,
        434.6
      ],
      [
        -1.8709517642855644,
        53.37341096252203,
        435.20000000000005
      ],
      [
        -1.8709779158234596,
        53.37339981459081,
        435.6
      ],
      [
        -1.871011108160019,
        53.37337525561452,
        436.4
      ],
      [
        -1.8710230942815542,
        53.37337617762387,
        436.4
      ],
      [
        -1.8710310570895672,
        53.37337181903422,
        436.6
      ],
      [
        -1.8710475694388151,
        53.37335639633238,
        437.20000000000005
      ],
      [
        -1.8710738886147738,
        53.37333963252604,
        437.79999999999995
      ],
      [
        -1.8711131997406483,
        53.37331674993038,
        438.4
      ],
      [
        -1.8711338192224503,
        53.37329872883856,
        438.79999999999995
      ],
      [
        -1.8711688555777073,
        53.37327408604324,
        439.6
      ],
      [
        -1.8711872957646847,
        53.373259250074625,
        439.79999999999995
      ],
      [
        -1.8712137825787067,
        53.37322169914842,
        440.6
      ],
      [
        -1.8712232541292906,
        53.37318582460284,
        441
      ],
      [
        -1.8712287861853838,
        53.373171743005514,
        441.4
      ],
      [
        -1.8712203204631805,
        53.373121032491326,
        442
      ],
      [
        -1.8712297920137644,
        53.3730583358556,
        442.79999999999995
      ],
      [
        -1.8712333124130964,
        53.3730361238122,
        443.20000000000005
      ],
      [
        -1.8712483998388052,
        53.37301567196846,
        443.79999999999995
      ],
      [
        -1.8712264392524958,
        53.372997399419546,
        444.20000000000005
      ],
      [
        -1.8712264392524958,
        53.372997399419546,
        444.20000000000005
      ],
      [
        -1.8712297081947327,
        53.37300008162856,
        444.20000000000005
      ],
      [
        -1.8712264392524958,
        53.372997399419546,
        443.79999999999995
      ],
      [
        -1.8712264392524958,
        53.372997399419546,
        443.6
      ],
      [
        -1.87122518196702,
        53.372996812686324,
        444
      ],
      [
        -1.8712281994521618,
        53.3729980699718,
        444
      ],
      [
        -1.8712279479950666,
        53.37299865670502,
        443.79999999999995
      ],
      [
        -1.871224008500576,
        53.37299178354442,
        443.6
      ],
      [
        -1.8711867928504944,
        53.37297543883324,
        443.4
      ],
      [
        -1.871172459796071,
        53.37297552265227,
        443.20000000000005
      ],
      [
        -1.871171286329627,
        53.37297309190035,
        443.6
      ],
      [
        -1.871218141168356,
        53.37298926897347,
        443.6
      ],
      [
        -1.8712686840444803,
        53.37301474995911,
        444.4
      ],
      [
        -1.8712833523750305,
        53.37302933447063,
        444.4
      ],
      [
        -1.8713080789893866,
        53.37304308079183,
        444.6
      ],
      [
        -1.8713468872010708,
        53.37305003777146,
        445
      ],
      [
        -1.871369769796729,
        53.3730482775718,
        445
      ],
      [
        -1.8714509904384613,
        53.37303922511637,
        445.4
      ],
      [
        -1.8714959174394608,
        53.373032016679645,
        446.6
      ],
      [
        -1.871565068140626,
        53.37301676161587,
        447.6
      ],
      [
        -1.8715929798781872,
        53.373011061921716,
        448
      ],
      [
        -1.871636314317584,
        53.373000333085656,
        448.6
      ],
      [
        -1.8716473784297705,
        53.37299815379083,
        448.6
      ],
      [
        -1.8716731946915388,
        53.37298532947898,
        449.6
      ],
      [
        -1.871694317087531,
        53.37297300808132,
        449.79999999999995
      ],
      [
        -1.8717374000698328,
        53.37296923622489,
        450.20000000000005
      ],
      [
        -1.8717960733920336,
        53.37296789512038,
        451
      ],
      [
        -1.8718328699469566,
        53.37296814657748,
        451.6
      ],
      [
        -1.871845107525587,
        53.37296881712973,
        452
      ],
      [
        -1.871885508298874,
        53.372962614521384,
        453
      ],
      [
        -1.871882826089859,
        53.37295716628432,
        453.4
      ],
      [
        -1.871884921565652,
        53.3729497063905,
        453.6
      ],
      [
        -1.8719012662768364,
        53.37294593453407,
        454
      ],
      [
        -1.871945858001709,
        53.37294585071504,
        454.4
      ],
      [
        -1.8719730153679848,
        53.3729428332299,
        454.79999999999995
      ],
      [
        -1.8719862587749958,
        53.372942581772804,
        455
      ],
      [
        -1.8720057886093855,
        53.372941575944424,
        455.6
      ],
      [
        -1.8720395676791668,
        53.37293906137347,
        456.20000000000005
      ],
      [
        -1.872093128040433,
        53.37293696589768,
        457
      ],
      [
        -1.8721530586481094,
        53.37292782962322,
        457.4
      ],
      [
        -1.872217683121562,
        53.372933864593506,
        458.20000000000005
      ],
      [
        -1.872247103601694,
        53.37293713353574,
        459
      ],
      [
        -1.8722814694046974,
        53.37292833253741,
        459.20000000000005
      ],
      [
        -1.8723335210233927,
        53.372927494347095,
        459.6
      ],
      [
        -1.8723553977906704,
        53.37293981574476,
        459.79999999999995
      ],
      [
        -1.8724097963422537,
        53.37294274941087,
        460
      ],
      [
        -1.8724259734153748,
        53.37294735945761,
        460
      ],
      [
        -1.8724745884537697,
        53.37295071221888,
        460.6
      ],
      [
        -1.8725324235856533,
        53.37295984849334,
        460.79999999999995
      ],
      [
        -1.8726734071969986,
        53.37297644466162,
        460.79999999999995
      ],
      [
        -1.8726818729192019,
        53.372972002252936,
        460.79999999999995
      ],
      [
        -1.8727690447121859,
        53.372969990596175,
        461
      ],
      [
        -1.8728627543896437,
        53.372969487681985,
        461.20000000000005
      ],
      [
        -1.8729214277118444,
        53.37296764366329,
        461.6
      ],
      [
        -1.8729394488036633,
        53.37296881712973,
        461.79999999999995
      ],
      [
        -1.873008431866765,
        53.37295264005661,
        463
      ],
      [
        -1.873058807104826,
        53.3729462698102,
        463.6
      ],
      [
        -1.8730751518160105,
        53.37294920347631,
        463.6
      ],
      [
        -1.873159222304821,
        53.37294048629701,
        464
      ],
      [
        -1.8731950130313635,
        53.3729256503284,
        465
      ],
      [
        -1.8732103519141674,
        53.3729288354516,
        465.20000000000005
      ],
      [
        -1.8733375053852797,
        53.37291886098683,
        466
      ],
      [
        -1.8733472283929586,
        53.372913328930736,
        466.4
      ],
      [
        -1.8734188098460436,
        53.372906036674976,
        467.20000000000005
      ],
      [
        -1.8734426982700825,
        53.3729066234082,
        467.20000000000005
      ],
      [
        -1.8735464662313461,
        53.37290461175144,
        467.20000000000005
      ],
      [
        -1.8735602963715792,
        53.37290427647531,
        467.4
      ],
      [
        -1.8736867792904377,
        53.37288717739284,
        467.79999999999995
      ],
      [
        -1.873764730989933,
        53.372877622023225,
        468.20000000000005
      ],
      [
        -1.8739020265638828,
        53.37285792455077,
        468.4
      ],
      [
        -1.8739669024944305,
        53.372841412201524,
        469.20000000000005
      ],
      [
        -1.8739798944443464,
        53.37283529341221,
        469.20000000000005
      ],
      [
        -1.874087518081069,
        53.37281542830169,
        469.4
      ],
      [
        -1.874186173081398,
        53.372797993943095,
        469.79999999999995
      ],
      [
        -1.8742366321384907,
        53.37279690429568,
        470
      ],
      [
        -1.8742547370493412,
        53.372795563191175,
        470.20000000000005
      ],
      [
        -1.874340819194913,
        53.372786259278655,
        471
      ],
      [
        -1.874360851943493,
        53.372787265107036,
        471
      ],
      [
        -1.8744794558733702,
        53.372795982286334,
        471
      ],
      [
        -1.8746218644082546,
        53.37278785184026,
        470.79999999999995
      ],
      [
        -1.8747487664222717,
        53.37281199172139,
        471
      ],
      [
        -1.8748598266392946,
        53.37284116074443,
        471.20000000000005
      ],
      [
        -1.8748808652162552,
        53.37284350767732,
        471.4
      ],
      [
        -1.8749824538826942,
        53.37286563590169,
        471.79999999999995
      ],
      [
        -1.8749921768903732,
        53.37286747992039,
        471.6
      ],
      [
        -1.8750374391674995,
        53.37288625538349,
        471.79999999999995
      ],
      [
        -1.8751280475407839,
        53.37290142662823,
        471.79999999999995
      ],
      [
        -1.8751603178679943,
        53.37289731949568,
        472
      ],
      [
        -1.87520164065063,
        53.372895224019885,
        472.20000000000005
      ],
      [
        -1.875254362821579,
        53.37289220653474,
        472.4
      ],
      [
        -1.8752713780850172,
        53.372897654771805,
        472.6
      ],
      [
        -1.8753199093043804,
        53.372893799096346,
        472.79999999999995
      ],
      [
        -1.8753634113818407,
        53.37289237417281,
        473
      ],
      [
        -1.8753881379961967,
        53.372887931764126,
        473.20000000000005
      ],
      [
        -1.8754215817898512,
        53.372885417193174,
        473.6
      ],
      [
        -1.8754641618579626,
        53.372893715277314,
        473.79999999999995
      ],
      [
        -1.8755545187741518,
        53.37290033698082,
        474.6
      ],
      [
        -1.8755701929330826,
        53.372910395264626,
        474.79999999999995
      ],
      [
        -1.8755766469985247,
        53.3729153405875,
        475
      ],
      [
        -1.8755801673978567,
        53.372924560680985,
        475.20000000000005
      ],
      [
        -1.8755949195474386,
        53.372925063595176,
        475.6
      ],
      [
        -1.875653425231576,
        53.37293000891805,
        475.79999999999995
      ],
      [
        -1.8757706880569458,
        53.372922129929066,
        475.79999999999995
      ],
      [
        -1.875788290053606,
        53.372921962291,
        476.20000000000005
      ],
      [
        -1.875854842364788,
        53.372924560680985,
        476.79999999999995
      ],
      [
        -1.8759033735841513,
        53.372925063595176,
        477.20000000000005
      ],
      [
        -1.8759527429938316,
        53.3729082159698,
        478
      ],
      [
        -1.8760046269744635,
        53.37289396673441,
        479
      ],
      [
        -1.8760217260569334,
        53.37289706803858,
        479.4
      ],
      [
        -1.8760520685464144,
        53.37289690040052,
        479.79999999999995
      ],
      [
        -1.8760671559721231,
        53.372896229848266,
        480
      ],
      [
        -1.8760924693197012,
        53.3728960622102,
        480.20000000000005
      ],
      [
        -1.8760995101183653,
        53.37289648130536,
        480.6
      ],
      [
        -1.8761051259934902,
        53.37289405055344,
        480.6
      ],
      [
        -1.8761079758405685,
        53.37288114242256,
        480.6
      ],
      [
        -1.8761726841330528,
        53.372859014198184,
        480.6
      ],
      [
        -1.8762403260916471,
        53.372850213199854,
        481.20000000000005
      ],
      [
        -1.8762729316949844,
        53.372850297018886,
        481.6
      ],
      [
        -1.8763191998004913,
        53.37284660898149,
        482.4
      ],
      [
        -1.8763338681310415,
        53.372847782447934,
        482.79999999999995
      ],
      [
        -1.8763715866953135,
        53.3728442620486,
        483.6
      ],
      [
        -1.8764114007353783,
        53.37284216657281,
        484.20000000000005
      ],
      [
        -1.8764766119420528,
        53.37283520959318,
        484.6
      ],
      [
        -1.8764841556549072,
        53.37283445522189,
        484.6
      ],
      [
        -1.8765322677791119,
        53.37283294647932,
        485.6
      ],
      [
        -1.876551965251565,
        53.37283252738416,
        485.6
      ],
      [
        -1.8766103871166706,
        53.37282699532807,
        486.79999999999995
      ],
      [
        -1.8766481894999743,
        53.37281685322523,
        487.4
      ],
      [
        -1.8766775261610746,
        53.37281626649201,
        487.79999999999995
      ],
      [
        -1.8767396360635757,
        53.37280444800854,
        489
      ],
      [
        -1.8767833057790995,
        53.372796988114715,
        490
      ],
      [
        -1.876809038221836,
        53.37279028259218,
        490.4
      ],
      [
        -1.8768701422959566,
        53.37278466671705,
        491
      ],
      [
        -1.8768869061022997,
        53.37277754209936,
        491.4
      ],
      [
        -1.8769361916929483,
        53.37277569808066,
        492
      ],
      [
        -1.8769434839487076,
        53.372778883203864,
        492.20000000000005
      ],
      [
        -1.8769894167780876,
        53.37277879938483,
        493
      ],
      [
        -1.8769950326532125,
        53.3727855887264,
        493.4
      ],
      [
        -1.8770418874919415,
        53.372772093862295,
        494.20000000000005
      ],
      [
        -1.8770573940128088,
        53.37277628481388,
        494.4
      ],
      [
        -1.8771071825176477,
        53.372777961194515,
        495
      ],
      [
        -1.8771187495440245,
        53.37277863174677,
        495.20000000000005
      ],
      [
        -1.8771793507039547,
        53.37277829647064,
        496
      ],
      [
        -1.8771932646632195,
        53.3727787155658,
        496.4
      ],
      [
        -1.877252273261547,
        53.37277167476714,
        497.4
      ],
      [
        -1.8772620800882578,
        53.37276882492006,
        497.6
      ],
      [
        -1.8773016426712275,
        53.37275918573141,
        498.6
      ],
      [
        -1.8773264531046152,
        53.37276002392173,
        499
      ],
      [
        -1.877369536086917,
        53.37275180965662,
        499.79999999999995
      ],
      [
        -1.8774082604795694,
        53.37274971418083,
        500.4
      ],
      [
        -1.8774355854839087,
        53.37274979799986,
        501
      ],
      [
        -1.877486715093255,
        53.37274049408734,
        502.20000000000005
      ],
      [
        -1.8775303848087788,
        53.37273454293609,
        503.4
      ],
      [
        -1.877551255747676,
        53.372734040021896,
        503.79999999999995
      ],
      [
        -1.8775840289890766,
        53.372732531279325,
        504.6
      ],
      [
        -1.877598948776722,
        53.37272783741355,
        505.4
      ],
      [
        -1.8775993678718805,
        53.372727669775486,
        505.79999999999995
      ],
      [
        -1.8776525929570198,
        53.37273127399385,
        506.6
      ],
      [
        -1.8776538502424955,
        53.37272683158517,
        506.79999999999995
      ],
      [
        -1.8776798341423273,
        53.3727218862623,
        507.6
      ],
      [
        -1.87769609503448,
        53.37271559983492,
        507.79999999999995
      ],
      [
        -1.8777215760201216,
        53.37269866839051,
        508.6
      ],
      [
        -1.8777493201196194,
        53.37270772084594,
        508.79999999999995
      ],
      [
        -1.8777702748775482,
        53.37271182797849,
        509.4
      ],
      [
        -1.877803634852171,
        53.37271434254944,
        510
      ],
      [
        -1.877848645672202,
        53.37271082215011,
        511.20000000000005
      ],
      [
        -1.8778923992067575,
        53.372704116627574,
        512.2
      ],
      [
        -1.8779085762798786,
        53.37270478717983,
        512.6
      ],
      [
        -1.8779447861015797,
        53.37269791401923,
        513.4
      ],
      [
        -1.8779806606471539,
        53.3726872690022,
        514
      ],
      [
        -1.8779886234551668,
        53.37268106639385,
        514.4
      ],
      [
        -1.8780073150992393,
        53.3726856764406,
        515
      ],
      [
        -1.878048051148653,
        53.37268282659352,
        515.4
      ],
      [
        -1.8780674133449793,
        53.37268475443125,
        515.8
      ],
      [
        -1.8781350553035736,
        53.37268249131739,
        516.6
      ],
      [
        -1.8781662359833717,
        53.37267813272774,
        517.2
      ],
      [
        -1.8782042898237705,
        53.37266304530203,
        517.8
      ],
      [
        -1.8782311119139194,
        53.37264887988567,
        518
      ],
      [
        -1.8782370630651712,
        53.3726492151618,
        518.6
      ],
      [
        -1.8782887794077396,
        53.37265843525529,
        518.6
      ],
      [
        -1.8783009331673384,
        53.372675366699696,
        518.8
      ],
      [
        -1.8783086445182562,
        53.37267788127065,
        519
      ],
      [
        -1.8783236481249332,
        53.37267796508968,
        519
      ],
      [
        -1.8783227261155844,
        53.37267662398517,
        519
      ],
      [
        -1.8783172778785229,
        53.37267159484327,
        518.6
      ],
      [
        -1.878319624811411,
        53.37267159484327,
        518.4
      ],
      [
        -1.8783227261155844,
        53.37267662398517,
        518.6
      ],
      [
        -1.8783227261155844,
        53.37267662398517,
        518.6
      ],
      [
        -1.8783227261155844,
        53.37267662398517,
        518.6
      ],
      [
        -1.8783227261155844,
        53.37267662398517,
        518.6
      ],
      [
        -1.8783227261155844,
        53.37267662398517,
        518.6
      ],
      [
        -1.8783227261155844,
        53.37267662398517,
        518.6
      ],
      [
        -1.8783227261155844,
        53.37267662398517,
        518.6
      ],
      [
        -1.8783227261155844,
        53.37267662398517,
        518.4
      ],
      [
        -1.8783368915319443,
        53.37267704308033,
        518.8
      ],
      [
        -1.8783227261155844,
        53.37267662398517,
        518.8
      ],
      [
        -1.8783227261155844,
        53.37267662398517,
        518.8
      ],
      [
        -1.8783227261155844,
        53.37267662398517,
        518.8
      ],
      [
        -1.8783171102404594,
        53.37268483825028,
        518.8
      ],
      [
        -1.8783227261155844,
        53.37267662398517,
        518.8
      ],
      [
        -1.8783227261155844,
        53.37267662398517,
        518.8
      ],
      [
        -1.8783227261155844,
        53.37267662398517,
        519
      ],
      [
        -1.8783227261155844,
        53.37267662398517,
        518.8
      ],
      [
        -1.8783227261155844,
        53.37267662398517,
        519
      ],
      [
        -1.8783135060220957,
        53.3726801443845,
        518.8
      ],
      [
        -1.8783177807927132,
        53.372691962867975,
        518.8
      ],
      [
        -1.8783177807927132,
        53.372691962867975,
        519
      ],
      [
        -1.8783177807927132,
        53.372691962867975,
        519
      ],
      [
        -1.8783177807927132,
        53.372691962867975,
        519
      ],
      [
        -1.878324905410409,
        53.37267788127065,
        519
      ],
      [
        -1.878324905410409,
        53.37267788127065,
        519.2
      ],
      [
        -1.8783233128488064,
        53.372674779966474,
        519
      ],
      [
        -1.878324905410409,
        53.37267788127065,
        519
      ],
      [
        -1.8783212173730135,
        53.37267226539552,
        519.2
      ],
      [
        -1.878324905410409,
        53.37267788127065,
        519
      ],
      [
        -1.878324905410409,
        53.37267788127065,
        519.2
      ],
      [
        -1.878324905410409,
        53.37267788127065,
        519.2
      ],
      [
        -1.8783247377723455,
        53.372674360871315,
        519.2
      ],
      [
        -1.878324905410409,
        53.37267788127065,
        519.2
      ],
      [
        -1.878324905410409,
        53.37267788127065,
        519.2
      ],
      [
        -1.878324905410409,
        53.37267788127065,
        519.2
      ],
      [
        -1.8783221393823624,
        53.3726648055017,
        519
      ],
      [
        -1.878324905410409,
        53.37267788127065,
        519
      ],
      [
        -1.878324905410409,
        53.37267788127065,
        519
      ],
      [
        -1.878324905410409,
        53.37267788127065,
        519
      ],
      [
        -1.878324905410409,
        53.37267788127065,
        519.2
      ],
      [
        -1.878324905410409,
        53.37267788127065,
        519.2
      ],
      [
        -1.878324905410409,
        53.37267788127065,
        519.2
      ],
      [
        -1.878324905410409,
        53.37267788127065,
        519.2
      ],
      [
        -1.878324905410409,
        53.37267788127065,
        519.2
      ],
      [
        -1.878324905410409,
        53.37267788127065,
        519.2
      ],
      [
        -1.878324905410409,
        53.37267788127065,
        519.2
      ],
      [
        -1.878324905410409,
        53.37267788127065,
        519.4
      ],
      [
        -1.878324905410409,
        53.37267788127065,
        519.4
      ],
      [
        -1.878324905410409,
        53.37267788127065,
        519.4
      ],
      [
        -1.878324905410409,
        53.37267788127065,
        519.4
      ],
      [
        -1.8783184513449669,
        53.37267746217549,
        519.6
      ],
      [
        -1.8783092312514782,
        53.37267620489001,
        519.6
      ],
      [
        -1.878324905410409,
        53.37267788127065,
        519.8
      ],
      [
        -1.878324905410409,
        53.37267788127065,
        519.6
      ],
      [
        -1.878324905410409,
        53.37267788127065,
        519.6
      ],
      [
        -1.878324905410409,
        53.37267788127065,
        519.6
      ],
      [
        -1.878320211544633,
        53.37268299423158,
        519.6
      ],
      [
        -1.878324905410409,
        53.37267788127065,
        519.6
      ],
      [
        -1.878324905410409,
        53.37267788127065,
        519.8
      ],
      [
        -1.8783191218972206,
        53.37268634699285,
        519.8
      ],
      [
        -1.878324905410409,
        53.37267788127065,
        519.8
      ],
      [
        -1.8783207144588232,
        53.372686514630914,
        519.8
      ],
      [
        -1.878324905410409,
        53.37267788127065,
        519.8
      ],
      [
        -1.878324905410409,
        53.37267788127065,
        519.8
      ],
      [
        -1.8783258274197578,
        53.372681653127074,
        519.6
      ],
      [
        -1.8783172778785229,
        53.37267863564193,
        519.8
      ],
      [
        -1.8783280067145824,
        53.37267746217549,
        520
      ],
      [
        -1.878324905410409,
        53.37267788127065,
        519.4
      ],
      [
        -1.8782995082437992,
        53.37267377413809,
        519.6
      ],
      [
        -1.8783011008054018,
        53.372680228203535,
        519.8
      ],
      [
        -1.8782966583967209,
        53.37267318740487,
        519.8
      ],
      [
        -1.8783320300281048,
        53.37267595343292,
        519.4
      ],
      [
        -1.8783320300281048,
        53.37267595343292,
        519.4
      ],
      [
        -1.8783320300281048,
        53.37267595343292,
        519.4
      ],
      [
        -1.8783320300281048,
        53.37267595343292,
        519.6
      ],
      [
        -1.8783320300281048,
        53.37267595343292,
        519.6
      ],
      [
        -1.8783320300281048,
        53.37267595343292,
        519.6
      ],
      [
        -1.8783320300281048,
        53.37267595343292,
        519.6
      ],
      [
        -1.8783320300281048,
        53.37267595343292,
        519.6
      ],
      [
        -1.8783320300281048,
        53.37267595343292,
        519.4
      ],
      [
        -1.8783397413790226,
        53.37267310358584,
        519.2
      ],
      [
        -1.8783320300281048,
        53.37267595343292,
        519.4
      ],
      [
        -1.8783320300281048,
        53.37267595343292,
        519.6
      ],
      [
        -1.8783197924494743,
        53.37268240749836,
        519.6
      ],
      [
        -1.8783136736601591,
        53.37268098257482,
        519.8
      ],
      [
        -1.8783074710518122,
        53.37267947383225,
        519.8
      ],
      [
        -1.8783192057162523,
        53.37268492206931,
        519.8
      ],
      [
        -1.8783168587833643,
        53.37268693372607,
        519.8
      ],
      [
        -1.8783192057162523,
        53.3726891130209,
        519.8
      ],
      [
        -1.8783201277256012,
        53.37268492206931,
        520
      ],
      [
        -1.8783203791826963,
        53.37267545051873,
        519.8
      ],
      [
        -1.8783173616975546,
        53.372679222375154,
        519.8
      ],
      [
        -1.8783192057162523,
        53.3726891130209,
        519.6
      ],
      [
        -1.8783192057162523,
        53.3726891130209,
        519.6
      ],
      [
        -1.8783192057162523,
        53.3726891130209,
        519.6
      ],
      [
        -1.8783192057162523,
        53.3726891130209,
        519.4
      ],
      [
        -1.8783142603933811,
        53.3726838324219,
        519.6
      ],
      [
        -1.8783155176788568,
        53.37268425151706,
        519.4
      ],
      [
        -1.8783106561750174,
        53.37268844246864,
        519.4
      ],
      [
        -1.8783088121563196,
        53.37267905473709,
        519.4
      ],
      [
        -1.8783067166805267,
        53.372644605115056,
        519.4
      ],
      [
        -1.8783178646117449,
        53.37263295426965,
        519.4
      ],
      [
        -1.8783629592508078,
        53.37261887267232,
        519.6
      ],
      [
        -1.8783769570291042,
        53.37261635810137,
        519.6
      ],
      [
        -1.878390284255147,
        53.37262130342424,
        519.6
      ],
      [
        -1.8784776236861944,
        53.372602527961135,
        519.8
      ],
      [
        -1.8785932939499617,
        53.372573694214225,
        520.6
      ],
      [
        -1.8786808010190725,
        53.372571682557464,
        520.8
      ],
      [
        -1.8787323497235775,
        53.37256849743426,
        521
      ],
      [
        -1.8787795398384333,
        53.372579561546445,
        521.2
      ],
      [
        -1.8788218684494495,
        53.372586434707046,
        522
      ],
      [
        -1.8788412306457758,
        53.37259096093476,
        522
      ],
      [
        -1.8788615986704826,
        53.37258827872574,
        522.2
      ],
      [
        -1.8789400532841682,
        53.37258241139352,
        523
      ],
      [
        -1.8789641093462706,
        53.37258065119386,
        523.2
      ],
      [
        -1.8790213577449322,
        53.37257595732808,
        523.6
      ],
      [
        -1.8790905084460974,
        53.372575202956796,
        524
      ],
      [
        -1.8791130557656288,
        53.37257780134678,
        524
      ],
      [
        -1.8791292328387499,
        53.3725802320987,
        524
      ],
      [
        -1.8792088609188795,
        53.37257503531873,
        524.8
      ],
      [
        -1.87931003049016,
        53.37256330065429,
        525.2
      ],
      [
        -1.8793466594070196,
        53.372564977034926,
        525.4000000000001
      ],
      [
        -1.8794644251465797,
        53.372570341452956,
        526.2
      ],
      [
        -1.8794837035238743,
        53.37256816215813,
        526.4000000000001
      ],
      [
        -1.87958805821836,
        53.37255232036114,
        527.4000000000001
      ],
      [
        -1.8796044867485762,
        53.372553158551455,
        527.5999999999999
      ],
      [
        -1.879729963839054,
        53.3725472074002,
        528.4000000000001
      ],
      [
        -1.879800371825695,
        53.372578639537096,
        529.5999999999999
      ],
      [
        -1.8798332288861275,
        53.37258316576481,
        529.8
      ],
      [
        -1.8798969313502312,
        53.37260026484728,
        530.8
      ],
      [
        -1.8799271062016487,
        53.37260135449469,
        531.2
      ],
      [
        -1.8800207320600748,
        53.37260663509369,
        531.8
      ],
      [
        -1.880034813657403,
        53.372607892379165,
        532
      ],
      [
        -1.8801451195031404,
        53.37262096814811,
        532.8
      ],
      [
        -1.8801783118396997,
        53.372624488547444,
        533
      ],
      [
        -1.8803065549582243,
        53.372653322294354,
        534
      ],
      [
        -1.8804046232253313,
        53.372665559872985,
        535.2
      ],
      [
        -1.880484251305461,
        53.372675869613886,
        536.2
      ],
      [
        -1.880513085052371,
        53.372681736946106,
        536.5999999999999
      ],
      [
        -1.8806080520153046,
        53.37271308526397,
        537.2
      ],
      [
        -1.8806414119899273,
        53.37273479439318,
        537.8
      ],
      [
        -1.8807160947471857,
        53.37275558151305,
        538.4000000000001
      ],
      [
        -1.8807253148406744,
        53.37276002392173,
        538.5999999999999
      ],
      [
        -1.8807774502784014,
        53.372785253450274,
        539.5999999999999
      ],
      [
        -1.8808377161622047,
        53.372802352532744,
        540
      ],
      [
        -1.8809097167104483,
        53.37281249463558,
        540.8
      ],
      [
        -1.8809299170970917,
        53.37281693704426,
        541
      ],
      [
        -1.8809543084353209,
        53.3728445135057,
        541.8
      ],
      [
        -1.8809680547565222,
        53.372859098017216,
        542.2
      ],
      [
        -1.881011975929141,
        53.37289245799184,
        543.2
      ],
      [
        -1.8810406420379877,
        53.37290964089334,
        543.8
      ],
      [
        -1.8810494430363178,
        53.37291592732072,
        544.2
      ],
      [
        -1.8811037577688694,
        53.372941659763455,
        545.2
      ],
      [
        -1.8811497744172812,
        53.372978707775474,
        546.2
      ],
      [
        -1.8811547197401524,
        53.37299572303891,
        546.4000000000001
      ],
      [
        -1.8811801169067621,
        53.373033022508025,
        547
      ],
      [
        -1.8811916001141071,
        53.37305632419884,
        547.5999999999999
      ],
      [
        -1.8812256306409836,
        53.3731066994369,
        548.4000000000001
      ],
      [
        -1.8812298215925694,
        53.37311231531203,
        548.5999999999999
      ],
      [
        -1.88125086016953,
        53.37312446907163,
        549.2
      ],
      [
        -1.8812794424593449,
        53.373137628659606,
        549.5999999999999
      ],
      [
        -1.8813296500593424,
        53.373166881501675,
        550.8
      ],
      [
        -1.8813457433134317,
        53.373170737177134,
        550.8
      ],
      [
        -1.8813765048980713,
        53.37319931946695,
        551.8
      ],
      [
        -1.8813841324299574,
        53.37320736609399,
        552
      ],
      [
        -1.8814118765294552,
        53.37324231863022,
        553
      ],
      [
        -1.8814285565167665,
        53.37326302193105,
        553.5999999999999
      ],
      [
        -1.8814476672559977,
        53.37328012101352,
        554
      ],
      [
        -1.8814827036112547,
        53.373321779072285,
        555
      ],
      [
        -1.8814944382756948,
        53.37336896918714,
        556
      ],
      [
        -1.8815288040786982,
        53.373431246727705,
        557
      ],
      [
        -1.8815687857568264,
        53.37347449734807,
        558.2
      ],
      [
        -1.8815805204212666,
        53.37348388507962,
        558.4000000000001
      ],
      [
        -1.88160952180624,
        53.37351959198713,
        559.4000000000001
      ],
      [
        -1.8816132098436356,
        53.373550437390804,
        560
      ],
      [
        -1.8816184904426336,
        53.37356669828296,
        560.5999999999999
      ],
      [
        -1.881642546504736,
        53.373597376048565,
        561.4000000000001
      ],
      [
        -1.8816624116152525,
        53.373614475131035,
        561.5999999999999
      ],
      [
        -1.8816640879958868,
        53.37362294085324,
        562.4000000000001
      ],
      [
        -1.8816767446696758,
        53.37364347651601,
        562.5999999999999
      ],
      [
        -1.8817097693681717,
        53.373665772378445,
        562.8
      ],
      [
        -1.8817060813307762,
        53.37367038242519,
        563.8
      ],
      [
        -1.8817213363945484,
        53.37368127889931,
        564.2
      ],
      [
        -1.8817353341728449,
        53.37372570298612,
        564.8
      ],
      [
        -1.8817074224352837,
        53.373748837038875,
        565
      ],
      [
        -1.8817057460546494,
        53.37376023642719,
        565.2
      ],
      [
        -1.8817230127751827,
        53.37378169409931,
        565.4000000000001
      ],
      [
        -1.8817317299544811,
        53.373820167034864,
        565.8
      ],
      [
        -1.8817366752773523,
        53.37382402271032,
        566
      ],
      [
        -1.8817469850182533,
        53.37383173406124,
        566
      ],
      [
        -1.881750589236617,
        53.37383450008929,
        566.2
      ],
      [
        -1.8817619886249304,
        53.37384137324989,
        566.8
      ],
      [
        -1.8817764054983854,
        53.37385235354304,
        567.2
      ],
      [
        -1.8818044010549784,
        53.37387624196708,
        568
      ],
      [
        -1.8818117771297693,
        53.37388940155506,
        568.2
      ],
      [
        -1.8818431254476309,
        53.3739114459604,
        569.4000000000001
      ],
      [
        -1.8818524293601513,
        53.37391865439713,
        569.5999999999999
      ],
      [
        -1.88187874853611,
        53.37393365800381,
        570.4000000000001
      ],
      [
        -1.881888471543789,
        53.373954026028514,
        571.4000000000001
      ],
      [
        -1.8818929977715015,
        53.37396064773202,
        571.5999999999999
      ],
      [
        -1.8819136172533035,
        53.373986799269915,
        572.5999999999999
      ],
      [
        -1.8819157127290964,
        53.373994678258896,
        573
      ],
      [
        -1.8819318898022175,
        53.37400272488594,
        573.5999999999999
      ],
      [
        -1.881931470707059,
        53.37401839904487,
        574
      ],
      [
        -1.8819463066756725,
        53.37403692305088,
        574.8
      ],
      [
        -1.8819512519985437,
        53.37404605932534,
        575
      ],
      [
        -1.881954101845622,
        53.37406391277909,
        575.8
      ],
      [
        -1.8819500785320997,
        53.37408143095672,
        576.5999999999999
      ],
      [
        -1.8819380085915327,
        53.37409911677241,
        577
      ],
      [
        -1.8819164671003819,
        53.37412744760513,
        577.2
      ],
      [
        -1.8818958476185799,
        53.374194921925664,
        578
      ],
      [
        -1.8818821851164103,
        53.374267173931,
        578.5999999999999
      ],
      [
        -1.8818774074316025,
        53.374323919415474,
        578.5999999999999
      ],
      [
        -1.8818682711571455,
        53.3743882086128,
        579
      ],
      [
        -1.8818741384893656,
        53.37440782226622,
        579.2
      ],
      [
        -1.8818736355751753,
        53.37441645562649,
        579.5999999999999
      ],
      [
        -1.8818706180900335,
        53.37440053001046,
        579.5999999999999
      ],
      [
        -1.8818709533661604,
        53.37440027855337,
        579.5999999999999
      ],
      [
        -1.8818705342710018,
        53.37439944036305,
        580
      ],
      [
        -1.8818709533661604,
        53.37439935654402,
        580
      ],
      [
        -1.8818643316626549,
        53.37439902126789,
        579.8
      ],
      [
        -1.881866343319416,
        53.37440078146756,
        579.5999999999999
      ],
      [
        -1.8818697798997164,
        53.37440966628492,
        579.5999999999999
      ],
      [
        -1.8818531837314367,
        53.374481331557035,
        579.4000000000001
      ],
      [
        -1.8818582966923714,
        53.3745539188385,
        578.8
      ],
      [
        -1.8818750604987144,
        53.37463153526187,
        579.2
      ],
      [
        -1.8819027207791805,
        53.3747473731637,
        579.5999999999999
      ],
      [
        -1.8818871304392815,
        53.374867318198085,
        578.5999999999999
      ],
      [
        -1.8818389344960451,
        53.37494728155434,
        578
      ],
      [
        -1.881827199831605,
        53.3749839104712,
        577.5999999999999
      ],
      [
        -1.881820410490036,
        53.3750219643116,
        577
      ],
      [
        -1.8817879725247622,
        53.37508558295667,
        576.4000000000001
      ],
      [
        -1.8817696161568165,
        53.375136042013764,
        575.8
      ],
      [
        -1.8817526008933783,
        53.37519647553563,
        575.2
      ],
      [
        -1.881744135171175,
        53.37523318827152,
        574.8
      ],
      [
        -1.8817172292619944,
        53.37527643889189,
        574
      ],
      [
        -1.8817165587097406,
        53.375302171334624,
        573.5999999999999
      ],
      [
        -1.8817115295678377,
        53.37533812969923,
        573.2
      ],
      [
        -1.8817213363945484,
        53.37539881467819,
        572.8
      ],
      [
        -1.8817315623164177,
        53.375410716980696,
        572.8
      ],
      [
        -1.8818058259785175,
        53.375452207401395,
        573
      ],
      [
        -1.8818753957748413,
        53.375525046139956,
        574
      ],
      [
        -1.8819740507751703,
        53.37556175887585,
        574.2
      ],
      [
        -1.8819945864379406,
        53.37555706501007,
        574.5999999999999
      ],
      [
        -1.8820448778569698,
        53.37558581493795,
        574.5999999999999
      ],
      [
        -1.8820611387491226,
        53.375617330893874,
        574.5999999999999
      ],
      [
        -1.8820668384432793,
        53.3756591565907,
        575.4000000000001
      ],
      [
        -1.8820771481841803,
        53.375672064721584,
        575.8
      ],
      [
        -1.8820776510983706,
        53.37569871917367,
        576.5999999999999
      ],
      [
        -1.8820724543184042,
        53.37571531534195,
        577.2
      ],
      [
        -1.8820779863744974,
        53.37572453543544,
        577.4000000000001
      ],
      [
        -1.8820798303931952,
        53.37575295008719,
        578
      ],
      [
        -1.8820765614509583,
        53.37576426565647,
        578.2
      ],
      [
        -1.8820941634476185,
        53.37580366060138,
        579.2
      ],
      [
        -1.8821054790169,
        53.375844145193696,
        579.8
      ],
      [
        -1.8821125198155642,
        53.37585856206715,
        580
      ],
      [
        -1.8821063172072172,
        53.37587951682508,
        580.5999999999999
      ],
      [
        -1.8820901401340961,
        53.37593995034695,
        581.2
      ],
      [
        -1.8820700235664845,
        53.375967191532254,
        581.5999999999999
      ],
      [
        -1.882020402699709,
        53.3760080114007,
        581.8
      ],
      [
        -1.8819135334342718,
        53.376111863180995,
        582
      ],
      [
        -1.8818659242242575,
        53.376209093257785,
        582.2
      ],
      [
        -1.8818349111825228,
        53.37626810185611,
        582.8
      ],
      [
        -1.881833989173174,
        53.376296013593674,
        583.2
      ],
      [
        -1.8818313907831907,
        53.37633146904409,
        583.8
      ],
      [
        -1.8818231765180826,
        53.37638444267213,
        584.5999999999999
      ],
      [
        -1.8818188179284334,
        53.376414366066456,
        585
      ],
      [
        -1.8818391859531403,
        53.37648921646178,
        585.5999999999999
      ],
      [
        -1.881847232580185,
        53.37654537521303,
        586
      ],
      [
        -1.8818358331918716,
        53.376586362719536,
        586.2
      ],
      [
        -1.8817852903157473,
        53.37664872407913,
        586.2
      ],
      [
        -1.8817848712205887,
        53.37667948566377,
        586.5999999999999
      ],
      [
        -1.8817971926182508,
        53.37669759057462,
        586.5999999999999
      ],
      [
        -1.8818122800439596,
        53.37671695277095,
        587.2
      ],
      [
        -1.8818432930856943,
        53.37675861082971,
        587.8
      ],
      [
        -1.8818505015224218,
        53.37677721865475,
        588.2
      ],
      [
        -1.8818643316626549,
        53.3768177870661,
        589
      ],
      [
        -1.8818586319684982,
        53.376843854784966,
        589.2
      ],
      [
        -1.881869612261653,
        53.376887859776616,
        589.8
      ],
      [
        -1.881886962801218,
        53.37690747343004,
        590.4000000000001
      ],
      [
        -1.881913784891367,
        53.37693605571985,
        591.4000000000001
      ],
      [
        -1.8819174729287624,
        53.37694234214723,
        591.5999999999999
      ],
      [
        -1.8819475639611483,
        53.37698517367244,
        592.4000000000001
      ],
      [
        -1.8819518387317657,
        53.37698567658663,
        592.5999999999999
      ],
      [
        -1.8819977715611458,
        53.3769959025085,
        593.4000000000001
      ],
      [
        -1.882008919492364,
        53.377006547525525,
        593.5999999999999
      ],
      [
        -1.8820051476359367,
        53.377016270533204,
        593.5999999999999
      ],
      [
        -1.8819890543818474,
        53.37704552337527,
        594
      ],
      [
        -1.882005985826254,
        53.377078883349895,
        594.8
      ],
      [
        -1.8820139486342669,
        53.37708902545273,
        595
      ],
      [
        -1.88201361335814,
        53.37710947729647,
        595.8
      ],
      [
        -1.8820187263190746,
        53.37712640874088,
        596
      ],
      [
        -1.8820414412766695,
        53.37713764049113,
        597
      ],
      [
        -1.8820541817694902,
        53.3771513029933,
        597.4000000000001
      ],
      [
        -1.8820591270923615,
        53.377160439267755,
        597.8
      ],
      [
        -1.8820652458816767,
        53.37716404348612,
        598.2
      ],
      [
        -1.8820895534008741,
        53.37717200629413,
        598.8
      ],
      [
        -1.8821049761027098,
        53.377176113426685,
        599.2
      ],
      [
        -1.8821071553975344,
        53.37717770598829,
        600
      ],
      [
        -1.882129032164812,
        53.377201929688454,
        600
      ],
      [
        -1.8821332231163979,
        53.37720955722034,
        600.2
      ],
      [
        -1.8821562733501196,
        53.377237133681774,
        601.2
      ],
      [
        -1.8821604643017054,
        53.37724325247109,
        601.5999999999999
      ],
      [
        -1.882170857861638,
        53.37727862410247,
        602.4000000000001
      ],
      [
        -1.882184101268649,
        53.37731298990548,
        603
      ],
      [
        -1.8821856938302517,
        53.377339728176594,
        603.5999999999999
      ],
      [
        -1.882181754335761,
        53.377358336001635,
        604
      ],
      [
        -1.8821747973561287,
        53.37738390080631,
        604.5999999999999
      ],
      [
        -1.8821738753467798,
        53.37739680893719,
        605
      ],
      [
        -1.8821670860052109,
        53.377405693754554,
        605
      ],
      [
        -1.8821762222796679,
        53.37741952389479,
        606
      ],
      [
        -1.882174713537097,
        53.37743871845305,
        606.5999999999999
      ],
      [
        -1.8821745458990335,
        53.37745347060263,
        607
      ],
      [
        -1.882184688001871,
        53.37748062796891,
        607.8
      ],
      [
        -1.8821866996586323,
        53.377495631575584,
        608.2
      ],
      [
        -1.882182341068983,
        53.377535697072744,
        609.2
      ],
      [
        -1.8821836821734905,
        53.3775448333472,
        609.4000000000001
      ],
      [
        -1.882200026884675,
        53.377596382051706,
        610.5999999999999
      ],
      [
        -1.8821773957461119,
        53.37763795629144,
        611.4000000000001
      ],
      [
        -1.8821860291063786,
        53.3776484336704,
        611.5999999999999
      ],
      [
        -1.8821843527257442,
        53.377685230225325,
        612.4000000000001
      ],
      [
        -1.8821784853935242,
        53.377696964889765,
        612.5999999999999
      ],
      [
        -1.8821478076279163,
        53.37774666957557,
        613.2
      ],
      [
        -1.882179407402873,
        53.37777508422732,
        613.8
      ],
      [
        -1.8822151143103838,
        53.377790255472064,
        614.8
      ],
      [
        -1.8822333868592978,
        53.3777969609946,
        614.8
      ],
      [
        -1.8822609633207321,
        53.37782638147473,
        615.4000000000001
      ],
      [
        -1.8822703510522842,
        53.37784322910011,
        615
      ],
      [
        -1.882187370210886,
        53.37784926407039,
        614.2
      ],
      [
        -1.882174713537097,
        53.377858232706785,
        613.8
      ],
      [
        -1.882174713537097,
        53.377858232706785,
        613.5999999999999
      ],
      [
        -1.882174713537097,
        53.377858232706785,
        613
      ],
      [
        -1.882174713537097,
        53.377858232706785,
        612.8
      ],
      [
        -1.882174713537097,
        53.377858232706785,
        612.8
      ],
      [
        -1.882174713537097,
        53.377858232706785,
        613
      ],
      [
        -1.882174713537097,
        53.377858232706785,
        613
      ],
      [
        -1.882174713537097,
        53.377858232706785,
        613
      ],
      [
        -1.8821745458990335,
        53.37785345502198,
        612.8
      ],
      [
        -1.882174713537097,
        53.377858232706785,
        612.8
      ],
      [
        -1.882174713537097,
        53.377858232706785,
        612.5999999999999
      ],
      [
        -1.882174713537097,
        53.377858232706785,
        612.5999999999999
      ],
      [
        -1.8821784853935242,
        53.377856304869056,
        612.5999999999999
      ],
      [
        -1.8821804132312536,
        53.37785705924034,
        612.4000000000001
      ],
      [
        -1.8821778148412704,
        53.377858651801944,
        612.4000000000001
      ],
      [
        -1.882174713537097,
        53.377858232706785,
        612.4000000000001
      ],
      [
        -1.882174713537097,
        53.377858232706785,
        612.5999999999999
      ],
      [
        -1.882174713537097,
        53.377858232706785,
        612.2
      ],
      [
        -1.882181502878666,
        53.37787030264735,
        612.2
      ],
      [
        -1.882174713537097,
        53.377858232706785,
        612.2
      ],
      [
        -1.882174713537097,
        53.377858232706785,
        612.2
      ],
      [
        -1.882174713537097,
        53.377858232706785,
        612.2
      ],
      [
        -1.882174713537097,
        53.377858232706785,
        612.2
      ],
      [
        -1.882174713537097,
        53.377858232706785,
        612.5999999999999
      ],
      [
        -1.882174713537097,
        53.377858232706785,
        612.5999999999999
      ],
      [
        -1.882174713537097,
        53.377858232706785,
        612.5999999999999
      ],
      [
        -1.882172031328082,
        53.37786292657256,
        612.4000000000001
      ],
      [
        -1.8821718636900187,
        53.37786242365837,
        612.4000000000001
      ],
      [
        -1.882171779870987,
        53.377862675115466,
        612.4000000000001
      ],
      [
        -1.882175300270319,
        53.37786099873483,
        612.4000000000001
      ],
      [
        -1.882179155945778,
        53.37785781361163,
        612.4000000000001
      ],
      [
        -1.8821804132312536,
        53.377857729792595,
        612.2
      ],
      [
        -1.8821816705167294,
        53.377855299040675,
        612
      ],
      [
        -1.8821733724325895,
        53.37785496376455,
        611.8
      ],
      [
        -1.8821786530315876,
        53.37785487994552,
        612
      ],
      [
        -1.8821795750409365,
        53.37786175310612,
        611.8
      ],
      [
        -1.882180580869317,
        53.37786384858191,
        611.8
      ],
      [
        -1.8821777310222387,
        53.37785856798291,
        611.8
      ],
      [
        -1.8821728695183992,
        53.377848928794265,
        611.8
      ],
      [
        -1.8821771442890167,
        53.377858651801944,
        611.8
      ],
      [
        -1.882174713537097,
        53.377858232706785,
        611.5999999999999
      ],
      [
        -1.882174713537097,
        53.377858232706785,
        611.5999999999999
      ],
      [
        -1.8821789883077145,
        53.37786125019193,
        611.5999999999999
      ],
      [
        -1.882174713537097,
        53.377858232706785,
        611.8
      ],
      [
        -1.882174713537097,
        53.377858232706785,
        611.8
      ],
      [
        -1.8821728695183992,
        53.377864016219974,
        612.4000000000001
      ],
      [
        -1.8821899686008692,
        53.37786736898124,
        612.4000000000001
      ],
      [
        -1.882252162322402,
        53.37791330181062,
        612.8
      ],
      [
        -1.8822835944592953,
        53.37793232873082,
        612.8
      ],
      [
        -1.882375879213214,
        53.37801857851446,
        613
      ],
      [
        -1.882381746545434,
        53.378081107512116,
        613.2
      ],
      [
        -1.8823939841240644,
        53.37808948941529,
        613.2
      ],
      [
        -1.8823964148759842,
        53.37810130789876,
        613.2
      ],
      [
        -1.8824176210910082,
        53.37812687270343,
        613.8
      ],
      [
        -1.8824331276118755,
        53.378132404759526,
        614
      ],
      [
        -1.8824746180325747,
        53.37817548774183,
        614.5999999999999
      ],
      [
        -1.882471600547433,
        53.37819962762296,
        615
      ],
      [
        -1.8824600335210562,
        53.378225192427635,
        615.4000000000001
      ],
      [
        -1.8824561778455973,
        53.378282859921455,
        616.2
      ],
      [
        -1.8824479635804892,
        53.37830347940326,
        616.2
      ],
      [
        -1.8824145197868347,
        53.378354609012604,
        616.8
      ],
      [
        -1.8823869433254004,
        53.37837640196085,
        617.2
      ],
      [
        -1.8823562655597925,
        53.37843205779791,
        617.5999999999999
      ],
      [
        -1.8823617976158857,
        53.37844320572913,
        617.5999999999999
      ],
      [
        -1.882436228916049,
        53.37853138335049,
        618.2
      ],
      [
        -1.8824296910315752,
        53.37860506027937,
        618.5999999999999
      ],
      [
        -1.8823763821274042,
        53.37865484878421,
        619
      ],
      [
        -1.8823883682489395,
        53.37867454625666,
        619
      ],
      [
        -1.8824136815965176,
        53.37870656512678,
        619.4000000000001
      ],
      [
        -1.882436228916049,
        53.37876046076417,
        620
      ],
      [
        -1.8824931420385838,
        53.378814440220594,
        620.4000000000001
      ],
      [
        -1.882515186443925,
        53.37882944382727,
        620.4000000000001
      ],
      [
        -1.8825240712612867,
        53.3788728620857,
        621.2
      ],
      [
        -1.8825427629053593,
        53.378911754116416,
        621.4000000000001
      ],
      [
        -1.8825348000973463,
        53.37892424315214,
        621.5999999999999
      ],
      [
        -1.8825409188866615,
        53.378934720531106,
        621.5999999999999
      ],
      [
        -1.882546953856945,
        53.378983084112406,
        622.4000000000001
      ],
      [
        -1.8825499713420868,
        53.37899465113878,
        622.5999999999999
      ],
      [
        -1.882619122043252,
        53.3790351357311,
        623.2
      ],
      [
        -1.8826327007263899,
        53.379047121852636,
        623.8
      ],
      [
        -1.8826510570943356,
        53.37906698696315,
        624.4000000000001
      ],
      [
        -1.882671257480979,
        53.37907964363694,
        624.8
      ],
      [
        -1.8826943077147007,
        53.3790922164917,
        625.2
      ],
      [
        -1.8827054556459188,
        53.37911241687834,
        625.8
      ],
      [
        -1.8827329482883215,
        53.3791284263134,
        626.4000000000001
      ],
      [
        -1.8827694095671177,
        53.37915826588869,
        626.8
      ],
      [
        -1.8827698286622763,
        53.37916740216315,
        627
      ],
      [
        -1.8827733490616083,
        53.3791818190366,
        627.4000000000001
      ],
      [
        -1.882811151444912,
        53.37921543046832,
        627.5999999999999
      ],
      [
        -1.8828564137220383,
        53.37924485094845,
        627.8
      ],
      [
        -1.8828564137220383,
        53.37924485094845,
        628.2
      ],
      [
        -1.8828564137220383,
        53.37924485094845,
        628.2
      ],
      [
        -1.8828564137220383,
        53.37924485094845,
        628.2
      ],
      [
        -1.8828564137220383,
        53.37924485094845,
        628.2
      ],
      [
        -1.8828564137220383,
        53.37924485094845,
        628.2
      ],
      [
        -1.8828564137220383,
        53.37924485094845,
        628.2
      ],
      [
        -1.8828564137220383,
        53.37924485094845,
        628.2
      ],
      [
        -1.8828564137220383,
        53.37924485094845,
        628.2
      ],
      [
        -1.8828564137220383,
        53.37924485094845,
        628.2
      ],
      [
        -1.8828586768358946,
        53.37925004772842,
        628.2
      ],
      [
        -1.8828590959310532,
        53.37924954481423,
        628.2
      ],
      [
        -1.8828583415597677,
        53.37924996390939,
        628.2
      ],
      [
        -1.8828577548265457,
        53.37924954481423,
        628.2
      ],
      [
        -1.8828578386455774,
        53.37924996390939,
        628
      ],
      [
        -1.8828906118869781,
        53.37928474880755,
        628
      ],
      [
        -1.8829829804599285,
        53.37935959920287,
        629
      ],
      [
        -1.8829585053026676,
        53.37942975573242,
        629.4000000000001
      ],
      [
        -1.8829158414155245,
        53.37948650121689,
        630
      ],
      [
        -1.8829108960926533,
        53.379495134577155,
        630
      ],
      [
        -1.8828469421714544,
        53.379565961658955,
        630.4000000000001
      ],
      [
        -1.8828046135604382,
        53.37960099801421,
        630.8
      ],
      [
        -1.882807882502675,
        53.37960342876613,
        631
      ],
      [
        -1.8828150071203709,
        53.37962379679084,
        631.2
      ],
      [
        -1.8828278314322233,
        53.37964961305261,
        631
      ],
      [
        -1.8828177731484175,
        53.37967509403825,
        631
      ],
      [
        -1.8828050326555967,
        53.3796913549304,
        631
      ],
      [
        -1.8827597703784704,
        53.379793614149094,
        631.8
      ],
      [
        -1.8827382288873196,
        53.379826974123716,
        632.2
      ],
      [
        -1.8827279191464186,
        53.37984759360552,
        632.4000000000001
      ],
      [
        -1.8827260751277208,
        53.37985505349934,
        632.4000000000001
      ],
      [
        -1.8827122449874878,
        53.37987173348665,
        632.4000000000001
      ],
      [
        -1.8826819863170385,
        53.379913391545415,
        632.4000000000001
      ],
      [
        -1.882679807022214,
        53.37996678426862,
        632.4000000000001
      ],
      [
        -1.8826807290315628,
        53.37997089140117,
        632.4000000000001
      ],
      [
        -1.8826807290315628,
        53.37997038848698,
        632.4000000000001
      ],
      [
        -1.8826875183731318,
        53.38001028634608,
        632.4000000000001
      ],
      [
        -1.8826869316399097,
        53.38002470321953,
        632.4000000000001
      ],
      [
        -1.882667737081647,
        53.38011933490634,
        632.4000000000001
      ],
      [
        -1.8826218042522669,
        53.3801937662065,
        632.4000000000001
      ],
      [
        -1.8825423438102007,
        53.38030516169965,
        632.8
      ],
      [
        -1.8825190421193838,
        53.38039945811033,
        632.5999999999999
      ],
      [
        -1.8825082294642925,
        53.38042720220983,
        632.5999999999999
      ],
      [
        -1.882472187280655,
        53.380481684580445,
        632.5999999999999
      ],
      [
        -1.8824230693280697,
        53.380589224398136,
        632.4000000000001
      ],
      [
        -1.8824116699397564,
        53.380659967660904,
        632.4000000000001
      ],
      [
        -1.882344949990511,
        53.380751414224505,
        631.8
      ],
      [
        -1.88227160833776,
        53.38081603869796,
        631.8
      ],
      [
        -1.8822608795017004,
        53.38088753633201,
        632
      ],
      [
        -1.8822162877768278,
        53.38097353465855,
        631.5999999999999
      ],
      [
        -1.8821437004953623,
        53.38106255047023,
        631.4000000000001
      ],
      [
        -1.8821388389915228,
        53.38109431788325,
        631.4000000000001
      ],
      [
        -1.8821280263364315,
        53.38114150799811,
        631.2
      ],
      [
        -1.88212257809937,
        53.38117679581046,
        631.2
      ],
      [
        -1.8821214884519577,
        53.381210239604115,
        631.2
      ],
      [
        -1.882126433774829,
        53.38126706890762,
        631.2
      ],
      [
        -1.8821244221180677,
        53.381294813007116,
        631
      ],
      [
        -1.8821215722709894,
        53.381362706422806,
        630.8
      ],
      [
        -1.8821141123771667,
        53.381394892930984,
        630.8
      ],
      [
        -1.882106065750122,
        53.38142582215369,
        630.8
      ],
      [
        -1.8821327202022076,
        53.38147535920143,
        630.4000000000001
      ],
      [
        -1.882158787921071,
        53.38151425123215,
        630.2
      ],
      [
        -1.8821592908352613,
        53.38152908720076,
        630.2
      ],
      [
        -1.8821783177554607,
        53.38156747631729,
        629.8
      ],
      [
        -1.8822049722075462,
        53.381607038900256,
        629.8
      ],
      [
        -1.8822308722883463,
        53.38162472471595,
        629.8
      ],
      [
        -1.882233303040266,
        53.381635285913944,
        629.5999999999999
      ],
      [
        -1.8822608795017004,
        53.381669986993074,
        629.4000000000001
      ],
      [
        -1.882271273061633,
        53.38169680908322,
        629
      ],
      [
        -1.8823088239878416,
        53.38175724260509,
        629
      ],
      [
        -1.8822979275137186,
        53.3818206936121,
        628.5999999999999
      ],
      [
        -1.882331958040595,
        53.38188129477203,
        628.2
      ],
      [
        -1.882388535887003,
        53.38196938857436,
        628.2
      ],
      [
        -1.8824273440986872,
        53.382065277546644,
        628.2
      ],
      [
        -1.8824837543070316,
        53.38213794864714,
        628
      ],
      [
        -1.8824985064566135,
        53.3821711409837,
        628.4000000000001
      ],
      [
        -1.8825349677354097,
        53.382255379110575,
        628.8
      ],
      [
        -1.8825547490268946,
        53.38230835273862,
        628.5999999999999
      ],
      [
        -1.8826452735811472,
        53.38237767107785,
        628.5999999999999
      ],
      [
        -1.882692128419876,
        53.38242704048753,
        628.5999999999999
      ],
      [
        -1.8826865963637829,
        53.382495772093534,
        628.2
      ],
      [
        -1.8827232252806425,
        53.38254044763744,
        628.2
      ],
      [
        -1.8827588483691216,
        53.38258537463844,
        627.8
      ],
      [
        -1.8827627040445805,
        53.38259777985513,
        627.4000000000001
      ],
      [
        -1.8827978242188692,
        53.38265519589186,
        627.8
      ],
      [
        -1.8828060384839773,
        53.38274974375963,
        627.4000000000001
      ],
      [
        -1.8828110676258802,
        53.382758712396026,
        627.2
      ],
      [
        -1.8828702438622713,
        53.38277061469853,
        627.2
      ],
      [
        -1.8830045219510794,
        53.38280640542507,
        627.2
      ],
      [
        -1.8830591719597578,
        53.3828117698431,
        626.5999999999999
      ],
      [
        -1.8831072002649307,
        53.3828083332628,
        626.4000000000001
      ],
      [
        -1.8831291608512402,
        53.38281428441405,
        626.2
      ],
      [
        -1.883178362622857,
        53.382826102897525,
        625.2
      ],
      [
        -1.883178362622857,
        53.382826102897525,
        625
      ],
      [
        -1.883178362622857,
        53.382826102897525,
        625
      ],
      [
        -1.883178362622857,
        53.382826102897525,
        625
      ],
      [
        -1.883178362622857,
        53.382826102897525,
        625
      ],
      [
        -1.8832009937614202,
        53.38283574208617,
        625
      ],
      [
        -1.883208118379116,
        53.38283943012357,
        624.4000000000001
      ],
      [
        -1.883208118379116,
        53.38283943012357,
        624
      ],
      [
        -1.883208118379116,
        53.38283943012357,
        624.2
      ],
      [
        -1.8832306656986475,
        53.38283549062908,
        623.8
      ],
      [
        -1.8832545541226864,
        53.38284286670387,
        623.8
      ],
      [
        -1.883290596306324,
        53.3828447945416,
        623.5999999999999
      ],
      [
        -1.883346838876605,
        53.382832473143935,
        622.8
      ],
      [
        -1.8833482638001442,
        53.38282878510654,
        622.4000000000001
      ],
      [
        -1.883351532742381,
        53.38282878510654,
        622.4000000000001
      ],
      [
        -1.8833722360432148,
        53.38283616118133,
        621.8
      ],
      [
        -1.8833705596625805,
        53.382837418466806,
        621.8
      ],
      [
        -1.883376007899642,
        53.38286248035729,
        620.8
      ],
      [
        -1.8833821266889572,
        53.38287237100303,
        620.5999999999999
      ],
      [
        -1.8833841383457184,
        53.382897432893515,
        619.4000000000001
      ],
      [
        -1.883427556604147,
        53.38291226886213,
        618.5999999999999
      ],
      [
        -1.8834441527724266,
        53.382938504219055,
        618.4000000000001
      ],
      [
        -1.8834641017019749,
        53.382966415956616,
        617.2
      ],
      [
        -1.8834714777767658,
        53.38298133574426,
        616.8
      ],
      [
        -1.883491761982441,
        53.38305937126279,
        616.5999999999999
      ],
      [
        -1.8834815360605717,
        53.38313170708716,
        616.5999999999999
      ],
      [
        -1.8834832962602377,
        53.38314193300903,
        616.5999999999999
      ],
      [
        -1.8835403770208359,
        53.383197505027056,
        616.4000000000001
      ],
      [
        -1.8835780955851078,
        53.38321913033724,
        616
      ],
      [
        -1.8836517725139856,
        53.38325676508248,
        616
      ],
      [
        -1.8837110325694084,
        53.3833075594157,
        616.2
      ],
      [
        -1.8837127089500427,
        53.38332122191787,
        616.2
      ],
      [
        -1.8837262876331806,
        53.383330358192325,
        616.2
      ],
      [
        -1.8837811890989542,
        53.383366568014026,
        616
      ],
      [
        -1.8839192390441895,
        53.38340336456895,
        616
      ],
      [
        -1.8840381782501936,
        53.383443681523204,
        615.2
      ],
      [
        -1.8840880505740643,
        53.38346706703305,
        615.2
      ],
      [
        -1.8840945046395063,
        53.383474024012685,
        615.2
      ],
      [
        -1.8841203209012747,
        53.38348751887679,
        615
      ],
      [
        -1.8841662537306547,
        53.38353680446744,
        614.5999999999999
      ],
      [
        -1.8842496536672115,
        53.383612744510174,
        614.5999999999999
      ],
      [
        -1.884258957579732,
        53.38366135954857,
        614
      ],
      [
        -1.8842600472271442,
        53.38370427489281,
        613.5999999999999
      ],
      [
        -1.8842865340411663,
        53.383710058405995,
        613.4000000000001
      ],
      [
        -1.8843197263777256,
        53.38371810503304,
        613.4000000000001
      ],
      [
        -1.8843256775289774,
        53.383727576583624,
        613.4000000000001
      ],
      [
        -1.8843539245426655,
        53.38378256186843,
        612.4000000000001
      ],
      [
        -1.8843917269259691,
        53.38381399400532,
        612.4000000000001
      ],
      [
        -1.8844178784638643,
        53.38391466066241,
        612.4000000000001
      ],
      [
        -1.8844443652778864,
        53.3839859906584,
        612.2
      ],
      [
        -1.884468337520957,
        53.384055560454726,
        611.4000000000001
      ],
      [
        -1.8844734504818916,
        53.384087746962905,
        611.5999999999999
      ],
      [
        -1.8844976741820574,
        53.38411767035723,
        611.5999999999999
      ],
      [
        -1.8844852689653635,
        53.38412110693753,
        611.5999999999999
      ],
      [
        -1.8844820838421583,
        53.384128818288445,
        611.4000000000001
      ],
      [
        -1.8844788148999214,
        53.384136194363236,
        610.8
      ],
      [
        -1.8844695948064327,
        53.38413837365806,
        610.4000000000001
      ],
      [
        -1.884468337520957,
        53.38414273224771,
        610.4000000000001
      ],
      [
        -1.8844560999423265,
        53.384158657863736,
        610.2
      ],
      [
        -1.8844654876738787,
        53.38419495150447,
        609.2
      ],
      [
        -1.8844355642795563,
        53.38421003893018,
        608.5999999999999
      ],
      [
        -1.8844027910381556,
        53.38424398563802,
        608.2
      ],
      [
        -1.884377310052514,
        53.38428639806807,
        607.8
      ],
      [
        -1.8843217380344868,
        53.384370217099786,
        607.2
      ],
      [
        -1.884305477142334,
        53.384415563195944,
        607.4000000000001
      ],
      [
        -1.8842924013733864,
        53.38442696258426,
        607.5999999999999
      ],
      [
        -1.8841979373246431,
        53.384494269266725,
        607.4000000000001
      ],
      [
        -1.8841596320271492,
        53.384559312835336,
        607.5999999999999
      ],
      [
        -1.8840471468865871,
        53.38463089428842,
        607.8
      ],
      [
        -1.883912868797779,
        53.38465201668441,
        608.5999999999999
      ],
      [
        -1.8838500883430243,
        53.384694680571556,
        609
      ],
      [
        -1.8838190753012896,
        53.38473114185035,
        609.2
      ],
      [
        -1.8837593961507082,
        53.38477447628975,
        609.4000000000001
      ],
      [
        -1.8837124574929476,
        53.384838346391916,
        609
      ],
      [
        -1.8836770858615637,
        53.384901797398925,
        609.2
      ],
      [
        -1.8836379423737526,
        53.384960889816284,
        609.4000000000001
      ],
      [
        -1.8835642654448748,
        53.385088043287396,
        609.5999999999999
      ],
      [
        -1.8835298996418715,
        53.3851897995919,
        609
      ],
      [
        -1.8834429793059826,
        53.38526305742562,
        608.5999999999999
      ],
      [
        -1.883419007062912,
        53.385298596695065,
        609.2
      ],
      [
        -1.8833982199430466,
        53.38535106740892,
        609.8
      ],
      [
        -1.883372738957405,
        53.38540328666568,
        610
      ],
      [
        -1.8833871558308601,
        53.38541753590107,
        610
      ],
      [
        -1.8833881616592407,
        53.38545575737953,
        610
      ],
      [
        -1.8833799473941326,
        53.38553907349706,
        610
      ],
      [
        -1.8833772651851177,
        53.38558031246066,
        609.5999999999999
      ],
      [
        -1.8833786901086569,
        53.38560135103762,
        609.4000000000001
      ],
      [
        -1.8833796959370375,
        53.38563253171742,
        609.2
      ],
      [
        -1.8833677098155022,
        53.385664131492376,
        608.8
      ],
      [
        -1.883361004292965,
        53.385742753744125,
        608.4000000000001
      ],
      [
        -1.883370978757739,
        53.3857648819685,
        608.2
      ],
      [
        -1.883370392024517,
        53.38580762967467,
        607.4000000000001
      ],
      [
        -1.8833776004612446,
        53.38583528995514,
        606.8
      ],
      [
        -1.883405763655901,
        53.385881055146456,
        606.5999999999999
      ],
      [
        -1.8834026623517275,
        53.38589580729604,
        606.8
      ],
      [
        -1.8833706434816122,
        53.38594718836248,
        606.8
      ],
      [
        -1.8833445757627487,
        53.386001670733094,
        607.2
      ],
      [
        -1.883345078676939,
        53.38605439290404,
        607.5999999999999
      ],
      [
        -1.8833340145647526,
        53.386081382632256,
        607.5999999999999
      ],
      [
        -1.8833221960812807,
        53.386110132560134,
        607.8
      ],
      [
        -1.8832648638635874,
        53.386160088703036,
        608.5999999999999
      ],
      [
        -1.8832159135490656,
        53.38619738817215,
        609
      ],
      [
        -1.8831870798021555,
        53.386215493083,
        609.2
      ],
      [
        -1.883081216365099,
        53.38626234792173,
        610
      ],
      [
        -1.8830795399844646,
        53.386273831129074,
        610
      ],
      [
        -1.8830849044024944,
        53.38633166626096,
        610.2
      ],
      [
        -1.883061183616519,
        53.38641665875912,
        610.2
      ],
      [
        -1.8830484431236982,
        53.386419005692005,
        610.2
      ],
      [
        -1.8830425757914782,
        53.386438032612205,
        610.2
      ],
      [
        -1.8830403964966536,
        53.386444905772805,
        610.4000000000001
      ],
      [
        -1.8829770293086767,
        53.386486480012536,
        611
      ],
      [
        -1.8829631991684437,
        53.386493688449264,
        611.2
      ],
      [
        -1.8828989937901497,
        53.38654330931604,
        612.2
      ],
      [
        -1.8828994128853083,
        53.38661262765527,
        612.8
      ],
      [
        -1.882913913577795,
        53.386682365089655,
        612.8
      ],
      [
        -1.8829044420272112,
        53.38669594377279,
        612.5999999999999
      ],
      [
        -1.8828789610415697,
        53.386735171079636,
        612.5999999999999
      ],
      [
        -1.882828250527382,
        53.3867749851197,
        612.8
      ],
      [
        -1.882833195850253,
        53.38677892461419,
        612.8
      ],
      [
        -1.8828342016786337,
        53.38679954409599,
        613.2
      ],
      [
        -1.8828213773667812,
        53.38682577945292,
        613.8
      ],
      [
        -1.882825568318367,
        53.386849500238895,
        614.2
      ],
      [
        -1.8828439246863127,
        53.386876825243235,
        614.8
      ],
      [
        -1.8828400690108538,
        53.386875400319695,
        615
      ],
      [
        -1.8828502111136913,
        53.38687749579549,
        615.4000000000001
      ],
      [
        -1.8828482832759619,
        53.386876909062266,
        615.5999999999999
      ],
      [
        -1.8828585091978312,
        53.38690096512437,
        615.5999999999999
      ],
      [
        -1.8828555755317211,
        53.38697732426226,
        614.5999999999999
      ],
      [
        -1.8828689027577639,
        53.38701060041785,
        614.2
      ],
      [
        -1.8828823138028383,
        53.38704806752503,
        614
      ],
      [
        -1.8828549049794674,
        53.387127444148064,
        613.8
      ],
      [
        -1.8828890193253756,
        53.38717530481517,
        613.5999999999999
      ],
      [
        -1.88289656303823,
        53.38718494400382,
        613.5999999999999
      ],
      [
        -1.8828951381146908,
        53.3871965110302,
        613.5999999999999
      ],
      [
        -1.8828920368105173,
        53.387201791629195,
        612.8
      ],
      [
        -1.8828901089727879,
        53.38720782659948,
        612.2
      ],
      [
        -1.8828826490789652,
        53.38723129592836,
        612
      ],
      [
        -1.8828811403363943,
        53.38724361732602,
        611.8
      ],
      [
        -1.8828824814409018,
        53.38726163841784,
        611.2
      ],
      [
        -1.8828783743083477,
        53.38731067255139,
        610.5999999999999
      ],
      [
        -1.8828831519931555,
        53.38732450269163,
        610.2
      ],
      [
        -1.8828772846609354,
        53.38733749464154,
        610
      ],
      [
        -1.8828343693166971,
        53.387374794110656,
        609.5999999999999
      ],
      [
        -1.882843840867281,
        53.38743983767927,
        609.2
      ],
      [
        -1.8828316032886505,
        53.38745039887726,
        608.8
      ],
      [
        -1.88279933296144,
        53.38749725371599,
        608.4000000000001
      ],
      [
        -1.8827886041253805,
        53.38750848546624,
        608.4000000000001
      ],
      [
        -1.8827170226722956,
        53.38761652819812,
        608
      ],
      [
        -1.8826529011130333,
        53.38766950182617,
        607.5999999999999
      ],
      [
        -1.8826196249574423,
        53.38768634945154,
        607.2
      ],
      [
        -1.8825838342308998,
        53.3877145126462,
        606.5999999999999
      ],
      [
        -1.8825603649020195,
        53.38773035444319,
        606.5999999999999
      ],
      [
        -1.882452992722392,
        53.38778751902282,
        606.2
      ],
      [
        -1.8823342211544514,
        53.38782791979611,
        606.2
      ],
      [
        -1.8823067285120487,
        53.38785180822015,
        606.2
      ],
      [
        -1.8822826724499464,
        53.3878527302295,
        606.4000000000001
      ],
      [
        -1.8822358176112175,
        53.387862872332335,
        607
      ],
      [
        -1.8821928184479475,
        53.3879182767123,
        606.2
      ],
      [
        -1.8821863643825054,
        53.38792942464352,
        605.8
      ],
      [
        -1.8821881245821714,
        53.38798231445253,
        605.2
      ],
      [
        -1.8821596261113882,
        53.38799865916371,
        604.5999999999999
      ],
      [
        -1.8821433652192354,
        53.38801274076104,
        604.4000000000001
      ],
      [
        -1.8821262661367655,
        53.38804869912565,
        603.5999999999999
      ],
      [
        -1.8821070715785027,
        53.38806889951229,
        603.4000000000001
      ],
      [
        -1.8820775672793388,
        53.38811784982681,
        602.5999999999999
      ],
      [
        -1.8820781540125608,
        53.388129752129316,
        602.4000000000001
      ],
      [
        -1.8820582889020443,
        53.388170739635825,
        602.2
      ],
      [
        -1.8819771520793438,
        53.388195130974054,
        601.4000000000001
      ],
      [
        -1.8819683510810137,
        53.38819479569793,
        601.4000000000001
      ],
      [
        -1.8819630704820156,
        53.38820259086788,
        601.4000000000001
      ],
      [
        -1.8819795828312635,
        53.388213738799095,
        602.2
      ],
      [
        -1.8819289561361074,
        53.3882565703243,
        602.2
      ],
      [
        -1.881876988336444,
        53.38830283842981,
        602.5999999999999
      ],
      [
        -1.881824266165495,
        53.38833318091929,
        603.2
      ],
      [
        -1.8817234318703413,
        53.38837383314967,
        603.4000000000001
      ],
      [
        -1.8817112781107426,
        53.38839151896536,
        603.5999999999999
      ],
      [
        -1.8816928379237652,
        53.388396464288235,
        603.8
      ],
      [
        -1.8816263694316149,
        53.388415072113276,
        603.2
      ],
      [
        -1.8816075939685106,
        53.38842110708356,
        602.5999999999999
      ],
      [
        -1.88152058981359,
        53.388434099033475,
        602.2
      ],
      [
        -1.8815199192613363,
        53.38844105601311,
        602.5999999999999
      ],
      [
        -1.8815251160413027,
        53.3884518686682,
        602.5999999999999
      ],
      [
        -1.8815251160413027,
        53.3884518686682,
        601.5999999999999
      ],
      [
        -1.8815251160413027,
        53.3884518686682,
        601.5999999999999
      ],
      [
        -1.881526205688715,
        53.388452706858516,
        601.5999999999999
      ],
      [
        -1.881527379155159,
        53.38845287449658,
        601.5999999999999
      ],
      [
        -1.8815262895077467,
        53.38845237158239,
        601.4000000000001
      ],
      [
        -1.8815260380506516,
        53.388452203944325,
        601.4000000000001
      ],
      [
        -1.881525618955493,
        53.38845195248723,
        601.4000000000001
      ],
      [
        -1.8815283849835396,
        53.38844365440309,
        602
      ],
      [
        -1.8814376089721918,
        53.38845388032496,
        601.8
      ],
      [
        -1.881308862939477,
        53.38846310041845,
        602
      ],
      [
        -1.8812052626162767,
        53.388465866446495,
        601.4000000000001
      ],
      [
        -1.8811728246510029,
        53.38847726583481,
        601
      ],
      [
        -1.8810904305428267,
        53.38850961998105,
        600.5999999999999
      ],
      [
        -1.8810259737074375,
        53.388521522283554,
        600.5999999999999
      ],
      [
        -1.8809372931718826,
        53.38854817673564,
        600.2
      ],
      [
        -1.8809181824326515,
        53.38856661692262,
        599.8
      ],
      [
        -1.8808616045862436,
        53.388577764853835,
        599.5999999999999
      ],
      [
        -1.8808251433074474,
        53.3885969594121,
        599.4000000000001
      ],
      [
        -1.8807187769562006,
        53.38861020281911,
        599
      ],
      [
        -1.8806184455752373,
        53.38858036324382,
        598.4000000000001
      ],
      [
        -1.880599670112133,
        53.38857206515968,
        598.2
      ],
      [
        -1.8804723490029573,
        53.38852780871093,
        598.5999999999999
      ],
      [
        -1.8804577644914389,
        53.38852629996836,
        598.5999999999999
      ],
      [
        -1.880453322082758,
        53.388530323281884,
        598.8
      ],
      [
        -1.8804256618022919,
        53.38852336630225,
        599
      ],
      [
        -1.8804131727665663,
        53.388521606102586,
        598.8
      ],
      [
        -1.8804012704640627,
        53.38860693387687,
        599.2
      ],
      [
        -1.8803882785141468,
        53.38864800520241,
        599.4000000000001
      ],
      [
        -1.8804130051285028,
        53.38868957944214,
        599.2
      ],
      [
        -1.8804239016026258,
        53.38876468129456,
        599.4000000000001
      ],
      [
        -1.880415016785264,
        53.388770213350654,
        599.5999999999999
      ],
      [
        -1.8804104067385197,
        53.38880315423012,
        600
      ],
      [
        -1.8804351333528757,
        53.388820169493556,
        600
      ],
      [
        -1.880454495549202,
        53.38886643759906,
        598.8
      ],
      [
        -1.8804377317428589,
        53.38890046812594,
        598.8
      ],
      [
        -1.880445359274745,
        53.388951011002064,
        598.8
      ],
      [
        -1.8804490473121405,
        53.388963248580694,
        598.8
      ],
      [
        -1.8804582674056292,
        53.38902711868286,
        598.8
      ],
      [
        -1.8804147653281689,
        53.38904849253595,
        598.8
      ],
      [
        -1.8804208002984524,
        53.38905913755298,
        599
      ],
      [
        -1.8804338760674,
        53.3891234267503,
        599.2
      ],
      [
        -1.880480395630002,
        53.38918779976666,
        598.5999999999999
      ],
      [
        -1.8804944772273302,
        53.38921428658068,
        598.4000000000001
      ],
      [
        -1.8805059604346752,
        53.389260051772,
        598.2
      ],
      [
        -1.8804975785315037,
        53.38930036872625,
        598.2
      ],
      [
        -1.8805057927966118,
        53.389412267133594,
        598.5999999999999
      ],
      [
        -1.880524903535843,
        53.38945208117366,
        599
      ],
      [
        -1.880515180528164,
        53.38947370648384,
        599.4000000000001
      ],
      [
        -1.8805062118917704,
        53.38948736898601,
        599.5999999999999
      ],
      [
        -1.8804955668747425,
        53.38952156715095,
        600.2
      ],
      [
        -1.8805237300693989,
        53.389548137784004,
        600.8
      ],
      [
        -1.8805231433361769,
        53.38958007283509,
        601.4000000000001
      ],
      [
        -1.880510151386261,
        53.389578983187675,
        601.4000000000001
      ],
      [
        -1.880498668178916,
        53.3895896282047,
        601.8
      ],
      [
        -1.8804662302136421,
        53.38963304646313,
        602.2
      ],
      [
        -1.8803960736840963,
        53.38967688381672,
        602.5999999999999
      ],
      [
        -1.8802623823285103,
        53.38974326848984,
        601.8
      ],
      [
        -1.8802099116146564,
        53.38980822823942,
        602.4000000000001
      ],
      [
        -1.8801936507225037,
        53.389833960682154,
        603
      ],
      [
        -1.8801768030971289,
        53.38983194902539,
        603
      ],
      [
        -1.8801628053188324,
        53.38983136229217,
        603
      ],
      [
        -1.8801489751785994,
        53.38983706198633,
        603.2
      ],
      [
        -1.8801234941929579,
        53.3898747805506,
        603.4000000000001
      ],
      [
        -1.880073957145214,
        53.38997452519834,
        602.8
      ],
      [
        -1.8799946643412113,
        53.39003403671086,
        602.4000000000001
      ],
      [
        -1.8799708597362041,
        53.39005993679166,
        601.8
      ],
      [
        -1.8799566105008125,
        53.390085166320205,
        601.5999999999999
      ],
      [
        -1.8799074087291956,
        53.39011701755226,
        601.2
      ],
      [
        -1.8798697739839554,
        53.390147192403674,
        600.8
      ],
      [
        -1.87983188778162,
        53.39019983075559,
        600.8
      ],
      [
        -1.879823673516512,
        53.39020871557295,
        600.8
      ],
      [
        -1.8798278644680977,
        53.390214666724205,
        601
      ],
      [
        -1.879820404574275,
        53.39022078551352,
        601.2
      ],
      [
        -1.8798216618597507,
        53.39021768420935,
        600.8
      ],
      [
        -1.8798312172293663,
        53.390212152153254,
        601.4000000000001
      ],
      [
        -1.879826607182622,
        53.3902217913419,
        601.2
      ],
      [
        -1.879782686010003,
        53.39027149602771,
        601
      ],
      [
        -1.8797595519572496,
        53.390290858224034,
        600.8
      ],
      [
        -1.87973708845675,
        53.39032296091318,
        600.8
      ],
      [
        -1.8796486593782902,
        53.39039705693722,
        600.5999999999999
      ],
      [
        -1.8796383496373892,
        53.39048515073955,
        601
      ],
      [
        -1.879650503396988,
        53.390522534027696,
        600.8
      ],
      [
        -1.8796530179679394,
        53.39053393341601,
        600.8
      ],
      [
        -1.8796547781676054,
        53.39056083932519,
        600.5999999999999
      ],
      [
        -1.879633404314518,
        53.39065530337393,
        600
      ],
      [
        -1.8796055763959885,
        53.39074708521366,
        600.2
      ],
      [
        -1.8795846216380596,
        53.39081531390548,
        600
      ],
      [
        -1.8795554526150227,
        53.390895361080766,
        600
      ],
      [
        -1.8795214220881462,
        53.39094548486173,
        600.5999999999999
      ],
      [
        -1.8795214220881462,
        53.39094548486173,
        600.5999999999999
      ],
      [
        -1.8795214220881462,
        53.39094548486173,
        601
      ],
      [
        -1.8795214220881462,
        53.39094548486173,
        601.2
      ],
      [
        -1.8795296363532543,
        53.39094531722367,
        601.2
      ],
      [
        -1.8795296363532543,
        53.39094498194754,
        601.2
      ],
      [
        -1.8795054964721203,
        53.39096384122968,
        601
      ],
      [
        -1.8794422969222069,
        53.391028214246035,
        600.5999999999999
      ],
      [
        -1.8793298956006765,
        53.391151428222656,
        601.2
      ],
      [
        -1.8792724795639515,
        53.39121177792549,
        601.5999999999999
      ],
      [
        -1.8792533688247204,
        53.39123767800629,
        601.5999999999999
      ],
      [
        -1.8792040832340717,
        53.391288723796606,
        601.5999999999999
      ],
      [
        -1.8791881576180458,
        53.39132401160896,
        601.5999999999999
      ],
      [
        -1.8791262153536081,
        53.39142241515219,
        601.4000000000001
      ],
      [
        -1.8790816236287355,
        53.3914840221405,
        601.4000000000001
      ],
      [
        -1.8790815398097038,
        53.39151553809643,
        601.5999999999999
      ],
      [
        -1.8790884967893362,
        53.39152341708541,
        601.5999999999999
      ],
      [
        -1.8790791928768158,
        53.391587287187576,
        601
      ],
      [
        -1.879054382443428,
        53.391679571941495,
        600.5999999999999
      ],
      [
        -1.8790175020694733,
        53.39176372624934,
        600.8
      ],
      [
        -1.878981962800026,
        53.39184997603297,
        600
      ],
      [
        -1.878958996385336,
        53.3918899577111,
        600.8
      ],
      [
        -1.8789153266698122,
        53.39193454943597,
        601
      ],
      [
        -1.8788675498217344,
        53.39196137152612,
        601.2
      ],
      [
        -1.878861514851451,
        53.39196472428739,
        601.2
      ],
      [
        -1.8788141570985317,
        53.3919866848737,
        601.5999999999999
      ],
      [
        -1.8788060266524553,
        53.392046028748155,
        601.8
      ],
      [
        -1.8788236286491156,
        53.39209062047303,
        601.5999999999999
      ],
      [
        -1.8787956330925226,
        53.392131524160504,
        600.8
      ],
      [
        -1.8787667993456125,
        53.39218315668404,
        600.5999999999999
      ],
      [
        -1.8787235487252474,
        53.39231248944998,
        600.8
      ],
      [
        -1.8786587566137314,
        53.3923960570246,
        600.8
      ],
      [
        -1.8786392267793417,
        53.39246604591608,
        601.2
      ],
      [
        -1.8785994965583086,
        53.39252287521958,
        601.8
      ],
      [
        -1.8785939645022154,
        53.392533687874675,
        601.8
      ],
      [
        -1.8785894382745028,
        53.39258230291307,
        602.4000000000001
      ],
      [
        -1.8785886839032173,
        53.39259646832943,
        602.4000000000001
      ],
      [
        -1.8785850796848536,
        53.39265128597617,
        602.2
      ],
      [
        -1.8786107283085585,
        53.39266645722091,
        602.2
      ],
      [
        -1.8786212895065546,
        53.392691016197205,
        602.2
      ],
      [
        -1.8786510452628136,
        53.39276268146932,
        601.2
      ],
      [
        -1.8786533083766699,
        53.39278413914144,
        601.2
      ],
      [
        -1.878652973100543,
        53.39282361790538,
        601
      ],
      [
        -1.8786532245576382,
        53.392834682017565,
        600.5999999999999
      ],
      [
        -1.8786334432661533,
        53.39290056377649,
        600.4000000000001
      ],
      [
        -1.8786673061549664,
        53.39296015910804,
        601
      ],
      [
        -1.8786635342985392,
        53.39297139085829,
        600.5999999999999
      ],
      [
        -1.8786651268601418,
        53.393006175756454,
        600.2
      ],
      [
        -1.8786408193409443,
        53.39306116104126,
        600
      ],
      [
        -1.8786353711038828,
        53.39307859539986,
        600.8
      ],
      [
        -1.878647357225418,
        53.3931178227067,
        601.2
      ],
      [
        -1.8786561582237482,
        53.393129389733076,
        601.2
      ],
      [
        -1.8786456808447838,
        53.39316048659384,
        600.5999999999999
      ],
      [
        -1.8786297552287579,
        53.39316735975444,
        600
      ],
      [
        -1.8786048609763384,
        53.393205581232905,
        599.5999999999999
      ],
      [
        -1.8786072917282581,
        53.393224189057946,
        599.4000000000001
      ],
      [
        -1.8785983230918646,
        53.39323625899851,
        599.4000000000001
      ],
      [
        -1.8786051962524652,
        53.39328462257981,
        599
      ],
      [
        -1.8785838223993778,
        53.393312031403184,
        599.4000000000001
      ],
      [
        -1.8785144202411175,
        53.39336793869734,
        598.8
      ],
      [
        -1.8784740194678307,
        53.39339870028198,
        598.5999999999999
      ],
      [
        -1.8784467782825232,
        53.39342895895243,
        598.5999999999999
      ],
      [
        -1.8784410785883665,
        53.393439184874296,
        598.5999999999999
      ],
      [
        -1.8784342892467976,
        53.39346039108932,
        598.4000000000001
      ],
      [
        -1.878413250669837,
        53.3934632409364,
        598
      ],
      [
        -1.8783705029636621,
        53.393506994470954,
        597.5999999999999
      ],
      [
        -1.8783574271947145,
        53.39354161173105,
        597.4000000000001
      ],
      [
        -1.8783526495099068,
        53.39355141855776,
        597.4000000000001
      ],
      [
        -1.8783147633075714,
        53.39361076243222,
        596.2
      ],
      [
        -1.878311326727271,
        53.39364856481552,
        595.5999999999999
      ],
      [
        -1.8782960716634989,
        53.393658036366105,
        595.4000000000001
      ],
      [
        -1.8782952334731817,
        53.393664322793484,
        595.2
      ],
      [
        -1.8782796431332827,
        53.39370899833739,
        594.8
      ],
      [
        -1.8782415892928839,
        53.39375853538513,
        594.5999999999999
      ],
      [
        -1.8782230652868748,
        53.39377395808697,
        594.5999999999999
      ],
      [
        -1.8781990930438042,
        53.39378284290433,
        594.5999999999999
      ],
      [
        -1.878177048638463,
        53.393786028027534,
        594.5999999999999
      ],
      [
        -1.878128768876195,
        53.39384738355875,
        594.8
      ],
      [
        -1.878050398081541,
        53.39392499998212,
        595.2
      ],
      [
        -1.8780524097383022,
        53.39401594363153,
        596.2
      ],
      [
        -1.8780385795980692,
        53.394068414345384,
        596.2
      ],
      [
        -1.8779942393302917,
        53.394095320254564,
        596.2
      ],
      [
        -1.877921149134636,
        53.394147707149386,
        596
      ],
      [
        -1.8778820894658566,
        53.39421140961349,
        596.5999999999999
      ],
      [
        -1.8778420239686966,
        53.39427293278277,
        596.5999999999999
      ],
      [
        -1.877842778339982,
        53.394328420981765,
        596.5999999999999
      ],
      [
        -1.8778358213603497,
        53.394324481487274,
        597
      ],
      [
        -1.8778197281062603,
        53.39432230219245,
        597
      ],
      [
        -1.8777590431272984,
        53.39437410235405,
        597
      ],
      [
        -1.877768011763692,
        53.39439790695906,
        597.2
      ],
      [
        -1.8777506612241268,
        53.39440729469061,
        598
      ],
      [
        -1.877730879932642,
        53.39445808902383,
        597.2
      ],
      [
        -1.8776558618992567,
        53.394494131207466,
        596.2
      ],
      [
        -1.8776474799960852,
        53.39450217783451,
        596.2
      ],
      [
        -1.8776067439466715,
        53.39454400353134,
        596.5999999999999
      ],
      [
        -1.8775767367333174,
        53.39458373375237,
        596.4000000000001
      ],
      [
        -1.877554440870881,
        53.394613321870565,
        596.2
      ],
      [
        -1.8775137048214674,
        53.39466327801347,
        596.2
      ],
      [
        -1.877503227442503,
        53.39467400684953,
        596.4000000000001
      ],
      [
        -1.8774821050465107,
        53.39474726468325,
        597
      ],
      [
        -1.8774794228374958,
        53.39477878063917,
        597
      ],
      [
        -1.8774957675486803,
        53.394802333787084,
        597
      ],
      [
        -1.87748646363616,
        53.39481088332832,
        597
      ],
      [
        -1.8774406146258116,
        53.394853714853525,
        596.5999999999999
      ],
      [
        -1.877413121983409,
        53.39488514699042,
        596.5999999999999
      ],
      [
        -1.8774271197617054,
        53.39491616003215,
        596.5999999999999
      ],
      [
        -1.8774681072682142,
        53.39498003013432,
        596.5999999999999
      ],
      [
        -1.8774860445410013,
        53.395042307674885,
        596.4000000000001
      ],
      [
        -1.8774930853396654,
        53.39506812393665,
        596
      ],
      [
        -1.8775039818137884,
        53.3951123803854,
        595.2
      ],
      [
        -1.8774937558919191,
        53.39514263905585,
        594.8
      ],
      [
        -1.8775119446218014,
        53.39515596628189,
        594.5999999999999
      ],
      [
        -1.8775442149490118,
        53.39517365209758,
        594.4000000000001
      ],
      [
        -1.8775430414825678,
        53.39518186636269,
        594.4000000000001
      ],
      [
        -1.877549160271883,
        53.3951882366091,
        594
      ],
      [
        -1.877554440870881,
        53.39522352442145,
        593.8
      ],
      [
        -1.8775214161723852,
        53.3952764980495,
        593
      ],
      [
        -1.8775168899446726,
        53.395285634323955,
        592.8
      ],
      [
        -1.8775234278291464,
        53.39534841477871,
        592.8
      ],
      [
        -1.8774805963039398,
        53.395419577136636,
        592.2
      ],
      [
        -1.8774728011339903,
        53.395424857735634,
        591.8
      ],
      [
        -1.8774623237550259,
        53.39542812667787,
        591.8
      ],
      [
        -1.877411948516965,
        53.395453691482544,
        591
      ],
      [
        -1.8774000462144613,
        53.39546173810959,
        590.8
      ],
      [
        -1.8773852940648794,
        53.395483028143644,
        590.4000000000001
      ],
      [
        -1.8773732241243124,
        53.395505072548985,
        590.4000000000001
      ],
      [
        -1.8773696199059486,
        53.3955093473196,
        590.4000000000001
      ],
      [
        -1.8773464020341635,
        53.3955215010792,
        591.2
      ],
      [
        -1.877335673198104,
        53.39554455131292,
        591.2
      ],
      [
        -1.8773555383086205,
        53.39557422325015,
        590.8
      ],
      [
        -1.8773735594004393,
        53.39561512693763,
        591
      ],
      [
        -1.877324189990759,
        53.39563482441008,
        591.4000000000001
      ],
      [
        -1.8773225136101246,
        53.39562987908721,
        591.4000000000001
      ],
      [
        -1.877306755632162,
        53.395642368122935,
        591.5999999999999
      ],
      [
        -1.8772811070084572,
        53.39565678499639,
        591.5999999999999
      ],
      [
        -1.8772641755640507,
        53.39567329734564,
        591.8
      ],
      [
        -1.8772583082318306,
        53.395731803029776,
        592
      ],
      [
        -1.8773597292602062,
        53.39581889100373,
        592.2
      ],
      [
        -1.8773813545703888,
        53.395853005349636,
        592.4000000000001
      ],
      [
        -1.8773699551820755,
        53.39587429538369,
        592.5999999999999
      ],
      [
        -1.8773570470511913,
        53.39593917131424,
        592.5999999999999
      ],
      [
        -1.877328297123313,
        53.395964903756976,
        592.8
      ],
      [
        -1.8773282133042812,
        53.39597781188786,
        592.8
      ],
      [
        -1.8772947695106268,
        53.39602709747851,
        593.8
      ],
      [
        -1.8772874772548676,
        53.39603874832392,
        594
      ],
      [
        -1.8772671092301607,
        53.39607168920338,
        595.2
      ],
      [
        -1.8772887345403433,
        53.39609230868518,
        595.2
      ],
      [
        -1.8773105274885893,
        53.3961018640548,
        594.5999999999999
      ],
      [
        -1.87733743339777,
        53.3961140178144,
        594.8
      ],
      [
        -1.87733743339777,
        53.3961140178144,
        594.8
      ],
      [
        -1.87733743339777,
        53.3961140178144,
        594.5999999999999
      ],
      [
        -1.87733743339777,
        53.3961140178144,
        594.4000000000001
      ],
      [
        -1.877370709553361,
        53.396116783842444,
        594.4000000000001
      ],
      [
        -1.877371547743678,
        53.39611661620438,
        594.5999999999999
      ],
      [
        -1.8773712124675512,
        53.39611661620438,
        596.2
      ],
      [
        -1.8773712124675512,
        53.39611661620438,
        595.8
      ],
      [
        -1.8773492518812418,
        53.396124159917235,
        594.5999999999999
      ],
      [
        -1.8773492518812418,
        53.396124159917235,
        593.8
      ],
      [
        -1.8773492518812418,
        53.396124159917235,
        593.8
      ],
      [
        -1.8773487489670515,
        53.39612399227917,
        593.8
      ],
      [
        -1.877350928261876,
        53.39612441137433,
        593.8
      ],
      [
        -1.8773492518812418,
        53.396124159917235,
        594.4000000000001
      ],
      [
        -1.8773492518812418,
        53.396124159917235,
        593.5999999999999
      ],
      [
        -1.8773513473570347,
        53.396112844347954,
        592.8
      ],
      [
        -1.8773492518812418,
        53.396124159917235,
        592.8
      ],
      [
        -1.8773492518812418,
        53.396124159917235,
        592.8
      ],
      [
        -1.8773296382278204,
        53.39611301198602,
        593.2
      ],
      [
        -1.8773296382278204,
        53.39611301198602,
        593.5999999999999
      ],
      [
        -1.8773296382278204,
        53.39611301198602,
        593.5999999999999
      ],
      [
        -1.8773296382278204,
        53.39611301198602,
        592.8
      ],
      [
        -1.8773296382278204,
        53.39611301198602,
        593.2
      ],
      [
        -1.8773296382278204,
        53.39611301198602,
        592.4000000000001
      ],
      [
        -1.8773296382278204,
        53.39611301198602,
        593.4000000000001
      ],
      [
        -1.8773296382278204,
        53.39611301198602,
        593.4000000000001
      ],
      [
        -1.8773296382278204,
        53.39611301198602,
        593.5999999999999
      ],
      [
        -1.8773296382278204,
        53.39611301198602,
        593.8
      ],
      [
        -1.8773296382278204,
        53.39611301198602,
        594
      ],
      [
        -1.8773296382278204,
        53.39611301198602,
        593.4000000000001
      ],
      [
        -1.8773296382278204,
        53.39611301198602,
        593.2
      ],
      [
        -1.8773296382278204,
        53.39611301198602,
        593.2
      ],
      [
        -1.8773296382278204,
        53.39611301198602,
        593.4000000000001
      ],
      [
        -1.8773296382278204,
        53.39611301198602,
        593.5999999999999
      ],
      [
        -1.8773296382278204,
        53.39611301198602,
        594
      ],
      [
        -1.8773296382278204,
        53.39611301198602,
        594.2
      ],
      [
        -1.8773296382278204,
        53.39611301198602,
        593.8
      ],
      [
        -1.8773296382278204,
        53.39611301198602,
        593.8
      ],
      [
        -1.8773255310952663,
        53.39610731229186,
        593.4000000000001
      ],
      [
        -1.8773205019533634,
        53.39610680937767,
        594.5999999999999
      ],
      [
        -1.8773231003433466,
        53.39610781520605,
        594.5999999999999
      ],
      [
        -1.8772971164435148,
        53.39609306305647,
        595.2
      ],
      [
        -1.877235509455204,
        53.396045956760645,
        594.8
      ],
      [
        -1.877201646566391,
        53.39603824540973,
        594.5999999999999
      ],
      [
        -1.877186307683587,
        53.39604880660772,
        594.5999999999999
      ],
      [
        -1.8771837931126356,
        53.39605953544378,
        594.5999999999999
      ],
      [
        -1.8771579768508673,
        53.3960862737149,
        595.2
      ],
      [
        -1.877120677381754,
        53.39610882103443,
        595.5999999999999
      ],
      [
        -1.8770792707800865,
        53.39612080715597,
        595.5999999999999
      ],
      [
        -1.8769886624068022,
        53.3961518201977,
        596
      ],
      [
        -1.8769786041229963,
        53.39616087265313,
        596
      ],
      [
        -1.876937197521329,
        53.39622323401272,
        596.5999999999999
      ],
      [
        -1.8769461661577225,
        53.39624452404678,
        596.5999999999999
      ],
      [
        -1.8769365269690752,
        53.39627327397466,
        596.5999999999999
      ],
      [
        -1.876921271905303,
        53.396330857649446,
        596.5999999999999
      ],
      [
        -1.8769050110131502,
        53.39639766141772,
        596.5999999999999
      ],
      [
        -1.8768898397684097,
        53.3964541554451,
        597.2
      ],
      [
        -1.8768951203674078,
        53.39646538719535,
        597.4000000000001
      ],
      [
        -1.8769051786512136,
        53.39651609770954,
        597.5999999999999
      ],
      [
        -1.876893024891615,
        53.3965231385082,
        597.5999999999999
      ],
      [
        -1.876881793141365,
        53.39655054733157,
        597.5999999999999
      ],
      [
        -1.8768568150699139,
        53.39656555093825,
        597.8
      ],
      [
        -1.8768501095473766,
        53.39656999334693,
        598
      ],
      [
        -1.8767936155200005,
        53.39662472717464,
        598.5999999999999
      ],
      [
        -1.8768141511827707,
        53.3967010024935,
        599.2
      ],
      [
        -1.8768034223467112,
        53.396708965301514,
        599.2
      ],
      [
        -1.8767532147467136,
        53.39673654176295,
        599.2
      ],
      [
        -1.8767308350652456,
        53.39675556868315,
        599.8
      ],
      [
        -1.8766617681831121,
        53.39679345488548,
        599.8
      ],
      [
        -1.8766177631914616,
        53.39686771854758,
        600.2
      ],
      [
        -1.8766092136502266,
        53.39687651954591,
        600.8
      ],
      [
        -1.8765740934759378,
        53.396918680518866,
        601.2
      ],
      [
        -1.876538973301649,
        53.39697467163205,
        601.4000000000001
      ],
      [
        -1.8765670526772738,
        53.39701213873923,
        601.2
      ],
      [
        -1.8765564914792776,
        53.39704214595258,
        601.2
      ],
      [
        -1.8765564914792776,
        53.39704214595258,
        601.2
      ],
      [
        -1.8765465170145035,
        53.39705815538764,
        601.2
      ],
      [
        -1.8765543960034847,
        53.397047594189644,
        601
      ],
      [
        -1.876551378518343,
        53.39704440906644,
        600.4000000000001
      ],
      [
        -1.8764750193804502,
        53.39704742655158,
        600.2
      ],
      [
        -1.8764295894652605,
        53.39709000661969,
        600.5999999999999
      ],
      [
        -1.876351721584797,
        53.397101908922195,
        600.8
      ],
      [
        -1.8763342034071684,
        53.397107692435384,
        601
      ],
      [
        -1.8762834090739489,
        53.39714105241001,
        601
      ],
      [
        -1.8762518931180239,
        53.39718874543905,
        601.2
      ],
      [
        -1.8762214668095112,
        53.39723316952586,
        600.8
      ],
      [
        -1.876242756843567,
        53.397277342155576,
        600.2
      ],
      [
        -1.8762781284749508,
        53.39729377068579,
        599.8
      ],
      [
        -1.8762839119881392,
        53.39730525389314,
        599.2
      ],
      [
        -1.8762844149023294,
        53.3973035775125,
        598.5999999999999
      ],
      [
        -1.8762852530926466,
        53.397303745150566,
        598.4000000000001
      ],
      [
        -1.876323139294982,
        53.39732880704105,
        598.5999999999999
      ],
      [
        -1.876350212842226,
        53.397347163408995,
        598.5999999999999
      ],
      [
        -1.876354906708002,
        53.39735143817961,
        599
      ],
      [
        -1.8763480335474014,
        53.397352611646056,
        598.8
      ],
      [
        -1.8763262405991554,
        53.397346744313836,
        598.8
      ],
      [
        -1.8763900268822908,
        53.39736711233854,
        598.8
      ],
      [
        -1.8764204531908035,
        53.39735873043537,
        599.2
      ],
      [
        -1.8764414079487324,
        53.397346744313836,
        599.4000000000001
      ],
      [
        -1.8764857482165098,
        53.397325621917844,
        599.2
      ],
      [
        -1.8765316810458899,
        53.397340290248394,
        599.4000000000001
      ],
      [
        -1.8765446729958057,
        53.3973347581923,
        599.8
      ],
      [
        -1.8765866663306952,
        53.3972985483706,
        600.2
      ],
      [
        -1.8766812980175018,
        53.3972483407706,
        600.4000000000001
      ],
      [
        -1.8767268117517233,
        53.397241132333875,
        600.5999999999999
      ],
      [
        -1.8767676316201687,
        53.397242138162255,
        600.5999999999999
      ],
      [
        -1.8768120557069778,
        53.39723031967878,
        600.8
      ],
      [
        -1.876848852261901,
        53.397217746824026,
        600.5999999999999
      ],
      [
        -1.8769301567226648,
        53.397170724347234,
        600.4000000000001
      ],
      [
        -1.8769734911620617,
        53.39716368354857,
        600
      ],
      [
        -1.8770172446966171,
        53.39715538546443,
        599.8
      ],
      [
        -1.8770518619567156,
        53.397146835923195,
        599.8
      ],
      [
        -1.8770763371139765,
        53.39715722948313,
        599.8
      ],
      [
        -1.8770604953169823,
        53.397159995511174,
        600.2
      ],
      [
        -1.8770832102745771,
        53.397194277495146,
        600.8
      ],
      [
        -1.8771302327513695,
        53.39720819145441,
        601.8
      ],
      [
        -1.8771478347480297,
        53.39721892029047,
        601.8
      ],
      [
        -1.877224026247859,
        53.397243060171604,
        602.8
      ],
      [
        -1.877275574952364,
        53.39724783785641,
        603.4000000000001
      ],
      [
        -1.8773103598505259,
        53.39723568409681,
        603.4000000000001
      ],
      [
        -1.8773869704455137,
        53.39722076430917,
        603.2
      ],
      [
        -1.8774992041289806,
        53.397207437083125,
        602.8
      ],
      [
        -1.8775177281349897,
        53.397211879491806,
        602.8
      ],
      [
        -1.8775846995413303,
        53.3972242847085,
        602.4000000000001
      ],
      [
        -1.8776982743293047,
        53.39723157696426,
        602
      ],
      [
        -1.8777665868401527,
        53.39722319506109,
        602
      ],
      [
        -1.8777890503406525,
        53.39721984229982,
        602
      ],
      [
        -1.8778108432888985,
        53.39721598662436,
        602
      ],
      [
        -1.8778321333229542,
        53.39721598662436,
        601.8
      ],
      [
        -1.8778685946017504,
        53.39721657335758,
        601.2
      ],
      [
        -1.8778933212161064,
        53.39722964912653,
        601.2
      ],
      [
        -1.8779322132468224,
        53.39723744429648,
        601
      ],
      [
        -1.8779485579580069,
        53.397235348820686,
        601
      ],
      [
        -1.8779981788247824,
        53.39724909514189,
        600.8
      ],
      [
        -1.878027766942978,
        53.39726527221501,
        601
      ],
      [
        -1.8780485540628433,
        53.39726745150983,
        601
      ],
      [
        -1.8781428504735231,
        53.39729125611484,
        600.8
      ],
      [
        -1.8782524857670069,
        53.39730986393988,
        600.4000000000001
      ],
      [
        -1.8783797230571508,
        53.39733014814556,
        600
      ],
      [
        -1.8784884363412857,
        53.39735269546509,
        600
      ],
      [
        -1.878525149077177,
        53.39735236018896,
        600
      ],
      [
        -1.878560772165656,
        53.39735730551183,
        599.5999999999999
      ],
      [
        -1.8786296714097261,
        53.39736107736826,
        598.5999999999999
      ],
      [
        -1.8787043541669846,
        53.39735143817961,
        597.2
      ],
      [
        -1.8787123169749975,
        53.397347163408995,
        597.2
      ],
      [
        -1.8787827249616385,
        53.397335512563586,
        596.8
      ],
      [
        -1.8788017518818378,
        53.39733760803938,
        596.8
      ],
      [
        -1.8788555637001991,
        53.39734942652285,
        596.5999999999999
      ],
      [
        -1.8788761831820011,
        53.397343726828694,
        596.4000000000001
      ],
      [
        -1.8789435736835003,
        53.39733878150582,
        596.2
      ],
      [
        -1.8789703119546175,
        53.39733601547778,
        596.2
      ],
      [
        -1.8790004029870033,
        53.39733358472586,
        595.8
      ],
      [
        -1.8790273927152157,
        53.397324699908495,
        595.8
      ],
      [
        -1.8790865689516068,
        53.39731120504439,
        595.2
      ],
      [
        -1.8790954537689686,
        53.39730877429247,
        595
      ],
      [
        -1.8792077712714672,
        53.397283628582954,
        595.2
      ],
      [
        -1.8792898301035166,
        53.39726594276726,
        595.5999999999999
      ],
      [
        -1.8794067576527596,
        53.39725160971284,
        595.5999999999999
      ],
      [
        -1.8794557079672813,
        53.39726200327277,
        595.5999999999999
      ],
      [
        -1.8795039877295494,
        53.39728245511651,
        596.2
      ],
      [
        -1.879531480371952,
        53.39729133993387,
        596.5999999999999
      ],
      [
        -1.8796786665916443,
        53.39730584062636,
        596.5999999999999
      ],
      [
        -1.8796982802450657,
        53.39730768464506,
        596.8
      ],
      [
        -1.879832474514842,
        53.39732545427978,
        597
      ],
      [
        -1.879953509196639,
        53.39733618311584,
        596.5999999999999
      ],
      [
        -1.8800432793796062,
        53.39736049063504,
        596.5999999999999
      ],
      [
        -1.8801638949662447,
        53.39736350812018,
        596.5999999999999
      ],
      [
        -1.880210330709815,
        53.39737976901233,
        596.8
      ],
      [
        -1.8802731111645699,
        53.397407261654735,
        596.8
      ],
      [
        -1.880298089236021,
        53.397458055987954,
        596.4000000000001
      ],
      [
        -1.8803545832633972,
        53.39749351143837,
        596.2
      ],
      [
        -1.8804152682423592,
        53.39749837294221,
        596.4000000000001
      ],
      [
        -1.8805134203284979,
        53.39752838015556,
        596.8
      ],
      [
        -1.8805849179625511,
        53.39758738875389,
        597.2
      ],
      [
        -1.880655074492097,
        53.397628627717495,
        597.2
      ],
      [
        -1.88068893738091,
        53.39763407595456,
        597.2
      ],
      [
        -1.8807186931371689,
        53.39764497242868,
        597.2
      ],
      [
        -1.880756914615631,
        53.3976664301008,
        597.5999999999999
      ],
      [
        -1.8807941302657127,
        53.397682858631015,
        598.2
      ],
      [
        -1.8808177672326565,
        53.39772015810013,
        599
      ],
      [
        -1.8808715790510178,
        53.397738095372915,
        599.5999999999999
      ],
      [
        -1.8808842357248068,
        53.39773843064904,
        599.5999999999999
      ],
      [
        -1.8809671327471733,
        53.397738514468074,
        600.4000000000001
      ],
      [
        -1.88097869977355,
        53.39774362742901,
        600.5999999999999
      ],
      [
        -1.8810543045401573,
        53.3977631572634,
        601.8
      ],
      [
        -1.8810610938817263,
        53.39776877313852,
        601.8
      ],
      [
        -1.881111552938819,
        53.39778243564069,
        602
      ],
      [
        -1.8811614252626896,
        53.39777061715722,
        602
      ],
      [
        -1.8812480941414833,
        53.39774865657091,
        601.4000000000001
      ],
      [
        -1.8812661152333021,
        53.397750752046704,
        601.4000000000001
      ],
      [
        -1.8813481740653515,
        53.3977216668427,
        601
      ],
      [
        -1.8813665304332972,
        53.39771730825305,
        600.8
      ],
      [
        -1.881457306444645,
        53.3977232594043,
        600.4000000000001
      ],
      [
        -1.8814833741635084,
        53.39773138985038,
        600.2
      ],
      [
        -1.8815161474049091,
        53.39774521999061,
        600.4000000000001
      ],
      [
        -1.8815551232546568,
        53.397755697369576,
        600.2
      ],
      [
        -1.8816382717341185,
        53.39774320833385,
        599.5999999999999
      ],
      [
        -1.881685797125101,
        53.39774857275188,
        599.4000000000001
      ],
      [
        -1.8817210011184216,
        53.39774865657091,
        599.2
      ],
      [
        -1.881765341386199,
        53.39774874038994,
        598.5999999999999
      ],
      [
        -1.8818002101033926,
        53.39775871485472,
        598.4000000000001
      ],
      [
        -1.8819187302142382,
        53.39780909009278,
        598.2
      ],
      [
        -1.8819644954055548,
        53.39781076647341,
        598
      ],
      [
        -1.881982684135437,
        53.397811437025666,
        598
      ],
      [
        -1.8820588756352663,
        53.397848568856716,
        597.5999999999999
      ],
      [
        -1.8820691853761673,
        53.39785711839795,
        597.5999999999999
      ],
      [
        -1.8821245897561312,
        53.39788134209812,
        597.5999999999999
      ],
      [
        -1.8822106719017029,
        53.39791813865304,
        597.4000000000001
      ],
      [
        -1.8822105880826712,
        53.397925179451704,
        597.5999999999999
      ],
      [
        -1.8822479713708162,
        53.39795686304569,
        598.5999999999999
      ],
      [
        -1.882320223376155,
        53.39796566404402,
        599.5999999999999
      ],
      [
        -1.8823304492980242,
        53.3979719504714,
        599.5999999999999
      ],
      [
        -1.8823957443237305,
        53.39800011366606,
        600.4000000000001
      ],
      [
        -1.882409993559122,
        53.39800765737891,
        600.8
      ],
      [
        -1.8824855145066977,
        53.398029785603285,
        600.8
      ],
      [
        -1.882523987442255,
        53.39803783223033,
        600.8
      ],
      [
        -1.8826006818562746,
        53.39805803261697,
        600.8
      ],
      [
        -1.8826428428292274,
        53.39805895462632,
        600.5999999999999
      ],
      [
        -1.8827409110963345,
        53.3980895485729,
        600.4000000000001
      ],
      [
        -1.8827524781227112,
        53.39809063822031,
        600.4000000000001
      ],
      [
        -1.8828482832759619,
        53.3981220703572,
        600.5999999999999
      ],
      [
        -1.8829169310629368,
        53.39815945364535,
        600.4000000000001
      ],
      [
        -1.882963702082634,
        53.39818644337356,
        600.4000000000001
      ],
      [
        -1.8830130714923143,
        53.398196836933494,
        600.2
      ],
      [
        -1.8830311764031649,
        53.39819566346705,
        600
      ],
      [
        -1.883076187223196,
        53.398212091997266,
        600
      ],
      [
        -1.8831165041774511,
        53.39824989438057,
        600.4000000000001
      ],
      [
        -1.8831263948231936,
        53.39826129376888,
        600.5999999999999
      ],
      [
        -1.8832206912338734,
        53.39831108227372,
        601.4000000000001
      ],
      [
        -1.8833131436258554,
        53.39831837452948,
        601.8
      ],
      [
        -1.8833307456225157,
        53.398322481662035,
        602
      ],
      [
        -1.8834270536899567,
        53.39836925268173,
        602.8
      ],
      [
        -1.8834769260138273,
        53.39840386994183,
        603.2
      ],
      [
        -1.8835121300071478,
        53.39842381887138,
        603.5999999999999
      ],
      [
        -1.8835407961159945,
        53.398435385897756,
        604.5999999999999
      ],
      [
        -1.8835847172886133,
        53.39845567010343,
        605
      ],
      [
        -1.8836683686822653,
        53.39850688353181,
        605.4000000000001
      ],
      [
        -1.8837219290435314,
        53.3985227253288,
        605.5999999999999
      ],
      [
        -1.8837878108024597,
        53.39855524711311,
        605.8
      ],
      [
        -1.8838179018348455,
        53.39856178499758,
        606.2
      ],
      [
        -1.8838322348892689,
        53.39856413193047,
        606.8
      ],
      [
        -1.8839054927229881,
        53.39858081191778,
        607.4000000000001
      ],
      [
        -1.883970033377409,
        53.39859112165868,
        606.8
      ],
      [
        -1.8839914910495281,
        53.39859061874449,
        606.5999999999999
      ],
      [
        -1.8840880505740643,
        53.39862121269107,
        606
      ],
      [
        -1.8841447960585356,
        53.39865306392312,
        605.8
      ],
      [
        -1.884161727502942,
        53.39866471476853,
        605.8
      ],
      [
        -1.884233895689249,
        53.3986955601722,
        606
      ],
      [
        -1.8842950835824013,
        53.398707043379545,
        606.2
      ],
      [
        -1.8843718618154526,
        53.398715844377875,
        605.5999999999999
      ],
      [
        -1.8844301998615265,
        53.39871936477721,
        605.5999999999999
      ],
      [
        -1.8844711035490036,
        53.39873160235584,
        605.8
      ],
      [
        -1.8844682537019253,
        53.39872875250876,
        606
      ],
      [
        -1.884474791586399,
        53.39872791431844,
        606
      ],
      [
        -1.8845196347683668,
        53.398727495223284,
        606
      ],
      [
        -1.8846042919903994,
        53.39871014468372,
        605
      ],
      [
        -1.8846149370074272,
        53.398716766387224,
        604.5999999999999
      ],
      [
        -1.8846295215189457,
        53.398730428889394,
        603.5999999999999
      ],
      [
        -1.8846301920711994,
        53.3987299259752,
        603.4000000000001
      ],
      [
        -1.8846377357840538,
        53.398729003965855,
        603
      ],
      [
        -1.8847197107970715,
        53.39871265925467,
        602.5999999999999
      ],
      [
        -1.8847459461539984,
        53.398716347292066,
        602.2
      ],
      [
        -1.8847573455423117,
        53.39872439391911,
        602
      ],
      [
        -1.8847886100411415,
        53.398739816620946,
        601.8
      ],
      [
        -1.88486916013062,
        53.398756915703416,
        602
      ],
      [
        -1.884906543418765,
        53.39877082966268,
        602
      ],
      [
        -1.885049706324935,
        53.398819360882044,
        601.4000000000001
      ],
      [
        -1.8850902747362852,
        53.39883528649807,
        601.4000000000001
      ],
      [
        -1.8851460982114077,
        53.39886914938688,
        601.5999999999999
      ],
      [
        -1.8851687293499708,
        53.39886554516852,
        601.5999999999999
      ],
      [
        -1.8851859122514725,
        53.39886059984565,
        601.5999999999999
      ],
      [
        -1.8852101359516382,
        53.3988631144166,
        601.4000000000001
      ],
      [
        -1.885231090709567,
        53.39886512607336,
        601.2
      ],
      [
        -1.8852793704718351,
        53.39888113550842,
        601
      ],
      [
        -1.885401662439108,
        53.39889672584832,
        601.2
      ],
      [
        -1.885539460927248,
        53.39895841665566,
        600.8
      ],
      [
        -1.8855896685272455,
        53.39902589097619,
        601.2
      ],
      [
        -1.8856361880898476,
        53.39904835447669,
        602.2
      ],
      [
        -1.8857376091182232,
        53.399074506014585,
        601.4000000000001
      ],
      [
        -1.885858727619052,
        53.39910342358053,
        601
      ],
      [
        -1.8859738949686289,
        53.39917961508036,
        601
      ],
      [
        -1.886008009314537,
        53.39918648824096,
        600.5999999999999
      ],
      [
        -1.8860575463622808,
        53.399192271754146,
        600.4000000000001
      ],
      [
        -1.8860729690641165,
        53.39919528923929,
        600
      ],
      [
        -1.8861306365579367,
        53.39920174330473,
        599.4000000000001
      ],
      [
        -1.886152010411024,
        53.39921213686466,
        599
      ],
      [
        -1.886175312101841,
        53.39921062812209,
        598.2
      ],
      [
        -1.8861945066601038,
        53.39921121485531,
        598
      ],
      [
        -1.8862514197826385,
        53.39921641163528,
        597.5999999999999
      ],
      [
        -1.8862564489245415,
        53.39921481907368,
        597.4000000000001
      ],
      [
        -1.886293664574623,
        53.399217668920755,
        596.8
      ],
      [
        -1.8863224145025015,
        53.39922244660556,
        596.8
      ],
      [
        -1.8864122685045004,
        53.39924918487668,
        596.2
      ],
      [
        -1.8864861130714417,
        53.399269469082355,
        596
      ],
      [
        -1.8864965066313744,
        53.399273911491036,
        596
      ],
      [
        -1.886593820527196,
        53.39929897338152,
        596
      ],
      [
        -1.8866768013685942,
        53.39931816793978,
        595.8
      ],
      [
        -1.8866939842700958,
        53.399317748844624,
        595.8
      ],
      [
        -1.886751651763916,
        53.399319341406226,
        595.4000000000001
      ],
      [
        -1.886791130527854,
        53.39933459647,
        594.8
      ],
      [
        -1.8868115823715925,
        53.39933870360255,
        594.5999999999999
      ],
      [
        -1.8869431782513857,
        53.39938924647868,
        594.4000000000001
      ],
      [
        -1.8870472814887762,
        53.39941489510238,
        593.8
      ],
      [
        -1.8870632909238338,
        53.39941196143627,
        593.8
      ],
      [
        -1.8870831560343504,
        53.39941397309303,
        593.5999999999999
      ],
      [
        -1.8871724233031273,
        53.3994345087558,
        593
      ],
      [
        -1.8872142489999533,
        53.399445908144116,
        592.5999999999999
      ],
      [
        -1.8872771970927715,
        53.399458480998874,
        592.5999999999999
      ],
      [
        -1.8873078748583794,
        53.399472646415234,
        592.5999999999999
      ],
      [
        -1.887426394969225,
        53.399501563981175,
        592.5999999999999
      ],
      [
        -1.887532090768218,
        53.399545485153794,
        593.2
      ],
      [
        -1.8875488545745611,
        53.39954297058284,
        593.4000000000001
      ],
      [
        -1.8875776883214712,
        53.39954975992441,
        593.5999999999999
      ],
      [
        -1.8875895906239748,
        53.399554286152124,
        593.5999999999999
      ],
      [
        -1.8876460008323193,
        53.39955009520054,
        594.2
      ],
      [
        -1.8877084460109472,
        53.39956417679787,
        594.5999999999999
      ],
      [
        -1.8877299036830664,
        53.39956937357783,
        594.8
      ],
      [
        -1.8877782672643661,
        53.39958186261356,
        595.5999999999999
      ],
      [
        -1.8878252059221268,
        53.39958370663226,
        596
      ],
      [
        -1.8878532852977514,
        53.39959812350571,
        596
      ],
      [
        -1.8879278004169464,
        53.39961664751172,
        596.5999999999999
      ],
      [
        -1.887966776266694,
        53.39962444268167,
        596.8
      ],
      [
        -1.8880075123161077,
        53.39963466860354,
        597
      ],
      [
        -1.888139359652996,
        53.39964346960187,
        597
      ],
      [
        -1.888271877542138,
        53.399645732715726,
        597.5999999999999
      ],
      [
        -1.888420069590211,
        53.399653024971485,
        598.2
      ],
      [
        -1.8885806668549776,
        53.39965813793242,
        598.4000000000001
      ],
      [
        -1.888770516961813,
        53.399640787392855,
        598.4000000000001
      ],
      [
        -1.8889102432876825,
        53.39960591867566,
        598.4000000000001
      ],
      [
        -1.8889191281050444,
        53.39960482902825,
        598.5999999999999
      ],
      [
        -1.8890073895454407,
        53.39959410019219,
        599
      ],
      [
        -1.889038821682334,
        53.39958680793643,
        599.2
      ],
      [
        -1.889067990705371,
        53.39958353899419,
        599.2
      ],
      [
        -1.8891177792102098,
        53.39957850985229,
        599.5999999999999
      ],
      [
        -1.889202268794179,
        53.39956107549369,
        600.2
      ],
      [
        -1.8893351219594479,
        53.39953701943159,
        600.5999999999999
      ],
      [
        -1.8894429970532656,
        53.399514304473996,
        601.2
      ],
      [
        -1.8894609343260527,
        53.399511789903045,
        601.4000000000001
      ],
      [
        -1.88959127292037,
        53.39950089342892,
        601
      ],
      [
        -1.8896073661744595,
        53.39949837885797,
        600.8
      ],
      [
        -1.889623962342739,
        53.399512711912394,
        600.8
      ],
      [
        -1.8896789476275444,
        53.3995140530169,
        600.5999999999999
      ],
      [
        -1.889692023396492,
        53.39950810186565,
        600.5999999999999
      ],
      [
        -1.8897929415106773,
        53.39950416237116,
        600.8
      ],
      [
        -1.8899015709757805,
        53.39949879795313,
        601.4000000000001
      ],
      [
        -1.8899657763540745,
        53.39951195754111,
        602.4000000000001
      ],
      [
        -1.8899755831807852,
        53.39951539412141,
        602.5999999999999
      ],
      [
        -1.8900067638605833,
        53.39953877963126,
        603.5999999999999
      ],
      [
        -1.8900162354111671,
        53.39954540133476,
        604
      ],
      [
        -1.8900483381003141,
        53.39955646544695,
        604.8
      ],
      [
        -1.8900678679347038,
        53.39955763891339,
        605.2
      ],
      [
        -1.8900755792856216,
        53.39956518262625,
        606
      ],
      [
        -1.8901222664862871,
        53.39956191368401,
        606.5999999999999
      ],
      [
        -1.8901328276842833,
        53.39957264252007,
        607
      ],
      [
        -1.8901619967073202,
        53.39958739466965,
        608
      ],
      [
        -1.890190914273262,
        53.399593932554126,
        608.5999999999999
      ],
      [
        -1.8902433011680841,
        53.3996126241982,
        609.8
      ],
      [
        -1.8902826961129904,
        53.39961958117783,
        610
      ],
      [
        -1.8903632462024689,
        53.39964975602925,
        609.4000000000001
      ],
      [
        -1.8904017191380262,
        53.399663250893354,
        609.2
      ],
      [
        -1.8905173894017935,
        53.399694012477994,
        608.8
      ],
      [
        -1.8905552756041288,
        53.399702813476324,
        608.8
      ],
      [
        -1.8906178884208202,
        53.39971429668367,
        608.8
      ],
      [
        -1.8906177207827568,
        53.39971320703626,
        608.8
      ],
      [
        -1.890656864270568,
        53.39971681125462,
        608.8
      ],
      [
        -1.890741353854537,
        53.39974849484861,
        608.5999999999999
      ],
      [
        -1.8907468859106302,
        53.399759978055954,
        608.5999999999999
      ],
      [
        -1.8908077385276556,
        53.39978042989969,
        608.4000000000001
      ],
      [
        -1.8909568525850773,
        53.39981999248266,
        608
      ],
      [
        -1.8909747060388327,
        53.39982678182423,
        607.8
      ],
      [
        -1.891107726842165,
        53.399880258366466,
        607.5999999999999
      ],
      [
        -1.8912153504788876,
        53.39989903382957,
        607.5999999999999
      ],
      [
        -1.891363626345992,
        53.39992401190102,
        607
      ],
      [
        -1.8914356268942356,
        53.3999493252486,
        607
      ],
      [
        -1.8914430867880583,
        53.39995326474309,
        606.8
      ],
      [
        -1.8914834037423134,
        53.39996349066496,
        606.5999999999999
      ],
      [
        -1.8915720842778683,
        53.39995829388499,
        605.4000000000001
      ],
      [
        -1.8916300870478153,
        53.399962820112705,
        605.2
      ],
      [
        -1.8917213659733534,
        53.39997128583491,
        604.2
      ],
      [
        -1.8917371239513159,
        53.39997396804392,
        604.2
      ],
      [
        -1.8917693942785263,
        53.399973129853606,
        603.8
      ],
      [
        -1.891820440068841,
        53.39997136965394,
        603
      ],
      [
        -1.8918332643806934,
        53.399975979700685,
        602.8
      ],
      [
        -1.8918419815599918,
        53.399983774870634,
        602.5999999999999
      ],
      [
        -1.8919038400053978,
        53.39999785646796,
        602.4000000000001
      ],
      [
        -1.8919192627072334,
        53.3999905642122,
        602.4000000000001
      ],
      [
        -1.8919445760548115,
        53.39998469687998,
        602
      ],
      [
        -1.8920242879539728,
        53.3999908156693,
        601.2
      ],
      [
        -1.8921252898871899,
        53.400019984692335,
        601
      ],
      [
        -1.8921453226357698,
        53.40001780539751,
        600.8
      ],
      [
        -1.8921586498618126,
        53.40002258308232,
        600.5999999999999
      ],
      [
        -1.8922599870711565,
        53.40006625279784,
        600.2
      ],
      [
        -1.8923609890043736,
        53.400086453184485,
        600.2
      ],
      [
        -1.892466265708208,
        53.40013322420418,
        600.2
      ],
      [
        -1.8925185687839985,
        53.40015753172338,
        599.8
      ],
      [
        -1.8925772421061993,
        53.40017965994775,
        599.5999999999999
      ],
      [
        -1.89263298176229,
        53.400199860334396,
        599.4000000000001
      ],
      [
        -1.8926987797021866,
        53.40024394914508,
        600.2
      ],
      [
        -1.8927338160574436,
        53.40026498772204,
        600.5999999999999
      ],
      [
        -1.8927683494985104,
        53.40027295053005,
        601
      ],
      [
        -1.8928380031138659,
        53.40031687170267,
        601.2
      ],
      [
        -1.8928664177656174,
        53.40033195912838,
        601
      ],
      [
        -1.893032630905509,
        53.400359535589814,
        601.2
      ],
      [
        -1.8931119237095118,
        53.40040077455342,
        601.2
      ],
      [
        -1.89315483905375,
        53.4004398342222,
        601
      ],
      [
        -1.8931832537055016,
        53.40045165270567,
        600.8
      ],
      [
        -1.8932295218110085,
        53.40048727579415,
        599.8
      ],
      [
        -1.8932485487312078,
        53.400509068742394,
        599.8
      ],
      [
        -1.8932731077075005,
        53.4005207195878,
        599.4000000000001
      ],
      [
        -1.8933477066457272,
        53.40052985586226,
        598.8
      ],
      [
        -1.8933637998998165,
        53.40052926912904,
        598.8
      ],
      [
        -1.8934565037488937,
        53.400538908317685,
        598.4000000000001
      ],
      [
        -1.893561277538538,
        53.40054075233638,
        598.4000000000001
      ],
      [
        -1.8935781251639128,
        53.400542344897985,
        598.4000000000001
      ],
      [
        -1.8936780374497175,
        53.40056438930333,
        597.8
      ],
      [
        -1.893758000805974,
        53.40058014728129,
        596.5999999999999
      ],
      [
        -1.89379395917058,
        53.40059062466025,
        596.2
      ],
      [
        -1.8938503693789244,
        53.400601018220186,
        595.8
      ],
      [
        -1.8938853219151497,
        53.400598503649235,
        595.5999999999999
      ],
      [
        -1.8939170893281698,
        53.40061107650399,
        595.4000000000001
      ],
      [
        -1.8939285725355148,
        53.40061526745558,
        595.4000000000001
      ],
      [
        -1.8939274828881025,
        53.40061551891267,
        595.2
      ],
      [
        -1.8939872458577156,
        53.40062121860683,
        594.5999999999999
      ],
      [
        -1.8941406346857548,
        53.40061149559915,
        593.8
      ],
      [
        -1.8941715639084578,
        53.400600431486964,
        593.4000000000001
      ],
      [
        -1.8942192569375038,
        53.400606382638216,
        593
      ],
      [
        -1.894339956343174,
        53.400609232485294,
        592.2
      ],
      [
        -1.8943671975284815,
        53.400609316304326,
        591.8
      ],
      [
        -1.8944093585014343,
        53.40061551891267,
        591.2
      ],
      [
        -1.8944554589688778,
        53.40062557719648,
        590.5999999999999
      ],
      [
        -1.8944971170276403,
        53.40062281116843,
        590.4000000000001
      ],
      [
        -1.8945660162717104,
        53.400609232485294,
        590.2
      ],
      [
        -1.8947303015738726,
        53.40056992135942,
        590.4000000000001
      ],
      [
        -1.89488360658288,
        53.40053438208997,
        590.5999999999999
      ],
      [
        -1.895016459748149,
        53.400521809235215,
        591.2
      ],
      [
        -1.895030289888382,
        53.40051862411201,
        591.4000000000001
      ],
      [
        -1.895083012059331,
        53.400516444817185,
        592
      ],
      [
        -1.8951658252626657,
        53.400513008236885,
        592
      ],
      [
        -1.8951744586229324,
        53.40051652863622,
        592
      ],
      [
        -1.8951995205134153,
        53.400520887225866,
        591.8
      ],
      [
        -1.8952054716646671,
        53.40052013285458,
        592.2
      ],
      [
        -1.8952054716646671,
        53.40052013285458,
        592.4000000000001
      ],
      [
        -1.8952039629220963,
        53.40051812119782,
        592.2
      ],
      [
        -1.8951986823230982,
        53.40051527135074,
        591.5999999999999
      ],
      [
        -1.8951945751905441,
        53.400515941902995,
        591.5999999999999
      ],
      [
        -1.8952008616179228,
        53.40052315033972,
        591.4000000000001
      ],
      [
        -1.895211087539792,
        53.40053723193705,
        591.2
      ],
      [
        -1.8952286895364523,
        53.400584673509,
        590.8
      ],
      [
        -1.8952775560319424,
        53.400660613551736,
        590
      ],
      [
        -1.8952698446810246,
        53.40072758495808,
        589.5999999999999
      ],
      [
        -1.895280908793211,
        53.400814421474934,
        589.5999999999999
      ],
      [
        -1.8953002709895372,
        53.400906873866916,
        589.4000000000001
      ],
      [
        -1.8952654860913754,
        53.400975689291954,
        589.2
      ],
      [
        -1.8952475488185883,
        53.4010112285614,
        589
      ],
      [
        -1.8951882887631655,
        53.401073003187776,
        588.8
      ],
      [
        -1.8951275199651718,
        53.40112656354904,
        588
      ],
      [
        -1.8951108399778605,
        53.40113611891866,
        587.8
      ],
      [
        -1.8950650747865438,
        53.40123737230897,
        587.4000000000001
      ],
      [
        -1.895091226324439,
        53.40131071396172,
        586.8
      ],
      [
        -1.8951421044766903,
        53.40137718245387,
        586.4000000000001
      ],
      [
        -1.8951846845448017,
        53.40145010501146,
        587.2
      ],
      [
        -1.895200526341796,
        53.401457984000444,
        587.4000000000001
      ],
      [
        -1.8952796515077353,
        53.40151255019009,
        587.8
      ],
      [
        -1.8952896259725094,
        53.401522021740675,
        588
      ],
      [
        -1.8953042943030596,
        53.401615899056196,
        588.4000000000001
      ],
      [
        -1.8953080661594868,
        53.40165286324918,
        588.8
      ],
      [
        -1.8953134305775166,
        53.401716565713286,
        589.5999999999999
      ],
      [
        -1.8953214772045612,
        53.401762917637825,
        590
      ],
      [
        -1.895295912399888,
        53.40179342776537,
        590.2
      ],
      [
        -1.8952680006623268,
        53.401880180463195,
        590
      ],
      [
        -1.8952805735170841,
        53.401944218203425,
        589.8
      ],
      [
        -1.8952939007431269,
        53.401955869048834,
        589.8
      ],
      [
        -1.8953263387084007,
        53.402031138539314,
        589.8
      ],
      [
        -1.8953241594135761,
        53.402074640616775,
        590.4000000000001
      ],
      [
        -1.8953066412359476,
        53.402076568454504,
        590.5999999999999
      ],
      [
        -1.8953216448426247,
        53.40209299698472,
        591.2
      ],
      [
        -1.8952830042690039,
        53.40210146270692,
        591.5999999999999
      ],
      [
        -1.8952877819538116,
        53.40213356539607,
        592
      ],
      [
        -1.8952860217541456,
        53.40214085765183,
        592.2
      ],
      [
        -1.89528769813478,
        53.40214823372662,
        592.4000000000001
      ],
      [
        -1.8953204713761806,
        53.402189556509256,
        592.8
      ],
      [
        -1.895323321223259,
        53.40219818986952,
        592.8
      ],
      [
        -1.8953671585768461,
        53.402230544015765,
        592.2
      ],
      [
        -1.8954014405608177,
        53.40225870721042,
        591.2
      ],
      [
        -1.8954177852720022,
        53.40226482599974,
        590.5999999999999
      ],
      [
        -1.8954467866569757,
        53.402297515422106,
        590
      ],
      [
        -1.8954980839043856,
        53.402341436594725,
        589
      ],
      [
        -1.895587770268321,
        53.4023789037019,
        588.2
      ],
      [
        -1.8956094793975353,
        53.40239013545215,
        587.8
      ],
      [
        -1.8956651352345943,
        53.40244252234697,
        586.8
      ],
      [
        -1.8957366328686476,
        53.402477726340294,
        586
      ],
      [
        -1.8957595154643059,
        53.40247957035899,
        586
      ],
      [
        -1.8957950547337532,
        53.40248376131058,
        585.8
      ],
      [
        -1.8958682287484407,
        53.40249859727919,
        585.8
      ],
      [
        -1.8960478529334068,
        53.40255140326917,
        586
      ],
      [
        -1.8961694743484259,
        53.40260563418269,
        586.4000000000001
      ],
      [
        -1.8962210230529308,
        53.402628768235445,
        586.8
      ],
      [
        -1.8962242919951677,
        53.40262348763645,
        587
      ],
      [
        -1.896226890385151,
        53.40261586010456,
        587.2
      ],
      [
        -1.8963065184652805,
        53.402659529820085,
        587.2
      ],
      [
        -1.8964299838989973,
        53.402709402143955,
        587.2
      ],
      [
        -1.8965537007898092,
        53.40276623144746,
        586.8
      ],
      [
        -1.8966127093881369,
        53.40279364027083,
        586.4000000000001
      ],
      [
        -1.8966416269540787,
        53.402819372713566,
        586
      ],
      [
        -1.8966663535684347,
        53.40283630415797,
        585.8
      ],
      [
        -1.8966834526509047,
        53.40284368023276,
        585.5999999999999
      ],
      [
        -1.8967842869460583,
        53.4028815664351,
        585.8
      ],
      [
        -1.8968580476939678,
        53.40291450731456,
        585.4000000000001
      ],
      [
        -1.8969358317553997,
        53.40296697802842,
        585.2
      ],
      [
        -1.896950751543045,
        53.402972761541605,
        585
      ],
      [
        -1.896999031305313,
        53.403021125122905,
        584.8
      ],
      [
        -1.897005820646882,
        53.40303311124444,
        584.8
      ],
      [
        -1.89700523391366,
        53.4030404035002,
        584.8
      ],
      [
        -1.8970253504812717,
        53.40306722559035,
        584.4000000000001
      ],
      [
        -1.897042030468583,
        53.40307460166514,
        584.2
      ],
      [
        -1.8970852810889482,
        53.40310360305011,
        583.5999999999999
      ],
      [
        -1.8971255980432034,
        53.40310980565846,
        582.8
      ],
      [
        -1.8971374165266752,
        53.403110979124904,
        582.5999999999999
      ],
      [
        -1.8971730396151543,
        53.40311114676297,
        582.2
      ],
      [
        -1.8971970118582249,
        53.403122797608376,
        581.5999999999999
      ],
      [
        -1.897213775664568,
        53.40313277207315,
        581.4000000000001
      ],
      [
        -1.897245878353715,
        53.40313822031021,
        581.2
      ],
      [
        -1.8972806632518768,
        53.40314752422273,
        581
      ],
      [
        -1.8973687570542097,
        53.403165293857455,
        581.2
      ],
      [
        -1.897396668791771,
        53.40317250229418,
        581.5999999999999
      ],
      [
        -1.8975026160478592,
        53.40319060720503,
        582
      ],
      [
        -1.8976582679897547,
        53.403214579448104,
        582
      ],
      [
        -1.8977353814989328,
        53.40322564356029,
        582.5999999999999
      ],
      [
        -1.8977799732238054,
        53.40323503129184,
        582.5999999999999
      ],
      [
        -1.897998321801424,
        53.403276270255446,
        582.2
      ],
      [
        -1.898182388395071,
        53.4033062774688,
        581.8
      ],
      [
        -1.8982435762882233,
        53.4033184312284,
        581.8
      ],
      [
        -1.8982854019850492,
        53.40333318337798,
        581.5999999999999
      ],
      [
        -1.8984033353626728,
        53.4033718239516,
        581.5999999999999
      ],
      [
        -1.8984272237867117,
        53.40338204987347,
        581.5999999999999
      ],
      [
        -1.8984573148190975,
        53.40339034795761,
        581.4000000000001
      ],
      [
        -1.8985468335449696,
        53.40341809205711,
        580.5999999999999
      ],
      [
        -1.8985610827803612,
        53.40342119336128,
        580.4000000000001
      ],
      [
        -1.8986252881586552,
        53.40344390831888,
        579.8
      ],
      [
        -1.8986541219055653,
        53.40345371514559,
        579.2
      ],
      [
        -1.8987158965319395,
        53.403473664075136,
        578.8
      ],
      [
        -1.8988255318254232,
        53.4034875780344,
        579.4000000000001
      ],
      [
        -1.8989264499396086,
        53.40349981561303,
        579.5999999999999
      ],
      [
        -1.8990172259509563,
        53.403511717915535,
        580.2
      ],
      [
        -1.899031726643443,
        53.403516579419374,
        580.4000000000001
      ],
      [
        -1.8991446308791637,
        53.40357122942805,
        580.5999999999999
      ],
      [
        -1.8992330599576235,
        53.40361657552421,
        581
      ],
      [
        -1.8992670904845,
        53.40363836847246,
        581
      ],
      [
        -1.8993341457098722,
        53.403663178905845,
        581.2
      ],
      [
        -1.899348059669137,
        53.40366963297129,
        581.4000000000001
      ],
      [
        -1.8994638975709677,
        53.40371875092387,
        582
      ],
      [
        -1.8995261751115322,
        53.403748171404004,
        582.4000000000001
      ],
      [
        -1.899542436003685,
        53.40375202707946,
        582.5999999999999
      ],
      [
        -1.8995995167642832,
        53.403769293799996,
        583.2
      ],
      [
        -1.8996186275035143,
        53.40378563851118,
        583.4000000000001
      ],
      [
        -1.8996275123208761,
        53.40379645116627,
        583.4000000000001
      ],
      [
        -1.8996415939182043,
        53.403834756463766,
        584
      ],
      [
        -1.8996332120150328,
        53.40386484749615,
        584.2
      ],
      [
        -1.8996407557278872,
        53.40388094075024,
        584.4000000000001
      ],
      [
        -1.8996485508978367,
        53.403882617130876,
        584.5999999999999
      ],
      [
        -1.8996883649379015,
        53.403892340138555,
        585.5999999999999
      ],
      [
        -1.8997488822788,
        53.403936764225364,
        586.2
      ],
      [
        -1.8997979164123535,
        53.40400608256459,
        585.5999999999999
      ],
      [
        -1.8998359702527523,
        53.404061486944556,
        585.2
      ],
      [
        -1.8998459447175264,
        53.40406274423003,
        585.2
      ],
      [
        -1.8998832441866398,
        53.40408998541534,
        584.5999999999999
      ],
      [
        -1.8998972419649363,
        53.4040954336524,
        584.4000000000001
      ],
      [
        -1.8999550770968199,
        53.404159219935536,
        584.4000000000001
      ],
      [
        -1.9000050332397223,
        53.40420079417527,
        584.2
      ],
      [
        -1.900038979947567,
        53.40423214249313,
        583.5999999999999
      ],
      [
        -1.900064628571272,
        53.40424354188144,
        583.2
      ],
      [
        -1.9000829849392176,
        53.40426835231483,
        583.2
      ],
      [
        -1.9001265708357096,
        53.40430154465139,
        583
      ],
      [
        -1.9001785386353731,
        53.40432451106608,
        582.5999999999999
      ],
      [
        -1.9001969788223505,
        53.40433431789279,
        582.4000000000001
      ],
      [
        -1.9002159219235182,
        53.40434638783336,
        582
      ],
      [
        -1.9002457614988089,
        53.404377987608314,
        581.8
      ],
      [
        -1.9002880901098251,
        53.404406402260065,
        581.4000000000001
      ],
      [
        -1.900334693491459,
        53.404436158016324,
        580.2
      ],
      [
        -1.9003854878246784,
        53.404491478577256,
        579.2
      ],
      [
        -1.9004046823829412,
        53.404526598751545,
        578.8
      ],
      [
        -1.9004173390567303,
        53.40457236394286,
        577.8
      ],
      [
        -1.9003992341458797,
        53.4046237450093,
        577.2
      ],
      [
        -1.9003887567669153,
        53.40464604087174,
        577
      ],
      [
        -1.900385320186615,
        53.404656602069736,
        576.8
      ],
      [
        -1.900380291044712,
        53.404678143560886,
        576.2
      ],
      [
        -1.9003865774720907,
        53.404725417494774,
        575.8
      ],
      [
        -1.9004048500210047,
        53.40474327094853,
        575.4000000000001
      ],
      [
        -1.900419183075428,
        53.40475265868008,
        575.2
      ],
      [
        -1.9004325941205025,
        53.4047759603709,
        574.5999999999999
      ],
      [
        -1.9004399701952934,
        53.404800184071064,
        574.2
      ],
      [
        -1.9004515372216702,
        53.40483580715954,
        573.4000000000001
      ],
      [
        -1.9004638586193323,
        53.40489959344268,
        572.5999999999999
      ],
      [
        -1.9004676304757595,
        53.40492230840027,
        572.2
      ],
      [
        -1.9004649482667446,
        53.40496304444969,
        571.8
      ],
      [
        -1.9004574045538902,
        53.40499732643366,
        570.8
      ],
      [
        -1.900490764528513,
        53.40503940358758,
        570.2
      ],
      [
        -1.9005201011896133,
        53.4050746075809,
        569.8
      ],
      [
        -1.9005191791802645,
        53.4050867613405,
        569.5999999999999
      ],
      [
        -1.9005092047154903,
        53.40511224232614,
        568.5999999999999
      ],
      [
        -1.9005055166780949,
        53.40513872914016,
        567.4000000000001
      ],
      [
        -1.900504594668746,
        53.405159348621964,
        567
      ],
      [
        -1.9005295727401972,
        53.405254147946835,
        566.8
      ],
      [
        -1.9005789421498775,
        53.405323298648,
        566.4000000000001
      ],
      [
        -1.9005957059562206,
        53.40536252595484,
        566.2
      ],
      [
        -1.9006218574941158,
        53.40546059422195,
        565.5999999999999
      ],
      [
        -1.9006348494440317,
        53.40548540465534,
        565.4000000000001
      ],
      [
        -1.9006309937685728,
        53.40553309768438,
        564.8
      ],
      [
        -1.900666868314147,
        53.40560484677553,
        564.5999999999999
      ],
      [
        -1.9006661139428616,
        53.405622113496065,
        564.2
      ],
      [
        -1.9006784353405237,
        53.40566628612578,
        563.5999999999999
      ],
      [
        -1.9006726518273354,
        53.40571506880224,
        563.2
      ],
      [
        -1.9006770942360163,
        53.40574054978788,
        563.2
      ],
      [
        -1.9006722327321768,
        53.405752116814256,
        563.2
      ],
      [
        -1.9006806146353483,
        53.405805341899395,
        562.8
      ],
      [
        -1.9007342588156462,
        53.40589217841625,
        563
      ],
      [
        -1.9008003920316696,
        53.405970800668,
        562.5999999999999
      ],
      [
        -1.900832075625658,
        53.406047746539116,
        562.4000000000001
      ],
      [
        -1.9008432235568762,
        53.406064761802554,
        561.8
      ],
      [
        -1.90085562877357,
        53.406119076535106,
        561.8
      ],
      [
        -1.9008716382086277,
        53.4061555378139,
        560.8
      ],
      [
        -1.9008689559996128,
        53.40616651810706,
        560.5999999999999
      ],
      [
        -1.9008941855281591,
        53.40620188973844,
        560.4000000000001
      ],
      [
        -1.9009199179708958,
        53.406220665201545,
        560.4000000000001
      ],
      [
        -1.900966353714466,
        53.406268525868654,
        559.8
      ],
      [
        -1.9009786751121283,
        53.40627699159086,
        559.5999999999999
      ],
      [
        -1.9010374322533607,
        53.40631328523159,
        558.8
      ],
      [
        -1.9010393600910902,
        53.40632024221122,
        558.5999999999999
      ],
      [
        -1.9010624941438437,
        53.40635594911873,
        557.5999999999999
      ],
      [
        -1.9010639190673828,
        53.40636064298451,
        557.4000000000001
      ],
      [
        -1.9011205807328224,
        53.40640272013843,
        556.4000000000001
      ],
      [
        -1.901131309568882,
        53.40640372596681,
        556
      ],
      [
        -1.9011670164763927,
        53.40643004514277,
        555.4000000000001
      ],
      [
        -1.9011903181672096,
        53.40644127689302,
        555
      ],
      [
        -1.9012417830526829,
        53.40645745396614,
        554.2
      ],
      [
        -1.9012630730867386,
        53.4064663387835,
        553
      ],
      [
        -1.9012698624283075,
        53.40648285113275,
        552.4000000000001
      ],
      [
        -1.9012740533798933,
        53.406492322683334,
        552
      ],
      [
        -1.9013208243995905,
        53.40652450919151,
        550.8
      ],
      [
        -1.901330966502428,
        53.406532471999526,
        550.5999999999999
      ],
      [
        -1.901343958452344,
        53.406535824760795,
        550.4000000000001
      ],
      [
        -1.9013511668890715,
        53.406543200835586,
        549.8
      ],
      [
        -1.9013755582273006,
        53.406551415100694,
        548.5999999999999
      ],
      [
        -1.9013982731848955,
        53.4065527562052,
        548.2
      ],
      [
        -1.9014156237244606,
        53.40655552223325,
        547.4000000000001
      ],
      [
        -1.90143465064466,
        53.406567089259624,
        546.4000000000001
      ],
      [
        -1.9014831818640232,
        53.40658293105662,
        545.4000000000001
      ],
      [
        -1.9014898873865604,
        53.406590139493346,
        545.2
      ],
      [
        -1.9015055615454912,
        53.406609585508704,
        544
      ],
      [
        -1.9015287794172764,
        53.40662852860987,
        543
      ],
      [
        -1.9015457946807146,
        53.406641436740756,
        542.4000000000001
      ],
      [
        -1.9015638995915651,
        53.406629618257284,
        541.8
      ],
      [
        -1.9015720300376415,
        53.40663615614176,
        541
      ],
      [
        -1.9015724491328,
        53.40664294548333,
        540.5999999999999
      ],
      [
        -1.9016009476035833,
        53.40666255913675,
        539.4000000000001
      ],
      [
        -1.9016127660870552,
        53.406663900241256,
        539.2
      ],
      [
        -1.9016125984489918,
        53.40666834264994,
        538.2
      ],
      [
        -1.9016091618686914,
        53.40666859410703,
        538
      ],
      [
        -1.9016432762145996,
        53.406674629077315,
        537.4000000000001
      ],
      [
        -1.9016458746045828,
        53.406676556915045,
        537
      ],
      [
        -1.9016633927822113,
        53.406671192497015,
        535.8
      ],
      [
        -1.9017145223915577,
        53.40666214004159,
        534.5999999999999
      ],
      [
        -1.9017031230032444,
        53.40668133459985,
        534
      ],
      [
        -1.90171561203897,
        53.4066891297698,
        533.8
      ],
      [
        -1.9017264246940613,
        53.40669197961688,
        533.5999999999999
      ],
      [
        -1.9017560966312885,
        53.406709330156446,
        532.5999999999999
      ],
      [
        -1.901763053610921,
        53.40671067126095,
        532.4000000000001
      ],
      [
        -1.901786020025611,
        53.406716119498014,
        531.4000000000001
      ],
      [
        -1.9017985090613365,
        53.406722070649266,
        530.8
      ],
      [
        -1.9018188770860434,
        53.4067343082279,
        530.2
      ],
      [
        -1.9018482137471437,
        53.40674084611237,
        529.2
      ],
      [
        -1.901856679469347,
        53.40674579143524,
        529
      ],
      [
        -1.9019131734967232,
        53.406758615747094,
        528
      ],
      [
        -1.9019221421331167,
        53.40675937011838,
        526.8
      ],
      [
        -1.9019437674432993,
        53.40675953775644,
        526.4000000000001
      ],
      [
        -1.9019796419888735,
        53.40676045976579,
        525.8
      ],
      [
        -1.901992717757821,
        53.40677018277347,
        525.2
      ],
      [
        -1.9020084757357836,
        53.406779738143086,
        524.5999999999999
      ],
      [
        -1.9020388182252645,
        53.406786024570465,
        524
      ],
      [
        -1.9020574260503054,
        53.406785102561116,
        523.6
      ],
      [
        -1.9020990002900362,
        53.40678200125694,
        522.6
      ],
      [
        -1.9020990002900362,
        53.40678786858916,
        522
      ],
      [
        -1.9021351262927055,
        53.40679155662656,
        521.4
      ],
      [
        -1.9021642953157425,
        53.40679692104459,
        520.4
      ],
      [
        -1.9021932128816843,
        53.40680538676679,
        519.6
      ],
      [
        -1.9021932128816843,
        53.40680538676679,
        519
      ],
      [
        -1.9021932128816843,
        53.40680538676679,
        518.4
      ],
      [
        -1.9022419955581427,
        53.406830532476306,
        518
      ],
      [
        -1.9022438395768404,
        53.40683598071337,
        517.6
      ],
      [
        -1.9022438395768404,
        53.40683598071337,
        517.4
      ],
      [
        -1.9022438395768404,
        53.40683598071337,
        517
      ],
      [
        -1.9022438395768404,
        53.40683598071337,
        517
      ],
      [
        -1.9022438395768404,
        53.40683598071337,
        517
      ],
      [
        -1.9022438395768404,
        53.40683598071337,
        517
      ],
      [
        -1.9022438395768404,
        53.40683598071337,
        517
      ],
      [
        -1.9022588431835175,
        53.40684159658849,
        517
      ],
      [
        -1.9022600166499615,
        53.4068413451314,
        517
      ],
      [
        -1.9022608548402786,
        53.40684100985527,
        517
      ],
      [
        -1.9022599328309298,
        53.406839333474636,
        517
      ],
      [
        -1.9022749364376068,
        53.406829526647925,
        517
      ],
      [
        -1.9022865034639835,
        53.406827598810196,
        517
      ],
      [
        -1.9022974837571383,
        53.40683204121888,
        517
      ],
      [
        -1.9023560732603073,
        53.406850984320045,
        515.8
      ],
      [
        -1.9023653771728277,
        53.40685618110001,
        515.6
      ],
      [
        -1.9023887626826763,
        53.40687361545861,
        514.6
      ],
      [
        -1.9024040177464485,
        53.40687487274408,
        514.2
      ],
      [
        -1.9024362042546272,
        53.406877387315035,
        513.8
      ],
      [
        -1.9024521298706532,
        53.40687814168632,
        513.6
      ],
      [
        -1.9024876691401005,
        53.40687554329634,
        513.2
      ],
      [
        -1.902508456259966,
        53.40689339675009,
        512
      ],
      [
        -1.902544917538762,
        53.406903287395835,
        511
      ],
      [
        -1.9025587476789951,
        53.40690194629133,
        510.79999999999995
      ],
      [
        -1.9025916047394276,
        53.406894486397505,
        510.4
      ],
      [
        -1.9026258029043674,
        53.40691150166094,
        509.79999999999995
      ],
      [
        -1.902649775147438,
        53.406927175819874,
        509.20000000000005
      ],
      [
        -1.9026655331254005,
        53.40693396516144,
        508.6
      ],
      [
        -1.9027380365878344,
        53.40695567429066,
        508
      ],
      [
        -1.9027633499354124,
        53.40696346946061,
        507.4
      ],
      [
        -1.9028211012482643,
        53.40698668733239,
        506.20000000000005
      ],
      [
        -1.9028343446552753,
        53.40699238702655,
        506
      ],
      [
        -1.9028633460402489,
        53.40700504370034,
        505.20000000000005
      ],
      [
        -1.9029544573277235,
        53.40702524408698,
        504.79999999999995
      ],
      [
        -1.9030129630118608,
        53.40703731402755,
        504.20000000000005
      ],
      [
        -1.9030232727527618,
        53.407040163874626,
        503.79999999999995
      ],
      [
        -1.9030530285090208,
        53.40704175643623,
        503
      ],
      [
        -1.903103068470955,
        53.407048461958766,
        502.4
      ],
      [
        -1.9031020626425743,
        53.4070485457778,
        501.79999999999995
      ],
      [
        -1.9031303934752941,
        53.40704871341586,
        501.20000000000005
      ],
      [
        -1.903134249150753,
        53.40705826878548,
        500.6
      ],
      [
        -1.9032215885818005,
        53.407084504142404,
        500
      ],
      [
        -1.9032406993210316,
        53.40710344724357,
        500
      ],
      [
        -1.9032999593764544,
        53.40712331235409,
        499.79999999999995
      ],
      [
        -1.9033211655914783,
        53.407129012048244,
        499.20000000000005
      ],
      [
        -1.9033756479620934,
        53.40713890269399,
        498.20000000000005
      ],
      [
        -1.903394004330039,
        53.407142255455256,
        498.20000000000005
      ],
      [
        -1.903493581339717,
        53.40718944557011,
        498.6
      ],
      [
        -1.903620483353734,
        53.407257590442896,
        498
      ],
      [
        -1.9037093315273523,
        53.40729841031134,
        497.79999999999995
      ],
      [
        -1.9037379138171673,
        53.40731685049832,
        497.6
      ],
      [
        -1.9037773925811052,
        53.40732716023922,
        497.79999999999995
      ],
      [
        -1.903854589909315,
        53.40737954713404,
        497.79999999999995
      ],
      [
        -1.9039657339453697,
        53.407419277355075,
        497.79999999999995
      ],
      [
        -1.9040580186992884,
        53.40746252797544,
        498
      ],
      [
        -1.9041778799146414,
        53.4075216203928,
        498.4
      ],
      [
        -1.904284581542015,
        53.40759261511266,
        498.6
      ],
      [
        -1.9044028501957655,
        53.40765472501516,
        499.4
      ],
      [
        -1.904489854350686,
        53.40768967755139,
        500.4
      ],
      [
        -1.9045048579573631,
        53.40769671835005,
        500.79999999999995
      ],
      [
        -1.9045415706932545,
        53.40772840194404,
        501.6
      ],
      [
        -1.9045621901750565,
        53.40774357318878,
        502.20000000000005
      ],
      [
        -1.904611475765705,
        53.4077666234225,
        502.79999999999995
      ],
      [
        -1.9046615157276392,
        53.407785315066576,
        503.6
      ],
      [
        -1.9046914391219616,
        53.40779487043619,
        504.20000000000005
      ],
      [
        -1.9047408923506737,
        53.40782219544053,
        505.20000000000005
      ],
      [
        -1.904774671420455,
        53.407869804650545,
        506.20000000000005
      ],
      [
        -1.904776431620121,
        53.40787801891565,
        506.20000000000005
      ],
      [
        -1.9048134796321392,
        53.40791992843151,
        506.4
      ],
      [
        -1.9048408884555101,
        53.40797105804086,
        505
      ],
      [
        -1.904861256480217,
        53.40799058787525,
        504.6
      ],
      [
        -1.904890676960349,
        53.408022690564394,
        503.79999999999995
      ],
      [
        -1.9049097038805485,
        53.408074490725994,
        503.20000000000005
      ],
      [
        -1.9049836322665215,
        53.40815990231931,
        502.79999999999995
      ],
      [
        -1.9050195068120956,
        53.408214300870895,
        503
      ],
      [
        -1.9050876516848803,
        53.40828982181847,
        502.79999999999995
      ],
      [
        -1.9051101990044117,
        53.40831161476672,
        502.6
      ],
      [
        -1.90519904717803,
        53.408382358029485,
        503.20000000000005
      ],
      [
        -1.9052418787032366,
        53.4084125328809,
        503.4
      ],
      [
        -1.905288314446807,
        53.40845134109259,
        503.79999999999995
      ],
      [
        -1.9053225964307785,
        53.40848126448691,
        504
      ],
      [
        -1.9054012186825275,
        53.4085541870445,
        504.79999999999995
      ],
      [
        -1.905412869527936,
        53.4085610602051,
        505
      ],
      [
        -1.905513871461153,
        53.40862149372697,
        505.79999999999995
      ],
      [
        -1.9055270310491323,
        53.40863171964884,
        506.20000000000005
      ],
      [
        -1.9055915717035532,
        53.40867270715535,
        507.20000000000005
      ],
      [
        -1.9056196510791779,
        53.40869626030326,
        507.4
      ],
      [
        -1.9057056494057178,
        53.40874873101711,
        508.4
      ],
      [
        -1.905714450404048,
        53.40875434689224,
        508.6
      ],
      [
        -1.9057281129062176,
        53.408758118748665,
        509.4
      ],
      [
        -1.90576096996665,
        53.4087685123086,
        509.79999999999995
      ],
      [
        -1.9058374967426062,
        53.40881888754666,
        510.4
      ],
      [
        -1.905900863930583,
        53.40886381454766,
        511.4
      ],
      [
        -1.905930284410715,
        53.40888652950525,
        511.79999999999995
      ],
      [
        -1.9059820007532835,
        53.40891913510859,
        512.6
      ],
      [
        -1.906045451760292,
        53.40895132161677,
        512.8
      ],
      [
        -1.9061260856688023,
        53.4089963324368,
        513.6
      ],
      [
        -1.906146788969636,
        53.40901619754732,
        513.8
      ],
      [
        -1.9061946496367455,
        53.4090721886605,
        514.8
      ],
      [
        -1.9062349665910006,
        53.40908970683813,
        515.4
      ],
      [
        -1.9062655605375767,
        53.40910278260708,
        515.8
      ],
      [
        -1.9063645508140326,
        53.4091498889029,
        516.4
      ],
      [
        -1.906427163630724,
        53.40918383561075,
        516.8
      ],
      [
        -1.90647192299366,
        53.4092156868428,
        517
      ],
      [
        -1.906586168333888,
        53.40928039513528,
        518
      ],
      [
        -1.9066913612186909,
        53.40934434905648,
        518.8
      ],
      [
        -1.9067279901355505,
        53.4093605261296,
        519
      ],
      [
        -1.9068261422216892,
        53.40940939262509,
        519.4
      ],
      [
        -1.9068901799619198,
        53.40943864546716,
        520
      ],
      [
        -1.906955223530531,
        53.40944987721741,
        520.6
      ],
      [
        -1.9070602487772703,
        53.40947510674596,
        520.8
      ],
      [
        -1.9071175809949636,
        53.40948734432459,
        521.2
      ],
      [
        -1.9072172418236732,
        53.409505281597376,
        521.6
      ],
      [
        -1.9073197524994612,
        53.40955565683544,
        522
      ],
      [
        -1.907352777197957,
        53.40956605039537,
        522.4
      ],
      [
        -1.9074270408600569,
        53.40960158966482,
        523
      ],
      [
        -1.907551260665059,
        53.40965540148318,
        523.4
      ],
      [
        -1.9075743108987808,
        53.40966244228184,
        523.8
      ],
      [
        -1.9077196530997753,
        53.409694293513894,
        524.5999999999999
      ],
      [
        -1.9078530091792345,
        53.40974148362875,
        525.4000000000001
      ],
      [
        -1.9079105090349913,
        53.40976931154728,
        525.8
      ],
      [
        -1.9079746305942535,
        53.40979764238,
        526.2
      ],
      [
        -1.9080541748553514,
        53.40983125381172,
        526.8
      ],
      [
        -1.908100862056017,
        53.409853130578995,
        527.4000000000001
      ],
      [
        -1.9082031212747097,
        53.40989001095295,
        528
      ],
      [
        -1.9082239083945751,
        53.40989185497165,
        528
      ],
      [
        -1.9083307776600122,
        53.40990903787315,
        528
      ],
      [
        -1.908345865085721,
        53.409914150834084,
        528.2
      ],
      [
        -1.9084067177027464,
        53.40993208810687,
        528.5999999999999
      ],
      [
        -1.9084518123418093,
        53.40995002537966,
        529
      ],
      [
        -1.9084922969341278,
        53.40997098013759,
        529.4000000000001
      ],
      [
        -1.908534038811922,
        53.40998774394393,
        529.5999999999999
      ],
      [
        -1.9085726793855429,
        53.41000769287348,
        530.2
      ],
      [
        -1.9085911195725203,
        53.41001959517598,
        530.4000000000001
      ],
      [
        -1.908617103472352,
        53.41003987938166,
        531
      ],
      [
        -1.9086307659745216,
        53.41004574671388,
        531.4000000000001
      ],
      [
        -1.9086753576993942,
        53.41005530208349,
        531.5999999999999
      ],
      [
        -1.9087659660726786,
        53.41008363291621,
        532.4000000000001
      ],
      [
        -1.9088403973728418,
        53.410112550482154,
        533.2
      ],
      [
        -1.9088895991444588,
        53.4101446531713,
        533.5999999999999
      ],
      [
        -1.9089127331972122,
        53.410170217975974,
        534.4000000000001
      ],
      [
        -1.9089269824326038,
        53.41018010862172,
        534.5999999999999
      ],
      [
        -1.9089833926409483,
        53.4102189168334,
        535.4000000000001
      ],
      [
        -1.9090066943317652,
        53.41023651883006,
        535.8
      ],
      [
        -1.9091050140559673,
        53.41028639115393,
        536.4000000000001
      ],
      [
        -1.9091493543237448,
        53.410309022292495,
        536.8
      ],
      [
        -1.9091692194342613,
        53.4103296417743,
        537
      ],
      [
        -1.9091776851564646,
        53.410336850211024,
        537
      ],
      [
        -1.9092369452118874,
        53.410397451370955,
        538
      ],
      [
        -1.9092483446002007,
        53.410405330359936,
        538
      ],
      [
        -1.9092758372426033,
        53.41041538864374,
        538.5999999999999
      ],
      [
        -1.9093131367117167,
        53.41043240390718,
        539
      ],
      [
        -1.909340713173151,
        53.41044866479933,
        539.2
      ],
      [
        -1.909388992935419,
        53.41050557792187,
        539.5999999999999
      ],
      [
        -1.9093983806669712,
        53.410516642034054,
        539.8
      ],
      [
        -1.9093597400933504,
        53.41054589487612,
        539.5999999999999
      ],
      [
        -1.909310705959797,
        53.41064949519932,
        539.2
      ],
      [
        -1.9092550501227379,
        53.41073767282069,
        539.4000000000001
      ],
      [
        -1.9091938622295856,
        53.41082953847945,
        538.8
      ],
      [
        -1.9091724883764982,
        53.41087899170816,
        538.2
      ],
      [
        -1.909130997955799,
        53.41092433780432,
        538.4000000000001
      ],
      [
        -1.9090901780873537,
        53.41096021234989,
        538
      ],
      [
        -1.909097470343113,
        53.41097102500498,
        537.8
      ],
      [
        -1.9090890046209097,
        53.410993572324514,
        537.4000000000001
      ],
      [
        -1.9090396352112293,
        53.411049311980605,
        537.2
      ],
      [
        -1.909019686281681,
        53.41106909327209,
        537
      ],
      [
        -1.9089362863451242,
        53.41110731475055,
        536
      ],
      [
        -1.908903932198882,
        53.411106979474425,
        536
      ],
      [
        -1.9088749308139086,
        53.41109935194254,
        535.8
      ],
      [
        -1.9088749308139086,
        53.41109935194254,
        536.2
      ],
      [
        -1.9088749308139086,
        53.41109935194254,
        536.2
      ],
      [
        -1.9088857434689999,
        53.41109415516257,
        536
      ],
      [
        -1.9088749308139086,
        53.41109935194254,
        536
      ],
      [
        -1.9088749308139086,
        53.41109935194254,
        535.8
      ],
      [
        -1.9088749308139086,
        53.41109935194254,
        535.8
      ],
      [
        -1.9088749308139086,
        53.41109935194254,
        536
      ],
      [
        -1.9088749308139086,
        53.41109935194254,
        535.8
      ],
      [
        -1.9088713265955448,
        53.41109901666641,
        535.8
      ],
      [
        -1.908885408192873,
        53.411111338064075,
        536
      ],
      [
        -1.9088647048920393,
        53.411157773807645,
        536
      ],
      [
        -1.908794129267335,
        53.41119674965739,
        535.4000000000001
      ],
      [
        -1.908770240843296,
        53.41121485456824,
        534.8
      ],
      [
        -1.9086969830095768,
        53.41127092950046,
        534.4000000000001
      ],
      [
        -1.9086387287825346,
        53.4113241545856,
        533.5999999999999
      ],
      [
        -1.9086288381367922,
        53.41134385205805,
        533.5999999999999
      ],
      [
        -1.9085971545428038,
        53.41142524033785,
        533.4000000000001
      ],
      [
        -1.9086031056940556,
        53.41143152676523,
        533.4000000000001
      ],
      [
        -1.9086105655878782,
        53.41142758727074,
        533.4000000000001
      ],
      [
        -1.9085762836039066,
        53.41144829057157,
        533.4000000000001
      ],
      [
        -1.908481903374195,
        53.411520291119814,
        533.4000000000001
      ],
      [
        -1.908393893390894,
        53.41160167939961,
        533.2
      ],
      [
        -1.9083171989768744,
        53.41167544014752,
        532.8
      ],
      [
        -1.908276630565524,
        53.411732940003276,
        532.5999999999999
      ],
      [
        -1.9082394987344742,
        53.41176537796855,
        532.4000000000001
      ],
      [
        -1.908159451559186,
        53.41186545789242,
        531.8
      ],
      [
        -1.9081110041588545,
        53.41192429885268,
        531.4000000000001
      ],
      [
        -1.9080577790737152,
        53.41196050867438,
        531.2
      ],
      [
        -1.9079728703945875,
        53.41203896328807,
        530.8
      ],
      [
        -1.9079127721488476,
        53.41208405792713,
        530.4000000000001
      ],
      [
        -1.907898774370551,
        53.41209512203932,
        530.2
      ],
      [
        -1.9077929947525263,
        53.412164859473705,
        529.5999999999999
      ],
      [
        -1.90773650072515,
        53.412201488390565,
        529.4000000000001
      ],
      [
        -1.9076791685074568,
        53.41224658302963,
        528.5999999999999
      ],
      [
        -1.9076273683458567,
        53.4122964553535,
        528.4000000000001
      ],
      [
        -1.9076081737875938,
        53.412306094542146,
        528.2
      ],
      [
        -1.9075398612767458,
        53.41234448365867,
        527.4000000000001
      ],
      [
        -1.9075164757668972,
        53.41236460022628,
        527
      ],
      [
        -1.9074562098830938,
        53.41242930851877,
        526.4000000000001
      ],
      [
        -1.9074248615652323,
        53.41246300376952,
        526
      ],
      [
        -1.9073862209916115,
        53.412502985447645,
        524.8
      ],
      [
        -1.9073576387017965,
        53.41254045255482,
        524.5999999999999
      ],
      [
        -1.9072475004941225,
        53.412659307941794,
        524.2
      ],
      [
        -1.9072159845381975,
        53.41268696822226,
        523.6
      ],
      [
        -1.907169045880437,
        53.41273088939488,
        523.6
      ],
      [
        -1.9070879090577364,
        53.412817139178514,
        524.2
      ],
      [
        -1.9070442393422127,
        53.41287002898753,
        523.8
      ],
      [
        -1.9069947861135006,
        53.41293373145163,
        524.2
      ],
      [
        -1.9069810397922993,
        53.41294697485864,
        524.2
      ],
      [
        -1.9068977236747742,
        53.41300321742892,
        524.4000000000001
      ],
      [
        -1.9067613501101732,
        53.413089383393526,
        524.4000000000001
      ],
      [
        -1.9067087955772877,
        53.41311905533075,
        524.8
      ],
      [
        -1.9066444225609303,
        53.413164066150784,
        524.8
      ],
      [
        -1.9065668899565935,
        53.41327521018684,
        524.5999999999999
      ],
      [
        -1.9065058697015047,
        53.413365399464965,
        525
      ],
      [
        -1.9064906146377325,
        53.41344955377281,
        524.8
      ],
      [
        -1.906475443392992,
        53.41349137946963,
        524.8
      ],
      [
        -1.9064031075686216,
        53.413546700030565,
        525
      ],
      [
        -1.9062876049429178,
        53.413635548204184,
        525
      ],
      [
        -1.9061548355966806,
        53.4136900305748,
        525.2
      ],
      [
        -1.9061185419559479,
        53.4137106500566,
        525.2
      ],
      [
        -1.9059975072741508,
        53.41379413381219,
        525.5999999999999
      ],
      [
        -1.9059136882424355,
        53.413886250928044,
        525
      ],
      [
        -1.905801622197032,
        53.41399077326059,
        524.8
      ],
      [
        -1.9056798331439495,
        53.414081800729036,
        524.8
      ],
      [
        -1.905539184808731,
        53.41418640688062,
        524.4000000000001
      ],
      [
        -1.9055018853396177,
        53.414266370236874,
        523.6
      ],
      [
        -1.9054875522851944,
        53.414292857050896,
        523.6
      ],
      [
        -1.9054033979773521,
        53.41438530944288,
        524.2
      ],
      [
        -1.9053644221276045,
        53.41443710960448,
        524.4000000000001
      ],
      [
        -1.905310107395053,
        53.414472648873925,
        524
      ],
      [
        -1.90522201359272,
        53.4145621675998,
        523.8
      ],
      [
        -1.905150767415762,
        53.414689153432846,
        523.6
      ],
      [
        -1.9050549622625113,
        53.41479769907892,
        523.4
      ],
      [
        -1.9049400463700294,
        53.41490088030696,
        523.2
      ],
      [
        -1.904859496280551,
        53.4149953443557,
        523
      ],
      [
        -1.9047625176608562,
        53.41507279314101,
        523.4
      ],
      [
        -1.9047317560762167,
        53.4151266887784,
        523.2
      ],
      [
        -1.9046448357403278,
        53.415209501981735,
        523.4
      ],
      [
        -1.9046036805957556,
        53.415255434811115,
        523
      ],
      [
        -1.904591778293252,
        53.41527194716036,
        523
      ],
      [
        -1.9045284949243069,
        53.41535568237305,
        522.6
      ],
      [
        -1.9045087974518538,
        53.41538015753031,
        522.6
      ],
      [
        -1.904381224885583,
        53.415488954633474,
        523.2
      ],
      [
        -1.9043503794819117,
        53.415509574115276,
        523
      ],
      [
        -1.9042898621410131,
        53.41556782834232,
        522.8
      ],
      [
        -1.904273433610797,
        53.4155963268131,
        523
      ],
      [
        -1.9041929673403502,
        53.41569917276502,
        522.6
      ],
      [
        -1.9041465315967798,
        53.41573395766318,
        522.8
      ],
      [
        -1.9040065538138151,
        53.41580822132528,
        522.6
      ],
      [
        -1.9039102457463741,
        53.415864715352654,
        522.8
      ],
      [
        -1.9037702679634094,
        53.4159470256418,
        523.2
      ],
      [
        -1.903688544407487,
        53.41604182496667,
        523
      ],
      [
        -1.903617549687624,
        53.41613712720573,
        523
      ],
      [
        -1.9035826809704304,
        53.41623209416866,
        523.2
      ],
      [
        -1.9035101775079966,
        53.41632932424545,
        523.2
      ],
      [
        -1.9033775757998228,
        53.41641926206648,
        523.4
      ],
      [
        -1.9033151306211948,
        53.41645522043109,
        523.8
      ],
      [
        -1.9032681081444025,
        53.41649587266147,
        523.8
      ],
      [
        -1.9032109435647726,
        53.416591845452785,
        524
      ],
      [
        -1.903142798691988,
        53.41669091954827,
        524.2
      ],
      [
        -1.9030666071921587,
        53.41678990982473,
        524.8
      ],
      [
        -1.90302855335176,
        53.41681748628616,
        524.8
      ],
      [
        -1.9029636774212122,
        53.41685411520302,
        524.8
      ],
      [
        -1.902880696579814,
        53.41694422066212,
        525.2
      ],
      [
        -1.9028154853731394,
        53.41702695004642,
        525.2
      ],
      [
        -1.9028057623654604,
        53.417055029422045,
        525
      ],
      [
        -1.902758488431573,
        53.4171334002167,
        525.2
      ],
      [
        -1.9026501942425966,
        53.417189475148916,
        525.5999999999999
      ],
      [
        -1.9024756830185652,
        53.417239682748914,
        525.8
      ],
      [
        -1.9023823086172342,
        53.417312521487474,
        525.4000000000001
      ],
      [
        -1.902308464050293,
        53.417382426559925,
        525.5999999999999
      ],
      [
        -1.9022856652736664,
        53.41741980984807,
        525.8
      ],
      [
        -1.902231266722083,
        53.4174788184464,
        526.2
      ],
      [
        -1.90216563642025,
        53.41758308932185,
        526.4000000000001
      ],
      [
        -1.9020582642406225,
        53.41766640543938,
        526.5999999999999
      ],
      [
        -1.901960028335452,
        53.41773698106408,
        526.8
      ],
      [
        -1.9019608665257692,
        53.41774033382535,
        527
      ],
      [
        -1.901904372498393,
        53.41778375208378,
        527.4000000000001
      ],
      [
        -1.9018616247922182,
        53.41783823445439,
        527.5999999999999
      ],
      [
        -1.9018614571541548,
        53.41783949173987,
        528
      ],
      [
        -1.9018247444182634,
        53.417859273031354,
        528
      ],
      [
        -1.9016944896429777,
        53.41794108040631,
        528
      ],
      [
        -1.9016094971448183,
        53.41801350004971,
        528.4000000000001
      ],
      [
        -1.9015376642346382,
        53.418085500597954,
        529
      ],
      [
        -1.901513608172536,
        53.41810335405171,
        529
      ],
      [
        -1.9013600517064333,
        53.418158423155546,
        529.8
      ],
      [
        -1.90126265399158,
        53.41819957830012,
        529.8
      ],
      [
        -1.901231724768877,
        53.41821131296456,
        530
      ],
      [
        -1.9011865463107824,
        53.41823587194085,
        530
      ],
      [
        -1.901028547435999,
        53.418324971571565,
        530.5999999999999
      ],
      [
        -1.9009170681238174,
        53.41836688108742,
        531
      ],
      [
        -1.9009002204984426,
        53.4183715749532,
        531
      ],
      [
        -1.9007399585098028,
        53.41839202679694,
        531.2
      ],
      [
        -1.900573493912816,
        53.41839496046305,
        531.4000000000001
      ],
      [
        -1.9003978092223406,
        53.41839160770178,
        531.2
      ],
      [
        -1.9002383016049862,
        53.41843435540795,
        530.8
      ],
      [
        -1.9001422449946404,
        53.41851716861129,
        531.4000000000001
      ],
      [
        -1.9000155944377184,
        53.41856754384935,
        531.2
      ],
      [
        -1.8998657260090113,
        53.41864105314016,
        531.5999999999999
      ],
      [
        -1.8997520674020052,
        53.41869327239692,
        531.8
      ],
      [
        -1.8996166158467531,
        53.41872604563832,
        531.5999999999999
      ],
      [
        -1.8995061423629522,
        53.41875999234617,
        531.5999999999999
      ],
      [
        -1.8994074873626232,
        53.41883341781795,
        532
      ],
      [
        -1.8993079103529453,
        53.41889997012913,
        532.2
      ],
      [
        -1.899220235645771,
        53.41896442696452,
        532.2
      ],
      [
        -1.8991992808878422,
        53.41897624544799,
        532.2
      ],
      [
        -1.8990508373826742,
        53.41902838088572,
        532.2
      ],
      [
        -1.8989465665072203,
        53.41909183189273,
        532.5999999999999
      ],
      [
        -1.8988239392638206,
        53.41917674057186,
        532.4000000000001
      ],
      [
        -1.8987044133245945,
        53.419233402237296,
        532
      ],
      [
        -1.898597963154316,
        53.41929903253913,
        532.2
      ],
      [
        -1.8984887469559908,
        53.419347731396556,
        532.2
      ],
      [
        -1.8983413930982351,
        53.419426856562495,
        532.2
      ],
      [
        -1.8981810472905636,
        53.41952098533511,
        532.4000000000001
      ],
      [
        -1.898037800565362,
        53.41959893703461,
        532.4000000000001
      ],
      [
        -1.8980123195797205,
        53.419603211805224,
        532.8
      ],
      [
        -1.8979230523109436,
        53.41962927952409,
        532.4000000000001
      ],
      [
        -1.8977981619536877,
        53.41969876550138,
        532.4000000000001
      ],
      [
        -1.8976600281894207,
        53.41978954151273,
        532.5999999999999
      ],
      [
        -1.897591045126319,
        53.41981468722224,
        532.4000000000001
      ],
      [
        -1.8975519854575396,
        53.41983010992408,
        532.4000000000001
      ],
      [
        -1.897507393732667,
        53.4198478795588,
        532.4000000000001
      ],
      [
        -1.8973638955503702,
        53.41988869942725,
        532.4000000000001
      ],
      [
        -1.8971659149974585,
        53.41994837857783,
        532.8
      ],
      [
        -1.8970439583063126,
        53.41997872106731,
        532.8
      ],
      [
        -1.8970033060759306,
        53.41998693533242,
        532.5999999999999
      ],
      [
        -1.896847989410162,
        53.42003462836146,
        532.4000000000001
      ],
      [
        -1.8966693710535765,
        53.42008181847632,
        532.2
      ],
      [
        -1.8964469991624355,
        53.42010151594877,
        531.4000000000001
      ],
      [
        -1.8963631801307201,
        53.42011132277548,
        531
      ],
      [
        -1.8963413033634424,
        53.4201121609658,
        530.8
      ],
      [
        -1.8961587455123663,
        53.420133870095015,
        530
      ],
      [
        -1.8961133994162083,
        53.420144598931074,
        530
      ],
      [
        -1.8960113916546106,
        53.42014820314944,
        529.5999999999999
      ],
      [
        -1.8957919534295797,
        53.42015516012907,
        529
      ],
      [
        -1.8957698252052069,
        53.42015792615712,
        528.8
      ],
      [
        -1.8955517280846834,
        53.42016622424126,
        527.8
      ],
      [
        -1.8953401688486338,
        53.42019472271204,
        527
      ],
      [
        -1.8953204713761806,
        53.4201951418072,
        526.8
      ],
      [
        -1.8951303698122501,
        53.420206205919385,
        525.8
      ],
      [
        -1.8951023742556572,
        53.420210648328066,
        525.5999999999999
      ],
      [
        -1.895042946562171,
        53.420205200091004,
        525.4000000000001
      ],
      [
        -1.894946051761508,
        53.42021316289902,
        524.5999999999999
      ],
      [
        -1.8948367517441511,
        53.42022045515478,
        524
      ],
      [
        -1.8947261106222868,
        53.420228166505694,
        523.4
      ],
      [
        -1.894681267440319,
        53.42022883705795,
        523.4
      ],
      [
        -1.89449661411345,
        53.42023101635277,
        523.4
      ],
      [
        -1.894284887239337,
        53.420212492346764,
        523.4
      ],
      [
        -1.8941123876720667,
        53.42016069218516,
        522.8
      ],
      [
        -1.8939887546002865,
        53.420144179835916,
        522.4
      ],
      [
        -1.893949443474412,
        53.42014434747398,
        522.2
      ],
      [
        -1.8937742616981268,
        53.42016161419451,
        522.2
      ],
      [
        -1.8936924543231726,
        53.420177875086665,
        522.6
      ],
      [
        -1.8935485370457172,
        53.420191034674644,
        522.8
      ],
      [
        -1.8933994229882956,
        53.420214084908366,
        522.8
      ],
      [
        -1.8932218942791224,
        53.42021609656513,
        523
      ],
      [
        -1.893114186823368,
        53.42021877877414,
        523.4
      ],
      [
        -1.8930615484714508,
        53.42021827585995,
        523.4
      ],
      [
        -1.8929052259773016,
        53.420206708833575,
        523.8
      ],
      [
        -1.8927390966564417,
        53.42020595446229,
        524
      ],
      [
        -1.8926100153476,
        53.42023227363825,
        524.4000000000001
      ],
      [
        -1.8925893120467663,
        53.420235039666295,
        524.4000000000001
      ],
      [
        -1.8924491666257381,
        53.4202744346112,
        524.5999999999999
      ],
      [
        -1.8922785110771656,
        53.420297065749764,
        525.4000000000001
      ],
      [
        -1.8922538682818413,
        53.42029865831137,
        525.4000000000001
      ],
      [
        -1.8921331688761711,
        53.42031139880419,
        526
      ],
      [
        -1.8920031655579805,
        53.420304441824555,
        526.5999999999999
      ],
      [
        -1.891890512779355,
        53.420307878404856,
        527.2
      ],
      [
        -1.8917543906718493,
        53.42029396444559,
        527.2
      ],
      [
        -1.8915113154798746,
        53.42028088867664,
        527.4000000000001
      ],
      [
        -1.8913267459720373,
        53.42030125670135,
        527.2
      ],
      [
        -1.8911637179553509,
        53.42033000662923,
        527
      ],
      [
        -1.8909723591059446,
        53.42035221867263,
        526.8
      ],
      [
        -1.8908480554819107,
        53.42038390226662,
        526.5999999999999
      ],
      [
        -1.8907564412802458,
        53.42043570242822,
        526.5999999999999
      ],
      [
        -1.8906814232468605,
        53.42048062942922,
        526.5999999999999
      ],
      [
        -1.8906383402645588,
        53.420511558651924,
        526.5999999999999
      ],
      [
        -1.890485705807805,
        53.42056327499449,
        526.4000000000001
      ],
      [
        -1.890353774651885,
        53.420623540878296,
        526.2
      ],
      [
        -1.8901711329817772,
        53.42066972516477,
        526
      ],
      [
        -1.8900765851140022,
        53.42074155807495,
        525.4000000000001
      ],
      [
        -1.8899666145443916,
        53.42083300463855,
        525.4000000000001
      ],
      [
        -1.889826636761427,
        53.42089771293104,
        525.4000000000001
      ],
      [
        -1.889670230448246,
        53.42096778564155,
        525
      ],
      [
        -1.8895037658512592,
        53.42102344147861,
        524.5999999999999
      ],
      [
        -1.8894479423761368,
        53.42106845229864,
        524.4000000000001
      ],
      [
        -1.8894336931407452,
        53.42109267599881,
        524.2
      ],
      [
        -1.8893332779407501,
        53.42116283252835,
        524.2
      ],
      [
        -1.8892963975667953,
        53.42117833904922,
        524.4000000000001
      ],
      [
        -1.8892963975667953,
        53.42117833904922,
        524.5999999999999
      ],
      [
        -1.889294721186161,
        53.42119015753269,
        524.5999999999999
      ],
      [
        -1.8892912846058607,
        53.42118940316141,
        524.5999999999999
      ],
      [
        -1.8892890214920044,
        53.42119200155139,
        524.5999999999999
      ],
      [
        -1.8892342038452625,
        53.421217231079936,
        524.5999999999999
      ],
      [
        -1.8891988322138786,
        53.421234833076596,
        524.4000000000001
      ],
      [
        -1.889121299609542,
        53.42124044895172,
        524.2
      ],
      [
        -1.8890003487467766,
        53.42125838622451,
        523.4
      ],
      [
        -1.888956930488348,
        53.42126685194671,
        523.2
      ],
      [
        -1.8887700140476227,
        53.42129996046424,
        523.2
      ],
      [
        -1.888606483116746,
        53.42137372121215,
        522.6
      ],
      [
        -1.8884629011154175,
        53.42143298126757,
        522.4
      ],
      [
        -1.8884442932903767,
        53.421437004581094,
        522.4
      ],
      [
        -1.8883369211107492,
        53.42148310504854,
        522.2
      ],
      [
        -1.888202140107751,
        53.42153440229595,
        521.8
      ],
      [
        -1.8881092686206102,
        53.421549489721656,
        522.2
      ],
      [
        -1.8880052492022514,
        53.4215593803674,
        522.2
      ],
      [
        -1.8878626730293036,
        53.42160263098776,
        521.6
      ],
      [
        -1.8877396266907454,
        53.42165174894035,
        521.2
      ],
      [
        -1.8877247907221317,
        53.42166239395738,
        521
      ],
      [
        -1.8876200169324875,
        53.421747386455536,
        520.8
      ],
      [
        -1.8874503672122955,
        53.42181779444218,
        520.4
      ],
      [
        -1.8872850760817528,
        53.42184813693166,
        520.8
      ],
      [
        -1.887212237343192,
        53.42189482413232,
        520.6
      ],
      [
        -1.8871734291315079,
        53.42190605588257,
        520.6
      ],
      [
        -1.8870839942246675,
        53.42189557850361,
        520.4
      ],
      [
        -1.8870713375508785,
        53.4219011105597,
        520.4
      ],
      [
        -1.8870401568710804,
        53.42193924821913,
        520.6
      ],
      [
        -1.8870272487401962,
        53.421966237947345,
        520.8
      ],
      [
        -1.8870216328650713,
        53.42200756072998,
        520.8
      ],
      [
        -1.8869922123849392,
        53.42207872308791,
        520.6
      ],
      [
        -1.886848546564579,
        53.422152400016785,
        520.8
      ],
      [
        -1.8867104966193438,
        53.42218232341111,
        521.4
      ],
      [
        -1.886605890467763,
        53.422217946499586,
        521.4
      ],
      [
        -1.886513102799654,
        53.42229003086686,
        521
      ],
      [
        -1.886442443355918,
        53.42237410135567,
        520.8
      ],
      [
        -1.8863371666520834,
        53.42242036946118,
        521
      ],
      [
        -1.8861807603389025,
        53.42246160842478,
        521
      ],
      [
        -1.886103143915534,
        53.42251022346318,
        521.2
      ],
      [
        -1.8860271200537682,
        53.42259144410491,
        521.4
      ],
      [
        -1.8859546165913343,
        53.42266721650958,
        520.6
      ],
      [
        -1.8858633376657963,
        53.42271792702377,
        520.6
      ],
      [
        -1.8857354298233986,
        53.42279772274196,
        520.2
      ],
      [
        -1.8857267126441002,
        53.42280895449221,
        520.2
      ],
      [
        -1.8856919277459383,
        53.4228615090251,
        520.2
      ],
      [
        -1.885675834491849,
        53.42290040105581,
        520.2
      ],
      [
        -1.8855981342494488,
        53.422977682203054,
        520.2
      ],
      [
        -1.8854996468871832,
        53.423046665266156,
        520.2
      ],
      [
        -1.8853786960244179,
        53.423124365508556,
        520
      ],
      [
        -1.8852156680077314,
        53.423161916434765,
        520
      ],
      [
        -1.8850891012698412,
        53.42323022894561,
        519.6
      ],
      [
        -1.8850408215075731,
        53.42325361445546,
        520
      ],
      [
        -1.8849661387503147,
        53.42331471852958,
        519.4
      ],
      [
        -1.8849521409720182,
        53.42332863248885,
        519.8
      ],
      [
        -1.8849223852157593,
        53.42335989698768,
        519.6
      ],
      [
        -1.8848964013159275,
        53.42340339906514,
        519.6
      ],
      [
        -1.8848347943276167,
        53.4234537743032,
        519.4
      ],
      [
        -1.8848227243870497,
        53.42346156947315,
        519.4
      ],
      [
        -1.8847412522882223,
        53.4235071670264,
        519.6
      ],
      [
        -1.884689535945654,
        53.42353600077331,
        519.6
      ],
      [
        -1.8845046311616898,
        53.42360942624509,
        519.4
      ],
      [
        -1.8843223247677088,
        53.42366122640669,
        519
      ],
      [
        -1.8841530103236437,
        53.42371922917664,
        518.8
      ],
      [
        -1.8839752301573753,
        53.42378142289817,
        518.6
      ],
      [
        -1.8838246073573828,
        53.42378611676395,
        518.4
      ],
      [
        -1.8836986273527145,
        53.42378804460168,
        518.2
      ],
      [
        -1.8836609926074743,
        53.42379089444876,
        518
      ],
      [
        -1.8836609926074743,
        53.42379089444876,
        518
      ],
      [
        -1.8836008943617344,
        53.423805981874466,
        518
      ],
      [
        -1.8835869804024696,
        53.42382098548114,
        518
      ],
      [
        -1.883607767522335,
        53.4238129388541,
        518.2
      ],
      [
        -1.8835718929767609,
        53.42381880618632,
        518.2
      ],
      [
        -1.8835393711924553,
        53.42382517643273,
        517.8
      ],
      [
        -1.8833786062896252,
        53.42387169599533,
        517.6
      ],
      [
        -1.8832693900913,
        53.42393363825977,
        517.4
      ],
      [
        -1.8832059390842915,
        53.42397588305175,
        517.4
      ],
      [
        -1.8831706512719393,
        53.42399390414357,
        517.4
      ],
      [
        -1.8831440806388855,
        53.42401008121669,
        517.6
      ],
      [
        -1.8829699885100126,
        53.42408359050751,
        517.4
      ],
      [
        -1.8828419130295515,
        53.42415751889348,
        517.4
      ],
      [
        -1.8826927989721298,
        53.4242099057883,
        517.2
      ],
      [
        -1.882497500628233,
        53.42427075840533,
        517.2
      ],
      [
        -1.8823695927858353,
        53.424333119764924,
        517
      ],
      [
        -1.8822475522756577,
        53.424355583265424,
        517
      ],
      [
        -1.8820831831544638,
        53.424421129748225,
        516.6
      ],
      [
        -1.8819382600486279,
        53.42447904869914,
        516.6
      ],
      [
        -1.8818427063524723,
        53.42448206618428,
        516.4
      ],
      [
        -1.8818185664713383,
        53.42448768205941,
        516.2
      ],
      [
        -1.8817743100225925,
        53.42449908144772,
        516.2
      ],
      [
        -1.8816505931317806,
        53.42453914694488,
        516.2
      ],
      [
        -1.8815254513174295,
        53.42459396459162,
        516.2
      ],
      [
        -1.8814616650342941,
        53.42462648637593,
        516
      ],
      [
        -1.8814585637301207,
        53.42462992295623,
        516
      ],
      [
        -1.881401650607586,
        53.424653224647045,
        516
      ],
      [
        -1.881268210709095,
        53.42471273615956,
        516
      ],
      [
        -1.8812307436019182,
        53.42473276890814,
        516
      ],
      [
        -1.8811261374503374,
        53.42477358877659,
        515.8
      ],
      [
        -1.8810380436480045,
        53.42485874891281,
        515.6
      ],
      [
        -1.8809252232313156,
        53.42494022101164,
        515.8
      ],
      [
        -1.8808222096413374,
        53.42502580024302,
        515.8
      ],
      [
        -1.880767811089754,
        53.42510576359928,
        515.8
      ],
      [
        -1.88069480471313,
        53.42522109858692,
        516
      ],
      [
        -1.8805767875164747,
        53.425284968689084,
        516
      ],
      [
        -1.8805232271552086,
        53.42530106194317,
        516.2
      ],
      [
        -1.880422057583928,
        53.425331907346845,
        516.6
      ],
      [
        -1.8803146854043007,
        53.425391502678394,
        516.4
      ],
      [
        -1.8802077323198318,
        53.425445230677724,
        516
      ],
      [
        -1.8800643179565668,
        53.425485882908106,
        515.8
      ],
      [
        -1.87994378618896,
        53.42550365254283,
        515.6
      ],
      [
        -1.879942361265421,
        53.425509771332145,
        515.8
      ],
      [
        -1.879910510033369,
        53.42550650238991,
        516
      ],
      [
        -1.8798676785081625,
        53.42551454901695,
        515.8
      ],
      [
        -1.8797564506530762,
        53.425562577322125,
        515.4
      ],
      [
        -1.8795929197221994,
        53.42561714351177,
        515
      ],
      [
        -1.879508849233389,
        53.425643630325794,
        515
      ],
      [
        -1.879449924454093,
        53.425674894824624,
        515
      ],
      [
        -1.879347413778305,
        53.425735076889396,
        514.8
      ],
      [
        -1.8793016485869884,
        53.425753181800246,
        515
      ],
      [
        -1.8791428953409195,
        53.42579626478255,
        515
      ],
      [
        -1.8789650313556194,
        53.42583834193647,
        515
      ],
      [
        -1.8787562381476164,
        53.425866924226284,
        515
      ],
      [
        -1.8786201160401106,
        53.42586709186435,
        514.8
      ],
      [
        -1.8784922920167446,
        53.425900703296065,
        514.4
      ],
      [
        -1.8784491252154112,
        53.42590816318989,
        514.4
      ],
      [
        -1.878368491306901,
        53.42592869885266,
        514.2
      ],
      [
        -1.8781802337616682,
        53.4259592089802,
        513.8
      ],
      [
        -1.878034807741642,
        53.42596993781626,
        513.4
      ],
      [
        -1.8779043015092611,
        53.426004722714424,
        513.4
      ],
      [
        -1.8778240866959095,
        53.42602123506367,
        512.8
      ],
      [
        -1.8777782376855612,
        53.426019977778196,
        512.6
      ],
      [
        -1.8776008766144514,
        53.426002375781536,
        512.2
      ],
      [
        -1.8775609787553549,
        53.42599801719189,
        512
      ],
      [
        -1.877542119473219,
        53.425997011363506,
        512
      ],
      [
        -1.8774544447660446,
        53.425990054383874,
        511.79999999999995
      ],
      [
        -1.877436339855194,
        53.42598544433713,
        511.79999999999995
      ],
      [
        -1.877268198877573,
        53.42594638466835,
        511.20000000000005
      ],
      [
        -1.8771454878151417,
        53.42593465000391,
        511
      ],
      [
        -1.876988997682929,
        53.425947558134794,
        510.79999999999995
      ],
      [
        -1.8769667856395245,
        53.425946636125445,
        510.6
      ],
      [
        -1.8768574856221676,
        53.42596985399723,
        510.4
      ],
      [
        -1.8767044320702553,
        53.42599801719189,
        510.20000000000005
      ],
      [
        -1.876574344933033,
        53.426025258377194,
        510.20000000000005
      ],
      [
        -1.8764357920736074,
        53.42606398276985,
        510
      ],
      [
        -1.8762619514018297,
        53.42606322839856,
        510.20000000000005
      ],
      [
        -1.8761026114225388,
        53.42602098360658,
        510
      ],
      [
        -1.8759804870933294,
        53.42595376074314,
        509.79999999999995
      ],
      [
        -1.875968249514699,
        53.425944121554494,
        509.6
      ],
      [
        -1.8758521601557732,
        53.42590095475316,
        509
      ],
      [
        -1.875739675015211,
        53.42594252899289,
        509
      ],
      [
        -1.8755784910172224,
        53.425939846783876,
        510.4
      ],
      [
        -1.8754727952182293,
        53.42594018206,
        510.6
      ],
      [
        -1.8754078354686499,
        53.42594479210675,
        510.6
      ],
      [
        -1.8753033969551325,
        53.42596239410341,
        510.79999999999995
      ],
      [
        -1.8752429634332657,
        53.42598116956651,
        511
      ],
      [
        -1.8751283828169107,
        53.426004806533456,
        511.20000000000005
      ],
      [
        -1.8749650195240974,
        53.42604604549706,
        511.4
      ],
      [
        -1.874864101409912,
        53.42604202218354,
        511.79999999999995
      ],
      [
        -1.8748169112950563,
        53.42604788951576,
        511.79999999999995
      ],
      [
        -1.874684477224946,
        53.42608611099422,
        512.2
      ],
      [
        -1.8746683839708567,
        53.4260887093842,
        512.4
      ],
      [
        -1.8745096307247877,
        53.426110334694386,
        512.8
      ],
      [
        -1.8744869157671928,
        53.426109831780195,
        512.8
      ],
      [
        -1.8743338622152805,
        53.426109328866005,
        513.8
      ],
      [
        -1.8743103090673685,
        53.42611209489405,
        513.8
      ],
      [
        -1.8742110673338175,
        53.42616515234113,
        514
      ],
      [
        -1.8741637095808983,
        53.42620178125799,
        513.8
      ],
      [
        -1.874145269393921,
        53.42621116898954,
        513.8
      ],
      [
        -1.8740731850266457,
        53.42627855949104,
        514.4
      ],
      [
        -1.8740270845592022,
        53.426348716020584,
        514.4
      ],
      [
        -1.8740067165344954,
        53.42636480927467,
        514.4
      ],
      [
        -1.8738836701959372,
        53.42643060721457,
        514.6
      ],
      [
        -1.8737955763936043,
        53.42646195553243,
        514.8
      ],
      [
        -1.8737467098981142,
        53.4264877717942,
        514.8
      ],
      [
        -1.8736930657178164,
        53.426570584997535,
        514.8
      ],
      [
        -1.8736784812062979,
        53.426653230562806,
        515
      ],
      [
        -1.8736299499869347,
        53.42675649560988,
        514.8
      ],
      [
        -1.873613940551877,
        53.42682053335011,
        514.8
      ],
      [
        -1.8735781498253345,
        53.42692052945495,
        514.4
      ],
      [
        -1.8734668381512165,
        53.426979118958116,
        514.4
      ],
      [
        -1.8734082486480474,
        53.427020693197846,
        514.4
      ],
      [
        -1.8733222503215075,
        53.42712756246328,
        514.4
      ],
      [
        -1.8732527643442154,
        53.42723392881453,
        514
      ],
      [
        -1.8731906544417143,
        53.42727650888264,
        513.8
      ],
      [
        -1.8731276225298643,
        53.42732520774007,
        513.8
      ],
      [
        -1.8730491679161787,
        53.42736912891269,
        514
      ],
      [
        -1.8729505129158497,
        53.42740064486861,
        514
      ],
      [
        -1.8729044124484062,
        53.427418330684304,
        514
      ],
      [
        -1.8727482575923204,
        53.42749762348831,
        514.2
      ],
      [
        -1.8726801965385675,
        53.427546825259924,
        514.2
      ],
      [
        -1.872538374736905,
        53.42759611085057,
        514.2
      ],
      [
        -1.8724218662828207,
        53.42765252105892,
        514.2
      ],
      [
        -1.8722810503095388,
        53.4277396928519,
        514.2
      ],
      [
        -1.8722725007683039,
        53.427764251828194,
        514.2
      ],
      [
        -1.8722619395703077,
        53.427816051989794,
        514
      ],
      [
        -1.8722548987716436,
        53.42784387990832,
        513.8
      ],
      [
        -1.8722523003816605,
        53.42785402201116,
        513.8
      ],
      [
        -1.8721870053559542,
        53.42788612470031,
        513.4
      ],
      [
        -1.8720896076411009,
        53.42793205752969,
        513.2
      ],
      [
        -1.8719731830060482,
        53.42801176942885,
        513.6
      ],
      [
        -1.8718449398875237,
        53.4280748013407,
        513.6
      ],
      [
        -1.8717663176357746,
        53.42814613133669,
        513.4
      ],
      [
        -1.8716211430728436,
        53.42821863479912,
        513.8
      ],
      [
        -1.8715530820190907,
        53.428301783278584,
        513
      ],
      [
        -1.8714665807783604,
        53.42834788374603,
        513.2
      ],
      [
        -1.871350072324276,
        53.42840421013534,
        513.6
      ],
      [
        -1.8712207395583391,
        53.428490962833166,
        514
      ],
      [
        -1.8711679335683584,
        53.42855374328792,
        513.8
      ],
      [
        -1.8710964359343052,
        53.42864686623216,
        513.8
      ],
      [
        -1.8710869643837214,
        53.428765553981066,
        513
      ],
      [
        -1.8710787501186132,
        53.428775276988745,
        512.8
      ],
      [
        -1.871009347960353,
        53.42882129363716,
        512.8
      ],
      [
        -1.8709324020892382,
        53.4289017599076,
        513.2
      ],
      [
        -1.8708955217152834,
        53.42899823561311,
        512.8
      ],
      [
        -1.8708403687924147,
        53.42909135855734,
        512.8
      ],
      [
        -1.8707334157079458,
        53.42918121255934,
        513.2
      ],
      [
        -1.8706668633967638,
        53.429267881438136,
        513
      ],
      [
        -1.870562257245183,
        53.4293750859797,
        512.8
      ],
      [
        -1.8705140613019466,
        53.42946200631559,
        512.2
      ],
      [
        -1.8704553041607141,
        53.42952713370323,
        511.79999999999995
      ],
      [
        -1.8704456649720669,
        53.42953962273896,
        511.79999999999995
      ],
      [
        -1.870397301390767,
        53.42960382811725,
        511.4
      ],
      [
        -1.87035346403718,
        53.42964380979538,
        511.79999999999995
      ],
      [
        -1.8702183477580547,
        53.429747242480516,
        511
      ],
      [
        -1.870152298361063,
        53.42983156442642,
        510.6
      ],
      [
        -1.8701398093253374,
        53.42984547838569,
        510.6
      ],
      [
        -1.8700133264064789,
        53.42994254082441,
        510.6
      ],
      [
        -1.869896985590458,
        53.43004270456731,
        510.79999999999995
      ],
      [
        -1.8697690777480602,
        53.43012233264744,
        511
      ],
      [
        -1.8696352187544107,
        53.430204056203365,
        511
      ],
      [
        -1.8695749528706074,
        53.43028544448316,
        511
      ],
      [
        -1.869552992284298,
        53.430400947108865,
        511
      ],
      [
        -1.8695442751049995,
        53.43053178861737,
        510.79999999999995
      ],
      [
        -1.8695640563964844,
        53.43065005727112,
        510.6
      ],
      [
        -1.869551232084632,
        53.4307583514601,
        510.4
      ],
      [
        -1.8694853503257036,
        53.43083219602704,
        510.4
      ],
      [
        -1.8693756312131882,
        53.430912494659424,
        510.6
      ],
      [
        -1.8692898843437433,
        53.4310155082494,
        511
      ],
      [
        -1.8692600447684526,
        53.43113947659731,
        510.79999999999995
      ],
      [
        -1.869285274296999,
        53.43124668113887,
        510.6
      ],
      [
        -1.8692192249000072,
        53.43130962923169,
        510.20000000000005
      ],
      [
        -1.8692092504352331,
        53.43139663338661,
        510
      ],
      [
        -1.8693230766803026,
        53.431483218446374,
        510.4
      ],
      [
        -1.8693789839744568,
        53.43159117735922,
        510.20000000000005
      ],
      [
        -1.8693031277507544,
        53.43167742714286,
        510
      ],
      [
        -1.8692647386342287,
        53.43172922730446,
        510
      ],
      [
        -1.8692413531243801,
        53.43175227753818,
        510
      ],
      [
        -1.8691571149975061,
        53.431815225631,
        509.6
      ],
      [
        -1.869066758081317,
        53.43188563361764,
        508.79999999999995
      ],
      [
        -1.8690397683531046,
        53.43196291476488,
        509.20000000000005
      ],
      [
        -1.8690598011016846,
        53.432071544229984,
        509
      ],
      [
        -1.8690774030983448,
        53.43216449953616,
        509.4
      ],
      [
        -1.8690986093133688,
        53.4322190657258,
        508.79999999999995
      ],
      [
        -1.8690917361527681,
        53.432228453457355,
        508.4
      ],
      [
        -1.869052005931735,
        53.43225351534784,
        508.20000000000005
      ],
      [
        -1.869065836071968,
        53.4323004540056,
        508.79999999999995
      ],
      [
        -1.8690700270235538,
        53.43231520615518,
        509
      ],
      [
        -1.8690717034041882,
        53.43235359527171,
        509.4
      ],
      [
        -1.8690728768706322,
        53.43243473209441,
        509.79999999999995
      ],
      [
        -1.869076145812869,
        53.43247924000025,
        510
      ],
      [
        -1.8690745532512665,
        53.432536823675036,
        510.20000000000005
      ],
      [
        -1.8690245132893324,
        53.43264168128371,
        510
      ],
      [
        -1.8689530156552792,
        53.43275114893913,
        510
      ],
      [
        -1.8689284566789865,
        53.43279590830207,
        510
      ],
      [
        -1.8689323961734772,
        53.43279389664531,
        510.20000000000005
      ],
      [
        -1.868938012048602,
        53.43279289081693,
        510.20000000000005
      ],
      [
        -1.8689088430255651,
        53.43282415531576,
        510.4
      ],
      [
        -1.8688834458589554,
        53.432875871658325,
        510
      ],
      [
        -1.8688801769167185,
        53.43289012089372,
        510.4
      ],
      [
        -1.8688795063644648,
        53.43289028853178,
        510.6
      ],
      [
        -1.8688806798309088,
        53.43289263546467,
        510.6
      ],
      [
        -1.8688802607357502,
        53.43291283585131,
        510.6
      ],
      [
        -1.8688654247671366,
        53.43292943201959,
        510.79999999999995
      ],
      [
        -1.8688339926302433,
        53.4329963196069,
        510.6
      ],
      [
        -1.8688339926302433,
        53.43307251110673,
        510
      ],
      [
        -1.868782863020897,
        53.4331723395735,
        510
      ],
      [
        -1.868750173598528,
        53.43326102010906,
        510
      ],
      [
        -1.8687111139297485,
        53.43336286023259,
        510.20000000000005
      ],
      [
        -1.8686904106289148,
        53.433421114459634,
        510.6
      ],
      [
        -1.8686640914529562,
        53.433499904349446,
        510.79999999999995
      ],
      [
        -1.8685806076973677,
        53.433638624846935,
        510.4
      ],
      [
        -1.8685184977948666,
        53.43373803421855,
        510.20000000000005
      ],
      [
        -1.8684920109808445,
        53.43374960124493,
        510.20000000000005
      ],
      [
        -1.868494525551796,
        53.433746667578816,
        510.4
      ],
      [
        -1.8684901669621468,
        53.43375697731972,
        510.20000000000005
      ],
      [
        -1.8684528674930334,
        53.43381531536579,
        510
      ],
      [
        -1.86839260160923,
        53.43389888294041,
        510.20000000000005
      ],
      [
        -1.8683226127177477,
        53.433991335332394,
        510
      ],
      [
        -1.868233010172844,
        53.434110106900334,
        510
      ],
      [
        -1.8681709002703428,
        53.43420381657779,
        510.20000000000005
      ],
      [
        -1.8680737540125847,
        53.43431764282286,
        510
      ],
      [
        -1.8679988197982311,
        53.43440682627261,
        510
      ],
      [
        -1.867932267487049,
        53.4344884660095,
        510.20000000000005
      ],
      [
        -1.8678249791264534,
        53.43461712822318,
        510.20000000000005
      ],
      [
        -1.8677333649247885,
        53.434717459604144,
        510
      ],
      [
        -1.8676967360079288,
        53.434763392433524,
        510
      ],
      [
        -1.867630435153842,
        53.43484545126557,
        510
      ],
      [
        -1.867560027167201,
        53.434946201741695,
        510
      ],
      [
        -1.867545610293746,
        53.43497101217508,
        510
      ],
      [
        -1.8675284273922443,
        53.4349977504462,
        510
      ],
      [
        -1.8674108292907476,
        53.435112833976746,
        510.20000000000005
      ],
      [
        -1.8673208076506853,
        53.43521215952933,
        511.20000000000005
      ],
      [
        -1.8672857712954283,
        53.43526639044285,
        511.4
      ],
      [
        -1.8672617990523577,
        53.43529446981847,
        511.4
      ],
      [
        -1.8672480527311563,
        53.43531517311931,
        511.4
      ],
      [
        -1.8672162014991045,
        53.43534752726555,
        511.6
      ],
      [
        -1.8671565223485231,
        53.43542581424117,
        511.6
      ],
      [
        -1.8670705240219831,
        53.43552656471729,
        511.6
      ],
      [
        -1.8669494893401861,
        53.435675678774714,
        511.6
      ],
      [
        -1.866885032504797,
        53.43578112311661,
        511.6
      ],
      [
        -1.8667936697602272,
        53.435915652662516,
        512.2
      ],
      [
        -1.86677573248744,
        53.435943480581045,
        512.4
      ],
      [
        -1.8667156342417002,
        53.43601405620575,
        512.6
      ],
      [
        -1.866702726110816,
        53.436026042327285,
        512.6
      ],
      [
        -1.8666280433535576,
        53.43613324686885,
        513
      ],
      [
        -1.8666175659745932,
        53.436144310981035,
        513
      ],
      [
        -1.866542799398303,
        53.43627045862377,
        513.2
      ],
      [
        -1.8664817791432142,
        53.43636944890022,
        512.8
      ],
      [
        -1.8664220999926329,
        53.43647296540439,
        513.4
      ],
      [
        -1.8664101976901293,
        53.43648570589721,
        513.6
      ],
      [
        -1.8663609120994806,
        53.43654605560005,
        513.4
      ],
      [
        -1.8662799429148436,
        53.436635825783014,
        512.6
      ],
      [
        -1.8662557192146778,
        53.43666113913059,
        512.4
      ],
      [
        -1.866214731708169,
        53.43674210831523,
        512.8
      ],
      [
        -1.8661822937428951,
        53.43679918907583,
        513.6
      ],
      [
        -1.8661566451191902,
        53.43682114966214,
        513.6
      ],
      [
        -1.8660779390484095,
        53.43686389736831,
        514.6
      ],
      [
        -1.8660399690270424,
        53.436883175745606,
        514.6
      ],
      [
        -1.8659866601228714,
        53.436904633417726,
        514.8
      ],
      [
        -1.8659725785255432,
        53.43691402114928,
        514.8
      ],
      [
        -1.8659160006791353,
        53.43695224262774,
        515
      ],
      [
        -1.8658512085676193,
        53.43699658289552,
        515.6
      ],
      [
        -1.8658220395445824,
        53.43701929785311,
        515.6
      ],
      [
        -1.8656836543232203,
        53.43711636029184,
        515.6
      ],
      [
        -1.8656546529382467,
        53.43713647685945,
        515.8
      ],
      [
        -1.8655121605843306,
        53.43725357204676,
        516
      ],
      [
        -1.865486428141594,
        53.43727427534759,
        516.2
      ],
      [
        -1.8653916288167238,
        53.437357591465116,
        516
      ],
      [
        -1.8652604520320892,
        53.43749564141035,
        516.6
      ],
      [
        -1.865224912762642,
        53.43753185123205,
        516.6
      ],
      [
        -1.865143021568656,
        53.43759220093489,
        517
      ],
      [
        -1.8650607112795115,
        53.43767291866243,
        517
      ],
      [
        -1.8649469688534737,
        53.437771406024694,
        517.2
      ],
      [
        -1.8648332264274359,
        53.43787048012018,
        517.8
      ],
      [
        -1.8647219985723495,
        53.4379508625716,
        518
      ],
      [
        -1.8646148778498173,
        53.43802638351917,
        518.4
      ],
      [
        -1.8645144626498222,
        53.438075836747885,
        518.8
      ],
      [
        -1.8644843716174364,
        53.43808891251683,
        519
      ],
      [
        -1.864325450733304,
        53.438178934156895,
        519.2
      ],
      [
        -1.8641615845263004,
        53.438290832564235,
        519.4
      ],
      [
        -1.8640511110424995,
        53.43836911953986,
        519.8
      ],
      [
        -1.8640366941690445,
        53.43837699852884,
        519.8
      ],
      [
        -1.8639733269810677,
        53.438420332968235,
        519.8
      ],
      [
        -1.8639776855707169,
        53.43842142261565,
        519.6
      ],
      [
        -1.8639682978391647,
        53.43842611648142,
        519.6
      ],
      [
        -1.8638776056468487,
        53.438467187806964,
        519.8
      ],
      [
        -1.863756738603115,
        53.438524436205626,
        519.6
      ],
      [
        -1.8636113125830889,
        53.43861361965537,
        519.6
      ],
      [
        -1.8634997494518757,
        53.438725685700774,
        519.6
      ],
      [
        -1.863418696448207,
        53.43883004039526,
        519.8
      ],
      [
        -1.8633285909891129,
        53.43892810866237,
        519.4
      ],
      [
        -1.8632362224161625,
        53.43899164348841,
        519.4
      ],
      [
        -1.8630783073604107,
        53.439067834988236,
        520
      ],
      [
        -1.8629143573343754,
        53.43914184719324,
        520.2
      ],
      [
        -1.8628208991140127,
        53.43920202925801,
        520
      ],
      [
        -1.8627680093050003,
        53.43925165012479,
        519
      ],
      [
        -1.8627390917390585,
        53.43927671201527,
        518.8
      ],
      [
        -1.8626969307661057,
        53.439304707571864,
        518.4
      ],
      [
        -1.8625545222312212,
        53.439402943477035,
        518.6
      ],
      [
        -1.8624339904636145,
        53.439488941803575,
        518.6
      ],
      [
        -1.862304573878646,
        53.439549040049314,
        518.8
      ],
      [
        -1.8622183240950108,
        53.43960545025766,
        519.8
      ],
      [
        -1.862206757068634,
        53.43961098231375,
        519.8
      ],
      [
        -1.8621035758405924,
        53.43966864980757,
        520.2
      ],
      [
        -1.8619723990559578,
        53.439722461625934,
        520.4
      ],
      [
        -1.861862512305379,
        53.43979060649872,
        520.6
      ],
      [
        -1.8617942836135626,
        53.43981374055147,
        520.8
      ],
      [
        -1.8617340177297592,
        53.43983645550907,
        521
      ],
      [
        -1.8616242986172438,
        53.43990066088736,
        521.2
      ],
      [
        -1.8615291640162468,
        53.43994868919253,
        521.4
      ],
      [
        -1.861433945596218,
        53.44001742079854,
        521.2
      ],
      [
        -1.8613020982593298,
        53.440064107999206,
        521.6
      ],
      [
        -1.8612219672650099,
        53.440129570662975,
        521.8
      ],
      [
        -1.8612046167254448,
        53.44013912603259,
        521.8
      ],
      [
        -1.8611252401024103,
        53.44017365947366,
        522
      ],
      [
        -1.8610162753611803,
        53.4402110427618,
        522.2
      ],
      [
        -1.8608996830880642,
        53.44027088955045,
        522.6
      ],
      [
        -1.8608082365244627,
        53.44032428227365,
        523
      ],
      [
        -1.8607794865965843,
        53.44034221954644,
        523
      ],
      [
        -1.8606584519147873,
        53.4404063411057,
        523.4
      ],
      [
        -1.8605782371014357,
        53.44046761281788,
        523.8
      ],
      [
        -1.8605621438473463,
        53.440475491806865,
        523.8
      ],
      [
        -1.8605286162346601,
        53.44048831611872,
        524
      ],
      [
        -1.8604648299515247,
        53.44051974825561,
        524.4000000000001
      ],
      [
        -1.8604035582393408,
        53.44055897556245,
        525
      ],
      [
        -1.860383190214634,
        53.440565848723054,
        525
      ],
      [
        -1.8602882232517004,
        53.440595185384154,
        525.5999999999999
      ],
      [
        -1.8602070026099682,
        53.4406378492713,
        526
      ],
      [
        -1.8601901549845934,
        53.440645979717374,
        526
      ],
      [
        -1.8600555416196585,
        53.4406809322536,
        526.5999999999999
      ],
      [
        -1.8600005563348532,
        53.440738432109356,
        527
      ],
      [
        -1.859971135854721,
        53.44076634384692,
        527.4000000000001
      ],
      [
        -1.8598464969545603,
        53.44083054922521,
        527.8
      ],
      [
        -1.8597787711769342,
        53.44086181372404,
        528.2
      ],
      [
        -1.859735269099474,
        53.440879583358765,
        528.5999999999999
      ],
      [
        -1.859679026529193,
        53.44090288504958,
        528.5999999999999
      ],
      [
        -1.8596361111849546,
        53.44092518091202,
        528.8
      ],
      [
        -1.8595395516604185,
        53.440981758758426,
        529
      ],
      [
        -1.8594585824757814,
        53.441026685759425,
        529.2
      ],
      [
        -1.8594334367662668,
        53.44104562886059,
        529.4000000000001
      ],
      [
        -1.8593416549265385,
        53.44108376652002,
        530
      ],
      [
        -1.8592121545225382,
        53.441103380173445,
        530.2
      ],
      [
        -1.859191618859768,
        53.4411109238863,
        530.2
      ],
      [
        -1.859140656888485,
        53.44113246537745,
        530.2
      ],
      [
        -1.859095310792327,
        53.44117973931134,
        530.4000000000001
      ],
      [
        -1.85900604352355,
        53.44122718088329,
        531
      ],
      [
        -1.8588824942708015,
        53.441286105662584,
        531.2
      ],
      [
        -1.8588395789265633,
        53.44131913036108,
        531.4000000000001
      ],
      [
        -1.8587621301412582,
        53.44133329577744,
        531.4000000000001
      ],
      [
        -1.858629947528243,
        53.44138450920582,
        531.4000000000001
      ],
      [
        -1.8584896344691515,
        53.44146514311433,
        531.8
      ],
      [
        -1.8583536799997091,
        53.441514261066914,
        532.2
      ],
      [
        -1.8583074118942022,
        53.44153613783419,
        532.2
      ],
      [
        -1.8582774884998798,
        53.44155164435506,
        532.4000000000001
      ],
      [
        -1.8582887202501297,
        53.44155315309763,
        532.4000000000001
      ],
      [
        -1.8582336511462927,
        53.44157947227359,
        532.4000000000001
      ],
      [
        -1.8581188190728426,
        53.44163269735873,
        532.8
      ],
      [
        -1.8579873908311129,
        53.44169254414737,
        533.2
      ],
      [
        -1.8579324893653393,
        53.44172171317041,
        533.4000000000001
      ],
      [
        -1.8578676134347916,
        53.44175146892667,
        533.5999999999999
      ],
      [
        -1.8577429745346308,
        53.441811399534345,
        534
      ],
      [
        -1.8576705548912287,
        53.44184626825154,
        534.4000000000001
      ],
      [
        -1.8576438166201115,
        53.441870575770736,
        534.5999999999999
      ],
      [
        -1.8575424794107676,
        53.44192011281848,
        535
      ],
      [
        -1.857422785833478,
        53.44199236482382,
        535.2
      ],
      [
        -1.8572757672518492,
        53.4420570731163,
        535.4000000000001
      ],
      [
        -1.8572448380291462,
        53.44207316637039,
        535.4000000000001
      ],
      [
        -1.8571451772004366,
        53.442137874662876,
        535.8
      ],
      [
        -1.857093209400773,
        53.44217291101813,
        536.2
      ],
      [
        -1.8570423312485218,
        53.442200906574726,
        536.2
      ],
      [
        -1.8569454364478588,
        53.44226159155369,
        536.4000000000001
      ],
      [
        -1.8568986654281616,
        53.442281540483236,
        536.8
      ],
      [
        -1.8569046165794134,
        53.44228598289192,
        536.8
      ],
      [
        -1.8568371422588825,
        53.4422938618809,
        536.8
      ],
      [
        -1.856674114242196,
        53.44234323129058,
        536.8
      ],
      [
        -1.856566658243537,
        53.44239897094667,
        536.8
      ],
      [
        -1.8564902991056442,
        53.44246015883982,
        536.5999999999999
      ],
      [
        -1.8564299494028091,
        53.442522436380386,
        537.2
      ],
      [
        -1.8563479743897915,
        53.44258018769324,
        537.5999999999999
      ],
      [
        -1.8562448769807816,
        53.442631401121616,
        538.2
      ],
      [
        -1.856162901967764,
        53.44268906861544,
        538.5999999999999
      ],
      [
        -1.8560879677534103,
        53.44272770918906,
        539
      ],
      [
        -1.856005908921361,
        53.4428102709353,
        539.2
      ],
      [
        -1.855947319418192,
        53.442851258441806,
        539.5999999999999
      ],
      [
        -1.8559177312999964,
        53.442878080531955,
        539.8
      ],
      [
        -1.855812119320035,
        53.44293457455933,
        540.2
      ],
      [
        -1.855722265318036,
        53.44298729673028,
        540.8
      ],
      [
        -1.8556406255811453,
        53.443043204024434,
        541.4000000000001
      ],
      [
        -1.8556017335504293,
        53.44309056177735,
        541.8
      ],
      [
        -1.8555195070803165,
        53.44317362643778,
        542.5999999999999
      ],
      [
        -1.8554809503257275,
        53.4432022087276,
        543
      ],
      [
        -1.8554140627384186,
        53.443232383579016,
        543.2
      ],
      [
        -1.855320604518056,
        53.443302707746625,
        544
      ],
      [
        -1.85520451515913,
        53.443387700244784,
        544.5999999999999
      ],
      [
        -1.8551512900739908,
        53.443416533991694,
        545
      ],
      [
        -1.8550703208893538,
        53.443457102403045,
        545.5999999999999
      ],
      [
        -1.8549897707998753,
        53.4435077290982,
        546
      ],
      [
        -1.8549601826816797,
        53.44354008324444,
        546.2
      ],
      [
        -1.8549180217087269,
        53.44357503578067,
        546.5999999999999
      ],
      [
        -1.8548769503831863,
        53.443624740466475,
        547.2
      ],
      [
        -1.8548671435564756,
        53.44364351592958,
        547.2
      ],
      [
        -1.8547764513641596,
        53.44369523227215,
        548
      ],
      [
        -1.8547574244439602,
        53.44371040351689,
        548.2
      ],
      [
        -1.854693302884698,
        53.44374753534794,
        548.5999999999999
      ],
      [
        -1.8546083103865385,
        53.44378265552223,
        549.2
      ],
      [
        -1.8545887805521488,
        53.443794809281826,
        549.4000000000001
      ],
      [
        -1.8545580189675093,
        53.443825570866466,
        549.5999999999999
      ],
      [
        -1.854541590437293,
        53.443831438198686,
        549.8
      ],
      [
        -1.854477971792221,
        53.443873431533575,
        550.2
      ],
      [
        -1.8544524069875479,
        53.443890111520886,
        550.4000000000001
      ],
      [
        -1.8544063065201044,
        53.44392003491521,
        550.8
      ],
      [
        -1.8543535843491554,
        53.44394241459668,
        551.5999999999999
      ],
      [
        -1.854307483881712,
        53.443962782621384,
        551.5999999999999
      ],
      [
        -1.854270100593567,
        53.44401097856462,
        552
      ],
      [
        -1.8542096670717,
        53.44407660886645,
        552.5999999999999
      ],
      [
        -1.8541218247264624,
        53.44414643011987,
        553.4000000000001
      ],
      [
        -1.8540440406650305,
        53.44419186003506,
        553.5999999999999
      ],
      [
        -1.8540234211832285,
        53.44420451670885,
        553.8
      ],
      [
        -1.8539547733962536,
        53.444256987422705,
        554.4000000000001
      ],
      [
        -1.8539308849722147,
        53.444277103990316,
        554.8
      ],
      [
        -1.8538361694663763,
        53.444330245256424,
        555.5999999999999
      ],
      [
        -1.8537441361695528,
        53.444362096488476,
        556
      ],
      [
        -1.8536817748099566,
        53.444431917741895,
        556.4000000000001
      ],
      [
        -1.8536426313221455,
        53.44447718001902,
        557
      ],
      [
        -1.8536343332380056,
        53.44448455609381,
        557
      ],
      [
        -1.8535388633608818,
        53.444522777572274,
        557.5999999999999
      ],
      [
        -1.853486057370901,
        53.4445508569479,
        558
      ],
      [
        -1.8534709699451923,
        53.44456736929715,
        558.4000000000001
      ],
      [
        -1.8534247018396854,
        53.44462126493454,
        559
      ],
      [
        -1.8534182477742434,
        53.44463341869414,
        559.2
      ],
      [
        -1.8533492647111416,
        53.444679686799645,
        559.5999999999999
      ],
      [
        -1.8532824609428644,
        53.444717824459076,
        560
      ],
      [
        -1.8532707262784243,
        53.44472788274288,
        560
      ],
      [
        -1.8532611709088087,
        53.44473869539797,
        560
      ],
      [
        -1.8531594146043062,
        53.444846235215664,
        561
      ],
      [
        -1.8531449139118195,
        53.44485579058528,
        561
      ],
      [
        -1.8531035911291838,
        53.444899125024676,
        561.5999999999999
      ],
      [
        -1.8530870787799358,
        53.44491974450648,
        562.2
      ],
      [
        -1.8530651181936264,
        53.4449393581599,
        562.5999999999999
      ],
      [
        -1.8530016671866179,
        53.444979172199965,
        563.4000000000001
      ],
      [
        -1.8529810477048159,
        53.445000713691115,
        563.5999999999999
      ],
      [
        -1.8529682233929634,
        53.445032397285104,
        564.4000000000001
      ],
      [
        -1.8529487773776054,
        53.445079335942864,
        564.8
      ],
      [
        -1.8529138248413801,
        53.445166759192944,
        564.8
      ],
      [
        -1.8528693169355392,
        53.44523171894252,
        565.4000000000001
      ],
      [
        -1.8528345320373774,
        53.44528762623668,
        565.8
      ],
      [
        -1.852810475975275,
        53.445370607078075,
        566.4000000000001
      ],
      [
        -1.852794885635376,
        53.44543498009443,
        567
      ],
      [
        -1.8527739308774471,
        53.44552458263934,
        567.4000000000001
      ],
      [
        -1.852706791833043,
        53.44558208249509,
        567.4000000000001
      ],
      [
        -1.8526948057115078,
        53.44559021294117,
        567.5999999999999
      ],
      [
        -1.8526557460427284,
        53.445632541552186,
        567.8
      ],
      [
        -1.8526353780180216,
        53.44567587599158,
        568
      ],
      [
        -1.8526166025549173,
        53.445709235966206,
        568.8
      ],
      [
        -1.8526004254817963,
        53.44574024900794,
        569.2
      ],
      [
        -1.8525674846023321,
        53.44584343023598,
        569.5999999999999
      ],
      [
        -1.8525497149676085,
        53.44590486958623,
        569.4000000000001
      ],
      [
        -1.8525420036166906,
        53.44597661867738,
        568.8
      ],
      [
        -1.8525278382003307,
        53.44608189538121,
        568.8
      ],
      [
        -1.852520713582635,
        53.446174347773194,
        569
      ],
      [
        -1.8525628745555878,
        53.44624743796885,
        569.4000000000001
      ],
      [
        -1.8526233918964863,
        53.44629387371242,
        569.8
      ],
      [
        -1.8526418320834637,
        53.44629932194948,
        569.8
      ],
      [
        -1.8527248967438936,
        53.44634810462594,
        570
      ],
      [
        -1.8526771198958158,
        53.44640325754881,
        570.2
      ],
      [
        -1.8526272475719452,
        53.446495374664664,
        570.5999999999999
      ],
      [
        -1.8526059575378895,
        53.44657542183995,
        571
      ],
      [
        -1.8525988329201937,
        53.44660014845431,
        571
      ],
      [
        -1.852585757151246,
        53.446657648310065,
        571.4000000000001
      ],
      [
        -1.8525181990116835,
        53.44674012623727,
        571.5999999999999
      ],
      [
        -1.8525194562971592,
        53.4468025714159,
        571.8
      ],
      [
        -1.8525459431111813,
        53.44682168215513,
        572
      ],
      [
        -1.8525824882090092,
        53.44683324918151,
        572.2
      ],
      [
        -1.852604951709509,
        53.44683609902859,
        572.2
      ],
      [
        -1.8526974879205227,
        53.446892676874995,
        572.5999999999999
      ],
      [
        -1.8526878487318754,
        53.44697641208768,
        572.5999999999999
      ],
      [
        -1.8526141718029976,
        53.44704179093242,
        572.8
      ],
      [
        -1.8525834940373898,
        53.44706458970904,
        573
      ],
      [
        -1.8525252398103476,
        53.44713089056313,
        573.2
      ],
      [
        -1.8524396605789661,
        53.447216134518385,
        573.2
      ],
      [
        -1.8523972481489182,
        53.447268856689334,
        573.5999999999999
      ],
      [
        -1.8523721024394035,
        53.44731646589935,
        573.5999999999999
      ],
      [
        -1.8523365631699562,
        53.44737706705928,
        573.8
      ],
      [
        -1.8523197993636131,
        53.44747404567897,
        574
      ],
      [
        -1.8523120041936636,
        53.447481505572796,
        574.2
      ],
      [
        -1.852309238165617,
        53.44755099155009,
        574.2
      ],
      [
        -1.8524104915559292,
        53.44759658910334,
        574.2
      ],
      [
        -1.8524144310504198,
        53.447613436728716,
        574.2
      ],
      [
        -1.8524311948567629,
        53.447635397315025,
        574.2
      ],
      [
        -1.8524608667939901,
        53.44766934402287,
        574.2
      ],
      [
        -1.8525070510804653,
        53.44768803566694,
        574.2
      ],
      [
        -1.8525790516287088,
        53.44770446419716,
        574
      ],
      [
        -1.8526165187358856,
        53.44771510921419,
        574
      ],
      [
        -1.8526576738804579,
        53.44775333069265,
        573.8
      ],
      [
        -1.8526409938931465,
        53.44779456965625,
        573.8
      ],
      [
        -1.8526630382984877,
        53.44787931069732,
        573.4000000000001
      ],
      [
        -1.8527327757328749,
        53.44794183969498,
        573.5999999999999
      ],
      [
        -1.8527861684560776,
        53.44801233150065,
        573.5999999999999
      ],
      [
        -1.852902676910162,
        53.44807209447026,
        573.8
      ],
      [
        -1.8530662078410387,
        53.44810754992068,
        573.8
      ],
      [
        -1.8531984742730856,
        53.44814292155206,
        573.5999999999999
      ],
      [
        -1.853321772068739,
        53.44820553436875,
        573.5999999999999
      ],
      [
        -1.8534368555992842,
        53.448271080851555,
        573
      ],
      [
        -1.8534575589001179,
        53.44827627763152,
        573
      ],
      [
        -1.8535676132887602,
        53.44830988906324,
        572.5999999999999
      ],
      [
        -1.853625699877739,
        53.44832740724087,
        572.4000000000001
      ],
      [
        -1.8537092674523592,
        53.448364958167076,
        571.8
      ],
      [
        -1.8537536915391684,
        53.448390355333686,
        570.8
      ],
      [
        -1.8538028933107853,
        53.44843553379178,
        569.8
      ],
      [
        -1.8538223393261433,
        53.44847199507058,
        569.5999999999999
      ],
      [
        -1.853879252448678,
        53.4485674649477,
        569.5999999999999
      ],
      [
        -1.8538201600313187,
        53.44864659011364,
        569.5999999999999
      ],
      [
        -1.8537665158510208,
        53.44873300753534,
        569.8
      ],
      [
        -1.8537443038076162,
        53.44875312410295,
        569.5999999999999
      ],
      [
        -1.8537236005067825,
        53.44876980409026,
        569.4000000000001
      ],
      [
        -1.8536222632974386,
        53.44879821874201,
        568.5999999999999
      ],
      [
        -1.8536046613007784,
        53.44880207441747,
        568.5999999999999
      ],
      [
        -1.8535242788493633,
        53.44883032143116,
        568
      ],
      [
        -1.8534427229315042,
        53.44887340441346,
        567.5999999999999
      ],
      [
        -1.853429228067398,
        53.448887234553695,
        567.4000000000001
      ],
      [
        -1.853421265259385,
        53.44895428977907,
        567
      ],
      [
        -1.8533920124173164,
        53.44899536110461,
        565.5999999999999
      ],
      [
        -1.8534018192440271,
        53.449017656967044,
        565.4000000000001
      ],
      [
        -1.853470215573907,
        53.44908429309726,
        565.2
      ],
      [
        -1.8535767495632172,
        53.44912050291896,
        564.8
      ],
      [
        -1.853608600795269,
        53.449138943105936,
        564.5999999999999
      ],
      [
        -1.8536582216620445,
        53.44916987232864,
        564
      ],
      [
        -1.8536754045635462,
        53.44918697141111,
        563.4000000000001
      ],
      [
        -1.8536914978176355,
        53.44919057562947,
        563.2
      ],
      [
        -1.8537465669214725,
        53.44920750707388,
        563
      ],
      [
        -1.8538172263652086,
        53.4492255281657,
        562.8
      ],
      [
        -1.8538908194750547,
        53.449255200102925,
        562.5999999999999
      ],
      [
        -1.8540490698069334,
        53.44928185455501,
        562.8
      ],
      [
        -1.8541370797902346,
        53.44928772188723,
        563
      ],
      [
        -1.8541649915277958,
        53.44930515624583,
        563
      ],
      [
        -1.8542882055044174,
        53.44934295862913,
        563.4000000000001
      ],
      [
        -1.8544045463204384,
        53.44939668662846,
        563.2
      ],
      [
        -1.8545266706496477,
        53.44944588840008,
        562.5999999999999
      ],
      [
        -1.8546700850129128,
        53.44949282705784,
        562.5999999999999
      ],
      [
        -1.8548199534416199,
        53.449512692168355,
        562.5999999999999
      ],
      [
        -1.8549553211778402,
        53.44955896027386,
        563
      ],
      [
        -1.8550227954983711,
        53.44958586618304,
        562.8
      ],
      [
        -1.8550227954983711,
        53.44958586618304,
        562.8
      ],
      [
        -1.8550156708806753,
        53.4495950024575,
        562.8
      ],
      [
        -1.8550177663564682,
        53.4496002830565,
        562.8
      ],
      [
        -1.8550147488713264,
        53.44961008988321,
        563
      ],
      [
        -1.8550139106810093,
        53.449611347168684,
        563
      ],
      [
        -1.8550139106810093,
        53.449611347168684,
        563.2
      ],
      [
        -1.8550139106810093,
        53.449611347168684,
        562.4000000000001
      ],
      [
        -1.8550139106810093,
        53.449611347168684,
        562.5999999999999
      ],
      [
        -1.8550139106810093,
        53.449611347168684,
        562.5999999999999
      ],
      [
        -1.8550139106810093,
        53.449611347168684,
        562.5999999999999
      ],
      [
        -1.8550139106810093,
        53.449611347168684,
        562.5999999999999
      ],
      [
        -1.8550139106810093,
        53.449611347168684,
        562.5999999999999
      ],
      [
        -1.8550139106810093,
        53.449611347168684,
        562.8
      ],
      [
        -1.8550139106810093,
        53.449611347168684,
        562.8
      ],
      [
        -1.8550139106810093,
        53.449611347168684,
        562.8
      ],
      [
        -1.8550211191177368,
        53.449605982750654,
        563
      ],
      [
        -1.8550267349928617,
        53.449603132903576,
        563
      ],
      [
        -1.8550324346870184,
        53.44959567300975,
        563
      ],
      [
        -1.8550324346870184,
        53.44959567300975,
        562.8
      ],
      [
        -1.8550324346870184,
        53.44959567300975,
        562.8
      ],
      [
        -1.8550324346870184,
        53.44959567300975,
        563
      ],
      [
        -1.8550324346870184,
        53.44959567300975,
        563
      ],
      [
        -1.8550193589180708,
        53.44960807822645,
        563.2
      ],
      [
        -1.8550113122910261,
        53.44961126334965,
        563
      ],
      [
        -1.8550113122910261,
        53.44961126334965,
        563.2
      ],
      [
        -1.8550113122910261,
        53.44961126334965,
        563.2
      ],
      [
        -1.8550113122910261,
        53.44961126334965,
        563.4000000000001
      ],
      [
        -1.8550113122910261,
        53.44961126334965,
        563.4000000000001
      ],
      [
        -1.8550113122910261,
        53.44961126334965,
        563.4000000000001
      ],
      [
        -1.8550113122910261,
        53.44961126334965,
        563.4000000000001
      ],
      [
        -1.8550113122910261,
        53.44961126334965,
        563.2
      ],
      [
        -1.8550113122910261,
        53.44961126334965,
        563.2
      ],
      [
        -1.8550113122910261,
        53.44961126334965,
        563.2
      ],
      [
        -1.8550242204219103,
        53.449597684666514,
        563.4000000000001
      ],
      [
        -1.8550242204219103,
        53.44959793612361,
        563.4000000000001
      ],
      [
        -1.8550242204219103,
        53.44959793612361,
        563.5999999999999
      ],
      [
        -1.8550242204219103,
        53.44959793612361,
        563.5999999999999
      ],
      [
        -1.8550242204219103,
        53.44959793612361,
        563.8
      ],
      [
        -1.8550242204219103,
        53.44959793612361,
        563.5999999999999
      ],
      [
        -1.8550242204219103,
        53.44959793612361,
        563.8
      ],
      [
        -1.8550242204219103,
        53.44959793612361,
        563.8
      ],
      [
        -1.8550242204219103,
        53.44959793612361,
        563.8
      ],
      [
        -1.8550242204219103,
        53.44959793612361,
        564
      ],
      [
        -1.8550160061568022,
        53.44961050897837,
        563.8
      ],
      [
        -1.8550160061568022,
        53.44961050897837,
        563.8
      ],
      [
        -1.8550160061568022,
        53.44961050897837,
        563.8
      ],
      [
        -1.8550160061568022,
        53.44961050897837,
        563.8
      ],
      [
        -1.8550160061568022,
        53.44961050897837,
        563.5999999999999
      ],
      [
        -1.8550160061568022,
        53.44961050897837,
        563.8
      ],
      [
        -1.855017263442278,
        53.44960908405483,
        564
      ],
      [
        -1.8550160061568022,
        53.44961050897837,
        564
      ],
      [
        -1.8550212867558002,
        53.44959760084748,
        564
      ],
      [
        -1.8550212867558002,
        53.44959760084748,
        564
      ],
      [
        -1.8550212867558002,
        53.44959760084748,
        564
      ],
      [
        -1.8550212867558002,
        53.44959760084748,
        564
      ],
      [
        -1.8550212867558002,
        53.44959760084748,
        564.4000000000001
      ],
      [
        -1.8550212867558002,
        53.44959760084748,
        564.4000000000001
      ],
      [
        -1.8550212867558002,
        53.44959760084748,
        564.4000000000001
      ],
      [
        -1.8550212867558002,
        53.44959760084748,
        564.4000000000001
      ],
      [
        -1.8550212867558002,
        53.44959760084748,
        564.4000000000001
      ],
      [
        -1.8550212867558002,
        53.44959760084748,
        564.2
      ],
      [
        -1.8550212867558002,
        53.44959760084748,
        564.2
      ],
      [
        -1.8550212867558002,
        53.44959760084748,
        564.4000000000001
      ],
      [
        -1.8550212867558002,
        53.44959760084748,
        564.4000000000001
      ],
      [
        -1.8550212867558002,
        53.44959760084748,
        564.4000000000001
      ],
      [
        -1.8550212867558002,
        53.44959760084748,
        564.4000000000001
      ],
      [
        -1.8550212867558002,
        53.44959760084748,
        564.4000000000001
      ],
      [
        -1.8550212867558002,
        53.44959760084748,
        564.4000000000001
      ],
      [
        -1.8550212867558002,
        53.44959760084748,
        564.4000000000001
      ],
      [
        -1.8550212867558002,
        53.44959760084748,
        564.4000000000001
      ],
      [
        -1.8550212867558002,
        53.44959760084748,
        564.2
      ],
      [
        -1.8550212867558002,
        53.44959760084748,
        564.4000000000001
      ],
      [
        -1.8550212867558002,
        53.44959760084748,
        564.5999999999999
      ],
      [
        -1.8550212867558002,
        53.44959760084748,
        564.5999999999999
      ],
      [
        -1.8550212867558002,
        53.44959760084748,
        564.5999999999999
      ],
      [
        -1.8550212867558002,
        53.44959760084748,
        564.5999999999999
      ],
      [
        -1.8550212867558002,
        53.44959760084748,
        564.5999999999999
      ],
      [
        -1.8550212867558002,
        53.44959760084748,
        564.4000000000001
      ],
      [
        -1.8550212867558002,
        53.44959760084748,
        564.5999999999999
      ],
      [
        -1.8550212867558002,
        53.44959760084748,
        564.5999999999999
      ],
      [
        -1.8550212867558002,
        53.44959760084748,
        564.5999999999999
      ],
      [
        -1.8550212867558002,
        53.44959760084748,
        564.4000000000001
      ],
      [
        -1.8550212867558002,
        53.44959760084748,
        564.5999999999999
      ],
      [
        -1.8550212867558002,
        53.44959760084748,
        564.5999999999999
      ],
      [
        -1.8550212867558002,
        53.44959760084748,
        564.5999999999999
      ],
      [
        -1.8550238013267517,
        53.449599193409085,
        564.5999999999999
      ],
      [
        -1.8550212867558002,
        53.44959760084748,
        564.5999999999999
      ],
      [
        -1.8550212867558002,
        53.44959760084748,
        564.5999999999999
      ],
      [
        -1.8550212867558002,
        53.44959760084748,
        564.5999999999999
      ],
      [
        -1.8550139106810093,
        53.449596678838134,
        564.5999999999999
      ],
      [
        -1.8550152517855167,
        53.449596678838134,
        564.5999999999999
      ],
      [
        -1.8550212867558002,
        53.44959760084748,
        564.5999999999999
      ],
      [
        -1.8550212867558002,
        53.44959760084748,
        564.8
      ],
      [
        -1.8550212867558002,
        53.44959760084748,
        564.5999999999999
      ],
      [
        -1.8550212867558002,
        53.44959760084748,
        564.5999999999999
      ],
      [
        -1.8550212867558002,
        53.44959760084748,
        564.5999999999999
      ],
      [
        -1.8550212867558002,
        53.44959760084748,
        564.8
      ],
      [
        -1.8550212867558002,
        53.44959760084748,
        564.8
      ],
      [
        -1.8550212867558002,
        53.44959760084748,
        564.8
      ],
      [
        -1.8550212867558002,
        53.44959760084748,
        564.8
      ],
      [
        -1.8550212867558002,
        53.44959760084748,
        565
      ],
      [
        -1.8550212867558002,
        53.44959760084748,
        565
      ],
      [
        -1.8550212867558002,
        53.44959760084748,
        565
      ],
      [
        -1.8550212867558002,
        53.44959760084748,
        565
      ],
      [
        -1.8550147488713264,
        53.44960640184581,
        565
      ],
      [
        -1.8550221249461174,
        53.44960422255099,
        565.4000000000001
      ],
      [
        -1.8550140783190727,
        53.44960330054164,
        565.5999999999999
      ],
      [
        -1.8550212867558002,
        53.44959760084748,
        565.5999999999999
      ],
      [
        -1.8550212867558002,
        53.44959760084748,
        565.5999999999999
      ],
      [
        -1.8550212867558002,
        53.44959760084748,
        565.5999999999999
      ],
      [
        -1.8550212867558002,
        53.44959760084748,
        565.5999999999999
      ],
      [
        -1.8550212867558002,
        53.44959760084748,
        565.5999999999999
      ],
      [
        -1.8550212867558002,
        53.44959760084748,
        565.5999999999999
      ],
      [
        -1.8550212867558002,
        53.44959760084748,
        565.5999999999999
      ],
      [
        -1.8550212867558002,
        53.44959760084748,
        565.5999999999999
      ],
      [
        -1.8550212867558002,
        53.44959760084748,
        565.4000000000001
      ],
      [
        -1.8550212867558002,
        53.44959760084748,
        565.4000000000001
      ],
      [
        -1.8550212867558002,
        53.44959760084748,
        565.4000000000001
      ],
      [
        -1.8550212867558002,
        53.44959760084748,
        565.4000000000001
      ],
      [
        -1.8550212867558002,
        53.44959760084748,
        565.4000000000001
      ],
      [
        -1.8550212867558002,
        53.44959760084748,
        565.4000000000001
      ],
      [
        -1.8550212867558002,
        53.44959760084748,
        565.5999999999999
      ],
      [
        -1.8550212867558002,
        53.44959760084748,
        565.5999999999999
      ],
      [
        -1.8550134915858507,
        53.44960514456034,
        565.5999999999999
      ],
      [
        -1.8550179339945316,
        53.449603551998734,
        565.5999999999999
      ],
      [
        -1.8551021721214056,
        53.44962098635733,
        566
      ],
      [
        -1.855148272588849,
        53.44963129609823,
        566.2
      ],
      [
        -1.855220440775156,
        53.44966189004481,
        565.4000000000001
      ],
      [
        -1.855286741629243,
        53.44970220699906,
        564.5999999999999
      ],
      [
        -1.8552942015230656,
        53.4497038833797,
        564.4000000000001
      ],
      [
        -1.8553527910262346,
        53.449725676327944,
        564.4000000000001
      ],
      [
        -1.855395371094346,
        53.44975710846484,
        564.5999999999999
      ],
      [
        -1.8554275576025248,
        53.449806896969676,
        565.2
      ],
      [
        -1.8554261326789856,
        53.44981259666383,
        565.4000000000001
      ],
      [
        -1.8554392084479332,
        53.44982701353729,
        565.4000000000001
      ],
      [
        -1.8554402142763138,
        53.449835227802396,
        565.4000000000001
      ],
      [
        -1.8554890807718039,
        53.449855176731944,
        565.4000000000001
      ],
      [
        -1.8554853927344084,
        53.44985651783645,
        565.4000000000001
      ],
      [
        -1.8554742448031902,
        53.44987512566149,
        565.5999999999999
      ],
      [
        -1.8554740771651268,
        53.44989356584847,
        565.5999999999999
      ],
      [
        -1.8555014859884977,
        53.449902618303895,
        565.8
      ],
      [
        -1.855518752709031,
        53.44989951699972,
        565.8
      ],
      [
        -1.8555713072419167,
        53.44986557029188,
        566
      ],
      [
        -1.8555749114602804,
        53.4498677495867,
        566
      ],
      [
        -1.8555480893701315,
        53.44991745427251,
        566.2
      ],
      [
        -1.8555524479597807,
        53.44993505626917,
        566.2
      ],
      [
        -1.8555433955043554,
        53.44994645565748,
        566.2
      ],
      [
        -1.8555289786309004,
        53.44995081424713,
        566.2
      ],
      [
        -1.85550550930202,
        53.449975876137614,
        566.2
      ],
      [
        -1.8555122148245573,
        53.45001761801541,
        566.2
      ],
      [
        -1.8555372767150402,
        53.45005240291357,
        566.4000000000001
      ],
      [
        -1.8555785156786442,
        53.45008316449821,
        566.5999999999999
      ],
      [
        -1.8555834610015154,
        53.450097162276506,
        566.5999999999999
      ],
      [
        -1.8556049186736345,
        53.450121972709894,
        566.5999999999999
      ],
      [
        -1.855606259778142,
        53.4501338750124,
        566.5999999999999
      ],
      [
        -1.8556044157594442,
        53.45017100684345,
        566.5999999999999
      ],
      [
        -1.8556039966642857,
        53.450179640203714,
        566.5999999999999
      ],
      [
        -1.8556030746549368,
        53.450181651860476,
        566.5999999999999
      ],
      [
        -1.8556014820933342,
        53.45018299296498,
        566.5999999999999
      ],
      [
        -1.8556031584739685,
        53.45018936321139,
        566.5999999999999
      ],
      [
        -1.855605337768793,
        53.45017444342375,
        566.8
      ],
      [
        -1.8556019850075245,
        53.450126415118575,
        566.5999999999999
      ],
      [
        -1.8555635120719671,
        53.450071178376675,
        566.5999999999999
      ],
      [
        -1.8555384501814842,
        53.45006321556866,
        566.4000000000001
      ],
      [
        -1.8555365223437548,
        53.45006564632058,
        566.4000000000001
      ],
      [
        -1.8555348459631205,
        53.45007327385247,
        566.4000000000001
      ],
      [
        -1.855500228703022,
        53.45013605430722,
        566.4000000000001
      ],
      [
        -1.8555257935076952,
        53.45020143315196,
        567
      ],
      [
        -1.8555278051644564,
        53.450253987684846,
        567.5999999999999
      ],
      [
        -1.8555578961968422,
        53.4503133315593,
        568.2
      ],
      [
        -1.8555592373013496,
        53.450346356257796,
        568.4000000000001
      ],
      [
        -1.8555634282529354,
        53.450364377349615,
        568.4000000000001
      ],
      [
        -1.855552364140749,
        53.45039798878133,
        568
      ],
      [
        -1.8555423058569431,
        53.450449453666806,
        567.5999999999999
      ],
      [
        -1.85555974021554,
        53.45047158189118,
        567.5999999999999
      ],
      [
        -1.8556094449013472,
        53.450522208586335,
        568
      ],
      [
        -1.8555968720465899,
        53.45052916556597,
        568
      ],
      [
        -1.8555683735758066,
        53.4505604300648,
        568.4000000000001
      ],
      [
        -1.8555486761033535,
        53.45059487968683,
        568.8
      ],
      [
        -1.8555499333888292,
        53.450618432834744,
        569
      ],
      [
        -1.8555487599223852,
        53.450648188591,
        569
      ],
      [
        -1.8555658590048552,
        53.45067718997598,
        568.8
      ],
      [
        -1.8555764202028513,
        53.45070996321738,
        569.2
      ],
      [
        -1.8555448204278946,
        53.45069210976362,
        569.4000000000001
      ],
      [
        -1.8555195908993483,
        53.450698647648096,
        569
      ],
      [
        -1.8555194232612848,
        53.45072186551988,
        569.2
      ],
      [
        -1.8555811140686274,
        53.450793530792,
        569.4000000000001
      ],
      [
        -1.8556125462055206,
        53.450837368145585,
        570
      ],
      [
        -1.8556060083210468,
        53.45085966400802,
        570.2
      ],
      [
        -1.8556023202836514,
        53.45092152245343,
        570.8
      ],
      [
        -1.8555993027985096,
        53.45092889852822,
        570.8
      ],
      [
        -1.8555991351604462,
        53.450941387563944,
        570.5999999999999
      ],
      [
        -1.8556337524205446,
        53.450967874377966,
        570.4000000000001
      ],
      [
        -1.8556482531130314,
        53.45097768120468,
        570.5999999999999
      ],
      [
        -1.8556346744298935,
        53.45101900398731,
        571
      ],
      [
        -1.8556711357086897,
        53.45104808919132,
        571.4000000000001
      ],
      [
        -1.8557247798889875,
        53.451061584055424,
        572
      ],
      [
        -1.8557826150208712,
        53.45105957239866,
        572.4000000000001
      ],
      [
        -1.855863332748413,
        53.45106636174023,
        572.4000000000001
      ],
      [
        -1.8558668531477451,
        53.45107667148113,
        572.4000000000001
      ],
      [
        -1.8558567110449076,
        53.45109955407679,
        572.5999999999999
      ],
      [
        -1.8558619916439056,
        53.45111170783639,
        572.5999999999999
      ],
      [
        -1.8558634165674448,
        53.451168704777956,
        572.5999999999999
      ],
      [
        -1.8558578006923199,
        53.45118295401335,
        572.5999999999999
      ],
      [
        -1.8558281287550926,
        53.45121245831251,
        572.8
      ],
      [
        -1.8557966966181993,
        53.451261492446065,
        572.8
      ],
      [
        -1.8557859677821398,
        53.45126551575959,
        573
      ],
      [
        -1.8557774182409048,
        53.45127582550049,
        573
      ],
      [
        -1.855795020237565,
        53.45132930204272,
        573
      ],
      [
        -1.855840366333723,
        53.45133273862302,
        573.4000000000001
      ],
      [
        -1.8558598961681128,
        53.45136685296893,
        573.4000000000001
      ],
      [
        -1.855893675237894,
        53.45141404308379,
        573.8
      ],
      [
        -1.8559554498642683,
        53.451440865173936,
        574
      ],
      [
        -1.855969363823533,
        53.45145167782903,
        574.2
      ],
      [
        -1.855971459299326,
        53.451463328674436,
        574.2
      ],
      [
        -1.8559759855270386,
        53.451530216261744,
        574.2
      ],
      [
        -1.855972297489643,
        53.451580507680774,
        574.5999999999999
      ],
      [
        -1.856002053245902,
        53.45165611244738,
        574.8
      ],
      [
        -1.8559941742569208,
        53.451667092740536,
        574.8
      ],
      [
        -1.8559947609901428,
        53.45173372887075,
        574.8
      ],
      [
        -1.8559878878295422,
        53.45177203416824,
        574.8
      ],
      [
        -1.8559725489467382,
        53.451789217069745,
        575
      ],
      [
        -1.8559725489467382,
        53.451789217069745,
        575
      ],
      [
        -1.8559849541634321,
        53.45178594812751,
        575
      ],
      [
        -1.855986462906003,
        53.45181159675121,
        575
      ],
      [
        -1.8559949286282063,
        53.45181385986507,
        575
      ],
      [
        -1.856007669121027,
        53.45182316377759,
        575
      ],
      [
        -1.8560567870736122,
        53.451857110485435,
        575.4000000000001
      ],
      [
        -1.8560841120779514,
        53.45184914767742,
        575.8
      ],
      [
        -1.856129625812173,
        53.45188166946173,
        575.8
      ],
      [
        -1.8561414442956448,
        53.45190673135221,
        576
      ],
      [
        -1.8561465572565794,
        53.45191268250346,
        576.2
      ],
      [
        -1.8561636563390493,
        53.45194495283067,
        576.5999999999999
      ],
      [
        -1.856173798441887,
        53.45199859701097,
        577
      ],
      [
        -1.856174385175109,
        53.45199750736356,
        577.2
      ],
      [
        -1.8561753910034895,
        53.45199608244002,
        577.4000000000001
      ],
      [
        -1.8561789952218533,
        53.45199063420296,
        577.4000000000001
      ],
      [
        -1.8561793304979801,
        53.45199071802199,
        577
      ],
      [
        -1.8562256824225187,
        53.45201603136957,
        577
      ],
      [
        -1.8562178872525692,
        53.452023323625326,
        577
      ],
      [
        -1.8562204856425524,
        53.45207084901631,
        577
      ],
      [
        -1.8562521692365408,
        53.45210035331547,
        577.4000000000001
      ],
      [
        -1.8562784884124994,
        53.452106807380915,
        577.8
      ],
      [
        -1.8563066516071558,
        53.45211326144636,
        578.4000000000001
      ],
      [
        -1.8563179671764374,
        53.45211720094085,
        579
      ],
      [
        -1.8563144467771053,
        53.452114183455706,
        579.2
      ],
      [
        -1.8563170451670885,
        53.45211577601731,
        579.4000000000001
      ],
      [
        -1.8563141115009785,
        53.452118122950196,
        579.4000000000001
      ],
      [
        -1.8563214037567377,
        53.45212365500629,
        579.4000000000001
      ],
      [
        -1.856320146471262,
        53.4521300252527,
        579.4000000000001
      ],
      [
        -1.85632542707026,
        53.45213237218559,
        579.4000000000001
      ],
      [
        -1.8563368264585733,
        53.45216849818826,
        578.4000000000001
      ],
      [
        -1.8563453759998083,
        53.452177718281746,
        578.4000000000001
      ],
      [
        -1.8563785683363676,
        53.45219263806939,
        578.2
      ],
      [
        -1.8564168736338615,
        53.45221216790378,
        578.4000000000001
      ],
      [
        -1.8564861919730902,
        53.452269081026316,
        578.5999999999999
      ],
      [
        -1.8565279338508844,
        53.45230353064835,
        579
      ],
      [
        -1.8565319571644068,
        53.45231082290411,
        579
      ],
      [
        -1.8565576896071434,
        53.452340913936496,
        579
      ],
      [
        -1.8565550912171602,
        53.45235055312514,
        579
      ],
      [
        -1.8565861880779266,
        53.45238642767072,
        579.2
      ],
      [
        -1.8566084001213312,
        53.452421547845006,
        579.4000000000001
      ],
      [
        -1.8566138483583927,
        53.45245247706771,
        579.8
      ],
      [
        -1.8566262535750866,
        53.45247636549175,
        580
      ],
      [
        -1.8566375691443682,
        53.452506037428975,
        579.8
      ],
      [
        -1.8566902913153172,
        53.452516347169876,
        580
      ],
      [
        -1.856688866391778,
        53.45251902937889,
        579.8
      ],
      [
        -1.856688866391778,
        53.45251902937889,
        580
      ],
      [
        -1.856688866391778,
        53.45251902937889,
        580.2
      ],
      [
        -1.8567039538174868,
        53.4525290876627,
        580.2
      ],
      [
        -1.8567018583416939,
        53.45253084786236,
        580.2
      ],
      [
        -1.8567206338047981,
        53.45254719257355,
        580.2
      ],
      [
        -1.8567249923944473,
        53.45254912041128,
        580.2
      ],
      [
        -1.8567288480699062,
        53.45255456864834,
        580.2
      ],
      [
        -1.8567751999944448,
        53.452567560598254,
        580.2
      ],
      [
        -1.8567848391830921,
        53.452585665509105,
        580.4000000000001
      ],
      [
        -1.856793975457549,
        53.45258843153715,
        580.4000000000001
      ],
      [
        -1.8568204622715712,
        53.45260846428573,
        580.8
      ],
      [
        -1.8568248208612204,
        53.45260930247605,
        580.8
      ],
      [
        -1.8568473681807518,
        53.45264350064099,
        581.2
      ],
      [
        -1.8569169379770756,
        53.45270527526736,
        581.4000000000001
      ],
      [
        -1.8569284211844206,
        53.45271256752312,
        581.5999999999999
      ],
      [
        -1.8569576740264893,
        53.45273796468973,
        582.2
      ],
      [
        -1.8569938000291586,
        53.45275782980025,
        582.5999999999999
      ],
      [
        -1.8570320215076208,
        53.45277794636786,
        582.8
      ],
      [
        -1.8570535629987717,
        53.45277316868305,
        582.8
      ],
      [
        -1.8570710811764002,
        53.45277794636786,
        582.8
      ],
      [
        -1.8570762779563665,
        53.45277417451143,
        583
      ],
      [
        -1.8571198638528585,
        53.45278071239591,
        583.4000000000001
      ],
      [
        -1.857144171372056,
        53.452802672982216,
        583.5999999999999
      ],
      [
        -1.8571613542735577,
        53.45281222835183,
        584
      ],
      [
        -1.8571944627910852,
        53.45282052643597,
        584.5999999999999
      ],
      [
        -1.8572147469967604,
        53.45284391194582,
        585
      ],
      [
        -1.8572300020605326,
        53.452856400981545,
        585.4000000000001
      ],
      [
        -1.8572540581226349,
        53.45286545343697,
        585.8
      ],
      [
        -1.8572539743036032,
        53.45286729745567,
        586
      ],
      [
        -1.8572854064404964,
        53.45287919975817,
        586.2
      ],
      [
        -1.857378613203764,
        53.452911134809256,
        587
      ],
      [
        -1.8573790322989225,
        53.4529139008373,
        587.2
      ],
      [
        -1.8574088718742132,
        53.45290652476251,
        587.8
      ],
      [
        -1.857439298182726,
        53.45291951671243,
        588.2
      ],
      [
        -1.85746930539608,
        53.45292697660625,
        589
      ],
      [
        -1.8574906792491674,
        53.452939465641975,
        589.2
      ],
      [
        -1.8575287330895662,
        53.452962432056665,
        589.8
      ],
      [
        -1.8575533758848906,
        53.45296653918922,
        589.8
      ],
      [
        -1.8576223589479923,
        53.4529762621969,
        590.2
      ],
      [
        -1.8576338421553373,
        53.45298087224364,
        590.4000000000001
      ],
      [
        -1.8576650228351355,
        53.45300073735416,
        590.8
      ],
      [
        -1.8576985504478216,
        53.45300601795316,
        590.8
      ],
      [
        -1.8577807769179344,
        53.45302730798721,
        591.4000000000001
      ],
      [
        -1.857795612886548,
        53.45303074456751,
        591.4000000000001
      ],
      [
        -1.8578795157372952,
        53.45305312424898,
        591.8
      ],
      [
        -1.8579013086855412,
        53.45306100323796,
        591.8
      ],
      [
        -1.8579111993312836,
        53.45307047478855,
        591.8
      ],
      [
        -1.8579395301640034,
        53.453087490051985,
        591.8
      ],
      [
        -1.858024187386036,
        53.453114815056324,
        591.5999999999999
      ],
      [
        -1.8580891471356153,
        53.45313266851008,
        591.5999999999999
      ],
      [
        -1.8580962717533112,
        53.45313761383295,
        591.5999999999999
      ],
      [
        -1.8582083377987146,
        53.45316091552377,
        591.8
      ],
      [
        -1.8582351598888636,
        53.4531731531024,
        592
      ],
      [
        -1.8582642450928688,
        53.45319628715515,
        592
      ],
      [
        -1.858284780755639,
        53.45320014283061,
        592
      ],
      [
        -1.8583430349826813,
        53.45322889275849,
        592.4000000000001
      ],
      [
        -1.8583546858280897,
        53.45323735848069,
        592.4000000000001
      ],
      [
        -1.8584336433559656,
        53.4532889071852,
        592.8
      ],
      [
        -1.8584701884537935,
        53.453358644619584,
        593
      ],
      [
        -1.8585204798728228,
        53.453407511115074,
        593.5999999999999
      ],
      [
        -1.8585623893886805,
        53.453433495014906,
        593.5999999999999
      ],
      [
        -1.8586330488324165,
        53.45349032431841,
        594
      ],
      [
        -1.858705384656787,
        53.45354933291674,
        594.5999999999999
      ],
      [
        -1.8587315361946821,
        53.45356618054211,
        594.8
      ],
      [
        -1.8588719330728054,
        53.45363357104361,
        595.2
      ],
      [
        -1.8589065503329039,
        53.45365209504962,
        595.5999999999999
      ],
      [
        -1.8590136710554361,
        53.45371118746698,
        595.5999999999999
      ],
      [
        -1.859085839241743,
        53.453781343996525,
        596.2
      ],
      [
        -1.859155660495162,
        53.45383976586163,
        595.5999999999999
      ],
      [
        -1.8592395633459091,
        53.45391344279051,
        595.8
      ],
      [
        -1.859291698783636,
        53.4539879579097,
        596.5999999999999
      ],
      [
        -1.859408961609006,
        53.45405828207731,
        597.4000000000001
      ],
      [
        -1.8594376277178526,
        53.45412718132138,
        596.5999999999999
      ],
      [
        -1.8594655394554138,
        53.45413925126195,
        596.5999999999999
      ],
      [
        -1.8594788666814566,
        53.45414771698415,
        596.5999999999999
      ],
      [
        -1.8594771903008223,
        53.45414771698415,
        596.2
      ],
      [
        -1.859496720135212,
        53.45419063232839,
        596.2
      ],
      [
        -1.8596020806580782,
        53.45425760373473,
        596.5999999999999
      ],
      [
        -1.8597138952463865,
        53.454313427209854,
        597.2
      ],
      [
        -1.859781201928854,
        53.45439682714641,
        597.8
      ],
      [
        -1.8597910925745964,
        53.45440839417279,
        597.8
      ],
      [
        -1.8598883226513863,
        53.45448676496744,
        598.5999999999999
      ],
      [
        -1.85989192686975,
        53.4545215498656,
        598.4000000000001
      ],
      [
        -1.8598879035562277,
        53.45455222763121,
        597.8
      ],
      [
        -1.859895195811987,
        53.45456731505692,
        597.5999999999999
      ],
      [
        -1.8598943576216698,
        53.454565554857254,
        597.5999999999999
      ],
      [
        -1.8599244486540556,
        53.454547533765435,
        597.5999999999999
      ],
      [
        -1.8599588982760906,
        53.45457108691335,
        597.5999999999999
      ],
      [
        -1.8599536176770926,
        53.45458307303488,
        597.5999999999999
      ],
      [
        -1.8598900828510523,
        53.45463638193905,
        597.8
      ],
      [
        -1.8598661944270134,
        53.454651553183794,
        598
      ],
      [
        -1.8598237819969654,
        53.454632610082626,
        598
      ],
      [
        -1.8598085269331932,
        53.45464644022286,
        597.8
      ],
      [
        -1.8598720617592335,
        53.454643255099654,
        597.5999999999999
      ],
      [
        -1.8599645141512156,
        53.454612577334046,
        597.8
      ],
      [
        -1.8600607383996248,
        53.4545823186636,
        598
      ],
      [
        -1.8600844591856003,
        53.45460436306894,
        598.5999999999999
      ],
      [
        -1.8600900750607252,
        53.45461651682854,
        598.5999999999999
      ],
      [
        -1.8601049110293388,
        53.454622719436884,
        598.8
      ],
      [
        -1.8601524364203215,
        53.45464149489999,
        599.2
      ],
      [
        -1.860112203285098,
        53.45468323677778,
        599.4000000000001
      ],
      [
        -1.8600985407829285,
        53.454714585095644,
        599.8
      ],
      [
        -1.8600964453071356,
        53.454731181263924,
        600.2
      ],
      [
        -1.860088063403964,
        53.45473973080516,
        600.2
      ],
      [
        -1.8600630853325129,
        53.45478331670165,
        600.5999999999999
      ],
      [
        -1.86002385802567,
        53.454824639484286,
        600.5999999999999
      ],
      [
        -1.8600161466747522,
        53.45481734722853,
        600.4000000000001
      ],
      [
        -1.859961999580264,
        53.4547929558903,
        599.5999999999999
      ],
      [
        -1.8599476665258408,
        53.454790441319346,
        599.5999999999999
      ],
      [
        -1.8598941899836063,
        53.4548151679337,
        599
      ],
      [
        -1.859875414520502,
        53.45481944270432,
        598.5999999999999
      ],
      [
        -1.8597993068397045,
        53.454855820164084,
        598
      ],
      [
        -1.8597996421158314,
        53.45486730337143,
        598
      ],
      [
        -1.859772652387619,
        53.45488264225423,
        598
      ],
      [
        -1.8597501888871193,
        53.454889096319675,
        598.2
      ],
      [
        -1.8597097042948008,
        53.45491818152368,
        598.5999999999999
      ],
      [
        -1.8596724886447191,
        53.45496604219079,
        598.5999999999999
      ],
      [
        -1.8596882466226816,
        53.45499345101416,
        598.8
      ],
      [
        -1.8597007356584072,
        53.45502127893269,
        598.8
      ],
      [
        -1.8596823792904615,
        53.45508489757776,
        598.5999999999999
      ],
      [
        -1.8596565630286932,
        53.45513250678778,
        598.5999999999999
      ],
      [
        -1.8596467562019825,
        53.45513761974871,
        598.5999999999999
      ],
      [
        -1.859608618542552,
        53.4551796130836,
        599
      ],
      [
        -1.8596024997532368,
        53.45519310794771,
        599.2
      ],
      [
        -1.8596071936190128,
        53.455233089625835,
        599.2
      ],
      [
        -1.8596111331135035,
        53.455248177051544,
        599.2
      ],
      [
        -1.85961389914155,
        53.45532462000847,
        599.2
      ],
      [
        -1.8596129771322012,
        53.45538027584553,
        599.5999999999999
      ],
      [
        -1.8596247117966413,
        53.45540030859411,
        600
      ],
      [
        -1.8596765957772732,
        53.45541866496205,
        600
      ],
      [
        -1.8596758414059877,
        53.45543987117708,
        599.5999999999999
      ],
      [
        -1.859680786728859,
        53.45546778291464,
        599.4000000000001
      ],
      [
        -1.8597116321325302,
        53.45549703575671,
        599.5999999999999
      ],
      [
        -1.859765024855733,
        53.45554514788091,
        600
      ],
      [
        -1.8598208483308554,
        53.455555038526654,
        600.8
      ],
      [
        -1.8598355166614056,
        53.45556702464819,
        601.2
      ],
      [
        -1.8598314095288515,
        53.45560206100345,
        601.5999999999999
      ],
      [
        -1.859833002090454,
        53.45560893416405,
        601.8
      ],
      [
        -1.8598405458033085,
        53.45561723224819,
        602
      ],
      [
        -1.8599147256463766,
        53.45565017312765,
        603
      ],
      [
        -1.8599288910627365,
        53.45565905794501,
        603
      ],
      [
        -1.8599666096270084,
        53.45566215924919,
        603
      ],
      [
        -1.860034167766571,
        53.45566224306822,
        603.2
      ],
      [
        -1.8600699584931135,
        53.45567925833166,
        603.5999999999999
      ],
      [
        -1.8600849620997906,
        53.45569451339543,
        604
      ],
      [
        -1.8600867222994566,
        53.45571110956371,
        604
      ],
      [
        -1.8601809348911047,
        53.45580515451729,
        604
      ],
      [
        -1.860188478603959,
        53.455816973000765,
        604.2
      ],
      [
        -1.8601874727755785,
        53.45581437461078,
        604.2
      ],
      [
        -1.8601857125759125,
        53.45581420697272,
        604.2
      ],
      [
        -1.8602047394961119,
        53.4558323957026,
        604.2
      ],
      [
        -1.8602831102907658,
        53.455890314653516,
        604.4000000000001
      ],
      [
        -1.8603496626019478,
        53.45592602156103,
        604.5999999999999
      ],
      [
        -1.8604519218206406,
        53.455974301323295,
        605
      ],
      [
        -1.8605673406273127,
        53.455994836986065,
        605
      ],
      [
        -1.8606234155595303,
        53.45599064603448,
        605
      ],
      [
        -1.8606260977685452,
        53.45599768683314,
        605.2
      ],
      [
        -1.8606212362647057,
        53.45599743537605,
        605.2
      ],
      [
        -1.8605814222246408,
        53.456001207232475,
        605.2
      ],
      [
        -1.8605814222246408,
        53.456001207232475,
        605.2
      ],
      [
        -1.8605370819568634,
        53.45597555860877,
        605
      ],
      [
        -1.8605406861752272,
        53.455977737903595,
        605
      ],
      [
        -1.8605406023561954,
        53.455978743731976,
        604.8
      ],
      [
        -1.8605411052703857,
        53.455979162827134,
        604.8
      ],
      [
        -1.860524509102106,
        53.45593993552029,
        604.8
      ],
      [
        -1.860524509102106,
        53.45593993552029,
        605
      ],
      [
        -1.8605642393231392,
        53.45591872930527,
        605
      ],
      [
        -1.860591396689415,
        53.45590707845986,
        605.2
      ],
      [
        -1.8605656642466784,
        53.455919567495584,
        605.4000000000001
      ],
      [
        -1.8605698551982641,
        53.45593021251261,
        605
      ],
      [
        -1.860644118860364,
        53.45594462938607,
        605
      ],
      [
        -1.8606712762266397,
        53.45594437792897,
        605
      ],
      [
        -1.8607887905091047,
        53.45595175400376,
        605.4000000000001
      ],
      [
        -1.860811673104763,
        53.455952759832144,
        605.5999999999999
      ],
      [
        -1.8609229009598494,
        53.455995758995414,
        606
      ],
      [
        -1.8609861843287945,
        53.45604848116636,
        606.5999999999999
      ],
      [
        -1.860990123823285,
        53.45609198324382,
        606.5999999999999
      ],
      [
        -1.8609778862446547,
        53.456095922738314,
        606.5999999999999
      ],
      [
        -1.8609163630753756,
        53.456154176965356,
        607
      ],
      [
        -1.8609195481985807,
        53.456163480877876,
        607
      ],
      [
        -1.8609231524169445,
        53.456169096753,
        607.2
      ],
      [
        -1.8609231524169445,
        53.456169096753,
        607.2
      ],
      [
        -1.8609296903014183,
        53.45618401654065,
        607.4000000000001
      ],
      [
        -1.8609333783388138,
        53.45618410035968,
        607.4000000000001
      ],
      [
        -1.8609329592436552,
        53.4561846870929,
        607.4000000000001
      ],
      [
        -1.8609637208282948,
        53.45618560910225,
        607.4000000000001
      ],
      [
        -1.8610339611768723,
        53.45620748586953,
        608.2
      ],
      [
        -1.8610520660877228,
        53.45621435903013,
        608.4000000000001
      ],
      [
        -1.861116522923112,
        53.45625450834632,
        608.5999999999999
      ],
      [
        -1.8611399922519922,
        53.45630354247987,
        608.5999999999999
      ],
      [
        -1.8610788881778717,
        53.456359365954995,
        608.8
      ],
      [
        -1.861053742468357,
        53.45641183666885,
        608.2
      ],
      [
        -1.8610637169331312,
        53.45648794434965,
        607.2
      ],
      [
        -1.8610929697752,
        53.45651828683913,
        607.2
      ],
      [
        -1.8611426744610071,
        53.456539241597056,
        607.2
      ],
      [
        -1.8611648865044117,
        53.456548964604735,
        607.4000000000001
      ],
      [
        -1.861191038042307,
        53.45656237564981,
        607.8
      ],
      [
        -1.861191038042307,
        53.45656237564981,
        608.2
      ],
      [
        -1.8612424191087484,
        53.45658048056066,
        609
      ],
      [
        -1.8612441793084145,
        53.45657888799906,
        608.8
      ],
      [
        -1.8612395692616701,
        53.45657939091325,
        608.5999999999999
      ],
      [
        -1.8612561654299498,
        53.456597747281194,
        608.5999999999999
      ],
      [
        -1.8612527288496494,
        53.456618282943964,
        608.4000000000001
      ],
      [
        -1.8612388148903847,
        53.456643763929605,
        607.8
      ],
      [
        -1.8612224701792002,
        53.45667729154229,
        608
      ],
      [
        -1.8612186145037413,
        53.456703359261155,
        608.5999999999999
      ],
      [
        -1.8612166866660118,
        53.45673630014062,
        609.2
      ],
      [
        -1.8612072989344597,
        53.45674283802509,
        609.2
      ],
      [
        -1.8611991684883833,
        53.456750297918916,
        609.4000000000001
      ],
      [
        -1.8612080533057451,
        53.456746358424425,
        609.8
      ],
      [
        -1.8611538223922253,
        53.456771336495876,
        609.5999999999999
      ],
      [
        -1.8611252401024103,
        53.4567872621119,
        609
      ],
      [
        -1.861084084957838,
        53.45681802369654,
        608.2
      ],
      [
        -1.8610775470733643,
        53.45681827515364,
        608
      ],
      [
        -1.8610415887087584,
        53.45683260820806,
        607.8
      ],
      [
        -1.8609924707561731,
        53.45683897845447,
        607.8
      ],
      [
        -1.8609700910747051,
        53.45684492960572,
        607.8
      ],
      [
        -1.8608892895281315,
        53.456885078921914,
        608
      ],
      [
        -1.8608321249485016,
        53.4569653775543,
        607.8
      ],
      [
        -1.8608265090733767,
        53.45699622295797,
        607.8
      ],
      [
        -1.8608229886740446,
        53.457030253484845,
        607.8
      ],
      [
        -1.8607473000884056,
        53.45708381384611,
        608
      ],
      [
        -1.8606445379555225,
        53.45713066868484,
        608
      ],
      [
        -1.8605635687708855,
        53.45714927650988,
        608.4000000000001
      ],
      [
        -1.8605255149304867,
        53.45717282965779,
        608.5999999999999
      ],
      [
        -1.8604984413832426,
        53.45718255266547,
        608.5999999999999
      ],
      [
        -1.8604748044162989,
        53.457194371148944,
        608.5999999999999
      ],
      [
        -1.8604519218206406,
        53.45724550075829,
        608.8
      ],
      [
        -1.8603887222707272,
        53.45727466978133,
        609
      ],
      [
        -1.8603512551635504,
        53.45730258151889,
        609.2
      ],
      [
        -1.8603105191141367,
        53.457335606217384,
        609.4000000000001
      ],
      [
        -1.8602391052991152,
        53.457402074709535,
        609.8
      ],
      [
        -1.8602416198700666,
        53.45741900615394,
        610
      ],
      [
        -1.860229466110468,
        53.45744909718633,
        610.4000000000001
      ],
      [
        -1.8602393567562103,
        53.45750140026212,
        611
      ],
      [
        -1.860240362584591,
        53.45752872526646,
        611.4000000000001
      ],
      [
        -1.8602307233959436,
        53.457538364455104,
        611.4000000000001
      ],
      [
        -1.860199710354209,
        53.457549596205354,
        611.8
      ],
      [
        -1.86015578918159,
        53.45761396922171,
        611.8
      ],
      [
        -1.8601391930133104,
        53.45769653096795,
        612.2
      ],
      [
        -1.860123686492443,
        53.457701141014695,
        612.4000000000001
      ],
      [
        -1.8600418791174889,
        53.457717234268785,
        612.4000000000001
      ],
      [
        -1.8600321561098099,
        53.45772737637162,
        612.4000000000001
      ],
      [
        -1.8600269593298435,
        53.45773944631219,
        612.5999999999999
      ],
      [
        -1.8600019812583923,
        53.457769537344575,
        613
      ],
      [
        -1.8600051663815975,
        53.45780071802437,
        613
      ],
      [
        -1.8600295577198267,
        53.45783290453255,
        613.2
      ],
      [
        -1.8600819446146488,
        53.457870623096824,
        613
      ],
      [
        -1.8600976187735796,
        53.45789040438831,
        613
      ],
      [
        -1.8601334933191538,
        53.457931308075786,
        613.2
      ],
      [
        -1.8601397797465324,
        53.45795553177595,
        613.2
      ],
      [
        -1.8601009715348482,
        53.457998279482126,
        613.2
      ],
      [
        -1.8600888177752495,
        53.458003560081124,
        613.2
      ],
      [
        -1.8600636720657349,
        53.45801638439298,
        613.5999999999999
      ],
      [
        -1.8600511830300093,
        53.458023173734546,
        613.5999999999999
      ],
      [
        -1.860028300434351,
        53.45807505771518,
        614
      ],
      [
        -1.860025031492114,
        53.45808888785541,
        614.4000000000001
      ],
      [
        -1.8600177392363548,
        53.45810992643237,
        614.5999999999999
      ],
      [
        -1.8600225169211626,
        53.45816348679364,
        615
      ],
      [
        -1.8600280489772558,
        53.45822039991617,
        615
      ],
      [
        -1.8600174877792597,
        53.45822559669614,
        615.2
      ],
      [
        -1.859998544678092,
        53.458226351067424,
        615.2
      ],
      [
        -1.8599801883101463,
        53.45823699608445,
        615.4000000000001
      ],
      [
        -1.8599273823201656,
        53.458311427384615,
        615
      ],
      [
        -1.8599052540957928,
        53.45830882899463,
        615
      ],
      [
        -1.8598824553191662,
        53.458306984975934,
        615.2
      ],
      [
        -1.859876923263073,
        53.458335818722844,
        615.4000000000001
      ],
      [
        -1.8598700501024723,
        53.45835660584271,
        615.8
      ],
      [
        -1.85986896045506,
        53.45837898552418,
        616.2
      ],
      [
        -1.8598754983395338,
        53.45840580761433,
        616.4000000000001
      ],
      [
        -1.8598711397498846,
        53.45841905102134,
        616.8
      ],
      [
        -1.8598779290914536,
        53.45843288116157,
        617.4000000000001
      ],
      [
        -1.8598570581525564,
        53.45844050869346,
        618
      ],
      [
        -1.8598451558500528,
        53.45844277180731,
        618.2
      ],
      [
        -1.8598496820777655,
        53.458504462614655,
        619
      ],
      [
        -1.8598423060029745,
        53.45851527526975,
        619.2
      ],
      [
        -1.8597927689552307,
        53.458553832024336,
        619.2
      ],
      [
        -1.8597565591335297,
        53.45859423279762,
        619.5999999999999
      ],
      [
        -1.8597402144223452,
        53.45864335075021,
        620
      ],
      [
        -1.8597542960196733,
        53.458665730431676,
        620.2
      ],
      [
        -1.8597521167248487,
        53.458680314943194,
        620.4000000000001
      ],
      [
        -1.8597488477826118,
        53.45869070850313,
        620.5999999999999
      ],
      [
        -1.8597837164998055,
        53.458740999922156,
        621
      ],
      [
        -1.859787991270423,
        53.458748711273074,
        621.2
      ],
      [
        -1.8597869016230106,
        53.45875876955688,
        621.2
      ],
      [
        -1.8597810342907906,
        53.45878265798092,
        621.4000000000001
      ],
      [
        -1.8598423060029745,
        53.45882557332516,
        622
      ],
      [
        -1.8598341755568981,
        53.45883688889444,
        622
      ],
      [
        -1.8598397076129913,
        53.458852311596274,
        622
      ],
      [
        -1.85985186137259,
        53.458863627165556,
        622
      ],
      [
        -1.8598437309265137,
        53.45891375094652,
        622.2
      ],
      [
        -1.8598754983395338,
        53.4589787106961,
        622.4000000000001
      ],
      [
        -1.8599815294146538,
        53.459018440917134,
        622.8
      ],
      [
        -1.8599986284971237,
        53.459026236087084,
        622.8
      ],
      [
        -1.8601091019809246,
        53.45906278118491,
        622.8
      ],
      [
        -1.8601919990032911,
        53.45912095159292,
        623
      ],
      [
        -1.8602017220109701,
        53.45912816002965,
        623.2
      ],
      [
        -1.8602358363568783,
        53.459153808653355,
        623.4000000000001
      ],
      [
        -1.8602395243942738,
        53.45917912200093,
        623.5999999999999
      ],
      [
        -1.8602235149592161,
        53.459202675148845,
        623.8
      ],
      [
        -1.8601921666413546,
        53.45921424217522,
        623.8
      ],
      [
        -1.8601070903241634,
        53.45928096212447,
        623.8
      ],
      [
        -1.8600831180810928,
        53.45931323245168,
        624
      ],
      [
        -1.8600681982934475,
        53.45932320691645,
        624
      ],
      [
        -1.8600645940750837,
        53.45933980308473,
        624.2
      ],
      [
        -1.8600707966834307,
        53.45936411060393,
        624.4000000000001
      ],
      [
        -1.8600843753665686,
        53.45938908867538,
        625
      ],
      [
        -1.860119914636016,
        53.45940476283431,
        625.2
      ],
      [
        -1.8601650930941105,
        53.4594364464283,
        625.4000000000001
      ],
      [
        -1.8601782526820898,
        53.45944122411311,
        625.4000000000001
      ],
      [
        -1.8602071702480316,
        53.459454802796245,
        625.5999999999999
      ],
      [
        -1.8602290470153093,
        53.45946494489908,
        625.5999999999999
      ],
      [
        -1.8603250198066235,
        53.45954700373113,
        626.4000000000001
      ],
      [
        -1.8603538535535336,
        53.45961330458522,
        626.2
      ],
      [
        -1.8603789154440165,
        53.45963442698121,
        626.4000000000001
      ],
      [
        -1.8604312185198069,
        53.45965798012912,
        626.4000000000001
      ],
      [
        -1.8604861199855804,
        53.459691843017936,
        626.5999999999999
      ],
      [
        -1.8605545163154602,
        53.45972537063062,
        626.8
      ],
      [
        -1.8605757225304842,
        53.459726544097066,
        627
      ],
      [
        -1.860630875453353,
        53.45973392017186,
        627.8
      ],
      [
        -1.86064881272614,
        53.45973517745733,
        627.8
      ],
      [
        -1.860771607607603,
        53.45977038145065,
        628
      ],
      [
        -1.8608029559254646,
        53.45983332954347,
        628.2
      ],
      [
        -1.8608613777905703,
        53.45990591682494,
        628.8
      ],
      [
        -1.8608604557812214,
        53.45991530455649,
        628.8
      ],
      [
        -1.8608494754880667,
        53.459932152181864,
        629
      ],
      [
        -1.860839668661356,
        53.45994170755148,
        629
      ],
      [
        -1.8608241621404886,
        53.46001756377518,
        628.8
      ],
      [
        -1.8608432728797197,
        53.46009903587401,
        629.2
      ],
      [
        -1.8608550913631916,
        53.46015804447234,
        629.4000000000001
      ],
      [
        -1.8608317896723747,
        53.460179921239614,
        629.4000000000001
      ],
      [
        -1.8607685063034296,
        53.46024370752275,
        629.5999999999999
      ],
      [
        -1.8606709409505129,
        53.460299111902714,
        629.8
      ],
      [
        -1.8606085795909166,
        53.4603566955775,
        630.2
      ],
      [
        -1.8605325557291508,
        53.460426265373826,
        630.2
      ],
      [
        -1.8604817613959312,
        53.46048032864928,
        630.2
      ],
      [
        -1.8603758979588747,
        53.46057244576514,
        630.5999999999999
      ],
      [
        -1.860267436131835,
        53.46064821816981,
        630.2
      ],
      [
        -1.8602040689438581,
        53.46072952263057,
        630.2
      ],
      [
        -1.8601244408637285,
        53.46082063391805,
        630.2
      ],
      [
        -1.8600533623248339,
        53.46089296974242,
        630.2
      ],
      [
        -1.8599211797118187,
        53.46095507964492,
        630
      ],
      [
        -1.859792685136199,
        53.4610147587955,
        630
      ],
      [
        -1.8597590737044811,
        53.46108986064792,
        630
      ],
      [
        -1.8597050942480564,
        53.46117007546127,
        629.5999999999999
      ],
      [
        -1.859686067327857,
        53.46122447401285,
        630
      ],
      [
        -1.8596848100423813,
        53.46122941933572,
        629.8
      ],
      [
        -1.859653377905488,
        53.46124651841819,
        629.8
      ],
      [
        -1.8596662022173405,
        53.46126889809966,
        629.8
      ],
      [
        -1.8596945330500603,
        53.461277447640896,
        630.2
      ],
      [
        -1.8597108777612448,
        53.461280800402164,
        630.2
      ],
      [
        -1.8597299046814442,
        53.46130535937846,
        630.2
      ],
      [
        -1.8597256299108267,
        53.461376605555415,
        630
      ],
      [
        -1.8597357720136642,
        53.461437625810504,
        629.8
      ],
      [
        -1.8597449082881212,
        53.46144567243755,
        630
      ],
      [
        -1.8598151486366987,
        53.46148959361017,
        630.2
      ],
      [
        -1.8598617520183325,
        53.461558409035206,
        629.5999999999999
      ],
      [
        -1.8599518574774265,
        53.46162554807961,
        629.8
      ],
      [
        -1.8599588982760906,
        53.46163384616375,
        629.5999999999999
      ],
      [
        -1.8599723931401968,
        53.46165287308395,
        629.4000000000001
      ],
      [
        -1.8599921744316816,
        53.46169578842819,
        629
      ],
      [
        -1.8600251153111458,
        53.461750941351056,
        628.8
      ],
      [
        -1.8600467406213284,
        53.461778685450554,
        628.8
      ],
      [
        -1.8600796815007925,
        53.46185219474137,
        628.8
      ],
      [
        -1.8600844591856003,
        53.461878849193454,
        628.4000000000001
      ],
      [
        -1.8600975349545479,
        53.461954621598125,
        628
      ],
      [
        -1.8601135443896055,
        53.46196233294904,
        628
      ],
      [
        -1.8601588904857635,
        53.461985383182764,
        627.8
      ],
      [
        -1.8601541128009558,
        53.461993681266904,
        627.5999999999999
      ],
      [
        -1.860184371471405,
        53.46200617030263,
        627
      ],
      [
        -1.860214127227664,
        53.46204028464854,
        627.5999999999999
      ],
      [
        -1.8602843675762415,
        53.46208646893501,
        626.8
      ],
      [
        -1.8602838646620512,
        53.462094934657216,
        626.5999999999999
      ],
      [
        -1.8602961022406816,
        53.46209904178977,
        626.5999999999999
      ],
      [
        -1.8603370059281588,
        53.4620959404856,
        626.4000000000001
      ],
      [
        -1.8603467289358377,
        53.46210105344653,
        626.4000000000001
      ],
      [
        -1.8603932484984398,
        53.46212251111865,
        626
      ],
      [
        -1.8604494910687208,
        53.46214262768626,
        625.5999999999999
      ],
      [
        -1.8604796659201384,
        53.46215427853167,
        625.5999999999999
      ],
      [
        -1.860617632046342,
        53.46216592937708,
        625.2
      ],
      [
        -1.8607199750840664,
        53.462162744253874,
        625
      ],
      [
        -1.8607323803007603,
        53.4621614869684,
        625.4000000000001
      ],
      [
        -1.8607899639755487,
        53.46213340759277,
        625.2
      ],
      [
        -1.8608132656663656,
        53.46209669485688,
        624.5999999999999
      ],
      [
        -1.8608136009424925,
        53.46209476701915,
        624.5999999999999
      ],
      [
        -1.8607967533171177,
        53.46208571456373,
        624.4000000000001
      ],
      [
        -1.860797256231308,
        53.462085546925664,
        624.4000000000001
      ],
      [
        -1.8607961665838957,
        53.4620800986886,
        624.4000000000001
      ],
      [
        -1.860811086371541,
        53.462075823917985,
        624
      ],
      [
        -1.860810499638319,
        53.46201170235872,
        624.8
      ],
      [
        -1.8608113378286362,
        53.46200382336974,
        625
      ],
      [
        -1.8608183786273003,
        53.46195688471198,
        625.5999999999999
      ],
      [
        -1.860834388062358,
        53.461948838084936,
        625.5999999999999
      ],
      [
        -1.8609602004289627,
        53.46192805096507,
        625.4000000000001
      ],
      [
        -1.8610579334199429,
        53.46194313839078,
        624.8
      ],
      [
        -1.8611055426299572,
        53.46196124330163,
        624.4000000000001
      ],
      [
        -1.8611342087388039,
        53.461974235251546,
        624.4000000000001
      ],
      [
        -1.861168658360839,
        53.461989406496286,
        624.2
      ],
      [
        -1.8611778784543276,
        53.46200231462717,
        624.2
      ],
      [
        -1.8611773755401373,
        53.4620095230639,
        623.8
      ],
      [
        -1.8611591029912233,
        53.462048498913646,
        623.5999999999999
      ],
      [
        -1.8611591029912233,
        53.462048498913646,
        624
      ],
      [
        -1.8611591029912233,
        53.462048498913646,
        624
      ],
      [
        -1.8611591029912233,
        53.462048498913646,
        624
      ],
      [
        -1.8611591029912233,
        53.462048498913646,
        624
      ],
      [
        -1.8611538223922253,
        53.46204833127558,
        623.8
      ],
      [
        -1.8611545767635107,
        53.462048415094614,
        623.8
      ],
      [
        -1.8611525651067495,
        53.462048498913646,
        623.8
      ],
      [
        -1.8611528165638447,
        53.462049001827836,
        623.8
      ],
      [
        -1.8611523136496544,
        53.46204866655171,
        623.8
      ],
      [
        -1.8611546605825424,
        53.46206031739712,
        623.8
      ],
      [
        -1.8611611146479845,
        53.462092503905296,
        623.5999999999999
      ],
      [
        -1.8611628748476505,
        53.462114967405796,
        623.4000000000001
      ],
      [
        -1.8611826561391354,
        53.46213768236339,
        623.4000000000001
      ],
      [
        -1.861216016113758,
        53.4621493332088,
        623.2
      ],
      [
        -1.8612601049244404,
        53.46218512393534,
        623
      ],
      [
        -1.8612244818359613,
        53.462236085906625,
        622
      ],
      [
        -1.8611523136496544,
        53.46228947862983,
        622
      ],
      [
        -1.8610707577317953,
        53.4622909873724,
        621.8
      ],
      [
        -1.8609728571027517,
        53.46228679642081,
        622.4000000000001
      ],
      [
        -1.860851151868701,
        53.46230213530362,
        622.4000000000001
      ],
      [
        -1.8607625551521778,
        53.462336249649525,
        622.5999999999999
      ],
      [
        -1.8607378285378218,
        53.462423672899604,
        622.4000000000001
      ],
      [
        -1.8607564363628626,
        53.46247958019376,
        621
      ],
      [
        -1.8607749603688717,
        53.46253104507923,
        620.5999999999999
      ],
      [
        -1.860822904855013,
        53.46262391656637,
        622
      ],
      [
        -1.860876465216279,
        53.46268250606954,
        621.2
      ],
      [
        -1.860917117446661,
        53.462750650942326,
        620
      ],
      [
        -1.860916530713439,
        53.46276012249291,
        619.8
      ],
      [
        -1.8608745373785496,
        53.462800439447165,
        619
      ],
      [
        -1.8608755432069302,
        53.4628071449697,
        618.8
      ],
      [
        -1.8608451168984175,
        53.46284905448556,
        618.4000000000001
      ],
      [
        -1.860845871269703,
        53.46286129206419,
        618.4000000000001
      ],
      [
        -1.8608342204242945,
        53.4629091527313,
        618.2
      ],
      [
        -1.8608474638313055,
        53.4629300236702,
        617.8
      ],
      [
        -1.8608628027141094,
        53.462945362553,
        617.8
      ],
      [
        -1.8609034549444914,
        53.462976878508925,
        617.8
      ],
      [
        -1.860943017527461,
        53.463007137179375,
        617.2
      ],
      [
        -1.8609927222132683,
        53.463031612336636,
        617
      ],
      [
        -1.8611026089638472,
        53.463069247081876,
        616.8
      ],
      [
        -1.8611223064363003,
        53.46307813189924,
        616.8
      ],
      [
        -1.8611875176429749,
        53.46312565729022,
        616.2
      ],
      [
        -1.861206293106079,
        53.46315708942711,
        616.2
      ],
      [
        -1.8611898645758629,
        53.46319070085883,
        616.2
      ],
      [
        -1.8611622042953968,
        53.46322095952928,
        615.8
      ],
      [
        -1.861119121313095,
        53.46323948353529,
        615.5999999999999
      ],
      [
        -1.8610055465251207,
        53.46325758844614,
        614.8
      ],
      [
        -1.8609965778887272,
        53.463265635073185,
        614.5999999999999
      ],
      [
        -1.8609666544944048,
        53.46330310218036,
        614.2
      ],
      [
        -1.8609588593244553,
        53.46332749351859,
        614.2
      ],
      [
        -1.8609597813338041,
        53.46338122151792,
        614
      ],
      [
        -1.86095567420125,
        53.46341290511191,
        613.5999999999999
      ],
      [
        -1.86098693870008,
        53.4634583350271,
        613.5999999999999
      ],
      [
        -1.8610233161598444,
        53.463521702215075,
        613.4000000000001
      ],
      [
        -1.8610136769711971,
        53.4635445009917,
        613.4000000000001
      ],
      [
        -1.8610263336449862,
        53.463576938956976,
        613.2
      ],
      [
        -1.8610453605651855,
        53.46358674578369,
        613.2
      ],
      [
        -1.8611025251448154,
        53.463606275618076,
        612.4000000000001
      ],
      [
        -1.8611134216189384,
        53.4636137355119,
        612.2
      ],
      [
        -1.8611652217805386,
        53.46365187317133,
        611.5999999999999
      ],
      [
        -1.861195983365178,
        53.46367048099637,
        611.5999999999999
      ],
      [
        -1.8612432572990656,
        53.4637242089957,
        611.4000000000001
      ],
      [
        -1.861249627545476,
        53.46373845823109,
        611.4000000000001
      ],
      [
        -1.86125960201025,
        53.46376460976899,
        611.2
      ],
      [
        -1.8612774554640055,
        53.46380827948451,
        610.8
      ],
      [
        -1.8612974882125854,
        53.463832419365644,
        610.5999999999999
      ],
      [
        -1.8613198678940535,
        53.46387030556798,
        610.4000000000001
      ],
      [
        -1.8613557424396276,
        53.46390483900905,
        610
      ],
      [
        -1.8613725062459707,
        53.46392939798534,
        610
      ],
      [
        -1.8614197801798582,
        53.46396862529218,
        609.5999999999999
      ],
      [
        -1.861444255337119,
        53.46397306770086,
        609.4000000000001
      ],
      [
        -1.8614925350993872,
        53.46400609239936,
        609.2
      ],
      [
        -1.8615762703120708,
        53.46405051648617,
        608.8
      ],
      [
        -1.8616079539060593,
        53.46406535245478,
        608.8
      ],
      [
        -1.8617080338299274,
        53.464109022170305,
        608.5999999999999
      ],
      [
        -1.8617507815361023,
        53.46415311098099,
        608.2
      ],
      [
        -1.8617492727935314,
        53.464167108759284,
        608.2
      ],
      [
        -1.8617488536983728,
        53.46417959779501,
        607.8
      ],
      [
        -1.8617192655801773,
        53.464246820658445,
        607
      ],
      [
        -1.8617147393524647,
        53.4642593935132,
        607
      ],
      [
        -1.8616676330566406,
        53.46431513316929,
        606
      ],
      [
        -1.861670482903719,
        53.46432804130018,
        606
      ],
      [
        -1.8617304135113955,
        53.46437020227313,
        606
      ],
      [
        -1.861775005236268,
        53.46438780426979,
        606
      ],
      [
        -1.8618793599307537,
        53.46442527137697,
        605.8
      ],
      [
        -1.861898386850953,
        53.46444496884942,
        605.8
      ],
      [
        -1.8619874026626348,
        53.46448461525142,
        605.8
      ],
      [
        -1.862000897526741,
        53.46450548619032,
        605.5999999999999
      ],
      [
        -1.8620120454579592,
        53.4645498264581,
        605.2
      ],
      [
        -1.8620350118726492,
        53.464580504223704,
        605
      ],
      [
        -1.862064516171813,
        53.46460036933422,
        605
      ],
      [
        -1.8621023185551167,
        53.46461554057896,
        604.8
      ],
      [
        -1.862214719876647,
        53.46466055139899,
        604.2
      ],
      [
        -1.862295102328062,
        53.464716877788305,
        604
      ],
      [
        -1.8623158056288958,
        53.46475124359131,
        604
      ],
      [
        -1.8623455613851547,
        53.46479533240199,
        603.8
      ],
      [
        -1.862356960773468,
        53.4648088272661,
        603.5999999999999
      ],
      [
        -1.8623592238873243,
        53.46482131630182,
        603.4000000000001
      ],
      [
        -1.8623143807053566,
        53.464852161705494,
        602.8
      ],
      [
        -1.8623618222773075,
        53.46493606455624,
        602.8
      ],
      [
        -1.8624022230505943,
        53.46501091495156,
        601.8
      ],
      [
        -1.862406162545085,
        53.46502021886408,
        601.5999999999999
      ],
      [
        -1.8624304700642824,
        53.46507537178695,
        600.8
      ],
      [
        -1.8624293804168701,
        53.465084256604314,
        600.8
      ],
      [
        -1.8623973615467548,
        53.465129770338535,
        600.4000000000001
      ],
      [
        -1.8623659294098616,
        53.46521006897092,
        600.2
      ],
      [
        -1.8624204955995083,
        53.4652541577816,
        600
      ],
      [
        -1.8624475691467524,
        53.46528433263302,
        599.5999999999999
      ],
      [
        -1.8624360859394073,
        53.465299839153886,
        599.5999999999999
      ],
      [
        -1.8624334875494242,
        53.46531174145639,
        599.5999999999999
      ],
      [
        -1.8624686915427446,
        53.46539430320263,
        598.8
      ],
      [
        -1.8624913226813078,
        53.46543436869979,
        598.8
      ],
      [
        -1.862501297146082,
        53.46546613611281,
        598.8
      ],
      [
        -1.8625057395547628,
        53.465494718402624,
        598.5999999999999
      ],
      [
        -1.8625096790492535,
        53.465556828305125,
        598.2
      ],
      [
        -1.8625126965343952,
        53.465570993721485,
        598.2
      ],
      [
        -1.8625562824308872,
        53.46563771367073,
        597.8
      ],
      [
        -1.862562233582139,
        53.46564936451614,
        597.5999999999999
      ],
      [
        -1.862655272707343,
        53.46570770256221,
        597
      ],
      [
        -1.8627013731747866,
        53.46572019159794,
        596.2
      ],
      [
        -1.8627540115267038,
        53.465752797201276,
        596
      ],
      [
        -1.8628303706645966,
        53.46579361706972,
        595.5999999999999
      ],
      [
        -1.8628616351634264,
        53.46580266952515,
        595.2
      ],
      [
        -1.8628660775721073,
        53.465810213238,
        595.2
      ],
      [
        -1.8629335518926382,
        53.465855391696095,
        594.8
      ],
      [
        -1.8629621341824532,
        53.46586746163666,
        594.8
      ],
      [
        -1.8630483001470566,
        53.465883638709784,
        595
      ],
      [
        -1.8631239887326956,
        53.465915992856026,
        594.8
      ],
      [
        -1.8631664011627436,
        53.4659175015986,
        594.5999999999999
      ],
      [
        -1.863214848563075,
        53.46591465175152,
        594.4000000000001
      ],
      [
        -1.8632529862225056,
        53.46591817215085,
        594
      ],
      [
        -1.8633388169109821,
        53.46592144109309,
        593.8
      ],
      [
        -1.8634912837296724,
        53.46590367145836,
        593.5999999999999
      ],
      [
        -1.8636621069163084,
        53.46587701700628,
        593.5999999999999
      ],
      [
        -1.8637793697416782,
        53.46589730121195,
        593.2
      ],
      [
        -1.8637899309396744,
        53.46589570865035,
        593
      ],
      [
        -1.863810382783413,
        53.465898390859365,
        592.5999999999999
      ],
      [
        -1.8638299964368343,
        53.46591322682798,
        592.5999999999999
      ],
      [
        -1.8639208562672138,
        53.46595622599125,
        592.8
      ],
      [
        -1.8640194274485111,
        53.46598841249943,
        592.5999999999999
      ],
      [
        -1.8641200941056013,
        53.465991765260696,
        592.2
      ],
      [
        -1.8641280569136143,
        53.465989921242,
        592
      ],
      [
        -1.8641330022364855,
        53.46599436365068,
        592
      ],
      [
        -1.8641720619052649,
        53.46601339057088,
        592
      ],
      [
        -1.864169044420123,
        53.46602210775018,
        592.2
      ],
      [
        -1.8641667813062668,
        53.46601875498891,
        592.4000000000001
      ],
      [
        -1.86417231336236,
        53.466021018102765,
        592.4000000000001
      ],
      [
        -1.864169044420123,
        53.466016659513116,
        591.8
      ],
      [
        -1.8641943577677011,
        53.46605898812413,
        591.8
      ],
      [
        -1.8642498459666967,
        53.4660710580647,
        591.4000000000001
      ],
      [
        -1.8642946891486645,
        53.46606435254216,
        591.2
      ],
      [
        -1.8643939308822155,
        53.466071812435985,
        591
      ],
      [
        -1.8644078448414803,
        53.46608052961528,
        590.8
      ],
      [
        -1.864414131268859,
        53.466086480766535,
        590.5999999999999
      ],
      [
        -1.8644133768975735,
        53.466093773022294,
        590.5999999999999
      ],
      [
        -1.8644278775900602,
        53.46610433422029,
        590.2
      ],
      [
        -1.8644464015960693,
        53.46611020155251,
        589.8
      ],
      [
        -1.864467104896903,
        53.46611246466637,
        589.8
      ],
      [
        -1.8646097648888826,
        53.46613073721528,
        589.8
      ],
      [
        -1.8647562805563211,
        53.46613568253815,
        589.8
      ],
      [
        -1.8649244215339422,
        53.466159068048,
        589.4000000000001
      ],
      [
        -1.8650006130337715,
        53.466184716671705,
        588.8
      ],
      [
        -1.8650250043720007,
        53.466198882088065,
        588.5999999999999
      ],
      [
        -1.8650877010077238,
        53.46620709635317,
        588.2
      ],
      [
        -1.8651345558464527,
        53.46620198339224,
        588.2
      ],
      [
        -1.8653442710638046,
        53.46618044190109,
        588.8
      ],
      [
        -1.8655046168714762,
        53.466159738600254,
        588.5999999999999
      ],
      [
        -1.8656213767826557,
        53.46616703085601,
        588.2
      ],
      [
        -1.8657883442938328,
        53.46618010662496,
        588.2
      ],
      [
        -1.8659477680921555,
        53.46618773415685,
        587.5999999999999
      ],
      [
        -1.8660034239292145,
        53.466188656166196,
        587.4000000000001
      ],
      [
        -1.866188831627369,
        53.466180777177215,
        587.2
      ],
      [
        -1.8663306534290314,
        53.466191506013274,
        586.4000000000001
      ],
      [
        -1.8663838785141706,
        53.466188656166196,
        586.2
      ],
      [
        -1.8665320705622435,
        53.46617331728339,
        585.8
      ],
      [
        -1.8665479961782694,
        53.466160744428635,
        585.4000000000001
      ],
      [
        -1.866569286212325,
        53.46616242080927,
        585.4000000000001
      ],
      [
        -1.866669449955225,
        53.46614766865969,
        585.2
      ],
      [
        -1.8667282909154892,
        53.46612436696887,
        584.5999999999999
      ],
      [
        -1.8667520955204964,
        53.4661159850657,
        584.4000000000001
      ],
      [
        -1.8668834399431944,
        53.4661003947258,
        584.4000000000001
      ],
      [
        -1.8669002875685692,
        53.46609846688807,
        584.4000000000001
      ],
      [
        -1.867028446868062,
        53.466119421646,
        584
      ],
      [
        -1.8670689314603806,
        53.46611103974283,
        584
      ],
      [
        -1.8671192228794098,
        53.46610249020159,
        583.8
      ],
      [
        -1.867159539833665,
        53.46609494648874,
        583.8
      ],
      [
        -1.8672343902289867,
        53.46608463674784,
        583.4000000000001
      ],
      [
        -1.8672520760446787,
        53.46608388237655,
        583.2
      ],
      [
        -1.8673503119498491,
        53.46606242470443,
        583
      ],
      [
        -1.8674379866570234,
        53.46605597063899,
        582.5999999999999
      ],
      [
        -1.8676002603024244,
        53.46603392623365,
        582.4000000000001
      ],
      [
        -1.8676140066236258,
        53.46602923236787,
        582.2
      ],
      [
        -1.867721462622285,
        53.46602571196854,
        581.8
      ],
      [
        -1.867854567244649,
        53.466038620099425,
        581.8
      ],
      [
        -1.867963783442974,
        53.46603593789041,
        581.5999999999999
      ],
      [
        -1.8679885938763618,
        53.4660314116627,
        581.4000000000001
      ],
      [
        -1.868067467585206,
        53.46603233367205,
        581.2
      ],
      [
        -1.8681310024112463,
        53.46603342331946,
        581.2
      ],
      [
        -1.868187664076686,
        53.466014731675386,
        580.5999999999999
      ],
      [
        -1.8682090379297733,
        53.46601523458958,
        580.4000000000001
      ],
      [
        -1.8682330939918756,
        53.46600609831512,
        580
      ],
      [
        -1.8682484328746796,
        53.46600157208741,
        580
      ],
      [
        -1.8682706449180841,
        53.466008361428976,
        580
      ],
      [
        -1.8682719860225916,
        53.4660002309829,
        579.8
      ],
      [
        -1.8682724051177502,
        53.466004421934485,
        579.5999999999999
      ],
      [
        -1.8682852294296026,
        53.46599285490811,
        579.5999999999999
      ],
      [
        -1.8682734947651625,
        53.465982880443335,
        579.5999999999999
      ],
      [
        -1.8682734947651625,
        53.465982880443335,
        579.4000000000001
      ],
      [
        -1.8682637717574835,
        53.465991765260696,
        579.4000000000001
      ],
      [
        -1.8682637717574835,
        53.465991765260696,
        579.4000000000001
      ],
      [
        -1.8682637717574835,
        53.465991765260696,
        579.4000000000001
      ],
      [
        -1.8682637717574835,
        53.465991765260696,
        579.4000000000001
      ],
      [
        -1.8682637717574835,
        53.465991765260696,
        579.4000000000001
      ],
      [
        -1.8682620115578175,
        53.46599235199392,
        579.4000000000001
      ],
      [
        -1.8682637717574835,
        53.465991765260696,
        579.4000000000001
      ],
      [
        -1.8682637717574835,
        53.465991765260696,
        579.5999999999999
      ],
      [
        -1.8682637717574835,
        53.465991765260696,
        579.5999999999999
      ],
      [
        -1.8682637717574835,
        53.465991765260696,
        579.5999999999999
      ],
      [
        -1.8682637717574835,
        53.465991765260696,
        579.5999999999999
      ],
      [
        -1.8682637717574835,
        53.465991765260696,
        579.4000000000001
      ],
      [
        -1.8682637717574835,
        53.465991765260696,
        579.5999999999999
      ],
      [
        -1.8682637717574835,
        53.465991765260696,
        579.5999999999999
      ],
      [
        -1.8682637717574835,
        53.465991765260696,
        579.5999999999999
      ],
      [
        -1.8682637717574835,
        53.465991765260696,
        579.5999999999999
      ],
      [
        -1.8682637717574835,
        53.465991765260696,
        579.8
      ],
      [
        -1.8682637717574835,
        53.465991765260696,
        579.8
      ],
      [
        -1.868262430652976,
        53.465994615107775,
        579.8
      ],
      [
        -1.8682637717574835,
        53.465991765260696,
        579.8
      ],
      [
        -1.8682637717574835,
        53.465991765260696,
        579.5999999999999
      ],
      [
        -1.8682637717574835,
        53.465991765260696,
        579.5999999999999
      ],
      [
        -1.8682637717574835,
        53.465991765260696,
        579.8
      ],
      [
        -1.8682632688432932,
        53.46599453128874,
        580
      ],
      [
        -1.8682637717574835,
        53.465991765260696,
        580
      ],
      [
        -1.8682637717574835,
        53.465991765260696,
        580
      ],
      [
        -1.8682637717574835,
        53.465991765260696,
        579.5999999999999
      ],
      [
        -1.8682637717574835,
        53.465991765260696,
        579.5999999999999
      ],
      [
        -1.868266873061657,
        53.46598614938557,
        579.5999999999999
      ],
      [
        -1.8682575691491365,
        53.465994196012616,
        579.5999999999999
      ],
      [
        -1.8682962097227573,
        53.466000063344836,
        580.2
      ],
      [
        -1.8683727364987135,
        53.465990172699094,
        580
      ],
      [
        -1.868464769795537,
        53.46595136448741,
        579.5999999999999
      ],
      [
        -1.8685653526335955,
        53.46593216992915,
        579
      ],
      [
        -1.8685825355350971,
        53.46592730842531,
        579
      ],
      [
        -1.868696864694357,
        53.46586922183633,
        578.4000000000001
      ],
      [
        -1.8687582202255726,
        53.46584399230778,
        578
      ],
      [
        -1.868819072842598,
        53.465829407796264,
        577.8
      ],
      [
        -1.8688370939344168,
        53.46581985242665,
        577.4000000000001
      ],
      [
        -1.8688683584332466,
        53.46580292098224,
        577.4000000000001
      ],
      [
        -1.86898042447865,
        53.46578816883266,
        577.2
      ],
      [
        -1.869018143042922,
        53.46578515134752,
        577
      ],
      [
        -1.8690848629921675,
        53.4657843131572,
        576.5999999999999
      ],
      [
        -1.8692132737487555,
        53.46577685326338,
        576
      ],
      [
        -1.869226936250925,
        53.46576763316989,
        576
      ],
      [
        -1.8692977633327246,
        53.46572371199727,
        575.5999999999999
      ],
      [
        -1.8693406786769629,
        53.465709211304784,
        575.4000000000001
      ],
      [
        -1.8694054707884789,
        53.46572161652148,
        575.2
      ],
      [
        -1.8695414252579212,
        53.46571298316121,
        575
      ],
      [
        -1.8695628829300404,
        53.465707283467054,
        574.8
      ],
      [
        -1.8696938082575798,
        53.46569093875587,
        574.2
      ],
      [
        -1.8697340413928032,
        53.46568607725203,
        573.8
      ],
      [
        -1.8698073830455542,
        53.46567006781697,
        573.4000000000001
      ],
      [
        -1.869863709434867,
        53.46564928069711,
        573
      ],
      [
        -1.8699026014655828,
        53.465646682307124,
        572.8
      ],
      [
        -1.8699250649660826,
        53.46564198844135,
        572.8
      ],
      [
        -1.8699920363724232,
        53.465615501627326,
        572.4000000000001
      ],
      [
        -1.8700217921286821,
        53.46560552716255,
        572.2
      ],
      [
        -1.8700923677533865,
        53.46558205783367,
        571.8
      ],
      [
        -1.870126063004136,
        53.46557426266372,
        571.5999999999999
      ],
      [
        -1.870183227583766,
        53.4655649587512,
        571.2
      ],
      [
        -1.8702351953834295,
        53.46554526127875,
        571.2
      ],
      [
        -1.8702634423971176,
        53.46551936119795,
        571
      ],
      [
        -1.8702722433954477,
        53.465514248237014,
        570.5999999999999
      ],
      [
        -1.8703455850481987,
        53.465490862727165,
        570
      ],
      [
        -1.8704056832939386,
        53.46548046916723,
        569.5999999999999
      ],
      [
        -1.870450945571065,
        53.46547401510179,
        569.4000000000001
      ],
      [
        -1.8705521151423454,
        53.465451216325164,
        568.8
      ],
      [
        -1.8705822061747313,
        53.465439565479755,
        568.4000000000001
      ],
      [
        -1.8706422206014395,
        53.46542305313051,
        568.2
      ],
      [
        -1.8707125447690487,
        53.465396985411644,
        567.5999999999999
      ],
      [
        -1.8707898259162903,
        53.465400421991944,
        567.4000000000001
      ],
      [
        -1.8708095233887434,
        53.4653939679265,
        567.4000000000001
      ],
      [
        -1.8708498403429985,
        53.46538608893752,
        566.8
      ],
      [
        -1.870897114276886,
        53.46537770703435,
        566.4000000000001
      ],
      [
        -1.8709010537713766,
        53.465369157493114,
        566.2
      ],
      [
        -1.8708848766982555,
        53.465360440313816,
        566.2
      ],
      [
        -1.8709434662014246,
        53.4653352946043,
        565.5999999999999
      ],
      [
        -1.8709557875990868,
        53.46532364375889,
        565.4000000000001
      ],
      [
        -1.8710390198975801,
        53.46529019996524,
        565
      ],
      [
        -1.8710848689079285,
        53.465269999578595,
        564.4000000000001
      ],
      [
        -1.8711456377059221,
        53.46525700762868,
        564
      ],
      [
        -1.8712538480758667,
        53.46525114029646,
        563.2
      ],
      [
        -1.8713121861219406,
        53.46524292603135,
        562.5999999999999
      ],
      [
        -1.8714159540832043,
        53.465242171660066,
        562.2
      ],
      [
        -1.8714452907443047,
        53.46523982472718,
        561.5999999999999
      ],
      [
        -1.8715177942067385,
        53.4652491286397,
        561.4000000000001
      ],
      [
        -1.8715575244277716,
        53.46525264903903,
        561
      ],
      [
        -1.8716355599462986,
        53.465267485007644,
        560.2
      ],
      [
        -1.8717077281326056,
        53.4652819018811,
        560
      ],
      [
        -1.87175533734262,
        53.46529698930681,
        559.8
      ],
      [
        -1.871843682602048,
        53.46530687995255,
        559.2
      ],
      [
        -1.8719156831502914,
        53.46530788578093,
        558.8
      ],
      [
        -1.871955245733261,
        53.465315010398626,
        558.4000000000001
      ],
      [
        -1.8719886895269156,
        53.46533386968076,
        557.8
      ],
      [
        -1.8720022682100534,
        53.46533487550914,
        557.5999999999999
      ],
      [
        -1.8720454350113869,
        53.465351052582264,
        557.5999999999999
      ],
      [
        -1.8721663020551205,
        53.46534887328744,
        557.2
      ],
      [
        -1.8722167611122131,
        53.46535876393318,
        556.5999999999999
      ],
      [
        -1.8722804635763168,
        53.46537142060697,
        556.2
      ],
      [
        -1.8723257258534431,
        53.465369660407305,
        555.8
      ],
      [
        -1.8723415676504374,
        53.46536999568343,
        555.5999999999999
      ],
      [
        -1.8723615165799856,
        53.465376030653715,
        555.4000000000001
      ],
      [
        -1.8723794538527727,
        53.46537485718727,
        555.4000000000001
      ],
      [
        -1.8724142387509346,
        53.46538499929011,
        555.4000000000001
      ],
      [
        -1.872449442744255,
        53.4654010925442,
        555.2
      ],
      [
        -1.8725505284965038,
        53.46541425213218,
        555
      ],
      [
        -1.8726327549666166,
        53.46545021049678,
        554.5999999999999
      ],
      [
        -1.8726634327322245,
        53.46545917913318,
        554.5999999999999
      ],
      [
        -1.8727013189345598,
        53.46544861793518,
        554
      ],
      [
        -1.8727240338921547,
        53.4654357098043,
        553.5999999999999
      ],
      [
        -1.8727590702474117,
        53.46543629653752,
        553.2
      ],
      [
        -1.8728252034634352,
        53.4654129948467,
        552.2
      ],
      [
        -1.8728559650480747,
        53.46540645696223,
        552
      ],
      [
        -1.8728837929666042,
        53.46540746279061,
        551.8
      ],
      [
        -1.8729505129158497,
        53.46541735343635,
        551.2
      ],
      [
        -1.8730525206774473,
        53.46542665734887,
        550.2
      ],
      [
        -1.873073223978281,
        53.4654198680073,
        550.2
      ],
      [
        -1.8731463141739368,
        53.46541894599795,
        549.4000000000001
      ],
      [
        -1.8731828592717648,
        53.46541207283735,
        549.2
      ],
      [
        -1.8732379283756018,
        53.46538952551782,
        548.8
      ],
      [
        -1.8732553627341986,
        53.46538860350847,
        548.8
      ],
      [
        -1.8733292911201715,
        53.465378042310476,
        548.4000000000001
      ],
      [
        -1.8733660876750946,
        53.46536731347442,
        548
      ],
      [
        -1.873408667743206,
        53.46537091769278,
        547.8
      ],
      [
        -1.873540598899126,
        53.46539145335555,
        547
      ],
      [
        -1.8736274354159832,
        53.46538080833852,
        546
      ],
      [
        -1.8736412655562162,
        53.465379383414984,
        545.8
      ],
      [
        -1.8736985977739096,
        53.46537091769278,
        545.4000000000001
      ],
      [
        -1.8737371545284986,
        53.46537192352116,
        545
      ],
      [
        -1.8737742025405169,
        53.46537049859762,
        544.4000000000001
      ],
      [
        -1.8738136813044548,
        53.46535725519061,
        543.8
      ],
      [
        -1.8739309441298246,
        53.46532288938761,
        543.5999999999999
      ],
      [
        -1.8739663995802402,
        53.465320877730846,
        543
      ],
      [
        -1.874027419835329,
        53.4653231408447,
        542.8
      ],
      [
        -1.8740643840283155,
        53.46532481722534,
        542.5999999999999
      ],
      [
        -1.8741576746106148,
        53.46533068455756,
        542.2
      ],
      [
        -1.874202350154519,
        53.465320290997624,
        541.8
      ],
      [
        -1.874236799776554,
        53.46530159935355,
        541.5999999999999
      ],
      [
        -1.8742990773171186,
        53.465274861082435,
        540.4000000000001
      ],
      [
        -1.8743787053972483,
        53.46525516360998,
        539.4000000000001
      ],
      [
        -1.8744595907628536,
        53.46524829044938,
        538.4000000000001
      ],
      [
        -1.8744754325598478,
        53.46524644643068,
        538.2
      ],
      [
        -1.8746287375688553,
        53.4652282577008,
        537.4000000000001
      ],
      [
        -1.8746616784483194,
        53.46522272564471,
        537
      ],
      [
        -1.87477751635015,
        53.46518475562334,
        536
      ],
      [
        -1.8747908435761929,
        53.46517888829112,
        536
      ],
      [
        -1.8748820386826992,
        53.46514083445072,
        534.8
      ],
      [
        -1.874928055331111,
        53.465124405920506,
        534.5999999999999
      ],
      [
        -1.874991673976183,
        53.465099930763245,
        533.8
      ],
      [
        -1.8750292249023914,
        53.46509138122201,
        533.2
      ],
      [
        -1.8750429712235928,
        53.46509297378361,
        533
      ],
      [
        -1.8750653509050608,
        53.46508517861366,
        532.8
      ],
      [
        -1.8750899098813534,
        53.46506900154054,
        532.5999999999999
      ],
      [
        -1.8751081824302673,
        53.46506305038929,
        532.5999999999999
      ],
      [
        -1.8751930072903633,
        53.465059362351894,
        532
      ],
      [
        -1.8752266187220812,
        53.46506061963737,
        531.5999999999999
      ],
      [
        -1.8752762395888567,
        53.46507277339697,
        531
      ],
      [
        -1.8754033092409372,
        53.465064223855734,
        530.5999999999999
      ],
      [
        -1.8754191510379314,
        53.46506020054221,
        530.4000000000001
      ],
      [
        -1.8755670078098774,
        53.46506212837994,
        529.8
      ],
      [
        -1.875608917325735,
        53.465058943256736,
        529.5999999999999
      ],
      [
        -1.8757198937237263,
        53.46505139954388,
        528.5999999999999
      ],
      [
        -1.8757365737110376,
        53.465048130601645,
        528.2
      ],
      [
        -1.8757662456482649,
        53.46504595130682,
        527.5999999999999
      ],
      [
        -1.8758299481123686,
        53.465042850002646,
        527.2
      ],
      [
        -1.8759749550372362,
        53.46502508036792,
        526.2
      ],
      [
        -1.8760133441537619,
        53.46502038650215,
        526.2
      ],
      [
        -1.876030107960105,
        53.4650176204741,
        526.2
      ],
      [
        -1.8760784715414047,
        53.46500337123871,
        525.4000000000001
      ],
      [
        -1.876103114336729,
        53.46500152722001,
        525
      ],
      [
        -1.8761886097490788,
        53.46499867737293,
        524
      ],
      [
        -1.8762111570686102,
        53.46499842591584,
        523.8
      ],
      [
        -1.8763539846986532,
        53.46500722691417,
        523
      ],
      [
        -1.8763781245797873,
        53.46500932238996,
        522.8
      ],
      [
        -1.8764423299580812,
        53.46501024439931,
        522
      ],
      [
        -1.8764553219079971,
        53.46500337123871,
        522
      ],
      [
        -1.876469822600484,
        53.46499901264906,
        521.8
      ],
      [
        -1.8765309266746044,
        53.46498535014689,
        521
      ],
      [
        -1.8765735905617476,
        53.464982667937875,
        520.8
      ],
      [
        -1.8766203615814447,
        53.46497369930148,
        520.2
      ],
      [
        -1.8766681384295225,
        53.46495945006609,
        519.8
      ],
      [
        -1.8766742572188377,
        53.464953918009996,
        519.6
      ],
      [
        -1.876699822023511,
        53.46493296325207,
        519
      ],
      [
        -1.8767464254051447,
        53.46492567099631,
        518.4
      ],
      [
        -1.8767932802438736,
        53.46491997130215,
        518
      ],
      [
        -1.876835273578763,
        53.46490832045674,
        517.4
      ],
      [
        -1.8768436554819345,
        53.46490848809481,
        517.2
      ],
      [
        -1.8768796138465405,
        53.46490438096225,
        517
      ],
      [
        -1.8768864870071411,
        53.46490086056292,
        517
      ],
      [
        -1.876925379037857,
        53.46489432267845,
        516.6
      ],
      [
        -1.876946920529008,
        53.46488527022302,
        516.4
      ],
      [
        -1.8769527040421963,
        53.46488066017628,
        516.2
      ],
      [
        -1.8770128022879362,
        53.46486716531217,
        515.2
      ],
      [
        -1.8771405424922705,
        53.46485735848546,
        514.4
      ],
      [
        -1.8771980423480272,
        53.46485945396125,
        514.2
      ],
      [
        -1.877229642122984,
        53.46485157497227,
        514
      ],
      [
        -1.8772909138351679,
        53.46484562382102,
        513.8
      ],
      [
        -1.877302397042513,
        53.46484554000199,
        513.4
      ],
      [
        -1.8773535266518593,
        53.46487387083471,
        513.6
      ],
      [
        -1.8773781694471836,
        53.46487479284406,
        513.6
      ],
      [
        -1.8774350825697184,
        53.46487018279731,
        513.6
      ],
      [
        -1.8775056581944227,
        53.46486959606409,
        513.2
      ],
      [
        -1.8775375094264746,
        53.46486213617027,
        513.2
      ],
      [
        -1.87755536288023,
        53.46485626883805,
        513
      ],
      [
        -1.8775782454758883,
        53.46484989859164,
        512.8
      ],
      [
        -1.8775919917970896,
        53.46483397297561,
        511.79999999999995
      ],
      [
        -1.8776087556034327,
        53.46483036875725,
        511.6
      ],
      [
        -1.8776521738618612,
        53.46480899490416,
        510.79999999999995
      ],
      [
        -1.8776624836027622,
        53.46480564214289,
        510.79999999999995
      ],
      [
        -1.8777483981102705,
        53.46479332074523,
        510.4
      ],
      [
        -1.877800952643156,
        53.46479709260166,
        509.79999999999995
      ],
      [
        -1.8778492324054241,
        53.46479197964072,
        509.6
      ],
      [
        -1.8779197242110968,
        53.46477136015892,
        508.79999999999995
      ],
      [
        -1.8779393378645182,
        53.464770102873445,
        508.6
      ],
      [
        -1.8779765535145998,
        53.46475996077061,
        508.4
      ],
      [
        -1.8780052196234465,
        53.464752081781626,
        508
      ],
      [
        -1.8781003542244434,
        53.46475920639932,
        507.6
      ],
      [
        -1.8781078979372978,
        53.46475459635258,
        507.6
      ],
      [
        -1.8782127555459738,
        53.46475115977228,
        507.20000000000005
      ],
      [
        -1.8782919645309448,
        53.46475761383772,
        506.6
      ],
      [
        -1.8783271685242653,
        53.46475870348513,
        506.4
      ],
      [
        -1.8784225545823574,
        53.464743699878454,
        506.20000000000005
      ],
      [
        -1.8784891068935394,
        53.464729283005,
        505.4
      ],
      [
        -1.8785207066684961,
        53.46472383476794,
        505.20000000000005
      ],
      [
        -1.8785713333636522,
        53.46471235156059,
        504.4
      ],
      [
        -1.8785935454070568,
        53.46470723859966,
        504.20000000000005
      ],
      [
        -1.8786168470978737,
        53.464709585532546,
        503.6
      ],
      [
        -1.878629419952631,
        53.464701287448406,
        503
      ],
      [
        -1.8786758556962013,
        53.46470690332353,
        502.6
      ],
      [
        -1.8787580821663141,
        53.4647068195045,
        502.20000000000005
      ],
      [
        -1.8787450063973665,
        53.46470640040934,
        501.79999999999995
      ],
      [
        -1.8787425756454468,
        53.46470698714256,
        501.79999999999995
      ],
      [
        -1.8787671346217394,
        53.46469357609749,
        501
      ],
      [
        -1.878777863457799,
        53.46469617448747,
        500.79999999999995
      ],
      [
        -1.8788209464401007,
        53.46468586474657,
        500.20000000000005
      ],
      [
        -1.878827651962638,
        53.46468477509916,
        499.4
      ],
      [
        -1.8788471817970276,
        53.46468645147979,
        499.20000000000005
      ],
      [
        -1.8789014965295792,
        53.46467304043472,
        498.4
      ],
      [
        -1.8789135664701462,
        53.4646687656641,
        498.20000000000005
      ],
      [
        -1.8789874110370874,
        53.464651834219694,
        497.20000000000005
      ],
      [
        -1.8790429830551147,
        53.464652840048075,
        496.4
      ],
      [
        -1.8790563941001892,
        53.464653342962265,
        496
      ],
      [
        -1.8791432306170464,
        53.46467354334891,
        495.20000000000005
      ],
      [
        -1.8791979644447565,
        53.464681673794985,
        495
      ],
      [
        -1.8792503513395786,
        53.46468284726143,
        494.79999999999995
      ],
      [
        -1.8792604934424162,
        53.464694414287806,
        494.6
      ],
      [
        -1.8793048337101936,
        53.46470765769482,
        494.4
      ],
      [
        -1.879322687163949,
        53.46471067517996,
        494.20000000000005
      ],
      [
        -1.8793623335659504,
        53.46474185585976,
        494
      ],
      [
        -1.879379516467452,
        53.4647602122277,
        494
      ],
      [
        -1.8793889880180359,
        53.46477286890149,
        494
      ],
      [
        -1.879423689097166,
        53.464797511696815,
        493.79999999999995
      ],
      [
        -1.8794962763786316,
        53.464833134785295,
        493.6
      ],
      [
        -1.8795718811452389,
        53.464888874441385,
        493
      ],
      [
        -1.8795741442590952,
        53.46489943563938,
        492.79999999999995
      ],
      [
        -1.8795887287706137,
        53.46490756608546,
        492.6
      ],
      [
        -1.8796417023986578,
        53.464930448681116,
        492.20000000000005
      ],
      [
        -1.879684366285801,
        53.464946541935205,
        491.79999999999995
      ],
      [
        -1.8796997051686049,
        53.464954840019345,
        491.6
      ],
      [
        -1.879715882241726,
        53.46496833488345,
        491.6
      ],
      [
        -1.8797265272587538,
        53.46498878672719,
        491.4
      ],
      [
        -1.8797280360013247,
        53.46502139233053,
        490.79999999999995
      ],
      [
        -1.8797209952026606,
        53.465040838345885,
        490.6
      ],
      [
        -1.8797157146036625,
        53.465051148086786,
        490.6
      ],
      [
        -1.8797157146036625,
        53.465051148086786,
        490.6
      ],
      [
        -1.879709679633379,
        53.46510361880064,
        489.6
      ],
      [
        -1.879709679633379,
        53.46510361880064,
        489.4
      ],
      [
        -1.8797080032527447,
        53.46510697156191,
        489.4
      ],
      [
        -1.879709679633379,
        53.46510361880064,
        489.6
      ],
      [
        -1.87976005487144,
        53.4651352185756,
        488.79999999999995
      ],
      [
        -1.8797681853175163,
        53.465139493346214,
        488.4
      ],
      [
        -1.8797807581722736,
        53.46514041535556,
        488.4
      ],
      [
        -1.8797845300287008,
        53.46513572148979,
        488.6
      ],
      [
        -1.8797952588647604,
        53.46517260186374,
        488.79999999999995
      ],
      [
        -1.8798026349395514,
        53.46518282778561,
        488.79999999999995
      ],
      [
        -1.8798225838690996,
        53.465203531086445,
        488.79999999999995
      ],
      [
        -1.8798872083425522,
        53.465248458087444,
        489.6
      ],
      [
        -1.8798981048166752,
        53.465250888839364,
        490
      ],
      [
        -1.8799051456153393,
        53.465258767828345,
        490.6
      ],
      [
        -1.879921155050397,
        53.465279303491116,
        491.6
      ],
      [
        -1.8799273576587439,
        53.46529120579362,
        491.79999999999995
      ],
      [
        -1.8799643218517303,
        53.46532389521599,
        492
      ],
      [
        -1.8799752183258533,
        53.46533194184303,
        492.20000000000005
      ],
      [
        -1.8800228275358677,
        53.465342251583934,
        493
      ],
      [
        -1.8800496496260166,
        53.465345688164234,
        494
      ],
      [
        -1.880054259672761,
        53.465344682335854,
        494.20000000000005
      ],
      [
        -1.880065156146884,
        53.46534367650747,
        495
      ],
      [
        -1.8800531700253487,
        53.465344682335854,
        495.20000000000005
      ],
      [
        -1.8800878711044788,
        53.46534686163068,
        496
      ],
      [
        -1.8800878711044788,
        53.46534686163068,
        496.20000000000005
      ],
      [
        -1.8800944089889526,
        53.46536002121866,
        496.4
      ],
      [
        -1.8800944089889526,
        53.46536002121866,
        497
      ],
      [
        -1.8800944089889526,
        53.46536002121866,
        496.6
      ],
      [
        -1.8800944089889526,
        53.46536002121866,
        496.6
      ],
      [
        -1.8800944089889526,
        53.46536002121866,
        496.6
      ],
      [
        -1.8800944089889526,
        53.46536002121866,
        496.6
      ],
      [
        -1.8800944089889526,
        53.46536002121866,
        496.6
      ],
      [
        -1.8800944089889526,
        53.46536002121866,
        496.4
      ],
      [
        -1.8800944089889526,
        53.46536002121866,
        496.6
      ],
      [
        -1.8800944089889526,
        53.46536002121866,
        496.6
      ],
      [
        -1.8800944089889526,
        53.46536002121866,
        496.6
      ],
      [
        -1.8800944089889526,
        53.46536002121866,
        496.4
      ],
      [
        -1.8800944089889526,
        53.46536002121866,
        496.4
      ],
      [
        -1.8800944089889526,
        53.46536002121866,
        496.6
      ],
      [
        -1.8800944089889526,
        53.46536002121866,
        496.4
      ],
      [
        -1.8800917267799377,
        53.465367648750544,
        496.4
      ],
      [
        -1.8800903018563986,
        53.46536840312183,
        496.4
      ],
      [
        -1.8800903018563986,
        53.46536848694086,
        496.6
      ],
      [
        -1.8800906371325254,
        53.46536898985505,
        496.6
      ],
      [
        -1.8801165372133255,
        53.46534677781165,
        496.79999999999995
      ],
      [
        -1.8801740370690823,
        53.46535633318126,
        496.79999999999995
      ],
      [
        -1.880226507782936,
        53.465383909642696,
        496.4
      ],
      [
        -1.880228016525507,
        53.46539958380163,
        496.20000000000005
      ],
      [
        -1.8802674114704132,
        53.46542615443468,
        495.4
      ],
      [
        -1.880271602421999,
        53.46543277613819,
        495
      ],
      [
        -1.8803040403872728,
        53.46544333733618,
        494.6
      ],
      [
        -1.8803235702216625,
        53.46545431762934,
        494
      ],
      [
        -1.8803261686116457,
        53.46545993350446,
        494
      ],
      [
        -1.8803293537348509,
        53.46546898595989,
        493.79999999999995
      ],
      [
        -1.8803159426897764,
        53.46550075337291,
        492.79999999999995
      ],
      [
        -1.8803156074136496,
        53.46552078612149,
        492.4
      ],
      [
        -1.8803370650857687,
        53.46556437201798,
        491.6
      ],
      [
        -1.880359947681427,
        53.46557694487274,
        491.20000000000005
      ],
      [
        -1.8804066348820925,
        53.46560502424836,
        490.6
      ],
      [
        -1.8804380670189857,
        53.46561768092215,
        490.4
      ],
      [
        -1.8804909568279982,
        53.46565875224769,
        489.4
      ],
      [
        -1.8805383145809174,
        53.465703427791595,
        488.20000000000005
      ],
      [
        -1.8805776257067919,
        53.46571248024702,
        487.20000000000005
      ],
      [
        -1.880583157762885,
        53.465720945969224,
        487
      ],
      [
        -1.8806128297001123,
        53.46578531898558,
        486.6
      ],
      [
        -1.8806269951164722,
        53.46581641584635,
        486
      ],
      [
        -1.8806521408259869,
        53.4658482670784,
        484.79999999999995
      ],
      [
        -1.8806818965822458,
        53.465862767770886,
        484.6
      ],
      [
        -1.880723387002945,
        53.46588011831045,
        483.79999999999995
      ],
      [
        -1.8807976506650448,
        53.46592051908374,
        483.4
      ],
      [
        -1.88087560236454,
        53.46597919240594,
        483.20000000000005
      ],
      [
        -1.8809721618890762,
        53.46603635698557,
        483
      ],
      [
        -1.880980459973216,
        53.46604130230844,
        482.6
      ],
      [
        -1.8810377083718777,
        53.46607516519725,
        481.79999999999995
      ],
      [
        -1.8810540530830622,
        53.466083044186234,
        481.4
      ],
      [
        -1.88112773001194,
        53.46613408997655,
        480.6
      ],
      [
        -1.8811595812439919,
        53.466150434687734,
        480.4
      ],
      [
        -1.8812381196767092,
        53.466169126331806,
        480.20000000000005
      ],
      [
        -1.8813340086489916,
        53.46619946882129,
        480.4
      ],
      [
        -1.8814714718610048,
        53.46622067503631,
        479.4
      ],
      [
        -1.8815432209521532,
        53.46622562035918,
        478.4
      ],
      [
        -1.881553865969181,
        53.46623324789107,
        478.20000000000005
      ],
      [
        -1.881618406623602,
        53.46627331338823,
        478
      ],
      [
        -1.8816907424479723,
        53.466332741081715,
        478.20000000000005
      ],
      [
        -1.8817785009741783,
        53.46639761701226,
        477.4
      ],
      [
        -1.881781853735447,
        53.46640381962061,
        477.20000000000005
      ],
      [
        -1.881832480430603,
        53.46641999669373,
        475.79999999999995
      ],
      [
        -1.8818467296659946,
        53.46642619930208,
        475.79999999999995
      ],
      [
        -1.881851926445961,
        53.466440280899405,
        475.79999999999995
      ],
      [
        -1.8818867951631546,
        53.466490153223276,
        476.20000000000005
      ],
      [
        -1.8819113541394472,
        53.46652116626501,
        475.79999999999995
      ],
      [
        -1.8819465581327677,
        53.4665510058403,
        475.4
      ],
      [
        -1.8819848634302616,
        53.466604482382536,
        474.79999999999995
      ],
      [
        -1.8820670060813427,
        53.46664044074714,
        473.79999999999995
      ],
      [
        -1.882084608078003,
        53.466646978631616,
        473.6
      ],
      [
        -1.8821713607758284,
        53.46669374965131,
        473.79999999999995
      ],
      [
        -1.8822069838643074,
        53.466719230636954,
        473.79999999999995
      ],
      [
        -1.8822252564132214,
        53.4667513333261,
        473.4
      ],
      [
        -1.8822868634015322,
        53.466805312782526,
        472.6
      ],
      [
        -1.8822902999818325,
        53.46681034192443,
        472.6
      ],
      [
        -1.882299017161131,
        53.466815454885364,
        471.6
      ],
      [
        -1.8823009449988604,
        53.46681478433311,
        471.4
      ],
      [
        -1.882314020767808,
        53.46686038188636,
        471.20000000000005
      ],
      [
        -1.8823147751390934,
        53.466885862872005,
        471
      ],
      [
        -1.882333718240261,
        53.466905476525426,
        470.79999999999995
      ],
      [
        -1.8823471292853355,
        53.466920647770166,
        470.79999999999995
      ],
      [
        -1.8823604565113783,
        53.46695979125798,
        471.20000000000005
      ],
      [
        -1.8823900446295738,
        53.46700672991574,
        471.4
      ],
      [
        -1.8823989294469357,
        53.46703405492008,
        471.4
      ],
      [
        -1.8824352230876684,
        53.46709004603326,
        471.6
      ],
      [
        -1.8825322855263948,
        53.46715307794511,
        471.79999999999995
      ],
      [
        -1.8825679924339056,
        53.467219630256295,
        471.20000000000005
      ],
      [
        -1.882647117599845,
        53.467284673824906,
        470.6
      ],
      [
        -1.8826657254248857,
        53.46729322336614,
        470.4
      ],
      [
        -1.8826841656118631,
        53.4673435986042,
        470.20000000000005
      ],
      [
        -1.8827031087130308,
        53.467351561412215,
        470
      ],
      [
        -1.8827608600258827,
        53.467387687414885,
        469.6
      ],
      [
        -1.8828098941594362,
        53.46743244677782,
        469.4
      ],
      [
        -1.8828505463898182,
        53.467469327151775,
        469
      ],
      [
        -1.8828735128045082,
        53.4674905333668,
        469
      ],
      [
        -1.8829258996993303,
        53.46755029633641,
        468.4
      ],
      [
        -1.8829384725540876,
        53.467558678239584,
        468
      ],
      [
        -1.8830221239477396,
        53.467621291056275,
        467.4
      ],
      [
        -1.8830832280218601,
        53.46766948699951,
        466.79999999999995
      ],
      [
        -1.8831443320959806,
        53.46769840456545,
        466
      ],
      [
        -1.8832202721387148,
        53.46772413700819,
        465.6
      ],
      [
        -1.883287075906992,
        53.46774416975677,
        465.4
      ],
      [
        -1.883377181366086,
        53.467787839472294,
        464.6
      ],
      [
        -1.883434010669589,
        53.467808207497,
        464
      ],
      [
        -1.883468208834529,
        53.46781315281987,
        463.4
      ],
      [
        -1.8835212662816048,
        53.46782237291336,
        462.20000000000005
      ],
      [
        -1.8835379462689161,
        53.467822624370456,
        462
      ],
      [
        -1.8836238607764244,
        53.467824971303344,
        461.20000000000005
      ],
      [
        -1.883640205487609,
        53.46782824024558,
        461
      ],
      [
        -1.883736765012145,
        53.4678616002202,
        460.4
      ],
      [
        -1.883792756125331,
        53.46786419861019,
        460.4
      ],
      [
        -1.8838450592011213,
        53.467871993780136,
        460.4
      ],
      [
        -1.8838382698595524,
        53.46786436624825,
        460.20000000000005
      ],
      [
        -1.8838344980031252,
        53.46786336041987,
        460
      ],
      [
        -1.8838397786021233,
        53.467861181125045,
        460
      ],
      [
        -1.8838882260024548,
        53.46787006594241,
        459.79999999999995
      ],
      [
        -1.8839254416525364,
        53.467873334884644,
        459.79999999999995
      ],
      [
        -1.8839487433433533,
        53.467874927446246,
        459.20000000000005
      ],
      [
        -1.8839586339890957,
        53.4678790345788,
        459
      ],
      [
        -1.8839784990996122,
        53.46787752583623,
        458.6
      ],
      [
        -1.884037759155035,
        53.467885572463274,
        457.79999999999995
      ],
      [
        -1.8840614799410105,
        53.46788649447262,
        457.4
      ],
      [
        -1.8841281160712242,
        53.46789705567062,
        456.79999999999995
      ],
      [
        -1.8841779045760632,
        53.46791272982955,
        456.4
      ],
      [
        -1.8843050580471754,
        53.46792245283723,
        456.20000000000005
      ],
      [
        -1.8843709398061037,
        53.467935444787145,
        455.79999999999995
      ],
      [
        -1.8844048026949167,
        53.46793234348297,
        455.6
      ],
      [
        -1.8844674993306398,
        53.46794064156711,
        455
      ],
      [
        -1.884559616446495,
        53.46795086748898,
        454.79999999999995
      ],
      [
        -1.884583504870534,
        53.46795095130801,
        454.79999999999995
      ],
      [
        -1.884634718298912,
        53.467948269099,
        454.4
      ],
      [
        -1.8847150169312954,
        53.46795178949833,
        453.6
      ],
      [
        -1.8847711756825447,
        53.46796000376344,
        453.4
      ],
      [
        -1.8848564196377993,
        53.4679739177227,
        452.6
      ],
      [
        -1.8848654720932245,
        53.46797827631235,
        452.6
      ],
      [
        -1.8849075492471457,
        53.467989675700665,
        452
      ],
      [
        -1.8849318567663431,
        53.467982299625874,
        451.6
      ],
      [
        -1.8849424179643393,
        53.467977019026875,
        451.4
      ],
      [
        -1.8849846627563238,
        53.46798992715776,
        450.6
      ],
      [
        -1.8849899433553219,
        53.46799763850868,
        450.6
      ],
      [
        -1.8849986605346203,
        53.46800199709833,
        450.6
      ],
      [
        -1.8849984928965569,
        53.46801054663956,
        450.6
      ],
      [
        -1.885017603635788,
        53.46806460991502,
        449.79999999999995
      ],
      [
        -1.8850315175950527,
        53.468069303780794,
        449.79999999999995
      ],
      [
        -1.8850430008023977,
        53.46807332709432,
        449.6
      ],
      [
        -1.885050293058157,
        53.46808288246393,
        449.4
      ],
      [
        -1.885096812620759,
        53.46811196766794,
        448.79999999999995
      ],
      [
        -1.8851085472851992,
        53.46812470816076,
        448.6
      ],
      [
        -1.8851900193840265,
        53.46816401928663,
        447.79999999999995
      ],
      [
        -1.8852854054421186,
        53.46819033846259,
        447.4
      ],
      [
        -1.8853641953319311,
        53.468218417838216,
        447
      ],
      [
        -1.8854465056210756,
        53.46824498847127,
        446.4
      ],
      [
        -1.8854600843042135,
        53.468249179422855,
        446.20000000000005
      ],
      [
        -1.8854978028684855,
        53.46826267428696,
        445.6
      ],
      [
        -1.8855093698948622,
        53.468250101432204,
        445.6
      ],
      [
        -1.8855093698948622,
        53.468250101432204,
        445.79999999999995
      ],
      [
        -1.8855093698948622,
        53.468250101432204,
        445.79999999999995
      ],
      [
        -1.8855093698948622,
        53.468250101432204,
        445.6
      ],
      [
        -1.8855093698948622,
        53.468250101432204,
        445.79999999999995
      ],
      [
        -1.8855093698948622,
        53.468250101432204,
        446
      ],
      [
        -1.8855006527155638,
        53.46824649721384,
        446
      ],
      [
        -1.8855015747249126,
        53.468245742842555,
        446
      ],
      [
        -1.885496461763978,
        53.468244737014174,
        446
      ],
      [
        -1.8854966294020414,
        53.468244737014174,
        446
      ],
      [
        -1.8855093698948622,
        53.468250101432204,
        446.20000000000005
      ],
      [
        -1.8855093698948622,
        53.468250101432204,
        446.20000000000005
      ],
      [
        -1.8855093698948622,
        53.468250101432204,
        446.20000000000005
      ],
      [
        -1.8855093698948622,
        53.468250101432204,
        446
      ],
      [
        -1.8855093698948622,
        53.468250101432204,
        446
      ],
      [
        -1.8855093698948622,
        53.468250101432204,
        446.20000000000005
      ],
      [
        -1.8854992277920246,
        53.468248173594475,
        446.20000000000005
      ],
      [
        -1.8855093698948622,
        53.468250101432204,
        446.20000000000005
      ],
      [
        -1.8855093698948622,
        53.468250101432204,
        446.20000000000005
      ],
      [
        -1.8855093698948622,
        53.468250101432204,
        446.20000000000005
      ],
      [
        -1.8855093698948622,
        53.468250101432204,
        446.20000000000005
      ],
      [
        -1.8855093698948622,
        53.468250101432204,
        446.20000000000005
      ],
      [
        -1.8855093698948622,
        53.468250101432204,
        446.6
      ],
      [
        -1.8855069391429424,
        53.46825739368796,
        446.4
      ],
      [
        -1.8855216074734926,
        53.46825764514506,
        446.6
      ],
      [
        -1.8855940271168947,
        53.46828597597778,
        446.4
      ],
      [
        -1.8857010640203953,
        53.46832210198045,
        445.6
      ],
      [
        -1.885741800069809,
        53.46832905896008,
        445.4
      ],
      [
        -1.8857449851930141,
        53.468332663178444,
        445.4
      ],
      [
        -1.8857901636511087,
        53.46834951080382,
        445.20000000000005
      ],
      [
        -1.8858123756945133,
        53.46835504285991,
        445.20000000000005
      ],
      [
        -1.8859233520925045,
        53.46835680305958,
        445
      ],
      [
        -1.8859409540891647,
        53.4683489240706,
        445
      ],
      [
        -1.885963836684823,
        53.46833936870098,
        445
      ],
      [
        -1.8859736435115337,
        53.468339620158076,
        445.4
      ],
      [
        -1.8860284611582756,
        53.468348840251565,
        445.4
      ],
      [
        -1.8860400281846523,
        53.46835697069764,
        445.20000000000005
      ],
      [
        -1.8860431294888258,
        53.46836577169597,
        445.20000000000005
      ],
      [
        -1.8860976956784725,
        53.46840332262218,
        445.20000000000005
      ],
      [
        -1.8861371744424105,
        53.46842050552368,
        445
      ],
      [
        -1.8861578777432442,
        53.46843517385423,
        444.6
      ],
      [
        -1.8861682713031769,
        53.46844087354839,
        444.4
      ],
      [
        -1.886221244931221,
        53.46848152577877,
        443.4
      ],
      [
        -1.8862345721572638,
        53.46848915331066,
        443.20000000000005
      ],
      [
        -1.8863600492477417,
        53.468528212979436,
        443.20000000000005
      ],
      [
        -1.8864467181265354,
        53.46857104450464,
        443
      ],
      [
        -1.8866106681525707,
        53.4686147980392,
        442.79999999999995
      ],
      [
        -1.8866257555782795,
        53.468607338145375,
        442.79999999999995
      ],
      [
        -1.8866666592657566,
        53.46861052326858,
        443.4
      ],
      [
        -1.886681830510497,
        53.46861781552434,
        443.6
      ],
      [
        -1.8866907991468906,
        53.46864857710898,
        443
      ],
      [
        -1.8867914658039808,
        53.468707920983434,
        442
      ],
      [
        -1.886893641203642,
        53.468743711709976,
        441.4
      ],
      [
        -1.8869706708937883,
        53.46875955350697,
        441
      ],
      [
        -1.8870092276483774,
        53.468769108876586,
        441
      ],
      [
        -1.8871414102613926,
        53.468805737793446,
        441
      ],
      [
        -1.8872332759201527,
        53.4688185621053,
        440.79999999999995
      ],
      [
        -1.8872677255421877,
        53.4688288718462,
        440.79999999999995
      ],
      [
        -1.8873864132910967,
        53.468854101374745,
        440.4
      ],
      [
        -1.887415163218975,
        53.468848653137684,
        440.20000000000005
      ],
      [
        -1.8874526303261518,
        53.46884739585221,
        440.20000000000005
      ],
      [
        -1.8875361140817404,
        53.468856532126665,
        440.6
      ],
      [
        -1.8876270577311516,
        53.468868182972074,
        440.20000000000005
      ],
      [
        -1.8876480963081121,
        53.468870194628835,
        440
      ],
      [
        -1.8877247907221317,
        53.46887052990496,
        439.20000000000005
      ],
      [
        -1.8877520319074392,
        53.46887690015137,
        439
      ],
      [
        -1.887814560905099,
        53.468886371701956,
        438.6
      ],
      [
        -1.8878528662025928,
        53.46888368949294,
        438.6
      ],
      [
        -1.8878789339214563,
        53.46888704225421,
        438.4
      ],
      [
        -1.8879123777151108,
        53.4688909817487,
        438.20000000000005
      ],
      [
        -1.8879369366914034,
        53.468890311196446,
        437.79999999999995
      ],
      [
        -1.887963255867362,
        53.46889550797641,
        437.4
      ],
      [
        -1.8880506791174412,
        53.46889358013868,
        437.4
      ],
      [
        -1.8880640901625156,
        53.468894083052874,
        437.4
      ],
      [
        -1.8881453946232796,
        53.46888159401715,
        437.79999999999995
      ],
      [
        -1.8881914112716913,
        53.46889819018543,
        437.4
      ],
      [
        -1.8882805109024048,
        53.46891671419144,
        437.20000000000005
      ],
      [
        -1.8883408606052399,
        53.46892828121781,
        436.79999999999995
      ],
      [
        -1.8884017132222652,
        53.46891621127725,
        436.4
      ],
      [
        -1.8884240929037333,
        53.46891973167658,
        436.6
      ],
      [
        -1.8884447123855352,
        53.46893540583551,
        437
      ],
      [
        -1.888493075966835,
        53.4689549356699,
        437
      ],
      [
        -1.8885697703808546,
        53.46896633505821,
        436.79999999999995
      ],
      [
        -1.8886122666299343,
        53.468961557373405,
        436.4
      ],
      [
        -1.8886492308229208,
        53.468959126621485,
        436.4
      ],
      [
        -1.8887400068342686,
        53.46894068643451,
        436.6
      ],
      [
        -1.8887411803007126,
        53.468938674777746,
        436.4
      ],
      [
        -1.8887493945658207,
        53.46893649548292,
        436.4
      ],
      [
        -1.8887488078325987,
        53.46893850713968,
        436.4
      ],
      [
        -1.888833213597536,
        53.468949906527996,
        437
      ],
      [
        -1.8889375682920218,
        53.468965999782085,
        436.79999999999995
      ],
      [
        -1.8890260811895132,
        53.469003131613135,
        436
      ],
      [
        -1.88904644921422,
        53.46900723874569,
        435.79999999999995
      ],
      [
        -1.8891688250005245,
        53.46905359067023,
        435.20000000000005
      ],
      [
        -1.889302683994174,
        53.46905384212732,
        434.79999999999995
      ],
      [
        -1.8893600162118673,
        53.46904001198709,
        434.79999999999995
      ],
      [
        -1.8893988244235516,
        53.469025595113635,
        435.20000000000005
      ],
      [
        -1.8894869182258844,
        53.46900279633701,
        435.4
      ],
      [
        -1.8895921111106873,
        53.46902693621814,
        435.6
      ],
      [
        -1.8895981460809708,
        53.46903397701681,
        435.6
      ],
      [
        -1.8896559812128544,
        53.46905216574669,
        434.79999999999995
      ],
      [
        -1.8896757625043392,
        53.46905183047056,
        434.6
      ],
      [
        -1.8897812068462372,
        53.46905426122248,
        433.6
      ],
      [
        -1.8898954521864653,
        53.469055937603116,
        433
      ],
      [
        -1.8899299018085003,
        53.469059374183416,
        433
      ],
      [
        -1.8899910897016525,
        53.46906985156238,
        432.79999999999995
      ],
      [
        -1.8901101127266884,
        53.46908292733133,
        432.6
      ],
      [
        -1.8901236914098263,
        53.46908208914101,
        432.6
      ],
      [
        -1.8902219273149967,
        53.46910589374602,
        432.4
      ],
      [
        -1.8902614060789347,
        53.469113018363714,
        432.4
      ],
      [
        -1.8903303053230047,
        53.46912517212331,
        432.4
      ],
      [
        -1.8904079217463732,
        53.46913925372064,
        432.79999999999995
      ],
      [
        -1.890489226207137,
        53.46912098117173,
        433.20000000000005
      ],
      [
        -1.890595257282257,
        53.469137996435165,
        433.4
      ],
      [
        -1.8907094188034534,
        53.46915576606989,
        433.20000000000005
      ],
      [
        -1.8908053915947676,
        53.46915593370795,
        433
      ],
      [
        -1.8909243308007717,
        53.46914696507156,
        432.6
      ],
      [
        -1.8909989297389984,
        53.46913757734001,
        432.79999999999995
      ],
      [
        -1.891081240028143,
        53.46912005916238,
        433.4
      ],
      [
        -1.8911218084394932,
        53.46912492066622,
        433.6
      ],
      [
        -1.8911521509289742,
        53.469139002263546,
        433.79999999999995
      ],
      [
        -1.8912668153643608,
        53.469121819362044,
        433.6
      ],
      [
        -1.8913901131600142,
        53.469114024192095,
        434
      ],
      [
        -1.8914850801229477,
        53.46910681575537,
        434.4
      ],
      [
        -1.891501760110259,
        53.46910363063216,
        434.4
      ],
      [
        -1.8915148358792067,
        53.46910639666021,
        434.4
      ],
      [
        -1.8916111439466476,
        53.46911913715303,
        434.6
      ],
      [
        -1.8916503712534904,
        53.46912265755236,
        434.6
      ],
      [
        -1.8917133193463087,
        53.469109078869224,
        434.6
      ],
      [
        -1.891733855009079,
        53.46911176107824,
        434.6
      ],
      [
        -1.891787750646472,
        53.46911821514368,
        434.6
      ],
      [
        -1.8918747548013926,
        53.46912492066622,
        434.6
      ],
      [
        -1.8919656984508038,
        53.469104804098606,
        434.6
      ],
      [
        -1.891997717320919,
        53.46907236613333,
        434.79999999999995
      ],
      [
        -1.8920093681663275,
        53.469077814370394,
        435
      ],
      [
        -1.892042811959982,
        53.46909801475704,
        435.20000000000005
      ],
      [
        -1.8921205960214138,
        53.469116035848856,
        435.20000000000005
      ],
      [
        -1.8922114558517933,
        53.46910740248859,
        435
      ],
      [
        -1.8923506792634726,
        53.46910597756505,
        435
      ],
      [
        -1.8924811854958534,
        53.46908871084452,
        435.4
      ],
      [
        -1.8924992065876722,
        53.469091979786754,
        435.4
      ],
      [
        -1.8925629928708076,
        53.469092063605785,
        435.79999999999995
      ],
      [
        -1.8925998732447624,
        53.46909139305353,
        435.79999999999995
      ],
      [
        -1.8926969356834888,
        53.469087621197104,
        436
      ],
      [
        -1.8927599675953388,
        53.46908560954034,
        436
      ],
      [
        -1.8927689362317324,
        53.469084771350026,
        435.79999999999995
      ],
      [
        -1.8928481452167034,
        53.469103714451194,
        436
      ],
      [
        -1.8928631488233805,
        53.46910580992699,
        436.20000000000005
      ],
      [
        -1.8929984327405691,
        53.469123831018806,
        436.6
      ],
      [
        -1.8930704332888126,
        53.469117879867554,
        436.79999999999995
      ],
      [
        -1.8930984288454056,
        53.469116957858205,
        436.79999999999995
      ],
      [
        -1.8931749556213617,
        53.4691293630749,
        437
      ],
      [
        -1.8931893724948168,
        53.46912492066622,
        437
      ],
      [
        -1.8932073935866356,
        53.46913296729326,
        437.20000000000005
      ],
      [
        -1.893236730247736,
        53.469145791605115,
        437.20000000000005
      ],
      [
        -1.89337276853621,
        53.46917152404785,
        437.20000000000005
      ],
      [
        -1.8934828229248524,
        53.46917236223817,
        437.4
      ],
      [
        -1.8935772869735956,
        53.46918510273099,
        437.20000000000005
      ],
      [
        -1.8935772869735956,
        53.46918510273099,
        437.6
      ],
      [
        -1.8935772869735956,
        53.46918510273099,
        437.79999999999995
      ],
      [
        -1.8935772869735956,
        53.46918510273099,
        437.79999999999995
      ],
      [
        -1.8935772869735956,
        53.46918510273099,
        437.79999999999995
      ],
      [
        -1.8935772869735956,
        53.46918510273099,
        437.6
      ],
      [
        -1.8935772869735956,
        53.46918510273099,
        437.6
      ],
      [
        -1.8935772869735956,
        53.46918510273099,
        437.6
      ],
      [
        -1.8935772869735956,
        53.46918510273099,
        437.6
      ],
      [
        -1.8935822322964668,
        53.469184432178736,
        437.6
      ],
      [
        -1.8935825675725937,
        53.469191724434495,
        437.6
      ],
      [
        -1.8936744332313538,
        53.469185857102275,
        437.6
      ],
      [
        -1.8937069550156593,
        53.469187365844846,
        437.79999999999995
      ],
      [
        -1.893737968057394,
        53.46918527036905,
        438.4
      ],
      [
        -1.893767137080431,
        53.46918040886521,
        439
      ],
      [
        -1.8938199430704117,
        53.46918426454067,
        439.20000000000005
      ],
      [
        -1.8938557337969542,
        53.46921301446855,
        439.4
      ],
      [
        -1.8939635250717402,
        53.469236735254526,
        439.4
      ],
      [
        -1.8940522894263268,
        53.46925945021212,
        439.4
      ],
      [
        -1.8941023293882608,
        53.4692863561213,
        439.20000000000005
      ],
      [
        -1.8942318297922611,
        53.46933212131262,
        438.6
      ],
      [
        -1.89424985088408,
        53.469336898997426,
        437.79999999999995
      ],
      [
        -1.8942543771117926,
        53.469339245930314,
        437.6
      ],
      [
        -1.894281031563878,
        53.469331534579396,
        437.6
      ],
      [
        -1.8943583965301514,
        53.4693487174809,
        437.4
      ],
      [
        -1.894454536959529,
        53.46936380490661,
        438.20000000000005
      ],
      [
        -1.8944947700947523,
        53.469360787421465,
        438.4
      ],
      [
        -1.8945206701755524,
        53.469354417175055,
        438.79999999999995
      ],
      [
        -1.894529638811946,
        53.46935911104083,
        439
      ],
      [
        -1.894618822261691,
        53.46936699002981,
        439
      ],
      [
        -1.8946429621428251,
        53.46936581656337,
        438.79999999999995
      ],
      [
        -1.894760811701417,
        53.46936154179275,
        438
      ],
      [
        -1.8947963509708643,
        53.46934393979609,
        438
      ],
      [
        -1.8948063254356384,
        53.46933849155903,
        438.20000000000005
      ],
      [
        -1.8948696926236153,
        53.46935014240444,
        438.4
      ],
      [
        -1.8949845246970654,
        53.46934209577739,
        438.79999999999995
      ],
      [
        -1.8950003664940596,
        53.469339832663536,
        438.79999999999995
      ],
      [
        -1.8950685113668442,
        53.46933555789292,
        439.20000000000005
      ],
      [
        -1.8950883764773607,
        53.469333127141,
        439.4
      ],
      [
        -1.8951260950416327,
        53.46932231448591,
        440
      ],
      [
        -1.8951778952032328,
        53.46932918764651,
        440.6
      ],
      [
        -1.8952078185975552,
        53.469328014180064,
        441.20000000000005
      ],
      [
        -1.8952415138483047,
        53.46933463588357,
        441.20000000000005
      ],
      [
        -1.8953477963805199,
        53.46932332031429,
        442.20000000000005
      ],
      [
        -1.8953606206923723,
        53.46932591870427,
        442.6
      ],
      [
        -1.895371349528432,
        53.469328600913286,
        442.6
      ],
      [
        -1.895396914333105,
        53.46932306885719,
        442.6
      ],
      [
        -1.895406637340784,
        53.46932918764651,
        442.6
      ],
      [
        -1.8954156897962093,
        53.46932742744684,
        442.4
      ],
      [
        -1.8954875227063894,
        53.46933723427355,
        442
      ],
      [
        -1.8955251574516296,
        53.46933597698808,
        441.79999999999995
      ],
      [
        -1.89563462510705,
        53.469331953674555,
        441.6
      ],
      [
        -1.895664967596531,
        53.4693296905607,
        441.79999999999995
      ],
      [
        -1.8957254011183977,
        53.469323655590415,
        441.6
      ],
      [
        -1.8957978207617998,
        53.4693244099617,
        441.4
      ],
      [
        -1.895845765247941,
        53.469322146847844,
        441.20000000000005
      ],
      [
        -1.8959218729287386,
        53.46932424232364,
        441.4
      ],
      [
        -1.8959746789187193,
        53.46930915489793,
        442
      ],
      [
        -1.8960167560726404,
        53.469316782429814,
        442.20000000000005
      ],
      [
        -1.8960668798536062,
        53.46931820735335,
        442.79999999999995
      ],
      [
        -1.8961413111537695,
        53.46930638886988,
        443.20000000000005
      ],
      [
        -1.8961573205888271,
        53.46930613741279,
        443.4
      ],
      [
        -1.8961715698242188,
        53.469311418011785,
        443.6
      ],
      [
        -1.8962213583290577,
        53.46931770443916,
        444.20000000000005
      ],
      [
        -1.8962708115577698,
        53.46931795589626,
        444.6
      ],
      [
        -1.8963630963116884,
        53.469322146847844,
        445.20000000000005
      ],
      [
        -1.8963715620338917,
        53.46932541579008,
        445.20000000000005
      ],
      [
        -1.8964146450161934,
        53.46933824010193,
        445.4
      ],
      [
        -1.8964248709380627,
        53.46934435889125,
        445.4
      ],
      [
        -1.8965074326843023,
        53.4693571832031,
        445
      ],
      [
        -1.8965992145240307,
        53.469347627833486,
        444.6
      ],
      [
        -1.896706921979785,
        53.469361793249846,
        446
      ],
      [
        -1.8968301359564066,
        53.469394566491246,
        446
      ],
      [
        -1.8969567026942968,
        53.469423400238156,
        445.20000000000005
      ],
      [
        -1.8970690201967955,
        53.469439996406436,
        445.20000000000005
      ],
      [
        -1.8971870373934507,
        53.46945818513632,
        445.20000000000005
      ],
      [
        -1.897311508655548,
        53.46948257647455,
        445
      ],
      [
        -1.897409576922655,
        53.46950856037438,
        444.6
      ],
      [
        -1.8974842596799135,
        53.46952021121979,
        444.20000000000005
      ],
      [
        -1.8974996823817492,
        53.4695228934288,
        444.20000000000005
      ],
      [
        -1.897605461999774,
        53.46955147571862,
        443.4
      ],
      [
        -1.8976232316344976,
        53.46955658867955,
        443.20000000000005
      ],
      [
        -1.8976697511970997,
        53.46957159228623,
        442.79999999999995
      ],
      [
        -1.8977663945406675,
        53.469595313072205,
        442.20000000000005
      ],
      [
        -1.8977663945406675,
        53.469595313072205,
        442.20000000000005
      ],
      [
        -1.897808387875557,
        53.46959883347154,
        442
      ],
      [
        -1.897808387875557,
        53.46959883347154,
        441.79999999999995
      ],
      [
        -1.897808387875557,
        53.46959883347154,
        441.79999999999995
      ],
      [
        -1.8978126626461744,
        53.469601683318615,
        442
      ],
      [
        -1.897816015407443,
        53.46960159949958,
        442
      ],
      [
        -1.8978432565927505,
        53.469610484316945,
        442
      ],
      [
        -1.8978449329733849,
        53.4696093108505,
        442
      ],
      [
        -1.897893212735653,
        53.469611909240484,
        442.4
      ],
      [
        -1.8980307597666979,
        53.46963747404516,
        442
      ],
      [
        -1.8981783650815487,
        53.46965993754566,
        441.79999999999995
      ],
      [
        -1.898271068930626,
        53.46965750679374,
        442
      ],
      [
        -1.8983737472444773,
        53.46966831944883,
        442
      ],
      [
        -1.8983745854347944,
        53.46966588869691,
        441.20000000000005
      ],
      [
        -1.8984132260084152,
        53.469671420753,
        441.20000000000005
      ],
      [
        -1.8984537106007338,
        53.46967955119908,
        441.20000000000005
      ],
      [
        -1.8984661158174276,
        53.469681814312935,
        441.20000000000005
      ],
      [
        -1.8984836339950562,
        53.46968407742679,
        441
      ],
      [
        -1.8985961191356182,
        53.469691034406424,
        440
      ],
      [
        -1.8986332509666681,
        53.46969187259674,
        439.79999999999995
      ],
      [
        -1.8987362645566463,
        53.469692124053836,
        439.6
      ],
      [
        -1.8988575506955385,
        53.46970058977604,
        439.4
      ],
      [
        -1.898968443274498,
        53.46969128586352,
        439.20000000000005
      ],
      [
        -1.899058884009719,
        53.469688687473536,
        439.20000000000005
      ],
      [
        -1.8990872986614704,
        53.4696851670742,
        439
      ],
      [
        -1.8991322256624699,
        53.469694051891565,
        439
      ],
      [
        -1.8991871271282434,
        53.469703271985054,
        439
      ],
      [
        -1.8992969300597906,
        53.46972229890525,
        439
      ],
      [
        -1.8994217365980148,
        53.469742834568024,
        439.4
      ],
      [
        -1.8994323816150427,
        53.46974459476769,
        439.4
      ],
      [
        -1.8995570205152035,
        53.4697578381747,
        439.6
      ],
      [
        -1.8996772170066833,
        53.46975825726986,
        440
      ],
      [
        -1.8996915500611067,
        53.469758089631796,
        440
      ],
      [
        -1.89984074793756,
        53.46976328641176,
        439.79999999999995
      ],
      [
        -1.8999398220330477,
        53.469770243391395,
        440
      ],
      [
        -1.899978294968605,
        53.4697683993727,
        440
      ],
      [
        -1.8999945558607578,
        53.469769740477204,
        440
      ],
      [
        -1.900020707398653,
        53.46977083012462,
        440.20000000000005
      ],
      [
        -1.9000495411455631,
        53.46977887675166,
        440.6
      ],
      [
        -1.9001374673098326,
        53.46979203633964,
        440.79999999999995
      ],
      [
        -1.9002038519829512,
        53.469815254211426,
        440.6
      ],
      [
        -1.9003201927989721,
        53.46983361057937,
        440
      ],
      [
        -1.9004778563976288,
        53.469848949462175,
        440
      ],
      [
        -1.9005457498133183,
        53.46984039992094,
        439
      ],
      [
        -1.9005687162280083,
        53.46984576433897,
        438.79999999999995
      ],
      [
        -1.9006755016744137,
        53.4698527213186,
        438.4
      ],
      [
        -1.9006832130253315,
        53.46984735690057,
        438.20000000000005
      ],
      [
        -1.9006961211562157,
        53.46984031610191,
        438.4
      ],
      [
        -1.900757309049368,
        53.46984039992094,
        439
      ],
      [
        -1.9008782599121332,
        53.469844507053494,
        439.4
      ],
      [
        -1.9009659346193075,
        53.46985850483179,
        439.79999999999995
      ],
      [
        -1.9010354205965996,
        53.46987267024815,
        439.79999999999995
      ],
      [
        -1.9011067505925894,
        53.46987811848521,
        440
      ],
      [
        -1.9011812657117844,
        53.46988675184548,
        440
      ],
      [
        -1.9012316409498453,
        53.4699063654989,
        440
      ],
      [
        -1.9012556970119476,
        53.46991223283112,
        439.79999999999995
      ],
      [
        -1.9013004563748837,
        53.46992287784815,
        439.4
      ],
      [
        -1.901333061978221,
        53.469920698553324,
        439.20000000000005
      ],
      [
        -1.901380755007267,
        53.469923213124275,
        439.20000000000005
      ],
      [
        -1.9013912323862314,
        53.46992639824748,
        439.20000000000005
      ],
      [
        -1.9015048071742058,
        53.46993947401643,
        439.4
      ],
      [
        -1.9016001094132662,
        53.46997233107686,
        439
      ],
      [
        -1.9017072301357985,
        53.46999286673963,
        438.79999999999995
      ],
      [
        -1.9018226489424706,
        53.47002798691392,
        438.4
      ],
      [
        -1.901856679469347,
        53.47003678791225,
        438
      ],
      [
        -1.9019229803234339,
        53.470058497041464,
        437.79999999999995
      ],
      [
        -1.902063125744462,
        53.47008909098804,
        437.20000000000005
      ],
      [
        -1.9021572545170784,
        53.47012169659138,
        437
      ],
      [
        -1.902212155982852,
        53.470126977190375,
        437
      ],
      [
        -1.9022661354392767,
        53.470139130949974,
        436.79999999999995
      ],
      [
        -1.9023883435875177,
        53.47017450258136,
        436.6
      ],
      [
        -1.9024690613150597,
        53.47019319422543,
        436
      ],
      [
        -1.902502505108714,
        53.470202246680856,
        435.79999999999995
      ],
      [
        -1.9026156608015299,
        53.4702377859503,
        435.4
      ],
      [
        -1.902680704370141,
        53.47026008181274,
        435
      ],
      [
        -1.9027059338986874,
        53.47027005627751,
        434.79999999999995
      ],
      [
        -1.902745496481657,
        53.47028422169387,
        434
      ],
      [
        -1.9027548003941774,
        53.47029193304479,
        433.79999999999995
      ],
      [
        -1.9028280582278967,
        53.47031565383077,
        432.79999999999995
      ],
      [
        -1.9028421398252249,
        53.47032135352492,
        432.79999999999995
      ],
      [
        -1.902907770127058,
        53.4703466668725,
        432.6
      ],
      [
        -1.902922773733735,
        53.47034859471023,
        432.6
      ],
      [
        -1.9030226022005081,
        53.47038212232292,
        431.6
      ],
      [
        -1.9030586443841457,
        53.470387905836105,
        431.4
      ],
      [
        -1.903084209188819,
        53.47039829939604,
        431.20000000000005
      ],
      [
        -1.903159897774458,
        53.47043693996966,
        430.79999999999995
      ],
      [
        -1.9031735602766275,
        53.470439622178674,
        430.6
      ],
      [
        -1.9031815230846405,
        53.47044046036899,
        430.20000000000005
      ],
      [
        -1.9032262824475765,
        53.47044322639704,
        429.20000000000005
      ],
      [
        -1.9032586365938187,
        53.470443142578006,
        428.6
      ],
      [
        -1.90327531658113,
        53.47045596688986,
        428.20000000000005
      ],
      [
        -1.9033019710332155,
        53.47048228606582,
        427.79999999999995
      ],
      [
        -1.9033505860716105,
        53.470511538907886,
        427
      ],
      [
        -1.9033557828515768,
        53.47052243538201,
        426.79999999999995
      ],
      [
        -1.9033986143767834,
        53.47055143676698,
        426.4
      ],
      [
        -1.9034259393811226,
        53.47056057304144,
        426.20000000000005
      ],
      [
        -1.9034659210592508,
        53.47057683393359,
        426
      ],
      [
        -1.9034934975206852,
        53.4705953579396,
        425.79999999999995
      ],
      [
        -1.9035292882472277,
        53.47061086446047,
        425.4
      ],
      [
        -1.9035707786679268,
        53.47063349559903,
        425
      ],
      [
        -1.9036323856562376,
        53.47066216170788,
        424.4
      ],
      [
        -1.9036942441016436,
        53.47068487666547,
        423.79999999999995
      ],
      [
        -1.9037514925003052,
        53.470713291317225,
        423.20000000000005
      ],
      [
        -1.9037795718759298,
        53.47072963602841,
        422.79999999999995
      ],
      [
        -1.9038012810051441,
        53.47074497491121,
        422.79999999999995
      ],
      [
        -1.9038323778659105,
        53.4707647562027,
        422.79999999999995
      ],
      [
        -1.9038785621523857,
        53.47079426050186,
        422.4
      ],
      [
        -1.9039114192128181,
        53.47080892883241,
        421.6
      ],
      [
        -1.9039844255894423,
        53.47085083834827,
        421
      ],
      [
        -1.9040332082659006,
        53.47088696435094,
        420.4
      ],
      [
        -1.9040358904749155,
        53.47088931128383,
        420.4
      ],
      [
        -1.9041076395660639,
        53.4709323104471,
        419.4
      ],
      [
        -1.9041175302118063,
        53.4709389321506,
        419.4
      ],
      [
        -1.904212748631835,
        53.47098235040903,
        419.20000000000005
      ],
      [
        -1.904274607077241,
        53.47102778032422,
        418.6
      ],
      [
        -1.904289610683918,
        53.47103356383741,
        418.20000000000005
      ],
      [
        -1.9043239764869213,
        53.47104496322572,
        418.20000000000005
      ],
      [
        -1.9043209590017796,
        53.47104446031153,
        417.79999999999995
      ],
      [
        -1.904358845204115,
        53.47106256522238,
        417.6
      ],
      [
        -1.904369406402111,
        53.47108410671353,
        417.20000000000005
      ],
      [
        -1.9043651316314936,
        53.47109223715961,
        417.20000000000005
      ],
      [
        -1.9043642096221447,
        53.471110509708524,
        416.79999999999995
      ],
      [
        -1.9043642096221447,
        53.471110509708524,
        416.20000000000005
      ],
      [
        -1.9043642096221447,
        53.471110509708524,
        416.20000000000005
      ],
      [
        -1.9043649639934301,
        53.47110682167113,
        416
      ],
      [
        -1.9043651316314936,
        53.47110782749951,
        416
      ],
      [
        -1.9043637067079544,
        53.47110707312822,
        416
      ],
      [
        -1.9043730944395065,
        53.471127189695835,
        416
      ],
      [
        -1.9044882617890835,
        53.471189215779305,
        415.20000000000005
      ],
      [
        -1.9045121502131224,
        53.471205309033394,
        415.20000000000005
      ],
      [
        -1.9045957177877426,
        53.47125979140401,
        414.4
      ],
      [
        -1.9046134874224663,
        53.47127806395292,
        414
      ],
      [
        -1.904648942872882,
        53.4712980967015,
        413.20000000000005
      ],
      [
        -1.9046728312969208,
        53.471310418099165,
        413
      ],
      [
        -1.9046823866665363,
        53.471317291259766,
        412.79999999999995
      ],
      [
        -1.9048049300909042,
        53.47137646749616,
        412.6
      ],
      [
        -1.904917499050498,
        53.47141192294657,
        412.6
      ],
      [
        -1.9050065986812115,
        53.47146296873689,
        412.20000000000005
      ],
      [
        -1.9050468318164349,
        53.47148409113288,
        411.79999999999995
      ],
      [
        -1.9050780963152647,
        53.4715296048671,
        411.20000000000005
      ],
      [
        -1.9050909206271172,
        53.471554750576615,
        410.79999999999995
      ],
      [
        -1.9051288906484842,
        53.47159205004573,
        410.20000000000005
      ],
      [
        -1.905170800164342,
        53.47162423655391,
        409.79999999999995
      ],
      [
        -1.9052142184227705,
        53.47167360596359,
        409.4
      ],
      [
        -1.9052978698164225,
        53.47175675444305,
        409
      ],
      [
        -1.9053428806364536,
        53.47177871502936,
        408.6
      ],
      [
        -1.9053823594003916,
        53.4718023519963,
        408.20000000000005
      ],
      [
        -1.9054448045790195,
        53.471836717799306,
        407.6
      ],
      [
        -1.905493838712573,
        53.47186052240431,
        407.20000000000005
      ],
      [
        -1.9055991992354393,
        53.47195230424404,
        406.6
      ],
      [
        -1.9056285358965397,
        53.4719820600003,
        406.6
      ],
      [
        -1.9056718703359365,
        53.47204542718828,
        406.6
      ],
      [
        -1.9057437870651484,
        53.472146429121494,
        405.79999999999995
      ],
      [
        -1.9057557731866837,
        53.47220694646239,
        405.4
      ],
      [
        -1.9057653285562992,
        53.4722341876477,
        405
      ],
      [
        -1.9057737942785025,
        53.472292609512806,
        404.4
      ],
      [
        -1.9057857804000378,
        53.47230979241431,
        404.20000000000005
      ],
      [
        -1.905847555026412,
        53.472383888438344,
        403.79999999999995
      ],
      [
        -1.9058874528855085,
        53.472423534840345,
        403.4
      ],
      [
        -1.9059027079492807,
        53.47244172357023,
        403
      ],
      [
        -1.905898516997695,
        53.47245060838759,
        402.79999999999995
      ],
      [
        -1.905884686857462,
        53.472467539831996,
        402.20000000000005
      ],
      [
        -1.90588410012424,
        53.472497798502445,
        401.6
      ],
      [
        -1.9058789033442736,
        53.472516406327486,
        401.20000000000005
      ],
      [
        -1.9058587029576302,
        53.47256435081363,
        400
      ],
      [
        -1.905863145366311,
        53.47257524728775,
        399.6
      ],
      [
        -1.905865240842104,
        53.472610702738166,
        398.79999999999995
      ],
      [
        -1.9058751314878464,
        53.47264506854117,
        397.79999999999995
      ],
      [
        -1.9058784004300833,
        53.472651690244675,
        397.6
      ],
      [
        -1.905893236398697,
        53.47269108518958,
        396.6
      ],
      [
        -1.905893823131919,
        53.47269971854985,
        396.20000000000005
      ],
      [
        -1.905894074589014,
        53.47272394225001,
        395.4
      ],
      [
        -1.905897930264473,
        53.47273022867739,
        395.20000000000005
      ],
      [
        -1.9059029594063759,
        53.47275269217789,
        394.20000000000005
      ],
      [
        -1.9059022888541222,
        53.47276392392814,
        393.6
      ],
      [
        -1.9058934040367603,
        53.472779765725136,
        393
      ],
      [
        -1.9059019535779953,
        53.47281027585268,
        392.4
      ],
      [
        -1.90591586753726,
        53.472835002467036,
        391.79999999999995
      ],
      [
        -1.905948305502534,
        53.472869200631976,
        390.79999999999995
      ],
      [
        -1.9059531670063734,
        53.472876911982894,
        390.6
      ],
      [
        -1.9059410132467747,
        53.47290658392012,
        389.4
      ],
      [
        -1.9059466291218996,
        53.472922425717115,
        389
      ],
      [
        -1.9059591181576252,
        53.47294514067471,
        388.20000000000005
      ],
      [
        -1.9059601239860058,
        53.47297783009708,
        387.4
      ],
      [
        -1.9059623032808304,
        53.47298964858055,
        387.20000000000005
      ],
      [
        -1.9059861078858376,
        53.47304228693247,
        386.20000000000005
      ],
      [
        -1.9059872813522816,
        53.47305016592145,
        386
      ],
      [
        -1.905987448990345,
        53.473090063780546,
        385
      ],
      [
        -1.9060067273676395,
        53.47311906516552,
        384.4
      ],
      [
        -1.9060191325843334,
        53.47314488142729,
        383.79999999999995
      ],
      [
        -1.9060264248400927,
        53.47316642291844,
        383.20000000000005
      ],
      [
        -1.9060153607279062,
        53.47318452782929,
        382.6
      ],
      [
        -1.9060392491519451,
        53.473232639953494,
        381.79999999999995
      ],
      [
        -1.9060411769896746,
        53.47323540598154,
        381.6
      ],
      [
        -1.9060742855072021,
        53.473284188658,
        380.4
      ],
      [
        -1.9060910493135452,
        53.47332282923162,
        379.4
      ],
      [
        -1.906090546399355,
        53.47332903183997,
        379.20000000000005
      ],
      [
        -1.9061042927205563,
        53.47336834296584,
        378.6
      ],
      [
        -1.9061018619686365,
        53.47337622195482,
        378.20000000000005
      ],
      [
        -1.9061210565268993,
        53.47342936322093,
        377.20000000000005
      ],
      [
        -1.9061229843646288,
        53.473436990752816,
        377
      ],
      [
        -1.906130611896515,
        53.47345132380724,
        376.4
      ],
      [
        -1.9061312824487686,
        53.47345040179789,
        376.20000000000005
      ],
      [
        -1.9061400834470987,
        53.473456017673016,
        376
      ],
      [
        -1.9061367306858301,
        53.4734673332423,
        375.6
      ],
      [
        -1.9061434362083673,
        53.473498011007905,
        375.20000000000005
      ],
      [
        -1.9061457831412554,
        53.47350345924497,
        375
      ],
      [
        -1.9061711803078651,
        53.47354754805565,
        374
      ],
      [
        -1.9061784725636244,
        53.4735569357872,
        374
      ],
      [
        -1.9062056299299002,
        53.473604964092374,
        373
      ],
      [
        -1.9062031153589487,
        53.4736105799675,
        372.79999999999995
      ],
      [
        -1.9062027800828218,
        53.47365123219788,
        371.79999999999995
      ],
      [
        -1.9062150176614523,
        53.47368501126766,
        371.20000000000005
      ],
      [
        -1.906216274946928,
        53.47369456663728,
        371.20000000000005
      ],
      [
        -1.906219208613038,
        53.47370998933911,
        370.79999999999995
      ],
      [
        -1.906219208613038,
        53.473734464496374,
        370.20000000000005
      ],
      [
        -1.9062138441950083,
        53.473750641569495,
        369.79999999999995
      ],
      [
        -1.9062239862978458,
        53.473777044564486,
        369.4
      ],
      [
        -1.9062399119138718,
        53.4738040342927,
        368.6
      ],
      [
        -1.9062477070838213,
        53.47381719388068,
        368.20000000000005
      ],
      [
        -1.906260447576642,
        53.473828844726086,
        367.6
      ],
      [
        -1.9062623754143715,
        53.4738264977932,
        367.4
      ],
      [
        -1.9062715955078602,
        53.47386077977717,
        366.79999999999995
      ],
      [
        -1.9062627106904984,
        53.47389313392341,
        366.4
      ],
      [
        -1.9062693323940039,
        53.4738989174366,
        366
      ],
      [
        -1.9062752835452557,
        53.47392230294645,
        365.4
      ],
      [
        -1.9062815699726343,
        53.47393152303994,
        365.20000000000005
      ],
      [
        -1.9062995910644531,
        53.47395264543593,
        364.79999999999995
      ],
      [
        -1.9063027761876583,
        53.47397938370705,
        364.20000000000005
      ],
      [
        -1.906315516680479,
        53.47400343976915,
        363.6
      ],
      [
        -1.9063130021095276,
        53.474012073129416,
        363.4
      ],
      [
        -1.9063129182904959,
        53.47402053885162,
        363
      ],
      [
        -1.9063430931419134,
        53.474066723138094,
        361.79999999999995
      ],
      [
        -1.906361449509859,
        53.47409044392407,
        360.6
      ],
      [
        -1.9063560850918293,
        53.47410469315946,
        360
      ],
      [
        -1.9063566718250513,
        53.474118020385504,
        359.6
      ],
      [
        -1.9063803926110268,
        53.47416537813842,
        358.6
      ],
      [
        -1.9064026046544313,
        53.47421944141388,
        357.4
      ],
      [
        -1.9064070470631123,
        53.47423134371638,
        356.79999999999995
      ],
      [
        -1.9064137525856495,
        53.474275935441256,
        356.20000000000005
      ],
      [
        -1.9064247328788042,
        53.47430493682623,
        355.4
      ],
      [
        -1.9064337853342295,
        53.47430946305394,
        355.20000000000005
      ],
      [
        -1.9064441788941622,
        53.47431868314743,
        355
      ],
      [
        -1.9064708333462477,
        53.47434600815177,
        354.20000000000005
      ],
      [
        -1.9064757786691189,
        53.47436109557748,
        354
      ],
      [
        -1.906468402594328,
        53.474404430016875,
        352.79999999999995
      ],
      [
        -1.906483406201005,
        53.47443703562021,
        351.6
      ],
      [
        -1.9064860884100199,
        53.474447932094336,
        351.4
      ],
      [
        -1.9064865913242102,
        53.47446394152939,
        350.6
      ],
      [
        -1.9064935483038425,
        53.474478190764785,
        350.20000000000005
      ],
      [
        -1.9065257348120213,
        53.4745049290359,
        349.4
      ],
      [
        -1.9065180234611034,
        53.47452730871737,
        348.79999999999995
      ],
      [
        -1.9065141677856445,
        53.47454440779984,
        348.4
      ],
      [
        -1.9065181910991669,
        53.474575420841575,
        347.6
      ],
      [
        -1.9065208733081818,
        53.474579779431224,
        347.4
      ],
      [
        -1.9065385591238737,
        53.47461389377713,
        346.4
      ],
      [
        -1.9065571669489145,
        53.47465085797012,
        345.4
      ],
      [
        -1.9065605197101831,
        53.47465580329299,
        345.20000000000005
      ],
      [
        -1.9066251441836357,
        53.47469720989466,
        344.20000000000005
      ],
      [
        -1.9066576659679413,
        53.474709363654256,
        344
      ],
      [
        -1.9066684786230326,
        53.47471673972905,
        343.79999999999995
      ],
      [
        -1.9066876731812954,
        53.47474465146661,
        343.20000000000005
      ],
      [
        -1.9066876731812954,
        53.47474465146661,
        343.20000000000005
      ],
      [
        -1.9066607672721148,
        53.47476216964424,
        342.20000000000005
      ],
      [
        -1.906660683453083,
        53.4747744910419,
        341.6
      ],
      [
        -1.906661605462432,
        53.474774239584804,
        341.20000000000005
      ],
      [
        -1.906662443652749,
        53.474775748327374,
        341
      ],
      [
        -1.9066628627479076,
        53.47478186711669,
        341
      ],
      [
        -1.9066625274717808,
        53.47478832118213,
        341
      ],
      [
        -1.9066647067666054,
        53.4747967030853,
        341
      ],
      [
        -1.906673926860094,
        53.47481958568096,
        340.4
      ],
      [
        -1.906675100326538,
        53.47482159733772,
        340
      ],
      [
        -1.9066723342984915,
        53.47482344135642,
        339.4
      ],
      [
        -1.9066333584487438,
        53.474853029474616,
        338.79999999999995
      ],
      [
        -1.9066107273101807,
        53.47487180493772,
        337.6
      ],
      [
        -1.9066010881215334,
        53.474878929555416,
        337.20000000000005
      ],
      [
        -1.9065824802964926,
        53.47488789819181,
        336.6
      ],
      [
        -1.9065587595105171,
        53.47491329535842,
        335.4
      ],
      [
        -1.9065508805215359,
        53.47492067143321,
        335.20000000000005
      ],
      [
        -1.9065353740006685,
        53.474942380562425,
        334.20000000000005
      ],
      [
        -1.906499583274126,
        53.47496375441551,
        333.20000000000005
      ],
      [
        -1.9064658042043447,
        53.47496744245291,
        332
      ],
      [
        -1.906416518613696,
        53.47498613409698,
        331
      ],
      [
        -1.9064078852534294,
        53.475016644224524,
        329.6
      ],
      [
        -1.906380895525217,
        53.47502385266125,
        328.79999999999995
      ],
      [
        -1.906370921060443,
        53.47502879798412,
        328.4
      ],
      [
        -1.9063550792634487,
        53.47503399476409,
        327
      ],
      [
        -1.9063575938344002,
        53.47503315657377,
        326.6
      ],
      [
        -1.9063282571732998,
        53.4750525187701,
        326.20000000000005
      ],
      [
        -1.906316690146923,
        53.47506056539714,
        325.6
      ],
      [
        -1.9062877725809813,
        53.4750834479928,
        324.6
      ],
      [
        -1.9062751159071922,
        53.475100211799145,
        323.4
      ],
      [
        -1.9062730204313993,
        53.475114461034536,
        322.20000000000005
      ],
      [
        -1.9062708411365747,
        53.47512083128095,
        322
      ],
      [
        -1.9062708411365747,
        53.47512083128095,
        321
      ],
      [
        -1.9062534905970097,
        53.47514354623854,
        320.79999999999995
      ],
      [
        -1.9062573462724686,
        53.47516198642552,
        320
      ],
      [
        -1.9062573462724686,
        53.47516198642552,
        318.79999999999995
      ],
      [
        -1.90626572817564,
        53.47515762783587,
        318.4
      ],
      [
        -1.9062573462724686,
        53.47516198642552,
        318.4
      ],
      [
        -1.9062573462724686,
        53.47516198642552,
        318.4
      ],
      [
        -1.9062573462724686,
        53.47516198642552,
        318.20000000000005
      ],
      [
        -1.9062630459666252,
        53.475150084123015,
        318.20000000000005
      ],
      [
        -1.9062630459666252,
        53.475150084123015,
        318.20000000000005
      ],
      [
        -1.9062630459666252,
        53.475150084123015,
        318.20000000000005
      ],
      [
        -1.9062630459666252,
        53.475150084123015,
        318
      ],
      [
        -1.9062630459666252,
        53.475150084123015,
        318
      ],
      [
        -1.9062630459666252,
        53.475150084123015,
        318
      ],
      [
        -1.9062574300915003,
        53.47515075467527,
        318
      ],
      [
        -1.9062630459666252,
        53.475150084123015,
        317.79999999999995
      ],
      [
        -1.9062630459666252,
        53.475150084123015,
        318
      ],
      [
        -1.9062630459666252,
        53.475150084123015,
        318
      ],
      [
        -1.9062630459666252,
        53.475150084123015,
        318
      ],
      [
        -1.9062630459666252,
        53.475150084123015,
        318
      ],
      [
        -1.9062630459666252,
        53.475150084123015,
        318.20000000000005
      ],
      [
        -1.9062630459666252,
        53.475150084123015,
        318
      ],
      [
        -1.9062630459666252,
        53.475150084123015,
        318
      ],
      [
        -1.9062630459666252,
        53.475150084123015,
        318.20000000000005
      ],
      [
        -1.9062630459666252,
        53.475150084123015,
        318.20000000000005
      ],
      [
        -1.9062630459666252,
        53.475150084123015,
        318.20000000000005
      ],
      [
        -1.9062630459666252,
        53.475150084123015,
        318.4
      ],
      [
        -1.9062630459666252,
        53.475150084123015,
        318.6
      ],
      [
        -1.9062630459666252,
        53.475150084123015,
        318.6
      ],
      [
        -1.9062630459666252,
        53.475150084123015,
        318.6
      ],
      [
        -1.9062630459666252,
        53.475150084123015,
        318.6
      ],
      [
        -1.9062630459666252,
        53.475150084123015,
        318.79999999999995
      ],
      [
        -1.9062630459666252,
        53.475150084123015,
        318.79999999999995
      ],
      [
        -1.9062630459666252,
        53.475150084123015,
        318.79999999999995
      ],
      [
        -1.9062630459666252,
        53.475150084123015,
        319
      ],
      [
        -1.9062547478824854,
        53.475155951455235,
        319
      ],
      [
        -1.906258100643754,
        53.47515519708395,
        319.4
      ],
      [
        -1.9062579330056906,
        53.47515511326492,
        319.4
      ],
      [
        -1.9062630459666252,
        53.475150084123015,
        319.4
      ],
      [
        -1.9062630459666252,
        53.475150084123015,
        319
      ],
      [
        -1.9062630459666252,
        53.47515729255974,
        319.20000000000005
      ],
      [
        -1.9062630459666252,
        53.475150084123015,
        319.20000000000005
      ],
      [
        -1.9062597770243883,
        53.47516366280615,
        319.20000000000005
      ],
      [
        -1.9062606152147055,
        53.475162321701646,
        319
      ],
      [
        -1.906260782852769,
        53.47516349516809,
        319
      ],
      [
        -1.9062597770243883,
        53.47516366280615,
        319
      ],
      [
        -1.9062597770243883,
        53.47516366280615,
        319
      ],
      [
        -1.9062621239572763,
        53.47516290843487,
        319
      ],
      [
        -1.9062623754143715,
        53.475162824615836,
        319
      ],
      [
        -1.9062642194330692,
        53.47515947185457,
        319.20000000000005
      ],
      [
        -1.9062597770243883,
        53.47516366280615,
        319.4
      ],
      [
        -1.9062428455799818,
        53.47520004026592,
        319
      ],
      [
        -1.9062443543225527,
        53.4751992020756,
        318.20000000000005
      ],
      [
        -1.9062393251806498,
        53.47520599141717,
        318.4
      ],
      [
        -1.9062356371432543,
        53.4752044826746,
        318.4
      ],
      [
        -1.906191548332572,
        53.47520062699914,
        317.79999999999995
      ],
      [
        -1.9061796460300684,
        53.47519970498979,
        317.4
      ],
      [
        -1.9061363954097033,
        53.47519467584789,
        316.6
      ],
      [
        -1.9061171170324087,
        53.475192328915,
        316
      ],
      [
        -1.9060907140374184,
        53.475187048316,
        315.4
      ],
      [
        -1.9060410093516111,
        53.475197609514,
        314
      ],
      [
        -1.906015696004033,
        53.47522359341383,
        313
      ],
      [
        -1.9059710204601288,
        53.47523046657443,
        311.79999999999995
      ],
      [
        -1.9059549272060394,
        53.475266424939036,
        310.6
      ],
      [
        -1.905979234725237,
        53.47528126090765,
        310.20000000000005
      ],
      [
        -1.9059748761355877,
        53.475289307534695,
        310.20000000000005
      ],
      [
        -1.905939169228077,
        53.47529349848628,
        309.4
      ],
      [
        -1.905927937477827,
        53.475296683609486,
        309
      ],
      [
        -1.9059066474437714,
        53.4753046464175,
        308.4
      ],
      [
        -1.905866414308548,
        53.47533339634538,
        307.6
      ],
      [
        -1.9058632291853428,
        53.475342532619834,
        307
      ],
      [
        -1.9058690126985312,
        53.47539173439145,
        306
      ],
      [
        -1.9058807473629713,
        53.47542534582317,
        304.79999999999995
      ],
      [
        -1.9058727845549583,
        53.475432973355055,
        304.6
      ],
      [
        -1.9058744609355927,
        53.475453928112984,
        304
      ],
      [
        -1.9058983493596315,
        53.47547773271799,
        303.6
      ],
      [
        -1.905896421521902,
        53.47550991922617,
        302.4
      ],
      [
        -1.9059116765856743,
        53.47556616179645,
        301.4
      ],
      [
        -1.9059125147759914,
        53.4755721129477,
        301.20000000000005
      ],
      [
        -1.905906144529581,
        53.47560798749328,
        300.20000000000005
      ],
      [
        -1.905905893072486,
        53.475629445165396,
        299.6
      ],
      [
        -1.9059036299586296,
        53.475650483742356,
        299
      ],
      [
        -1.9059146102517843,
        53.47568937577307,
        298
      ],
      [
        -1.905915029346943,
        53.475698260590434,
        297.79999999999995
      ],
      [
        -1.905933553352952,
        53.47572533413768,
        296.79999999999995
      ],
      [
        -1.9059452880173922,
        53.475746707990766,
        295.79999999999995
      ],
      [
        -1.9059172086417675,
        53.47576632164419,
        295.20000000000005
      ],
      [
        -1.9059181306511164,
        53.4757880307734,
        294.6
      ],
      [
        -1.9059134367853403,
        53.47580160945654,
        294
      ],
      [
        -1.9059078209102154,
        53.475812589749694,
        293.6
      ],
      [
        -1.9059130176901817,
        53.475854163989425,
        292.6
      ],
      [
        -1.905920896679163,
        53.47586698830128,
        292.4
      ],
      [
        -1.905942102894187,
        53.47590814344585,
        291.20000000000005
      ],
      [
        -1.905953586101532,
        53.475950891152024,
        290.20000000000005
      ],
      [
        -1.9059526640921831,
        53.47596237435937,
        290
      ],
      [
        -1.9059383310377598,
        53.47602238878608,
        288.79999999999995
      ],
      [
        -1.9059483893215656,
        53.47605038434267,
        288.4
      ],
      [
        -1.9059496466070414,
        53.47610159777105,
        287.79999999999995
      ],
      [
        -1.9059614650905132,
        53.47615381702781,
        286.79999999999995
      ],
      [
        -1.9059605430811644,
        53.47616605460644,
        286.6
      ],
      [
        -1.9059443660080433,
        53.4762301761657,
        285.6
      ],
      [
        -1.9059406779706478,
        53.47624157555401,
        285.4
      ],
      [
        -1.905917376279831,
        53.476307122036815,
        284.4
      ],
      [
        -1.905923243612051,
        53.47632950171828,
        283.6
      ],
      [
        -1.9059439469128847,
        53.47634500823915,
        283.20000000000005
      ],
      [
        -1.9059982616454363,
        53.47640225663781,
        281.79999999999995
      ],
      [
        -1.9060530792921782,
        53.47643008455634,
        280.6
      ],
      [
        -1.9061182904988527,
        53.47645539790392,
        279.79999999999995
      ],
      [
        -1.9061082322150469,
        53.476460510864854,
        279.4
      ],
      [
        -1.9061076454818249,
        53.47651306539774,
        278.6
      ],
      [
        -1.9061167817562819,
        53.47651884891093,
        278.20000000000005
      ],
      [
        -1.9061183743178844,
        53.47652521915734,
        277.6
      ],
      [
        -1.9061110820621252,
        53.47653158940375,
        277
      ],
      [
        -1.906111417338252,
        53.47653896547854,
        276.79999999999995
      ],
      [
        -1.9061104953289032,
        53.47656302154064,
        276.20000000000005
      ],
      [
        -1.9061154406517744,
        53.47656788304448,
        275.79999999999995
      ],
      [
        -1.9061289355158806,
        53.47657752223313,
        275
      ],
      [
        -1.906124409288168,
        53.476573918014765,
        274.79999999999995
      ],
      [
        -1.906156511977315,
        53.476605182513595,
        274
      ],
      [
        -1.9061717670410872,
        53.47660987637937,
        273.79999999999995
      ],
      [
        -1.906221555545926,
        53.47663099877536,
        272.6
      ],
      [
        -1.9062474556267262,
        53.47664055414498,
        272.4
      ],
      [
        -1.9062777142971754,
        53.476658910512924,
        271.4
      ],
      [
        -1.9062980823218822,
        53.47666746005416,
        270.6
      ],
      [
        -1.906305206939578,
        53.47667776979506,
        270.4
      ],
      [
        -1.9063373934477568,
        53.476691683754325,
        269.4
      ],
      [
        -1.9063391536474228,
        53.47669922746718,
        269.20000000000005
      ],
      [
        -1.9063790515065193,
        53.47671339288354,
        268.79999999999995
      ],
      [
        -1.906392714008689,
        53.47673384472728,
        268.20000000000005
      ],
      [
        -1.9064128305763006,
        53.47675111144781,
        267.6
      ],
      [
        -1.9064350426197052,
        53.47676041536033,
        267.20000000000005
      ],
      [
        -1.9064986612647772,
        53.476792350411415,
        265.79999999999995
      ],
      [
        -1.9065214600414038,
        53.476822609081864,
        264.79999999999995
      ],
      [
        -1.906577618792653,
        53.47686594352126,
        263.79999999999995
      ],
      [
        -1.906594131141901,
        53.47687600180507,
        263.4
      ],
      [
        -1.9066446740180254,
        53.47691321745515,
        262.4
      ],
      [
        -1.906664539128542,
        53.47692344337702,
        261.79999999999995
      ],
      [
        -1.9066852424293756,
        53.47693274728954,
        261.20000000000005
      ],
      [
        -1.9067639485001564,
        53.47695864737034,
        260.20000000000005
      ],
      [
        -1.9067804608494043,
        53.47696166485548,
        259.79999999999995
      ],
      [
        -1.906847096979618,
        53.47697868011892,
        259
      ],
      [
        -1.90694784745574,
        53.477017655968666,
        258
      ],
      [
        -1.9070083647966385,
        53.47704900428653,
        256.79999999999995
      ],
      [
        -1.9070719834417105,
        53.4770814422518,
        256.20000000000005
      ],
      [
        -1.9071319978684187,
        53.47710239700973,
        256
      ],
      [
        -1.9071678724139929,
        53.477112874388695,
        255.60000000000002
      ],
      [
        -1.9072003103792667,
        53.47712972201407,
        255.20000000000005
      ],
      [
        -1.9072487577795982,
        53.47715319134295,
        254.60000000000002
      ],
      [
        -1.9072854705154896,
        53.47718286328018,
        254
      ],
      [
        -1.907306844368577,
        53.477199794724584,
        253.60000000000002
      ],
      [
        -1.9073588959872723,
        53.477254612371325,
        252.39999999999998
      ],
      [
        -1.9073650985956192,
        53.47726123407483,
        252.20000000000005
      ],
      [
        -1.9073691219091415,
        53.47728009335697,
        251.39999999999998
      ],
      [
        -1.90737783908844,
        53.47730750218034,
        251
      ],
      [
        -1.907407259568572,
        53.47733105532825,
        250.20000000000005
      ],
      [
        -1.907444642856717,
        53.4773663431406,
        249.39999999999998
      ],
      [
        -1.9074565451592207,
        53.477378748357296,
        249
      ],
      [
        -1.9074816070497036,
        53.47740347497165,
        248
      ],
      [
        -1.907537179067731,
        53.47744647413492,
        246.79999999999995
      ],
      [
        -1.9075526017695665,
        53.47745183855295,
        246.60000000000002
      ],
      [
        -1.907586045563221,
        53.477471033111215,
        245.79999999999995
      ],
      [
        -1.9076610635966063,
        53.47751763649285,
        244.39999999999998
      ],
      [
        -1.9076888915151358,
        53.47754269838333,
        243.79999999999995
      ],
      [
        -1.907734153792262,
        53.47757211886346,
        243.39999999999998
      ],
      [
        -1.9077978562563658,
        53.47761293873191,
        242.60000000000002
      ],
      [
        -1.9078460521996021,
        53.477654345333576,
        242.20000000000005
      ],
      [
        -1.9078704435378313,
        53.47769063897431,
        241.20000000000005
      ],
      [
        -1.9078816752880812,
        53.477702206000686,
        240.79999999999995
      ],
      [
        -1.9079343136399984,
        53.477735901251435,
        239.79999999999995
      ],
      [
        -1.9079649075865746,
        53.477757945656776,
        239.20000000000005
      ],
      [
        -1.9080069847404957,
        53.47778753377497,
        238.60000000000002
      ],
      [
        -1.9080430269241333,
        53.47783304750919,
        237.60000000000002
      ],
      [
        -1.908052833750844,
        53.47784570418298,
        237.60000000000002
      ],
      [
        -1.908081080764532,
        53.47786129452288,
        237
      ],
      [
        -1.9081175420433283,
        53.47787235863507,
        236.39999999999998
      ],
      [
        -1.9081384129822254,
        53.477873699739575,
        236.20000000000005
      ],
      [
        -1.9081612955778837,
        53.47786431200802,
        236
      ],
      [
        -1.908280486240983,
        53.47782491706312,
        235.60000000000002
      ],
      [
        -1.9083710107952356,
        53.477807734161615,
        235.20000000000005
      ],
      [
        -1.9084240682423115,
        53.477802788838744,
        235
      ],
      [
        -1.908579720184207,
        53.47779373638332,
        235
      ],
      [
        -1.9087454304099083,
        53.47780731506646,
        235.60000000000002
      ],
      [
        -1.908881552517414,
        53.47784620709717,
        236
      ],
      [
        -1.9090151600539684,
        53.477885434404016,
        236
      ],
      [
        -1.9090402219444513,
        53.47789155319333,
        236
      ],
      [
        -1.9092273898422718,
        53.477949891239405,
        235.60000000000002
      ],
      [
        -1.9093770068138838,
        53.47799213603139,
        235.20000000000005
      ],
      [
        -1.9095220137387514,
        53.4780399966985,
        234.79999999999995
      ],
      [
        -1.9096863828599453,
        53.478078385815024,
        234.20000000000005
      ],
      [
        -1.909864330664277,
        53.47812205553055,
        233.39999999999998
      ],
      [
        -1.9099234230816364,
        53.4781330358237,
        233
      ],
      [
        -1.9100187253206968,
        53.47814988344908,
        232.60000000000002
      ],
      [
        -1.9101842679083347,
        53.47816186957061,
        232.20000000000005
      ],
      [
        -1.9102278538048267,
        53.47816061228514,
        232
      ],
      [
        -1.9103343039751053,
        53.47815692424774,
        231.60000000000002
      ],
      [
        -1.9104804005473852,
        53.47815424203873,
        231.39999999999998
      ],
      [
        -1.910645691677928,
        53.47816622816026,
        231
      ],
      [
        -1.9106675684452057,
        53.478164467960596,
        231
      ],
      [
        -1.910795560106635,
        53.47815600223839,
        230.60000000000002
      ],
      [
        -1.9109435006976128,
        53.478147368878126,
        230.20000000000005
      ],
      [
        -1.9110993202775717,
        53.478158013895154,
        230
      ],
      [
        -1.9111453369259834,
        53.478164970874786,
        229.79999999999995
      ],
      [
        -1.9112660363316536,
        53.47819212824106,
        229.39999999999998
      ],
      [
        -1.9114427268505096,
        53.47823177464306,
        229
      ],
      [
        -1.9115154817700386,
        53.478250885382295,
        228.79999999999995
      ],
      [
        -1.9115982949733734,
        53.478275863453746,
        228.39999999999998
      ],
      [
        -1.9116682838648558,
        53.478298829868436,
        228.60000000000002
      ],
      [
        -1.9117085170000792,
        53.47831014543772,
        228.60000000000002
      ],
      [
        -1.9117974489927292,
        53.47833143547177,
        228.39999999999998
      ],
      [
        -1.911885291337967,
        53.47835859283805,
        228
      ],
      [
        -1.9119492452591658,
        53.47836202941835,
        227.79999999999995
      ],
      [
        -1.912036081776023,
        53.478376949205995,
        227.60000000000002
      ],
      [
        -1.9122023787349463,
        53.47841081209481,
        227
      ],
      [
        -1.9122273568063974,
        53.47841575741768,
        226.79999999999995
      ],
      [
        -1.9122934900224209,
        53.47842548042536,
        226.20000000000005
      ],
      [
        -1.9123403448611498,
        53.478430761024356,
        225.79999999999995
      ],
      [
        -1.912363227456808,
        53.478434197604656,
        225.79999999999995
      ],
      [
        -1.9125515688210726,
        53.478458086028695,
        225
      ],
      [
        -1.91264184191823,
        53.47847535274923,
        224.60000000000002
      ],
      [
        -1.912739658728242,
        53.47848457284272,
        224.39999999999998
      ],
      [
        -1.912888688966632,
        53.47850074991584,
        223.79999999999995
      ],
      [
        -1.9129464402794838,
        53.478507958352566,
        223.60000000000002
      ],
      [
        -1.913084238767624,
        53.47852639853954,
        223
      ],
      [
        -1.9131654594093561,
        53.47853637300432,
        222.60000000000002
      ],
      [
        -1.9132512900978327,
        53.478555819019675,
        221.79999999999995
      ],
      [
        -1.9133238773792982,
        53.47855011932552,
        221.39999999999998
      ],
      [
        -1.9134188443422318,
        53.47855950705707,
        220.79999999999995
      ],
      [
        -1.9135369453579187,
        53.47857031971216,
        220.39999999999998
      ],
      [
        -1.9135579839348793,
        53.47857325337827,
        220.39999999999998
      ],
      [
        -1.9136677030473948,
        53.47859513014555,
        220
      ],
      [
        -1.9136656075716019,
        53.47858373075724,
        219.79999999999995
      ],
      [
        -1.9136910047382116,
        53.47858532331884,
        219.79999999999995
      ],
      [
        -1.9137085229158401,
        53.478600746020675,
        219.79999999999995
      ],
      [
        -1.9136993028223515,
        53.478605188429356,
        219.79999999999995
      ],
      [
        -1.9137557968497276,
        53.47861910238862,
        219.79999999999995
      ],
      [
        -1.9137764163315296,
        53.478622790426016,
        219.79999999999995
      ],
      [
        -1.9139246921986341,
        53.47865003161132,
        219.39999999999998
      ],
      [
        -1.9140161387622356,
        53.47866805270314,
        219.39999999999998
      ],
      [
        -1.91407254897058,
        53.47868448123336,
        219.20000000000005
      ],
      [
        -1.914102640002966,
        53.47869479097426,
        219
      ],
      [
        -1.9141891412436962,
        53.47872454673052,
        218.39999999999998
      ],
      [
        -1.9142611417919397,
        53.47875748760998,
        218.20000000000005
      ],
      [
        -1.9144213199615479,
        53.47881792113185,
        217.60000000000002
      ],
      [
        -1.9144771434366703,
        53.47883552312851,
        217.39999999999998
      ],
      [
        -1.9146333821117878,
        53.47887667827308,
        217
      ],
      [
        -1.9147480465471745,
        53.47891959361732,
        216.39999999999998
      ],
      [
        -1.9148820731788874,
        53.478967789560556,
        215.60000000000002
      ],
      [
        -1.914965808391571,
        53.47897960804403,
        215.39999999999998
      ],
      [
        -1.9151265732944012,
        53.47900768741965,
        214.20000000000005
      ],
      [
        -1.9151440914720297,
        53.47901154309511,
        214.20000000000005
      ],
      [
        -1.9151618611067533,
        53.4790226072073,
        213.60000000000002
      ],
      [
        -1.915157251060009,
        53.47903685644269,
        213.39999999999998
      ],
      [
        -1.9151503778994083,
        53.47904859110713,
        213.39999999999998
      ],
      [
        -1.9151161797344685,
        53.47907398827374,
        213.20000000000005
      ],
      [
        -1.9150480348616838,
        53.479103576391935,
        213.20000000000005
      ],
      [
        -1.9149026926606894,
        53.479109443724155,
        213.20000000000005
      ],
      [
        -1.9147675763815641,
        53.479142636060715,
        213
      ],
      [
        -1.9146306160837412,
        53.47916979342699,
        212.60000000000002
      ],
      [
        -1.9144550152122974,
        53.47919477149844,
        212.20000000000005
      ],
      [
        -1.9144339766353369,
        53.47920063883066,
        212.20000000000005
      ],
      [
        -1.9143759738653898,
        53.47923374734819,
        211.79999999999995
      ],
      [
        -1.9143789913505316,
        53.47922930493951,
        211.60000000000002
      ],
      [
        -1.9142928253859282,
        53.4792607370764,
        211.39999999999998
      ],
      [
        -1.9142088387161493,
        53.47927909344435,
        211.39999999999998
      ],
      [
        -1.9141030590981245,
        53.479302395135164,
        211.20000000000005
      ],
      [
        -1.9140901509672403,
        53.47930893301964,
        211.20000000000005
      ],
      [
        -1.9141015503555536,
        53.47933164797723,
        210.79999999999995
      ],
      [
        -1.9141336530447006,
        53.47932762466371,
        210.60000000000002
      ],
      [
        -1.9141421187669039,
        53.47932955250144,
        210.39999999999998
      ],
      [
        -1.914180675521493,
        53.47932519391179,
        210.39999999999998
      ],
      [
        -1.9141911529004574,
        53.47932678647339,
        210.39999999999998
      ],
      [
        -1.9142074976116419,
        53.47932745702565,
        210.39999999999998
      ],
      [
        -1.9142515026032925,
        53.47932854667306,
        210.20000000000005
      ],
      [
        -1.9142688531428576,
        53.479328295215964,
        210.20000000000005
      ],
      [
        -1.9144587870687246,
        53.479331228882074,
        209.20000000000005
      ],
      [
        -1.914558783173561,
        53.479356123134494,
        209
      ],
      [
        -1.9146033748984337,
        53.47936224192381,
        208.79999999999995
      ],
      [
        -1.9146799016743898,
        53.479365427047014,
        208.60000000000002
      ],
      [
        -1.914697252213955,
        53.47936668433249,
        208.60000000000002
      ],
      [
        -1.9148489646613598,
        53.479381101205945,
        208.20000000000005
      ],
      [
        -1.914891041815281,
        53.479379089549184,
        208
      ],
      [
        -1.9149062130600214,
        53.479371797293425,
        207.79999999999995
      ],
      [
        -1.9149281736463308,
        53.47937640734017,
        207.60000000000002
      ],
      [
        -1.9149964023381472,
        53.479391410946846,
        207.60000000000002
      ],
      [
        -1.9151088036596775,
        53.47941747866571,
        207.20000000000005
      ],
      [
        -1.9151751045137644,
        53.47943466156721,
        206.79999999999995
      ],
      [
        -1.9152449257671833,
        53.47944497130811,
        206.60000000000002
      ],
      [
        -1.9153828918933868,
        53.479477409273386,
        206.60000000000002
      ],
      [
        -1.9155385438352823,
        53.47951428964734,
        206.20000000000005
      ],
      [
        -1.9156653620302677,
        53.47954052500427,
        205.79999999999995
      ],
      [
        -1.9157223589718342,
        53.47955980338156,
        205.79999999999995
      ],
      [
        -1.915811626240611,
        53.479579417034984,
        205.39999999999998
      ],
      [
        -1.91600457765162,
        53.479627026245,
        204.79999999999995
      ],
      [
        -1.9160250294953585,
        53.47963456995785,
        204.60000000000002
      ],
      [
        -1.916157715022564,
        53.4796769823879,
        204.39999999999998
      ],
      [
        -1.9163116905838251,
        53.47971151582897,
        204
      ],
      [
        -1.9163845293223858,
        53.4797306265682,
        203.60000000000002
      ],
      [
        -1.916480166837573,
        53.479750491678715,
        203.20000000000005
      ],
      [
        -1.9166191387921572,
        53.479787707328796,
        202.79999999999995
      ],
      [
        -1.9166752975434065,
        53.47980103455484,
        202.60000000000002
      ],
      [
        -1.9167547579854727,
        53.47982257604599,
        202.39999999999998
      ],
      [
        -1.9169435184448957,
        53.479870688170195,
        201.79999999999995
      ],
      [
        -1.917016189545393,
        53.47989717498422,
        201.60000000000002
      ],
      [
        -1.9171346258372068,
        53.47992902621627,
        201
      ],
      [
        -1.917276531457901,
        53.47998174838722,
        200.79999999999995
      ],
      [
        -1.9173679780215025,
        53.480047546327114,
        200.79999999999995
      ],
      [
        -1.9174093008041382,
        53.48006875254214,
        200.79999999999995
      ],
      [
        -1.9174269028007984,
        53.480093982070684,
        200.60000000000002
      ],
      [
        -1.917431177571416,
        53.480197079479694,
        200.60000000000002
      ],
      [
        -1.9174316804856062,
        53.480231864377856,
        200.39999999999998
      ],
      [
        -1.9174310937523842,
        53.48028517328203,
        200.39999999999998
      ],
      [
        -1.9174281600862741,
        53.4803694114089,
        200.60000000000002
      ],
      [
        -1.9174307584762573,
        53.480492290109396,
        201
      ],
      [
        -1.9174289144575596,
        53.480569403618574,
        201
      ],
      [
        -1.9174171797931194,
        53.48060326650739,
        201
      ],
      [
        -1.9174204487353563,
        53.48068197257817,
        200.79999999999995
      ],
      [
        -1.9174224603921175,
        53.48069328814745,
        200.79999999999995
      ],
      [
        -1.9174256455153227,
        53.480793787166476,
        200.79999999999995
      ],
      [
        -1.9174320995807648,
        53.480876265093684,
        200.79999999999995
      ],
      [
        -1.9174408167600632,
        53.48096561618149,
        200.79999999999995
      ],
      [
        -1.9174270704388618,
        53.48107332363725,
        201
      ],
      [
        -1.9174185208976269,
        53.48119427450001,
        200.60000000000002
      ],
      [
        -1.9174144137650728,
        53.4813467413187,
        200.39999999999998
      ],
      [
        -1.917423466220498,
        53.481432907283306,
        200.20000000000005
      ],
      [
        -1.9174242205917835,
        53.481443049386144,
        200.20000000000005
      ],
      [
        -1.9174259807914495,
        53.48157866857946,
        200.20000000000005
      ],
      [
        -1.917424974963069,
        53.481660978868604,
        200
      ],
      [
        -1.9174216222018003,
        53.48175368271768,
        200
      ],
      [
        -1.917423466220498,
        53.48185879178345,
        199.79999999999995
      ],
      [
        -1.9174315128475428,
        53.48197597078979,
        199.79999999999995
      ],
      [
        -1.9174309261143208,
        53.48207898437977,
        199.79999999999995
      ],
      [
        -1.917430842295289,
        53.48219775594771,
        199.79999999999995
      ],
      [
        -1.9174280762672424,
        53.48230537958443,
        199.79999999999995
      ],
      [
        -1.9174219574779272,
        53.482410069555044,
        199.79999999999995
      ],
      [
        -1.917439978569746,
        53.48250520415604,
        199.79999999999995
      ],
      [
        -1.9174654595553875,
        53.48260679282248,
        199.79999999999995
      ],
      [
        -1.9175256416201591,
        53.48270695656538,
        199.79999999999995
      ],
      [
        -1.9176418986171484,
        53.4828217048198,
        199.79999999999995
      ],
      [
        -1.9177107978612185,
        53.48289353772998,
        199.79999999999995
      ],
      [
        -1.9177424814552069,
        53.48290636204183,
        200.39999999999998
      ],
      [
        -1.91775631159544,
        53.48294257186353,
        201.60000000000002
      ],
      [
        -1.9177609216421843,
        53.48296168260276,
        202.79999999999995
      ],
      [
        -1.9177650287747383,
        53.48298590630293,
        203.79999999999995
      ],
      [
        -1.9177679624408484,
        53.48299923352897,
        204
      ],
      [
        -1.9177832175046206,
        53.483060505241156,
        204.39999999999998
      ],
      [
        -1.9177847262471914,
        53.48306746222079,
        204.60000000000002
      ],
      [
        -1.917790761217475,
        53.4830772690475,
        205
      ],
      [
        -1.9177868217229843,
        53.48308514803648,
        205.39999999999998
      ],
      [
        -1.9177799485623837,
        53.4831169154495,
        206
      ],
      [
        -1.9177906773984432,
        53.48312613554299,
        206.20000000000005
      ],
      [
        -1.9177932757884264,
        53.48312856629491,
        206.60000000000002
      ],
      [
        -1.9178008195012808,
        53.48313124850392,
        206.60000000000002
      ],
      [
        -1.9177992269396782,
        53.48313099704683,
        206.60000000000002
      ],
      [
        -1.9177988078445196,
        53.483129907399416,
        206.60000000000002
      ],
      [
        -1.9177986402064562,
        53.48312948830426,
        206.60000000000002
      ],
      [
        -1.9177984725683928,
        53.483129404485226,
        206.60000000000002
      ],
      [
        -1.9177893362939358,
        53.483150862157345,
        206.60000000000002
      ],
      [
        -1.9177631009370089,
        53.48318296484649,
        207
      ],
      [
        -1.917754216119647,
        53.48318858072162,
        207.20000000000005
      ],
      [
        -1.9177394639700651,
        53.48322353325784,
        208.20000000000005
      ],
      [
        -1.9177358597517014,
        53.48322194069624,
        208.60000000000002
      ],
      [
        -1.917727142572403,
        53.483227053657174,
        208.60000000000002
      ],
      [
        -1.9177245441824198,
        53.483225209638476,
        208.60000000000002
      ],
      [
        -1.9177214428782463,
        53.48322780802846,
        208.60000000000002
      ],
      [
        -1.9176442455500364,
        53.483271142467856,
        208.79999999999995
      ],
      [
        -1.9175554811954498,
        53.483281284570694,
        209.39999999999998
      ],
      [
        -1.9175358675420284,
        53.483278937637806,
        209.39999999999998
      ],
      [
        -1.9173915311694145,
        53.48328388296068,
        209.60000000000002
      ],
      [
        -1.917262952774763,
        53.483290672302246,
        210
      ],
      [
        -1.9171326979994774,
        53.48329519852996,
        210
      ],
      [
        -1.9169294368475676,
        53.48331489600241,
        210
      ],
      [
        -1.9167798198759556,
        53.483331156894565,
        210
      ],
      [
        -1.9166178815066814,
        53.4833552967757,
        210.20000000000005
      ],
      [
        -1.9164695218205452,
        53.48335471004248,
        210.20000000000005
      ],
      [
        -1.9163334835320711,
        53.4833568893373,
        210.20000000000005
      ],
      [
        -1.916123516857624,
        53.48337532952428,
        210
      ],
      [
        -1.9159154780209064,
        53.483399134129286,
        209.60000000000002
      ],
      [
        -1.9156887475401163,
        53.48343442194164,
        209.60000000000002
      ],
      [
        -1.915531251579523,
        53.48344364203513,
        209.60000000000002
      ],
      [
        -1.9153777789324522,
        53.483465015888214,
        209.20000000000005
      ],
      [
        -1.9152142480015755,
        53.48347851075232,
        209.39999999999998
      ],
      [
        -1.915062116459012,
        53.483486054465175,
        209.39999999999998
      ],
      [
        -1.9149143435060978,
        53.48350231535733,
        209.79999999999995
      ],
      [
        -1.9147972483187914,
        53.48351136781275,
        210.20000000000005
      ],
      [
        -1.9146723579615355,
        53.48353031091392,
        210
      ],
      [
        -1.9145314581692219,
        53.48354481160641,
        209.79999999999995
      ],
      [
        -1.9143923185765743,
        53.48358420655131,
        209
      ],
      [
        -1.914298189803958,
        53.48358538001776,
        209
      ],
      [
        -1.9142209086567163,
        53.48358102142811,
        209.39999999999998
      ],
      [
        -1.9140510074794292,
        53.48358294926584,
        210.20000000000005
      ],
      [
        -1.9139101915061474,
        53.483598874881864,
        210.20000000000005
      ],
      [
        -1.9136984646320343,
        53.483630642294884,
        209.60000000000002
      ],
      [
        -1.913576927036047,
        53.48364983685315,
        209.39999999999998
      ],
      [
        -1.9134496059268713,
        53.48366727121174,
        209.79999999999995
      ],
      [
        -1.9133181776851416,
        53.48365830257535,
        209.60000000000002
      ],
      [
        -1.9131692312657833,
        53.48367305472493,
        209.39999999999998
      ],
      [
        -1.9130457658320665,
        53.4836935903877,
        209.20000000000005
      ],
      [
        -1.912856251001358,
        53.48372770473361,
        209
      ],
      [
        -1.912717865779996,
        53.483756706118584,
        208.39999999999998
      ],
      [
        -1.912608314305544,
        53.48378294147551,
        208.60000000000002
      ],
      [
        -1.9124169554561377,
        53.48381269723177,
        209.20000000000005
      ],
      [
        -1.912248395383358,
        53.483844297006726,
        209
      ],
      [
        -1.9120949227362871,
        53.483865251764655,
        209
      ],
      [
        -1.911979503929615,
        53.48389098420739,
        209
      ],
      [
        -1.911949161440134,
        53.48390506580472,
        209
      ],
      [
        -1.9117858819663525,
        53.48394186235964,
        209.20000000000005
      ],
      [
        -1.9116557110100985,
        53.4839819278568,
        210
      ],
      [
        -1.911593433469534,
        53.48400246351957,
        210.39999999999998
      ],
      [
        -1.9115583132952452,
        53.48401369526982,
        210.60000000000002
      ],
      [
        -1.911457646638155,
        53.4840252622962,
        210.79999999999995
      ],
      [
        -1.911419089883566,
        53.48402836360037,
        210.79999999999995
      ],
      [
        -1.9113207701593637,
        53.484060633927584,
        210.60000000000002
      ],
      [
        -1.9111715722829103,
        53.484083600342274,
        211
      ],
      [
        -1.9110142439603806,
        53.484117798507214,
        210.79999999999995
      ],
      [
        -1.9108884315937757,
        53.48414939828217,
        211.20000000000005
      ],
      [
        -1.9108490366488695,
        53.48415912128985,
        211.39999999999998
      ],
      [
        -1.9107803888618946,
        53.48417202942073,
        211.79999999999995
      ],
      [
        -1.9106711726635695,
        53.48422693088651,
        212.20000000000005
      ],
      [
        -1.9106354657560587,
        53.484252244234085,
        212.60000000000002
      ],
      [
        -1.910589700564742,
        53.48426716402173,
        212.79999999999995
      ],
      [
        -1.9105133414268494,
        53.48427873104811,
        212.79999999999995
      ],
      [
        -1.9104780536144972,
        53.48429541103542,
        212.20000000000005
      ],
      [
        -1.9104797299951315,
        53.484314773231745,
        211.60000000000002
      ],
      [
        -1.9104788918048143,
        53.484323155134916,
        211.60000000000002
      ],
      [
        -1.9104618765413761,
        53.48436892032623,
        212.20000000000005
      ],
      [
        -1.910396832972765,
        53.48441828973591,
        213.79999999999995
      ],
      [
        -1.9103449489921331,
        53.48445173352957,
        215
      ],
      [
        -1.9103439431637526,
        53.48448199220002,
        215.79999999999995
      ],
      [
        -1.910339081659913,
        53.48449733108282,
        216.20000000000005
      ],
      [
        -1.9102853536605835,
        53.48453932441771,
        217.39999999999998
      ],
      [
        -1.910263141617179,
        53.48454074934125,
        217.60000000000002
      ],
      [
        -1.9101805798709393,
        53.484537564218044,
        218.20000000000005
      ],
      [
        -1.9101130217313766,
        53.484545862302184,
        218.60000000000002
      ],
      [
        -1.910052252933383,
        53.48454460501671,
        219
      ],
      [
        -1.910042529925704,
        53.484554663300514,
        219.20000000000005
      ],
      [
        -1.9100523367524147,
        53.48459355533123,
        219.60000000000002
      ],
      [
        -1.9100634846836329,
        53.484602607786655,
        219.79999999999995
      ],
      [
        -1.9101031310856342,
        53.48464879207313,
        219.79999999999995
      ],
      [
        -1.9100953359156847,
        53.484657760709524,
        219.79999999999995
      ],
      [
        -1.9100548513233662,
        53.48466496914625,
        220
      ],
      [
        -1.9099786598235369,
        53.484671004116535,
        220.39999999999998
      ],
      [
        -1.9099333137273788,
        53.48467578180134,
        220.60000000000002
      ],
      [
        -1.9098812621086836,
        53.48467762582004,
        220.60000000000002
      ],
      [
        -1.909861983731389,
        53.48468106240034,
        220.60000000000002
      ],
      [
        -1.90981219522655,
        53.4846865106374,
        220.60000000000002
      ],
      [
        -1.909698871895671,
        53.48469631746411,
        221
      ],
      [
        -1.9096947647631168,
        53.48468215204775,
        221
      ],
      [
        -1.9096934236586094,
        53.48468508571386,
        221
      ],
      [
        -1.909682611003518,
        53.4846867620945,
        221
      ],
      [
        -1.9095773342996836,
        53.484706124290824,
        221.20000000000005
      ],
      [
        -1.9094328302890062,
        53.48471324890852,
        221.20000000000005
      ],
      [
        -1.9092433992773294,
        53.48471484147012,
        221.60000000000002
      ],
      [
        -1.909130746498704,
        53.484717356041074,
        221.60000000000002
      ],
      [
        -1.9090667925775051,
        53.48471710458398,
        221.79999999999995
      ],
      [
        -1.9089585822075605,
        53.484712075442076,
        222.20000000000005
      ],
      [
        -1.9088798761367798,
        53.484703777357936,
        222.79999999999995
      ],
      [
        -1.90881734713912,
        53.4847023524344,
        223
      ],
      [
        -1.9087099749594927,
        53.484700256958604,
        223.60000000000002
      ],
      [
        -1.9086909480392933,
        53.48469874821603,
        223.79999999999995
      ],
      [
        -1.908555580303073,
        53.48468458279967,
        224.39999999999998
      ],
      [
        -1.908436557278037,
        53.4846727643162,
        224.79999999999995
      ],
      [
        -1.9084152672439814,
        53.4846711717546,
        225
      ],
      [
        -1.9082745350897312,
        53.48467452451587,
        225.60000000000002
      ],
      [
        -1.9082123413681984,
        53.48467024974525,
        226
      ],
      [
        -1.9081675820052624,
        53.48465709015727,
        226.20000000000005
      ],
      [
        -1.908122906461358,
        53.484663125127554,
        226.20000000000005
      ],
      [
        -1.908041937276721,
        53.484666142612696,
        226.39999999999998
      ],
      [
        -1.9080229103565216,
        53.48466488532722,
        226.39999999999998
      ],
      [
        -1.9078880455344915,
        53.484660778194666,
        226.79999999999995
      ],
      [
        -1.9078523386269808,
        53.484661700204015,
        227
      ],
      [
        -1.9078326411545277,
        53.484660694375634,
        227
      ],
      [
        -1.9076531007885933,
        53.48466488532722,
        227.60000000000002
      ],
      [
        -1.907567773014307,
        53.48466203548014,
        228
      ],
      [
        -1.907513290643692,
        53.48466010764241,
        228.39999999999998
      ],
      [
        -1.9073409587144852,
        53.484667567536235,
        229
      ],
      [
        -1.9073185790330172,
        53.484669579192996,
        229.20000000000005
      ],
      [
        -1.9071635138243437,
        53.484686175361276,
        230
      ],
      [
        -1.9071447383612394,
        53.484689611941576,
        230.20000000000005
      ],
      [
        -1.9070320017635822,
        53.484697323292494,
        231
      ],
      [
        -1.9070113822817802,
        53.484703190624714,
        231.20000000000005
      ],
      [
        -1.9068853184580803,
        53.48471802659333,
        232
      ],
      [
        -1.9068292435258627,
        53.48472548648715,
        232.20000000000005
      ],
      [
        -1.9067491125315428,
        53.484744345769286,
        232.79999999999995
      ],
      [
        -1.9067082926630974,
        53.48475717008114,
        233.20000000000005
      ],
      [
        -1.9066885113716125,
        53.484763875603676,
        233.20000000000005
      ],
      [
        -1.906567057594657,
        53.48480318672955,
        234.20000000000005
      ],
      [
        -1.906551718711853,
        53.484807796776295,
        234.20000000000005
      ],
      [
        -1.906511066481471,
        53.48482028581202,
        234.60000000000002
      ],
      [
        -1.9064637087285519,
        53.484848365187645,
        235.20000000000005
      ],
      [
        -1.9064741022884846,
        53.484858172014356,
        235.39999999999998
      ],
      [
        -1.9064787961542606,
        53.484861105680466,
        235.60000000000002
      ],
      [
        -1.906456584110856,
        53.48486429080367,
        235.60000000000002
      ],
      [
        -1.9064320251345634,
        53.48486043512821,
        235.60000000000002
      ],
      [
        -1.906307889148593,
        53.484870409592986,
        236
      ],
      [
        -1.9062601123005152,
        53.48488901741803,
        236.39999999999998
      ],
      [
        -1.9062649738043547,
        53.484889939427376,
        237
      ],
      [
        -1.9062579330056906,
        53.484889855608344,
        237
      ],
      [
        -1.9062581844627857,
        53.48489002324641,
        237
      ],
      [
        -1.9062583521008492,
        53.48489010706544,
        237
      ],
      [
        -1.9062587711960077,
        53.484890358522534,
        237
      ],
      [
        -1.9062470365315676,
        53.48489547148347,
        237
      ],
      [
        -1.906159445643425,
        53.48493645898998,
        237.60000000000002
      ],
      [
        -1.9061477947980165,
        53.48493905737996,
        237.60000000000002
      ],
      [
        -1.9060385785996914,
        53.484975853934884,
        238.60000000000002
      ],
      [
        -1.9059863593429327,
        53.485001837834716,
        239.20000000000005
      ],
      [
        -1.9059521611779928,
        53.485014075413346,
        239.60000000000002
      ],
      [
        -1.9059059768915176,
        53.48505036905408,
        240
      ],
      [
        -1.905871443450451,
        53.485070234164596,
        240.60000000000002
      ],
      [
        -1.905818972736597,
        53.485094625502825,
        241.20000000000005
      ],
      [
        -1.9057817570865154,
        53.48511801101267,
        241.79999999999995
      ],
      [
        -1.9057395122945309,
        53.48513779230416,
        242.20000000000005
      ],
      [
        -1.9056918192654848,
        53.485169392079115,
        243
      ],
      [
        -1.9056442938745022,
        53.485194789245725,
        243.60000000000002
      ],
      [
        -1.9056011270731688,
        53.48522077314556,
        244
      ],
      [
        -1.9055366702377796,
        53.485266119241714,
        244.79999999999995
      ],
      [
        -1.905513871461153,
        53.485279865562916,
        245.20000000000005
      ],
      [
        -1.9054345786571503,
        53.48533577285707,
        246.20000000000005
      ],
      [
        -1.9054259452968836,
        53.48534541204572,
        246.39999999999998
      ],
      [
        -1.9053238537162542,
        53.48543501459062,
        247.20000000000005
      ],
      [
        -1.9053007196635008,
        53.485454292967916,
        247.39999999999998
      ],
      [
        -1.9052186608314514,
        53.48552470095456,
        248.39999999999998
      ],
      [
        -1.9052001368254423,
        53.48554280586541,
        248.60000000000002
      ],
      [
        -1.9051293935626745,
        53.48559871315956,
        249.39999999999998
      ],
      [
        -1.9051017332822084,
        53.48562243394554,
        249.60000000000002
      ],
      [
        -1.9050237815827131,
        53.48567984998226,
        250.20000000000005
      ],
      [
        -1.9049780163913965,
        53.48572385497391,
        250.60000000000002
      ],
      [
        -1.9049697183072567,
        53.48573014140129,
        250.79999999999995
      ],
      [
        -1.904891263693571,
        53.48577716387808,
        251.79999999999995
      ],
      [
        -1.9048588257282972,
        53.485794346779585,
        252
      ],
      [
        -1.9047646131366491,
        53.48585125990212,
        252.79999999999995
      ],
      [
        -1.9046459253877401,
        53.485901886597276,
        253.39999999999998
      ],
      [
        -1.9045775290578604,
        53.48592644557357,
        253.79999999999995
      ],
      [
        -1.9045129045844078,
        53.48595620132983,
        254.39999999999998
      ],
      [
        -1.9044357910752296,
        53.48598511889577,
        255
      ],
      [
        -1.9043879304081202,
        53.48601160570979,
        255.39999999999998
      ],
      [
        -1.9042860064655542,
        53.48605862818658,
        256
      ],
      [
        -1.904268404468894,
        53.48606575280428,
        256.20000000000005
      ],
      [
        -1.9041469506919384,
        53.48611864261329,
        256.79999999999995
      ],
      [
        -1.904101436957717,
        53.486142782494426,
        257.20000000000005
      ],
      [
        -1.9040358904749155,
        53.48617924377322,
        257.4
      ],
      [
        -1.9038959126919508,
        53.486251747235656,
        258.20000000000005
      ],
      [
        -1.9037763867527246,
        53.48631251603365,
        258.79999999999995
      ],
      [
        -1.9036604650318623,
        53.48637009970844,
        259.20000000000005
      ],
      [
        -1.903614616021514,
        53.48639021627605,
        259.6
      ],
      [
        -1.9034606404602528,
        53.48645995371044,
        260
      ],
      [
        -1.9034076668322086,
        53.48649909719825,
        260.4
      ],
      [
        -1.9034184794873,
        53.48650395870209,
        260.4
      ],
      [
        -1.9034076668322086,
        53.48649909719825,
        260.20000000000005
      ],
      [
        -1.9033649191260338,
        53.48651594482362,
        260.20000000000005
      ],
      [
        -1.903362236917019,
        53.486513681709766,
        260.4
      ],
      [
        -1.9033525977283716,
        53.486512089148164,
        260.4
      ],
      [
        -1.903299456462264,
        53.486531702801585,
        260.4
      ],
      [
        -1.903227623552084,
        53.48657294176519,
        260.6
      ],
      [
        -1.903164004907012,
        53.486605044454336,
        260.6
      ],
      [
        -1.9030439760535955,
        53.48667360842228,
        260.79999999999995
      ],
      [
        -1.902934005483985,
        53.486730605363846,
        260.6
      ],
      [
        -1.9028133060783148,
        53.48679531365633,
        260.4
      ],
      [
        -1.9026362802833319,
        53.48686823621392,
        260
      ],
      [
        -1.9025033432990313,
        53.48693638108671,
        259.6
      ],
      [
        -1.90242656506598,
        53.48696839995682,
        259.20000000000005
      ],
      [
        -1.9023605156689882,
        53.48699664697051,
        259.20000000000005
      ],
      [
        -1.90218860283494,
        53.48705322481692,
        258.6
      ],
      [
        -1.9021104834973812,
        53.48707954399288,
        258.20000000000005
      ],
      [
        -1.9020515587180853,
        53.48709194920957,
        258
      ],
      [
        -1.901926165446639,
        53.48712891340256,
        257.4
      ],
      [
        -1.9018679112195969,
        53.487146850675344,
        257.20000000000005
      ],
      [
        -1.9017485529184341,
        53.48717995919287,
        256.79999999999995
      ],
      [
        -1.9016041327267885,
        53.487224550917745,
        256.4
      ],
      [
        -1.9015721138566732,
        53.48723351955414,
        256.20000000000005
      ],
      [
        -1.901448229327798,
        53.487276351079345,
        255.60000000000002
      ],
      [
        -1.9012308027595282,
        53.487344160676,
        255.20000000000005
      ],
      [
        -1.9012095965445042,
        53.48734952509403,
        255
      ],
      [
        -1.901038270443678,
        53.48739185370505,
        254.20000000000005
      ],
      [
        -1.9010173995047808,
        53.487396044656634,
        254
      ],
      [
        -1.9008574727922678,
        53.48745723254979,
        253.39999999999998
      ],
      [
        -1.9007806107401848,
        53.48748539574444,
        252.79999999999995
      ],
      [
        -1.9006581511348486,
        53.48751942627132,
        252.39999999999998
      ],
      [
        -1.90058589912951,
        53.487541135400534,
        251.79999999999995
      ],
      [
        -1.900486657395959,
        53.48757675848901,
        251.39999999999998
      ],
      [
        -1.9003348611295223,
        53.48762663081288,
        250.60000000000002
      ],
      [
        -1.9001571647822857,
        53.48768848925829,
        249.79999999999995
      ],
      [
        -1.900023641064763,
        53.4877260401845,
        249.60000000000002
      ],
      [
        -1.899979803711176,
        53.48773702047765,
        249.39999999999998
      ],
      [
        -1.8998462799936533,
        53.487775241956115,
        248.60000000000002
      ],
      [
        -1.8998280074447393,
        53.487780103459954,
        248.39999999999998
      ],
      [
        -1.8996909633278847,
        53.487827042117715,
        248.20000000000005
      ],
      [
        -1.8995081540197134,
        53.48788437433541,
        247.39999999999998
      ],
      [
        -1.8993359059095383,
        53.487935084849596,
        246.79999999999995
      ],
      [
        -1.8992649111896753,
        53.487958051264286,
        246.39999999999998
      ],
      [
        -1.89912392757833,
        53.488002223894,
        246
      ],
      [
        -1.8989020586013794,
        53.48806835711002,
        245.39999999999998
      ],
      [
        -1.898853862658143,
        53.488072380423546,
        245.20000000000005
      ],
      [
        -1.8988432176411152,
        53.48807271569967,
        244.79999999999995
      ],
      [
        -1.8988442234694958,
        53.488078247755766,
        244.79999999999995
      ],
      [
        -1.8988572154194117,
        53.48808143287897,
        244.79999999999995
      ],
      [
        -1.8988547008484602,
        53.48807388916612,
        244.79999999999995
      ],
      [
        -1.898841792717576,
        53.48807849921286,
        244.79999999999995
      ],
      [
        -1.8988039903342724,
        53.4880936704576,
        244.60000000000002
      ],
      [
        -1.8986704666167498,
        53.48813449032605,
        244.20000000000005
      ],
      [
        -1.8986360169947147,
        53.488146057352424,
        244
      ],
      [
        -1.8984455801546574,
        53.4882041439414,
        243.20000000000005
      ],
      [
        -1.8984266370534897,
        53.48821084946394,
        243.20000000000005
      ],
      [
        -1.8982765171676874,
        53.48825393244624,
        242.39999999999998
      ],
      [
        -1.8981774430721998,
        53.48828117363155,
        242
      ],
      [
        -1.8981141597032547,
        53.48830556496978,
        241.79999999999995
      ],
      [
        -1.8979745171964169,
        53.48834755830467,
        241.39999999999998
      ],
      [
        -1.897927327081561,
        53.4883648250252,
        241.20000000000005
      ],
      [
        -1.897924980148673,
        53.48836935125291,
        241
      ],
      [
        -1.897896733134985,
        53.48837899044156,
        241
      ],
      [
        -1.897741500288248,
        53.48841670900583,
        240.39999999999998
      ],
      [
        -1.8976822402328253,
        53.488448644056916,
        240
      ],
      [
        -1.897657848894596,
        53.4884546790272,
        239.79999999999995
      ],
      [
        -1.897622225806117,
        53.48846985027194,
        239.60000000000002
      ],
      [
        -1.8975249957293272,
        53.48849424161017,
        239
      ],
      [
        -1.8974845949560404,
        53.48850455135107,
        238.79999999999995
      ],
      [
        -1.8973479699343443,
        53.488543359562755,
        237.79999999999995
      ],
      [
        -1.8972896318882704,
        53.488559871912,
        237.39999999999998
      ],
      [
        -1.8972147814929485,
        53.48858216777444,
        236.79999999999995
      ],
      [
        -1.897124843671918,
        53.488607816398144,
        235.79999999999995
      ],
      [
        -1.8971058167517185,
        53.488614270463586,
        235.79999999999995
      ],
      [
        -1.8970329780131578,
        53.48864000290632,
        234.79999999999995
      ],
      [
        -1.8969523441046476,
        53.48867688328028,
        234
      ],
      [
        -1.8969372566789389,
        53.488684091717005,
        233.60000000000002
      ],
      [
        -1.8968598078936338,
        53.48872692324221,
        232.60000000000002
      ],
      [
        -1.8968266155570745,
        53.48874452523887,
        232.20000000000005
      ],
      [
        -1.8967651762068272,
        53.48877620883286,
        231.39999999999998
      ],
      [
        -1.8967114482074976,
        53.48881099373102,
        230.60000000000002
      ],
      [
        -1.8966986238956451,
        53.4888207167387,
        230.39999999999998
      ],
      [
        -1.8966344185173512,
        53.48886706866324,
        229.20000000000005
      ],
      [
        -1.8966070096939802,
        53.4888862632215,
        228.79999999999995
      ],
      [
        -1.896562920883298,
        53.4889261610806,
        228
      ],
      [
        -1.8964838795363903,
        53.48897276446223,
        227.20000000000005
      ],
      [
        -1.8964744079858065,
        53.48898533731699,
        227
      ],
      [
        -1.8964220210909843,
        53.48904334008694,
        226
      ],
      [
        -1.8964102864265442,
        53.48905289545655,
        225.79999999999995
      ],
      [
        -1.8963982164859772,
        53.489062367007136,
        225.60000000000002
      ],
      [
        -1.896332586184144,
        53.48910544998944,
        224.79999999999995
      ],
      [
        -1.8963239528238773,
        53.48911383189261,
        224.20000000000005
      ],
      [
        -1.896289587020874,
        53.48913738504052,
        224
      ],
      [
        -1.8962620943784714,
        53.48915993236005,
        223.60000000000002
      ],
      [
        -1.8962149880826473,
        53.489200584590435,
        222.79999999999995
      ],
      [
        -1.8961973022669554,
        53.48921072669327,
        222.60000000000002
      ],
      [
        -1.8961661215871572,
        53.48922707140446,
        222.20000000000005
      ],
      [
        -1.8961053527891636,
        53.48926722072065,
        221.60000000000002
      ],
      [
        -1.8960762675851583,
        53.48928767256439,
        221.20000000000005
      ],
      [
        -1.8960306700319052,
        53.489318350329995,
        220.39999999999998
      ],
      [
        -1.895935032516718,
        53.489369228482246,
        219.39999999999998
      ],
      [
        -1.8958262354135513,
        53.48940996453166,
        218.39999999999998
      ],
      [
        -1.8958051968365908,
        53.48942412994802,
        218.20000000000005
      ],
      [
        -1.895687934011221,
        53.48946084268391,
        217
      ],
      [
        -1.8955955654382706,
        53.489496717229486,
        216
      ],
      [
        -1.895528007298708,
        53.48953703418374,
        215.20000000000005
      ],
      [
        -1.8955171946436167,
        53.48955061286688,
        215
      ],
      [
        -1.8954757880419493,
        53.489623200148344,
        214
      ],
      [
        -1.895441422238946,
        53.489712215960026,
        213
      ],
      [
        -1.8954376503825188,
        53.489733673632145,
        212.79999999999995
      ],
      [
        -1.8954026978462934,
        53.489829478785396,
        212
      ],
      [
        -1.8953991774469614,
        53.48984339274466,
        211.79999999999995
      ],
      [
        -1.8953769654035568,
        53.48995906300843,
        211
      ],
      [
        -1.895364560186863,
        53.48999192006886,
        210.79999999999995
      ],
      [
        -1.8953240755945444,
        53.490076242014766,
        210.20000000000005
      ],
      [
        -1.8953281827270985,
        53.49010281264782,
        210
      ],
      [
        -1.8953339662402868,
        53.49012142047286,
        209.79999999999995
      ],
      [
        -1.8953234050422907,
        53.490132400766015,
        209.60000000000002
      ],
      [
        -1.8952278513461351,
        53.490235079079866,
        209
      ],
      [
        -1.895191054791212,
        53.49033247679472,
        208.79999999999995
      ],
      [
        -1.8951803259551525,
        53.490353766828775,
        208.60000000000002
      ],
      [
        -1.8951659090816975,
        53.49039944820106,
        208.60000000000002
      ],
      [
        -1.8951759673655033,
        53.49048930220306,
        208.60000000000002
      ],
      [
        -1.8951609637588263,
        53.49056448787451,
        208.60000000000002
      ],
      [
        -1.8951148632913828,
        53.4906461276114,
        208.60000000000002
      ],
      [
        -1.8950893823057413,
        53.490719301626086,
        208.79999999999995
      ],
      [
        -1.8950323853641748,
        53.49082985892892,
        209.39999999999998
      ],
      [
        -1.8949661683291197,
        53.49089004099369,
        209.79999999999995
      ],
      [
        -1.8949184753000736,
        53.49092432297766,
        210
      ],
      [
        -1.8948396854102612,
        53.490973357111216,
        210.20000000000005
      ],
      [
        -1.8947753962129354,
        53.49100822582841,
        210.39999999999998
      ],
      [
        -1.894649500027299,
        53.49107134155929,
        210.60000000000002
      ],
      [
        -1.8945951852947474,
        53.49109757691622,
        210.79999999999995
      ],
      [
        -1.8945748172700405,
        53.49110746756196,
        210.79999999999995
      ],
      [
        -1.8944433890283108,
        53.49117527715862,
        211
      ],
      [
        -1.8942786008119583,
        53.491252809762955,
        211.20000000000005
      ],
      [
        -1.8941206019371748,
        53.491307543590665,
        211.60000000000002
      ],
      [
        -1.8939870782196522,
        53.491326151415706,
        211.79999999999995
      ],
      [
        -1.8939686380326748,
        53.49133118055761,
        211.79999999999995
      ],
      [
        -1.8939893413335085,
        53.49132782779634,
        212
      ],
      [
        -1.8939484376460314,
        53.49132992327213,
        212
      ],
      [
        -1.893840478733182,
        53.49135724827647,
        212
      ],
      [
        -1.8937589228153229,
        53.49136889912188,
        212.20000000000005
      ],
      [
        -1.8936901912093163,
        53.49137426353991,
        212.20000000000005
      ],
      [
        -1.8935555778443813,
        53.491378873586655,
        212.39999999999998
      ],
      [
        -1.8934405781328678,
        53.491350542753935,
        212.39999999999998
      ],
      [
        -1.8934866786003113,
        53.491284074261785,
        212.20000000000005
      ],
      [
        -1.893587177619338,
        53.49119547754526,
        211.60000000000002
      ],
      [
        -1.8936444260179996,
        53.49113613367081,
        211.39999999999998
      ],
      [
        -1.893642581999302,
        53.49111719056964,
        211.39999999999998
      ],
      [
        -1.8936068750917912,
        53.491098918020725,
        211.39999999999998
      ]
    ]
  }
}
