{
  "type": "Feature",
  "properties": {
    "id": "2681263423",
    "activity": "hiking",
    "name": "Greenwich Hiking",
    "date": "2018-05-07T10:20:21.000Z",
    "distanceKm": 17.35,
    "movingTimeSeconds": 11569,
    "elapsedTimeSeconds": 14275.5986328125,
    "ascentM": 179,
    "descentM": 822,
    "providers": [
      "Garmin"
    ]
  },
  "geometry": {
    "type": "LineString",
    "coordinates": [
      [
        0.06293929181993008,
        51.49454525671899,
        24
      ],
      [
        0.06293568760156631,
        51.49454299360514,
        23.200000000000045
      ],
      [
        0.06292873062193394,
        51.49453578516841,
        21.399999999999977
      ],
      [
        0.06289268843829632,
        51.494522374123335,
        20.799999999999955
      ],
      [
        0.06291397847235203,
        51.49447518400848,
        14.200000000000045
      ],
      [
        0.06294566206634045,
        51.49445431306958,
        12
      ],
      [
        0.06295211613178253,
        51.49445096030831,
        11.600000000000023
      ],
      [
        0.06295270286500454,
        51.49445096030831,
        11.600000000000023
      ],
      [
        0.0629072729498148,
        51.494437297806144,
        11.399999999999977
      ],
      [
        0.06285438314080238,
        51.49441399611533,
        11
      ],
      [
        0.06274592131376266,
        51.49437887594104,
        10.800000000000011
      ],
      [
        0.06265866570174694,
        51.494346940889955,
        10.199999999999989
      ],
      [
        0.06263486109673977,
        51.49433537386358,
        10
      ],
      [
        0.0626219529658556,
        51.49432866834104,
        9.800000000000011
      ],
      [
        0.06259479559957981,
        51.49431684985757,
        9.600000000000023
      ],
      [
        0.0625512097030878,
        51.49429639801383,
        9
      ],
      [
        0.0625342782586813,
        51.49427577853203,
        8.399999999999977
      ],
      [
        0.06252656690776348,
        51.494262367486954,
        7.800000000000011
      ],
      [
        0.06255665794014931,
        51.49423009715974,
        6.600000000000023
      ],
      [
        0.06255439482629299,
        51.494217524304986,
        6.199999999999989
      ],
      [
        0.06242690607905388,
        51.49414770305157,
        3.3999999999999773
      ],
      [
        0.06240653805434704,
        51.49414049461484,
        3.1999999999999886
      ],
      [
        0.062386421486735344,
        51.494133872911334,
        3
      ],
      [
        0.06229095160961151,
        51.49411794729531,
        2
      ],
      [
        0.06226404570043087,
        51.49411576800048,
        1.8000000000000114
      ],
      [
        0.06224853917956352,
        51.494112918153405,
        1.6000000000000227
      ],
      [
        0.061977384611964226,
        51.49405709467828,
        2.1999999999999886
      ],
      [
        0.06189473904669285,
        51.494085006415844,
        1.8000000000000114
      ],
      [
        0.061703212559223175,
        51.49417829699814,
        2
      ],
      [
        0.06154957227408886,
        51.49421140551567,
        2.3999999999999773
      ],
      [
        0.06130155175924301,
        51.4942323602736,
        2.8000000000000114
      ],
      [
        0.061241285875439644,
        51.494331350550056,
        1.8000000000000114
      ],
      [
        0.0610161479562521,
        51.494512148201466,
        -0.39999999999997726
      ],
      [
        0.060592107474803925,
        51.494506280869246,
        -1.1999999999999886
      ],
      [
        0.060523878782987595,
        51.49450401775539,
        -1.1999999999999886
      ],
      [
        0.060189440846443176,
        51.49449345655739,
        -0.39999999999997726
      ],
      [
        0.06018952466547489,
        51.494493540376425,
        -0.39999999999997726
      ],
      [
        0.06018952466547489,
        51.494493540376425,
        -0.39999999999997726
      ],
      [
        0.0601890217512846,
        51.49449337273836,
        -0.39999999999997726
      ],
      [
        0.06012842059135437,
        51.49448499083519,
        0
      ],
      [
        0.05986858159303665,
        51.494377283379436,
        -1.8000000000000114
      ],
      [
        0.05974670872092247,
        51.49434719234705,
        -2.3999999999999773
      ],
      [
        0.05968376062810421,
        51.49433872662485,
        -2.1999999999999886
      ],
      [
        0.05957035347819328,
        51.4943309314549,
        -2.1999999999999886
      ],
      [
        0.05949290469288826,
        51.49433705024421,
        -1.8000000000000114
      ],
      [
        0.059308335185050964,
        51.49435800500214,
        -2.8000000000000114
      ],
      [
        0.059292158111929893,
        51.4943568315357,
        -2.8000000000000114
      ],
      [
        0.059255193918943405,
        51.494361190125346,
        -3.1999999999999886
      ],
      [
        0.05918813869357109,
        51.49438105523586,
        -2.6000000000000227
      ],
      [
        0.05916743539273739,
        51.49438222870231,
        -2.6000000000000227
      ],
      [
        0.059042712673544884,
        51.494418354704976,
        -2
      ],
      [
        0.05858489312231541,
        51.49439756758511,
        -1.3999999999999773
      ],
      [
        0.05851901136338711,
        51.494397316128016,
        -1.3999999999999773
      ],
      [
        0.058379871770739555,
        51.49440159089863,
        -2
      ],
      [
        0.05834592506289482,
        51.494403099641204,
        -1.8000000000000114
      ],
      [
        0.05825229920446873,
        51.494414415210485,
        2.3999999999999773
      ],
      [
        0.058141909539699554,
        51.494403686374426,
        4
      ],
      [
        0.05798935890197754,
        51.49438004940748,
        3.3999999999999773
      ],
      [
        0.05727052688598633,
        51.49443645961583,
        4.399999999999977
      ],
      [
        0.057054609060287476,
        51.49442296475172,
        3.8000000000000114
      ],
      [
        0.05697296932339668,
        51.49441818706691,
        1.8000000000000114
      ],
      [
        0.05671799182891846,
        51.49444526061416,
        1.1999999999999886
      ],
      [
        0.05637492053210735,
        51.49442145600915,
        1.1999999999999886
      ],
      [
        0.056172581389546394,
        51.49446269497275,
        1
      ],
      [
        0.055936966091394424,
        51.49443570524454,
        -1.3999999999999773
      ],
      [
        0.05591316148638725,
        51.49443310685456,
        -2
      ],
      [
        0.055193910375237465,
        51.494518937543035,
        0
      ],
      [
        0.05446585826575756,
        51.494524301961064,
        -1.1999999999999886
      ],
      [
        0.054396456107497215,
        51.49451927281916,
        -1
      ],
      [
        0.05430299788713455,
        51.49451189674437,
        -1.6000000000000227
      ],
      [
        0.054283132776618004,
        51.49450762197375,
        -1.6000000000000227
      ],
      [
        0.05425530485808849,
        51.49450393393636,
        -1
      ],
      [
        0.054158493876457214,
        51.49447560310364,
        -0.19999999999998863
      ],
      [
        0.05359129048883915,
        51.49451617151499,
        2.8000000000000114
      ],
      [
        0.0533552560955286,
        51.4945656247437,
        3.8000000000000114
      ],
      [
        0.053124334663152695,
        51.49459538049996,
        4
      ],
      [
        0.05287731997668743,
        51.494622537866235,
        4
      ],
      [
        0.05281361751258373,
        51.494628405198455,
        4.199999999999989
      ],
      [
        0.05274840630590916,
        51.49463511072099,
        3.1999999999999886
      ],
      [
        0.05241044797003269,
        51.4946486055851,
        6.199999999999989
      ],
      [
        0.051885657012462616,
        51.4946398884058,
        5.600000000000023
      ],
      [
        0.05184919573366642,
        51.49460921064019,
        5.199999999999989
      ],
      [
        0.051843663677573204,
        51.494514998048544,
        3
      ],
      [
        0.051839640364050865,
        51.49446462281048,
        2.1999999999999886
      ],
      [
        0.05181265063583851,
        51.494454899802804,
        2.3999999999999773
      ],
      [
        0.051795719191432,
        51.49446780793369,
        2.1999999999999886
      ],
      [
        0.051783984526991844,
        51.494551207870245,
        0.39999999999997726
      ],
      [
        0.05173168145120144,
        51.49459688924253,
        -0.6000000000000227
      ],
      [
        0.051655909046530724,
        51.49463586509228,
        -0.39999999999997726
      ],
      [
        0.051654065027832985,
        51.494635278359056,
        0
      ],
      [
        0.051655154675245285,
        51.49463536217809,
        -0.19999999999998863
      ],
      [
        0.05166127346456051,
        51.49464047513902,
        -0.39999999999997726
      ],
      [
        0.051669906824827194,
        51.49464131332934,
        -0.39999999999997726
      ],
      [
        0.05164090543985367,
        51.494643995538354,
        -2.8000000000000114
      ],
      [
        0.05164400674402714,
        51.49464433081448,
        -2.8000000000000114
      ],
      [
        0.05164300091564655,
        51.49464391171932,
        -2.8000000000000114
      ],
      [
        0.05164266563951969,
        51.494643492624164,
        -2.8000000000000114
      ],
      [
        0.05165448412299156,
        51.49462522007525,
        -2.8000000000000114
      ],
      [
        0.05168541334569454,
        51.49460610933602,
        -2.6000000000000227
      ],
      [
        0.05175179801881313,
        51.494583981111646,
        -2.6000000000000227
      ],
      [
        0.05177023820579052,
        51.49457727558911,
        -2.6000000000000227
      ],
      [
        0.05179630592465401,
        51.49449865333736,
        -2.1999999999999886
      ],
      [
        0.0518033467233181,
        51.494248788803816,
        -3.3999999999999773
      ],
      [
        0.051811058074235916,
        51.49417075328529,
        -2.1999999999999886
      ],
      [
        0.051830001175403595,
        51.49409699253738,
        -1.1999999999999886
      ],
      [
        0.05183645524084568,
        51.493987776339054,
        -1.3999999999999773
      ],
      [
        0.05184064619243145,
        51.49397537112236,
        -2.8000000000000114
      ],
      [
        0.051753390580415726,
        51.49427326396108,
        2.8000000000000114
      ],
      [
        0.05144552327692509,
        51.494314167648554,
        2.3999999999999773
      ],
      [
        0.05135432817041874,
        51.49431056343019,
        2.1999999999999886
      ],
      [
        0.051217786967754364,
        51.494297655299306,
        3.3999999999999773
      ],
      [
        0.05066743120551109,
        51.49429840967059,
        3.1999999999999886
      ],
      [
        0.05053122527897358,
        51.494315173476934,
        1
      ],
      [
        0.050331735983490944,
        51.49444584734738,
        1.6000000000000227
      ],
      [
        0.05026283673942089,
        51.494430005550385,
        1.8000000000000114
      ],
      [
        0.04978355951607227,
        51.49437275715172,
        1.3999999999999773
      ],
      [
        0.0495756883174181,
        51.49434920400381,
        1.8000000000000114
      ],
      [
        0.049436548724770546,
        51.49432087317109,
        2.1999999999999886
      ],
      [
        0.048821987584233284,
        51.49426085874438,
        5.800000000000011
      ],
      [
        0.04873674362897873,
        51.494148625060916,
        5
      ],
      [
        0.04872274585068226,
        51.49410369805992,
        4
      ],
      [
        0.04869785159826279,
        51.4939820766449,
        1.1999999999999886
      ],
      [
        0.04868687130510807,
        51.49393815547228,
        1.1999999999999886
      ],
      [
        0.04864831455051899,
        51.493705390021205,
        1
      ],
      [
        0.04821178503334522,
        51.49358393624425,
        -2.3999999999999773
      ],
      [
        0.048152608796954155,
        51.49356625042856,
        0
      ],
      [
        0.048097455874085426,
        51.49355040863156,
        2
      ],
      [
        0.04807440564036369,
        51.4935433678329,
        2.3999999999999773
      ],
      [
        0.04801028408110142,
        51.493521658703685,
        3
      ],
      [
        0.04770459607243538,
        51.49354479275644,
        3.3999999999999773
      ],
      [
        0.04748314619064331,
        51.493519227951765,
        2.6000000000000227
      ],
      [
        0.046756016090512276,
        51.493506990373135,
        6.600000000000023
      ],
      [
        0.04666842520236969,
        51.49349165149033,
        8.399999999999977
      ],
      [
        0.04664897918701172,
        51.49349056184292,
        8.199999999999989
      ],
      [
        0.046630287542939186,
        51.49348720908165,
        7.600000000000023
      ],
      [
        0.04651989787817001,
        51.49344613775611,
        7.399999999999977
      ],
      [
        0.04608437418937683,
        51.4931236859411,
        2.1999999999999886
      ],
      [
        0.04597901366651058,
        51.49281531572342,
        -0.39999999999997726
      ],
      [
        0.045950766652822495,
        51.49283870123327,
        -1
      ],
      [
        0.04594163037836552,
        51.49290483444929,
        -1.8000000000000114
      ],
      [
        0.045907432213425636,
        51.49292687885463,
        -3
      ],
      [
        0.045302342623472214,
        51.49275965988636,
        2
      ],
      [
        0.04529840312898159,
        51.49274591356516,
        2
      ],
      [
        0.04518415778875351,
        51.49257886223495,
        -0.6000000000000227
      ],
      [
        0.04519597627222538,
        51.49255338124931,
        -1.6000000000000227
      ],
      [
        0.045226989313960075,
        51.49249546229839,
        -1.3999999999999773
      ],
      [
        0.04520829766988754,
        51.49248029105365,
        -1.3999999999999773
      ],
      [
        0.04519270732998848,
        51.49246805347502,
        -1.1999999999999886
      ],
      [
        0.04519907757639885,
        51.492364620789886,
        -0.6000000000000227
      ],
      [
        0.045186085626482964,
        51.49236537516117,
        -0.8000000000000114
      ],
      [
        0.04515356384217739,
        51.49235950782895,
        -0.39999999999997726
      ],
      [
        0.04511777311563492,
        51.49234970100224,
        -0.19999999999998863
      ],
      [
        0.04506463184952736,
        51.49233486503363,
        0.39999999999997726
      ],
      [
        0.04504828713834286,
        51.49232824333012,
        0.6000000000000227
      ],
      [
        0.045032696798443794,
        51.4923205319792,
        0.6000000000000227
      ],
      [
        0.04498952999711037,
        51.492310892790556,
        0.8000000000000114
      ],
      [
        0.044955164194107056,
        51.49229848757386,
        0.39999999999997726
      ],
      [
        0.044871680438518524,
        51.49226990528405,
        1.3999999999999773
      ],
      [
        0.04477009177207947,
        51.49222472682595,
        0.6000000000000227
      ],
      [
        0.04420674405992031,
        51.491937059909105,
        0
      ],
      [
        0.04412326030433178,
        51.49189774878323,
        0.39999999999997726
      ],
      [
        0.04377901554107666,
        51.49178224615753,
        -2
      ],
      [
        0.04370793700218201,
        51.491754753515124,
        -1.3999999999999773
      ],
      [
        0.043696705251932144,
        51.49175156839192,
        -1.1999999999999886
      ],
      [
        0.043683210387825966,
        51.49175802245736,
        -0.8000000000000114
      ],
      [
        0.04365311935544014,
        51.49175165221095,
        -0.19999999999998863
      ],
      [
        0.04364515654742718,
        51.491717621684074,
        1
      ],
      [
        0.04363744519650936,
        51.49169507436454,
        2.6000000000000227
      ],
      [
        0.04363560117781162,
        51.49164662696421,
        4.399999999999977
      ],
      [
        0.04365814849734306,
        51.49155861698091,
        5.800000000000011
      ],
      [
        0.043709781020879745,
        51.49135292507708,
        4.399999999999977
      ],
      [
        0.04372076131403446,
        51.49132400751114,
        6.399999999999977
      ],
      [
        0.04373752512037754,
        51.49129215627909,
        7.800000000000011
      ],
      [
        0.04375353455543518,
        51.491285283118486,
        8.399999999999977
      ],
      [
        0.0437732320278883,
        51.49128050543368,
        17.799999999999955
      ],
      [
        0.04378362558782101,
        51.491262735798955,
        20
      ],
      [
        0.04376501776278019,
        51.4911843650043,
        20.600000000000023
      ],
      [
        0.043782200664281845,
        51.491018403321505,
        21.399999999999977
      ],
      [
        0.04377356730401516,
        51.490991581231356,
        22.200000000000045
      ],
      [
        0.043769292533397675,
        51.49096434004605,
        22.600000000000023
      ],
      [
        0.043746912851929665,
        51.490906001999974,
        23.600000000000023
      ],
      [
        0.043729646131396294,
        51.49084900505841,
        25.200000000000045
      ],
      [
        0.04370148293673992,
        51.49079326540232,
        23.600000000000023
      ],
      [
        0.043576089665293694,
        51.490664603188634,
        19.600000000000023
      ],
      [
        0.04352848045527935,
        51.49063669145107,
        18
      ],
      [
        0.04331490956246853,
        51.49050886742771,
        15
      ],
      [
        0.042919786646962166,
        51.490243496373296,
        11
      ],
      [
        0.042799171060323715,
        51.490194546058774,
        10.399999999999977
      ],
      [
        0.04274703562259674,
        51.49013922549784,
        10.800000000000011
      ],
      [
        0.042709652334451675,
        51.490079211071134,
        12.399999999999977
      ],
      [
        0.042683668434619904,
        51.48995247669518,
        9.600000000000023
      ],
      [
        0.04270303063094616,
        51.4898927975446,
        8
      ],
      [
        0.04271744750440121,
        51.48986890912056,
        7.399999999999977
      ],
      [
        0.04273781552910805,
        51.48984585888684,
        7.600000000000023
      ],
      [
        0.04277871921658516,
        51.48979908786714,
        6.399999999999977
      ],
      [
        0.042795902118086815,
        51.48977813310921,
        5.600000000000023
      ],
      [
        0.04281476140022278,
        51.48973245173693,
        4.600000000000023
      ],
      [
        0.04285331815481186,
        51.48970680311322,
        4.600000000000023
      ],
      [
        0.04300268366932869,
        51.48959222249687,
        7.399999999999977
      ],
      [
        0.043229665607213974,
        51.489404970780015,
        9.600000000000023
      ],
      [
        0.04324391484260559,
        51.4893763884902,
        9
      ],
      [
        0.04330761730670929,
        51.48931352421641,
        10.600000000000023
      ],
      [
        0.04336821846663952,
        51.48924596607685,
        12.200000000000045
      ],
      [
        0.04336763173341751,
        51.48923221975565,
        11
      ],
      [
        0.043423622846603394,
        51.48918000049889,
        11.399999999999977
      ],
      [
        0.04344566725194454,
        51.4891451317817,
        11.800000000000011
      ],
      [
        0.04354080185294151,
        51.48904178291559,
        12.600000000000023
      ],
      [
        0.04360240884125233,
        51.48896978236735,
        11.600000000000023
      ],
      [
        0.04373693838715553,
        51.48886098526418,
        13
      ],
      [
        0.04380759783089161,
        51.48883298970759,
        13.600000000000023
      ],
      [
        0.04390038549900055,
        51.48880625143647,
        13.600000000000023
      ],
      [
        0.04392980597913265,
        51.48881061002612,
        13.399999999999977
      ],
      [
        0.0440111942589283,
        51.488810274749994,
        13.399999999999977
      ],
      [
        0.04408981651067734,
        51.48882896639407,
        14
      ],
      [
        0.04426625557243824,
        51.48884858004749,
        15.200000000000045
      ],
      [
        0.044364240020513535,
        51.48874246515334,
        17.200000000000045
      ],
      [
        0.04436247982084751,
        51.48873324505985,
        17
      ],
      [
        0.044349320232868195,
        51.48867817595601,
        18.399999999999977
      ],
      [
        0.04434797912836075,
        51.48867390118539,
        18.600000000000023
      ],
      [
        0.04434940405189991,
        51.488664932549,
        18.799999999999955
      ],
      [
        0.04434973932802677,
        51.48865696974099,
        19.600000000000023
      ],
      [
        0.044338423758745193,
        51.48864489980042,
        21.200000000000045
      ],
      [
        0.04433062858879566,
        51.488640289753675,
        22.200000000000045
      ],
      [
        0.044306572526693344,
        51.48862738162279,
        23.200000000000045
      ],
      [
        0.04428159445524216,
        51.488613886758685,
        23.600000000000023
      ],
      [
        0.044250497594475746,
        51.48859946988523,
        23.799999999999955
      ],
      [
        0.04423909820616245,
        51.48859762586653,
        23.799999999999955
      ],
      [
        0.0442295428365469,
        51.48859469220042,
        23.799999999999955
      ],
      [
        0.0441625714302063,
        51.48856233805418,
        23.200000000000045
      ],
      [
        0.04410892724990845,
        51.48853316903114,
        21.399999999999977
      ],
      [
        0.04403851926326752,
        51.48848061449826,
        30
      ],
      [
        0.04404975101351738,
        51.488457564264536,
        32.200000000000045
      ],
      [
        0.044094426557421684,
        51.48841816931963,
        36.39999999999998
      ],
      [
        0.04411119036376476,
        51.48840492591262,
        37.200000000000045
      ],
      [
        0.04411119036376476,
        51.48840492591262,
        37.200000000000045
      ],
      [
        0.04411395639181137,
        51.48840207606554,
        37.39999999999998
      ],
      [
        0.04411445930600166,
        51.488397466018796,
        37.799999999999955
      ],
      [
        0.044112615287303925,
        51.48839763365686,
        37.799999999999955
      ],
      [
        0.044113872572779655,
        51.48839386180043,
        37.60000000000002
      ],
      [
        0.044119153171777725,
        51.48838019929826,
        37
      ],
      [
        0.04411865025758743,
        51.48836393840611,
        35
      ],
      [
        0.04412778653204441,
        51.488265451043844,
        30.200000000000045
      ],
      [
        0.044111525639891624,
        51.48818414658308,
        28.200000000000045
      ],
      [
        0.04410264082252979,
        51.48813670501113,
        28.600000000000023
      ],
      [
        0.04409710876643658,
        51.488109547644854,
        29.600000000000023
      ],
      [
        0.044078584760427475,
        51.48801248520613,
        31
      ],
      [
        0.044079674407839775,
        51.48799882270396,
        31
      ],
      [
        0.0440661795437336,
        51.48791131563485,
        31.399999999999977
      ],
      [
        0.04405343905091286,
        51.48781668394804,
        29.200000000000045
      ],
      [
        0.04405176267027855,
        51.48780050687492,
        29
      ],
      [
        0.044059641659259796,
        51.487645441666245,
        25.600000000000023
      ],
      [
        0.044059138745069504,
        51.48760504089296,
        25
      ],
      [
        0.04406332969665527,
        51.48753262124956,
        24.200000000000045
      ],
      [
        0.04408353008329868,
        51.4874716848135,
        23
      ],
      [
        0.04407363943755627,
        51.48714420385659,
        22.600000000000023
      ],
      [
        0.044088223949074745,
        51.487118136137724,
        22.200000000000045
      ],
      [
        0.04421990364789963,
        51.48677255026996,
        21.799999999999955
      ],
      [
        0.04419651813805103,
        51.48655797354877,
        20.799999999999955
      ],
      [
        0.04420531913638115,
        51.48653500713408,
        21
      ],
      [
        0.044088391587138176,
        51.4861090388149,
        17.399999999999977
      ],
      [
        0.04405025392770767,
        51.48606184870005,
        19.799999999999955
      ],
      [
        0.0438222661614418,
        51.485882978886366,
        22.399999999999977
      ],
      [
        0.043770717456936836,
        51.485808631405234,
        22.799999999999955
      ],
      [
        0.04385378211736679,
        51.485351817682385,
        22.600000000000023
      ],
      [
        0.043954867869615555,
        51.48516649380326,
        25.799999999999955
      ],
      [
        0.04412837326526642,
        51.48492643609643,
        26.799999999999955
      ],
      [
        0.04419400356709957,
        51.48478964343667,
        29.399999999999977
      ],
      [
        0.04428084008395672,
        51.484454870224,
        26.200000000000045
      ],
      [
        0.044301459565758705,
        51.484403405338526,
        26.200000000000045
      ],
      [
        0.044324006885290146,
        51.484344229102135,
        25
      ],
      [
        0.04433297552168369,
        51.484237695112824,
        26.399999999999977
      ],
      [
        0.044336412101984024,
        51.48423350416124,
        26.399999999999977
      ],
      [
        0.04438561387360096,
        51.48415060713887,
        24
      ],
      [
        0.04437848925590515,
        51.48409084416926,
        22.799999999999955
      ],
      [
        0.04438703879714012,
        51.483726566657424,
        22.399999999999977
      ],
      [
        0.04439324140548706,
        51.483712904155254,
        22.600000000000023
      ],
      [
        0.044404976069927216,
        51.483650458976626,
        25.200000000000045
      ],
      [
        0.044401539489626884,
        51.48359606042504,
        29.799999999999955
      ],
      [
        0.04440221004188061,
        51.4835877623409,
        30.600000000000023
      ],
      [
        0.044420650228857994,
        51.483519449830055,
        39.39999999999998
      ],
      [
        0.044444287195801735,
        51.483428003266454,
        43.39999999999998
      ],
      [
        0.044453926384449005,
        51.483371844515204,
        41
      ],
      [
        0.04446473903954029,
        51.48319875821471,
        37.39999999999998
      ],
      [
        0.044573284685611725,
        51.48298108018935,
        35.799999999999955
      ],
      [
        0.04464629106223583,
        51.48288561031222,
        35.799999999999955
      ],
      [
        0.04466380923986435,
        51.48287085816264,
        36.60000000000002
      ],
      [
        0.044674454256892204,
        51.48286155425012,
        36.799999999999955
      ],
      [
        0.0446825847029686,
        51.482853507623076,
        37
      ],
      [
        0.044703204184770584,
        51.48283858783543,
        36.799999999999955
      ],
      [
        0.04474787972867489,
        51.48279307410121,
        36.200000000000045
      ],
      [
        0.04480009898543358,
        51.48274127393961,
        35.200000000000045
      ],
      [
        0.04487025551497936,
        51.482676565647125,
        34.200000000000045
      ],
      [
        0.04502096213400364,
        51.482626190409064,
        37.200000000000045
      ],
      [
        0.04520377144217491,
        51.48254404775798,
        40.799999999999955
      ],
      [
        0.045353472232818604,
        51.482468359172344,
        44.200000000000045
      ],
      [
        0.04549487493932247,
        51.48240859620273,
        43.60000000000002
      ],
      [
        0.04561683163046837,
        51.482334583997726,
        44.200000000000045
      ],
      [
        0.04564792849123478,
        51.48231480270624,
        43.799999999999955
      ],
      [
        0.045692017301917076,
        51.482256297022104,
        41.60000000000002
      ],
      [
        0.04559637978672981,
        51.48219267837703,
        39.799999999999955
      ],
      [
        0.045412229374051094,
        51.482127886265516,
        36.799999999999955
      ],
      [
        0.045375097543001175,
        51.48207642138004,
        37
      ],
      [
        0.045351292937994,
        51.48206175304949,
        37
      ],
      [
        0.04516680724918842,
        51.48203912191093,
        36.60000000000002
      ],
      [
        0.04504183307290077,
        51.48203484714031,
        35.39999999999998
      ],
      [
        0.04503026604652405,
        51.481998385861516,
        36.39999999999998
      ],
      [
        0.045035043731331825,
        51.48197608999908,
        37
      ],
      [
        0.045049963518977165,
        51.48194935172796,
        37.200000000000045
      ],
      [
        0.045054489746689796,
        51.48190920241177,
        37.200000000000045
      ],
      [
        0.045136213302612305,
        51.48161784745753,
        34.60000000000002
      ],
      [
        0.04514811560511589,
        51.48154308088124,
        33.60000000000002
      ],
      [
        0.04516764543950558,
        51.48140888661146,
        32.200000000000045
      ],
      [
        0.04511408507823944,
        51.481328420341015,
        34.200000000000045
      ],
      [
        0.04482105374336243,
        51.481310818344355,
        37.200000000000045
      ],
      [
        0.044611506164073944,
        51.4812789671123,
        41.39999999999998
      ],
      [
        0.044107586145401,
        51.48121660575271,
        41.799999999999955
      ],
      [
        0.04398495890200138,
        51.48120570927858,
        42
      ],
      [
        0.04392435774207115,
        51.481196237728,
        43
      ],
      [
        0.0437345914542675,
        51.481189113110304,
        43.39999999999998
      ],
      [
        0.043419767171144485,
        51.48116011172533,
        44.60000000000002
      ],
      [
        0.04336872138082981,
        51.48115030489862,
        44.799999999999955
      ],
      [
        0.04328523762524128,
        51.481149131432176,
        44.200000000000045
      ],
      [
        0.04273069091141224,
        51.48108685389161,
        42.60000000000002
      ],
      [
        0.042692553251981735,
        51.48107989691198,
        42
      ],
      [
        0.04221218638122082,
        51.48102859966457,
        45.200000000000045
      ],
      [
        0.04147223196923733,
        51.48098182864487,
        42.799999999999955
      ],
      [
        0.04132429137825966,
        51.48095383308828,
        42
      ],
      [
        0.04097074270248413,
        51.48091485723853,
        44
      ],
      [
        0.04091743379831314,
        51.48084872402251,
        45.39999999999998
      ],
      [
        0.040956661105155945,
        51.48063666187227,
        47.200000000000045
      ],
      [
        0.04102111794054508,
        51.480401046574116,
        46.200000000000045
      ],
      [
        0.041092950850725174,
        51.47994624450803,
        40.799999999999955
      ],
      [
        0.04121256060898304,
        51.47950116544962,
        43
      ],
      [
        0.04125254228711128,
        51.479407120496035,
        45.200000000000045
      ],
      [
        0.04125019535422325,
        51.479379795491695,
        45.39999999999998
      ],
      [
        0.04131440073251724,
        51.479336796328425,
        44.60000000000002
      ],
      [
        0.04135170020163059,
        51.479330928996205,
        44.200000000000045
      ],
      [
        0.041615478694438934,
        51.47930134087801,
        41.60000000000002
      ],
      [
        0.04234042949974537,
        51.47921743802726,
        42.200000000000045
      ],
      [
        0.04306454211473465,
        51.47915625013411,
        42.200000000000045
      ],
      [
        0.04370919428765774,
        51.47906824015081,
        43.200000000000045
      ],
      [
        0.043763257563114166,
        51.47906279191375,
        43.200000000000045
      ],
      [
        0.043808771297335625,
        51.47905549965799,
        43.200000000000045
      ],
      [
        0.04384766332805157,
        51.47905323654413,
        43.200000000000045
      ],
      [
        0.043869875371456146,
        51.47905231453478,
        43.60000000000002
      ],
      [
        0.044197775423526764,
        51.479028007015586,
        45.799999999999955
      ],
      [
        0.04434471018612385,
        51.47902767173946,
        46.200000000000045
      ],
      [
        0.044487034901976585,
        51.47897092625499,
        46.60000000000002
      ],
      [
        0.04497461020946503,
        51.47902674973011,
        46.799999999999955
      ],
      [
        0.044978633522987366,
        51.47903244942427,
        47
      ],
      [
        0.04499053582549095,
        51.4790341258049,
        47.60000000000002
      ],
      [
        0.04506496712565422,
        51.479048961773515,
        48.60000000000002
      ],
      [
        0.04514417611062527,
        51.47906589321792,
        50.200000000000045
      ],
      [
        0.04533427767455578,
        51.47908743470907,
        49.60000000000002
      ],
      [
        0.045445170253515244,
        51.47910604253411,
        50.799999999999955
      ],
      [
        0.04545447416603565,
        51.4791118260473,
        51.200000000000045
      ],
      [
        0.0454667117446661,
        51.47911668755114,
        51.799999999999955
      ],
      [
        0.04555488936603069,
        51.47911920212209,
        52
      ],
      [
        0.04578346386551857,
        51.47913705557585,
        51.200000000000045
      ],
      [
        0.045795366168022156,
        51.479133954271674,
        50.799999999999955
      ],
      [
        0.045744236558675766,
        51.47913663648069,
        50.200000000000045
      ],
      [
        0.04569704644382,
        51.47913680411875,
        50.39999999999998
      ],
      [
        0.04498056136071682,
        51.479037730023265,
        46.60000000000002
      ],
      [
        0.04470588639378548,
        51.47901199758053,
        45.200000000000045
      ],
      [
        0.04431889392435551,
        51.47893941029906,
        46.200000000000045
      ],
      [
        0.04394045099616051,
        51.478819297626615,
        44.200000000000045
      ],
      [
        0.04376426339149475,
        51.47875836119056,
        45.799999999999955
      ],
      [
        0.04371648654341698,
        51.47873195819557,
        45.39999999999998
      ],
      [
        0.04362897947430611,
        51.47867898456752,
        44.799999999999955
      ],
      [
        0.043572988361120224,
        51.478638080880046,
        44.39999999999998
      ],
      [
        0.04354717209935188,
        51.47860790602863,
        44.200000000000045
      ],
      [
        0.04354650154709816,
        51.478592064231634,
        44.200000000000045
      ],
      [
        0.04355018958449364,
        51.47858058102429,
        44.200000000000045
      ],
      [
        0.043578771874308586,
        51.47855560295284,
        44.799999999999955
      ],
      [
        0.043589500710368156,
        51.478540850803256,
        45.60000000000002
      ],
      [
        0.04362579435110092,
        51.4785108435899,
        48.39999999999998
      ],
      [
        0.04385503940284252,
        51.478334069252014,
        54
      ],
      [
        0.04387322813272476,
        51.47830691188574,
        53.200000000000045
      ],
      [
        0.0440814346075058,
        51.478141620755196,
        56.200000000000045
      ],
      [
        0.04416642710566521,
        51.478087389841676,
        57.39999999999998
      ],
      [
        0.04423381760716438,
        51.47801270708442,
        57.799999999999955
      ],
      [
        0.044282013550400734,
        51.47796643897891,
        58
      ],
      [
        0.04456951282918453,
        51.47773182950914,
        59
      ],
      [
        0.0446286890655756,
        51.47769385948777,
        57.39999999999998
      ],
      [
        0.04470203071832657,
        51.477662762627006,
        57.200000000000045
      ],
      [
        0.04506731405854225,
        51.47730326279998,
        51.799999999999955
      ],
      [
        0.04521215334534645,
        51.477160938084126,
        53
      ],
      [
        0.04527979530394077,
        51.477034371346235,
        51.39999999999998
      ],
      [
        0.04484661854803562,
        51.47681660950184,
        46.799999999999955
      ],
      [
        0.04490034654736519,
        51.476767575368285,
        49.200000000000045
      ],
      [
        0.04496396519243717,
        51.47673949599266,
        49.60000000000002
      ],
      [
        0.045171165838837624,
        51.47656054235995,
        53.60000000000002
      ],
      [
        0.045235538855195045,
        51.47650656290352,
        54.60000000000002
      ],
      [
        0.045263953506946564,
        51.476476890966296,
        53.799999999999955
      ],
      [
        0.04533402621746063,
        51.47642735391855,
        52.799999999999955
      ],
      [
        0.045456234365701675,
        51.476284777745605,
        52.39999999999998
      ],
      [
        0.045632170513272285,
        51.476065926253796,
        50.39999999999998
      ],
      [
        0.045656897127628326,
        51.476047318428755,
        50.39999999999998
      ],
      [
        0.04574884660542011,
        51.47593466565013,
        51.200000000000045
      ],
      [
        0.0458506029099226,
        51.47580482997,
        49.60000000000002
      ],
      [
        0.04586275666952133,
        51.475786892697215,
        49.200000000000045
      ],
      [
        0.045874156057834625,
        51.475766357034445,
        48.799999999999955
      ],
      [
        0.045906174927949905,
        51.47571145556867,
        48.39999999999998
      ],
      [
        0.04591640084981918,
        51.47569326683879,
        48.39999999999998
      ],
      [
        0.04600927233695984,
        51.47558053024113,
        50
      ],
      [
        0.046056462451815605,
        51.47553727962077,
        50.60000000000002
      ],
      [
        0.04610717296600342,
        51.47549017332494,
        51.60000000000002
      ],
      [
        0.04622996784746647,
        51.475361259654164,
        53.39999999999998
      ],
      [
        0.046330131590366364,
        51.475272914394736,
        53.799999999999955
      ],
      [
        0.046371202915906906,
        51.47526495158672,
        54.39999999999998
      ],
      [
        0.046818628907203674,
        51.475390093401074,
        53.799999999999955
      ],
      [
        0.04708307795226574,
        51.475422363728285,
        54.200000000000045
      ],
      [
        0.047165220603346825,
        51.47542177699506,
        53.60000000000002
      ],
      [
        0.04719472490251064,
        51.47541859187186,
        53.60000000000002
      ],
      [
        0.047255996614694595,
        51.4753904286772,
        52.799999999999955
      ],
      [
        0.04755556583404541,
        51.475215163081884,
        54.39999999999998
      ],
      [
        0.04771624691784382,
        51.4751020912081,
        54.799999999999955
      ],
      [
        0.047800904139876366,
        51.47504878230393,
        55.799999999999955
      ],
      [
        0.047842394560575485,
        51.47502103820443,
        56.60000000000002
      ],
      [
        0.04786376841366291,
        51.47500645369291,
        57
      ],
      [
        0.0478865671902895,
        51.47499203681946,
        57.799999999999955
      ],
      [
        0.04846055991947651,
        51.47508641704917,
        62.60000000000002
      ],
      [
        0.04868318326771259,
        51.47527978755534,
        58
      ],
      [
        0.04884076304733753,
        51.47541381418705,
        59.39999999999998
      ],
      [
        0.049084173515439034,
        51.4755373634398,
        60.39999999999998
      ],
      [
        0.049271006137132645,
        51.4754337631166,
        57.200000000000045
      ],
      [
        0.049439650028944016,
        51.47543770261109,
        57.39999999999998
      ],
      [
        0.049456581473350525,
        51.47544516250491,
        58.60000000000002
      ],
      [
        0.04956177435815334,
        51.47545681335032,
        59
      ],
      [
        0.04967702552676201,
        51.475466284900904,
        56.799999999999955
      ],
      [
        0.04976796917617321,
        51.47548137232661,
        55.799999999999955
      ],
      [
        0.04983527585864067,
        51.47548656910658,
        55.200000000000045
      ],
      [
        0.04983527585864067,
        51.47548656910658,
        55.200000000000045
      ],
      [
        0.049907779321074486,
        51.47550291381776,
        54.799999999999955
      ],
      [
        0.049951616674661636,
        51.47551154717803,
        54.60000000000002
      ],
      [
        0.04997642710804939,
        51.47551481612027,
        54.39999999999998
      ],
      [
        0.050019845366477966,
        51.47552294656634,
        54.39999999999998
      ],
      [
        0.050094276666641235,
        51.475535770878196,
        54.799999999999955
      ],
      [
        0.05015244707465172,
        51.47554825991392,
        54.39999999999998
      ],
      [
        0.050169043242931366,
        51.47555178031325,
        54.200000000000045
      ],
      [
        0.050299130380153656,
        51.47556519135833,
        55
      ],
      [
        0.05047020502388477,
        51.475579189136624,
        58.200000000000045
      ],
      [
        0.05065536126494408,
        51.475606095045805,
        56.799999999999955
      ],
      [
        0.05076516419649124,
        51.475628139451146,
        55.60000000000002
      ],
      [
        0.05091880448162556,
        51.475664265453815,
        57.200000000000045
      ],
      [
        0.05104880779981613,
        51.4756977930665,
        56.799999999999955
      ],
      [
        0.05108392797410488,
        51.4757046662271,
        56.799999999999955
      ],
      [
        0.05112307146191597,
        51.47571438923478,
        56.200000000000045
      ],
      [
        0.05138961598277092,
        51.47572863847017,
        58
      ],
      [
        0.051518362015485764,
        51.47569385357201,
        59.799999999999955
      ],
      [
        0.05154367536306381,
        51.475678430870175,
        60
      ],
      [
        0.051614586263895035,
        51.47562981583178,
        63.200000000000045
      ],
      [
        0.05168348550796509,
        51.475590420886874,
        63.200000000000045
      ],
      [
        0.05174241028726101,
        51.4755770098418,
        62.60000000000002
      ],
      [
        0.051920944824814796,
        51.4755336754024,
        58
      ],
      [
        0.05195111967623234,
        51.475521521642804,
        58
      ],
      [
        0.05204818211495876,
        51.47549830377102,
        58.39999999999998
      ],
      [
        0.05234263837337494,
        51.47541917860508,
        59.799999999999955
      ],
      [
        0.05247121676802635,
        51.4753991458565,
        59
      ],
      [
        0.0524889025837183,
        51.47539612837136,
        59.39999999999998
      ],
      [
        0.05259627476334572,
        51.4753782749176,
        61
      ],
      [
        0.052686212584376335,
        51.475367713719606,
        60.39999999999998
      ],
      [
        0.053188540041446686,
        51.47532261908054,
        58.60000000000002
      ],
      [
        0.05340102128684521,
        51.47528481669724,
        57.60000000000002
      ],
      [
        0.05344896577298641,
        51.475273836404085,
        57.60000000000002
      ],
      [
        0.05353781394660473,
        51.47526587359607,
        57.39999999999998
      ],
      [
        0.05356145091354847,
        51.475263526663184,
        57.60000000000002
      ],
      [
        0.0536645483225584,
        51.475247936323285,
        57.60000000000002
      ],
      [
        0.054226722568273544,
        51.47520602680743,
        57.799999999999955
      ],
      [
        0.0543206837028265,
        51.47520024329424,
        57.60000000000002
      ],
      [
        0.05439159460365772,
        51.47519596852362,
        57.60000000000002
      ],
      [
        0.05451095290482044,
        51.47518381476402,
        57.39999999999998
      ],
      [
        0.05478370003402233,
        51.47516914643347,
        57.799999999999955
      ],
      [
        0.055007245391607285,
        51.475175181403756,
        57.799999999999955
      ],
      [
        0.055653322488069534,
        51.47515028715134,
        56
      ],
      [
        0.055651478469371796,
        51.47510929964483,
        56.39999999999998
      ],
      [
        0.055493563413619995,
        51.474963119253516,
        56.60000000000002
      ],
      [
        0.055464645847678185,
        51.47492229938507,
        55.60000000000002
      ],
      [
        0.05535551346838474,
        51.47472490556538,
        53.200000000000045
      ],
      [
        0.055364733561873436,
        51.47453924641013,
        55.39999999999998
      ],
      [
        0.05532039329409599,
        51.474106488749385,
        67.79999999999995
      ],
      [
        0.05514085292816162,
        51.47376827895641,
        63.60000000000002
      ],
      [
        0.05502174608409405,
        51.473582619801164,
        60.39999999999998
      ],
      [
        0.05498897284269333,
        51.473124967888,
        65.60000000000002
      ],
      [
        0.05499148741364479,
        51.47310585714877,
        65.79999999999995
      ],
      [
        0.05515250377357006,
        51.47268542088568,
        70.79999999999995
      ],
      [
        0.055078910663723946,
        51.47250353358686,
        62.200000000000045
      ],
      [
        0.05507790483534336,
        51.47236573509872,
        64
      ],
      [
        0.055116042494773865,
        51.47212081588805,
        69.60000000000002
      ],
      [
        0.05513289012014866,
        51.47205971181393,
        71.39999999999998
      ],
      [
        0.05517630837857723,
        51.47191386669874,
        78.79999999999995
      ],
      [
        0.05525107495486736,
        51.47189995273948,
        78.20000000000005
      ],
      [
        0.05528527311980724,
        51.4718899782747,
        78.20000000000005
      ],
      [
        0.0553188007324934,
        51.47185368463397,
        78.39999999999998
      ],
      [
        0.055316369980573654,
        51.47185184061527,
        78.39999999999998
      ],
      [
        0.05530186928808689,
        51.47184597328305,
        79
      ],
      [
        0.05530639551579952,
        51.4718453027308,
        78.60000000000002
      ],
      [
        0.05528921261429787,
        51.47180045954883,
        78.79999999999995
      ],
      [
        0.055295079946517944,
        51.47171529941261,
        78.39999999999998
      ],
      [
        0.05529281683266163,
        51.471697110682726,
        78.39999999999998
      ],
      [
        0.05528636276721954,
        51.47164799273014,
        79
      ],
      [
        0.0552839320152998,
        51.47163609042764,
        78.79999999999995
      ],
      [
        0.055281082168221474,
        51.471623349934816,
        78.39999999999998
      ],
      [
        0.055271945893764496,
        51.4715931750834,
        77.79999999999995
      ],
      [
        0.055261384695768356,
        51.47151849232614,
        77
      ],
      [
        0.055254679173231125,
        51.47148949094117,
        77.20000000000005
      ],
      [
        0.05524981766939163,
        51.471459986642,
        76.20000000000005
      ],
      [
        0.05525409244000912,
        51.471426794305444,
        74.79999999999995
      ],
      [
        0.05525325424969196,
        51.47141145542264,
        74.20000000000005
      ],
      [
        0.05525744520127773,
        51.47139770910144,
        74.20000000000005
      ],
      [
        0.05528602749109268,
        51.47131875157356,
        72.39999999999998
      ],
      [
        0.05531393922865391,
        51.47127809934318,
        73.79999999999995
      ],
      [
        0.055464981123805046,
        51.47117885760963,
        76.79999999999995
      ],
      [
        0.055501190945506096,
        51.471174750477076,
        77.39999999999998
      ],
      [
        0.0555164460092783,
        51.47117609158158,
        77.60000000000002
      ],
      [
        0.05566832609474659,
        51.47110459394753,
        74.60000000000002
      ],
      [
        0.05567637272179127,
        51.47108883596957,
        74.39999999999998
      ],
      [
        0.05574979819357395,
        51.47100920788944,
        74.60000000000002
      ],
      [
        0.055977366864681244,
        51.470948522910476,
        74
      ],
      [
        0.05613846704363823,
        51.470889430493116,
        76.60000000000002
      ],
      [
        0.05617886781692505,
        51.470451978966594,
        74.39999999999998
      ],
      [
        0.056206611916422844,
        51.47045365534723,
        74.39999999999998
      ],
      [
        0.056246425956487656,
        51.47045466117561,
        74.60000000000002
      ],
      [
        0.05626872181892395,
        51.47044250741601,
        74.60000000000002
      ],
      [
        0.05630970932543278,
        51.47035248577595,
        74.60000000000002
      ],
      [
        0.05634910427033901,
        51.47030957043171,
        74.60000000000002
      ],
      [
        0.05638958886265755,
        51.47029783576727,
        74.79999999999995
      ],
      [
        0.05641188472509384,
        51.47029012441635,
        75
      ],
      [
        0.05644314922392368,
        51.47028853185475,
        75.39999999999998
      ],
      [
        0.05645505152642727,
        51.47028568200767,
        76
      ],
      [
        0.05645647644996643,
        51.470285933464766,
        74.79999999999995
      ],
      [
        0.05645362660288811,
        51.470286939293146,
        75
      ],
      [
        0.05645463243126869,
        51.470286436378956,
        75.20000000000005
      ],
      [
        0.05645480006933212,
        51.47028752602637,
        75.20000000000005
      ],
      [
        0.056455135345458984,
        51.470287861302495,
        75.20000000000005
      ],
      [
        0.056454213336110115,
        51.470287861302495,
        75.20000000000005
      ],
      [
        0.05645354278385639,
        51.470287358388305,
        75.20000000000005
      ],
      [
        0.0564541295170784,
        51.47028710693121,
        75.20000000000005
      ],
      [
        0.056454380974173546,
        51.470286939293146,
        75
      ],
      [
        0.0564552191644907,
        51.47028719075024,
        75
      ],
      [
        0.05645597353577614,
        51.470287358388305,
        75
      ],
      [
        0.05645664408802986,
        51.47028727456927,
        75
      ],
      [
        0.05645706318318844,
        51.47028727456927,
        75
      ],
      [
        0.0564573984593153,
        51.47028752602637,
        75
      ],
      [
        0.05645563825964928,
        51.47028819657862,
        75.20000000000005
      ],
      [
        0.05645580589771271,
        51.47028811275959,
        75.39999999999998
      ],
      [
        0.05645672790706158,
        51.470287358388305,
        75.20000000000005
      ],
      [
        0.0564573984593153,
        51.47028702311218,
        75
      ],
      [
        0.056457649916410446,
        51.47028710693121,
        75
      ],
      [
        0.05645790137350559,
        51.47028719075024,
        75
      ],
      [
        0.05645832046866417,
        51.470287358388305,
        75
      ],
      [
        0.056482041254639626,
        51.47029398009181,
        75
      ],
      [
        0.056512635201215744,
        51.47029741667211,
        75
      ],
      [
        0.056632161140441895,
        51.47032423876226,
        75.39999999999998
      ],
      [
        0.05679761990904808,
        51.47032918408513,
        76
      ],
      [
        0.05683626048266888,
        51.47032834589481,
        76
      ],
      [
        0.05683626048266888,
        51.47032834589481,
        76
      ],
      [
        0.056856293231248856,
        51.470325998961926,
        76
      ],
      [
        0.056876493617892265,
        51.47032625041902,
        76
      ],
      [
        0.05689719691872597,
        51.47032524459064,
        76
      ],
      [
        0.05693751387298107,
        51.470320550724864,
        75.79999999999995
      ],
      [
        0.05701378919184208,
        51.470310408622026,
        76.60000000000002
      ],
      [
        0.05742207169532776,
        51.47032180801034,
        78.39999999999998
      ],
      [
        0.05773932673037052,
        51.470368998125196,
        81.79999999999995
      ],
      [
        0.05780261009931564,
        51.470381235703826,
        83
      ],
      [
        0.05831608548760414,
        51.470258021727204,
        91.79999999999995
      ],
      [
        0.05836671218276024,
        51.47025575861335,
        95.20000000000005
      ],
      [
        0.0584285706281662,
        51.47025098092854,
        97.39999999999998
      ],
      [
        0.05856879986822605,
        51.47016791626811,
        98.60000000000002
      ],
      [
        0.05861816927790642,
        51.47014838643372,
        98
      ],
      [
        0.05864272825419903,
        51.47014101035893,
        97
      ],
      [
        0.05867550149559975,
        51.47012114524841,
        96.79999999999995
      ],
      [
        0.05874817259609699,
        51.47007077001035,
        96.79999999999995
      ],
      [
        0.05881539545953274,
        51.46998141892254,
        93.60000000000002
      ],
      [
        0.05884825251996517,
        51.46995099261403,
        94.20000000000005
      ],
      [
        0.05891053006052971,
        51.469928193837404,
        95.39999999999998
      ],
      [
        0.05892930552363396,
        51.46991914138198,
        95.79999999999995
      ],
      [
        0.05921512842178345,
        51.46975150331855,
        97.20000000000005
      ],
      [
        0.05924706347286701,
        51.46972669288516,
        97
      ],
      [
        0.05926022306084633,
        51.469718562439084,
        97.39999999999998
      ],
      [
        0.059273550286889076,
        51.46971202455461,
        97.60000000000002
      ],
      [
        0.059287212789058685,
        51.46970959380269,
        97.60000000000002
      ],
      [
        0.05947966128587723,
        51.46959719248116,
        101.79999999999995
      ],
      [
        0.05953280255198479,
        51.469572968780994,
        102
      ],
      [
        0.0596908014267683,
        51.46945830434561,
        102.60000000000002
      ],
      [
        0.05976129323244095,
        51.46938605234027,
        103
      ],
      [
        0.05984737537801266,
        51.46920332685113,
        104.39999999999998
      ],
      [
        0.05997628904879093,
        51.46909344010055,
        103.60000000000002
      ],
      [
        0.05999380722641945,
        51.46906636655331,
        104.20000000000005
      ],
      [
        0.06001920439302921,
        51.469051698222756,
        104.39999999999998
      ],
      [
        0.06003906950354576,
        51.469034515321255,
        104.79999999999995
      ],
      [
        0.06013043224811554,
        51.468918174505234,
        102.79999999999995
      ],
      [
        0.06014627404510975,
        51.46890870295465,
        102.79999999999995
      ],
      [
        0.06015658378601074,
        51.46889613009989,
        102.20000000000005
      ],
      [
        0.06016882136464119,
        51.468887496739626,
        102
      ],
      [
        0.060218023136258125,
        51.46885732188821,
        102
      ],
      [
        0.06030377000570297,
        51.4687626902014,
        103
      ],
      [
        0.06055195815861225,
        51.468635285273194,
        109.60000000000002
      ],
      [
        0.06061004474759102,
        51.468607038259506,
        110.60000000000002
      ],
      [
        0.06075681187212467,
        51.46854409016669,
        112.60000000000002
      ],
      [
        0.06079067476093769,
        51.468532690778375,
        112.60000000000002
      ],
      [
        0.06085840053856373,
        51.46845968440175,
        114.79999999999995
      ],
      [
        0.06085907109081745,
        51.46840310655534,
        115.39999999999998
      ],
      [
        0.06087256595492363,
        51.46837024949491,
        114.60000000000002
      ],
      [
        0.060873571783304214,
        51.468361616134644,
        114.39999999999998
      ],
      [
        0.060874493792653084,
        51.46835256367922,
        114
      ],
      [
        0.06087692454457283,
        51.46830243989825,
        114
      ],
      [
        0.06087801419198513,
        51.468279138207436,
        114.39999999999998
      ],
      [
        0.06087600253522396,
        51.46827452816069,
        114.20000000000005
      ],
      [
        0.06088094785809517,
        51.46827528253198,
        113.79999999999995
      ],
      [
        0.06089452654123306,
        51.46826857700944,
        114.20000000000005
      ],
      [
        0.06089452654123306,
        51.46826857700944,
        114.20000000000005
      ],
      [
        0.060918498784303665,
        51.4682137593627,
        114.79999999999995
      ],
      [
        0.060978177934885025,
        51.468002032488585,
        114.39999999999998
      ],
      [
        0.06098588928580284,
        51.467708833515644,
        119.79999999999995
      ],
      [
        0.06096753291785717,
        51.46766843274236,
        120
      ],
      [
        0.060797715559601784,
        51.46748386323452,
        119
      ],
      [
        0.06072613410651684,
        51.467425022274256,
        119.60000000000002
      ],
      [
        0.060541313141584396,
        51.46721966564655,
        114.60000000000002
      ],
      [
        0.06049982272088528,
        51.467160070315,
        114
      ],
      [
        0.06028340198099613,
        51.466961251571774,
        115.79999999999995
      ],
      [
        0.06027200259268284,
        51.46694767288864,
        115.79999999999995
      ],
      [
        0.0602249801158905,
        51.466848850250244,
        122
      ],
      [
        0.06023319438099861,
        51.46668020635843,
        122.39999999999998
      ],
      [
        0.0601792149245739,
        51.46661792881787,
        120
      ],
      [
        0.0601503811776638,
        51.4665833953768,
        118
      ],
      [
        0.060192374512553215,
        51.46653100848198,
        119.20000000000005
      ],
      [
        0.06030159071087837,
        51.466395473107696,
        120.60000000000002
      ],
      [
        0.060306284576654434,
        51.46629455499351,
        115.20000000000005
      ],
      [
        0.06030125543475151,
        51.466289861127734,
        115.20000000000005
      ],
      [
        0.06029890850186348,
        51.466183830052614,
        109.60000000000002
      ],
      [
        0.060287341475486755,
        51.46614259108901,
        107.39999999999998
      ],
      [
        0.06015314720571041,
        51.466042175889015,
        102.60000000000002
      ],
      [
        0.060112327337265015,
        51.46595383062959,
        96.60000000000002
      ],
      [
        0.06001417525112629,
        51.46584704518318,
        95.39999999999998
      ],
      [
        0.060028089210391045,
        51.465868167579174,
        96.60000000000002
      ],
      [
        0.060098832473158836,
        51.46599892526865,
        98.60000000000002
      ],
      [
        0.060102855786681175,
        51.46597445011139,
        98.39999999999998
      ],
      [
        0.06006857380270958,
        51.4659187104553,
        99
      ],
      [
        0.05999657325446606,
        51.46580538712442,
        100
      ],
      [
        0.059974025934934616,
        51.465736739337444,
        98.39999999999998
      ],
      [
        0.059909066185355186,
        51.465579494833946,
        97.39999999999998
      ],
      [
        0.05989867262542248,
        51.465436331927776,
        96.60000000000002
      ],
      [
        0.05992650054395199,
        51.46527824923396,
        90
      ],
      [
        0.059921806678175926,
        51.46524740383029,
        91.20000000000005
      ],
      [
        0.05987520329654217,
        51.465194346383214,
        94.79999999999995
      ],
      [
        0.05987478420138359,
        51.46519426256418,
        95
      ],
      [
        0.05987478420138359,
        51.46519426256418,
        94.79999999999995
      ],
      [
        0.05987335927784443,
        51.46519258618355,
        94.60000000000002
      ],
      [
        0.059873191639781,
        51.46519267000258,
        94.60000000000002
      ],
      [
        0.05987260490655899,
        51.46519225090742,
        94.60000000000002
      ],
      [
        0.05988576449453831,
        51.46518571302295,
        96.39999999999998
      ],
      [
        0.059891464188694954,
        51.465167943388224,
        101.39999999999998
      ],
      [
        0.05989372730255127,
        51.46517029032111,
        101
      ],
      [
        0.05989339202642441,
        51.46517003886402,
        101
      ],
      [
        0.05989154800772667,
        51.46517171524465,
        100.79999999999995
      ],
      [
        0.05988861434161663,
        51.46517473272979,
        101.20000000000005
      ],
      [
        0.059887440875172615,
        51.46517523564398,
        101.39999999999998
      ],
      [
        0.05988752469420433,
        51.46517456509173,
        101.20000000000005
      ],
      [
        0.05988769233226776,
        51.465175403282046,
        101.39999999999998
      ],
      [
        0.059886183589696884,
        51.46517741493881,
        101.20000000000005
      ],
      [
        0.059877969324588776,
        51.465182611718774,
        99.39999999999998
      ],
      [
        0.059877047315239906,
        51.4651845395565,
        99
      ],
      [
        0.05987847223877907,
        51.46518227644265,
        100.79999999999995
      ],
      [
        0.05987880751490593,
        51.46518177352846,
        100.60000000000002
      ],
      [
        0.059879813343286514,
        51.465181270614266,
        100.60000000000002
      ],
      [
        0.05990093573927879,
        51.465184120461345,
        99.60000000000002
      ],
      [
        0.05989632569253445,
        51.46519015543163,
        97.20000000000005
      ],
      [
        0.059895990416407585,
        51.46519107744098,
        97.20000000000005
      ],
      [
        0.0598960742354393,
        51.46519367583096,
        97.20000000000005
      ],
      [
        0.059891631826758385,
        51.46519132889807,
        97.20000000000005
      ],
      [
        0.05989649333059788,
        51.46519820205867,
        95.39999999999998
      ],
      [
        0.05989666096866131,
        51.465198285877705,
        95.20000000000005
      ],
      [
        0.059895068407058716,
        51.465197782963514,
        96.60000000000002
      ],
      [
        0.059895822778344154,
        51.465196860954165,
        96.60000000000002
      ],
      [
        0.05989733152091503,
        51.46519660949707,
        96.79999999999995
      ],
      [
        0.05989649333059788,
        51.46519644185901,
        96.79999999999995
      ],
      [
        0.059897247701883316,
        51.46519610658288,
        96.79999999999995
      ],
      [
        0.059898337349295616,
        51.465197280049324,
        96.39999999999998
      ],
      [
        0.059895990416407585,
        51.465203147381544,
        94.79999999999995
      ],
      [
        0.05989557132124901,
        51.46520297974348,
        94.79999999999995
      ],
      [
        0.05988484248518944,
        51.46520993672311,
        94.79999999999995
      ],
      [
        0.05988333374261856,
        51.46520926617086,
        95
      ],
      [
        0.059885093942284584,
        51.465208511799574,
        93.20000000000005
      ],
      [
        0.059886518865823746,
        51.465208511799574,
        93
      ],
      [
        0.05988677032291889,
        51.465208092704415,
        93
      ],
      [
        0.05989213474094868,
        51.46520599722862,
        92.79999999999995
      ],
      [
        0.059896158054471016,
        51.4652106910944,
        92.20000000000005
      ],
      [
        0.059894984588027,
        51.46521119400859,
        92.39999999999998
      ],
      [
        0.05990026518702507,
        51.46520683541894,
        95.60000000000002
      ],
      [
        0.059890374541282654,
        51.46520650014281,
        96
      ],
      [
        0.05989230237901211,
        51.46520448848605,
        96
      ],
      [
        0.05988006480038166,
        51.46521027199924,
        96.39999999999998
      ],
      [
        0.059879980981349945,
        51.46521119400859,
        96.79999999999995
      ],
      [
        0.05988098680973053,
        51.46521161310375,
        97
      ],
      [
        0.05987805314362049,
        51.46521085873246,
        97.20000000000005
      ],
      [
        0.059875454753637314,
        51.46520893089473,
        97.60000000000002
      ],
      [
        0.05986841395497322,
        51.46520641632378,
        98.39999999999998
      ],
      [
        0.05987528711557388,
        51.465205661952496,
        99.20000000000005
      ],
      [
        0.059876879677176476,
        51.465205661952496,
        99.20000000000005
      ],
      [
        0.059877047315239906,
        51.465205661952496,
        99.20000000000005
      ],
      [
        0.05987637676298618,
        51.465205159038305,
        99.20000000000005
      ],
      [
        0.059875622391700745,
        51.46520549431443,
        99.20000000000005
      ],
      [
        0.05987394601106644,
        51.4652072545141,
        99.39999999999998
      ],
      [
        0.05989263765513897,
        51.46520641632378,
        96.60000000000002
      ],
      [
        0.059888698160648346,
        51.465209601446986,
        96.79999999999995
      ],
      [
        0.05987243726849556,
        51.46519845351577,
        98.60000000000002
      ],
      [
        0.059869587421417236,
        51.465198788791895,
        98.60000000000002
      ],
      [
        0.059865061193704605,
        51.46520180627704,
        98.20000000000005
      ],
      [
        0.05986346863210201,
        51.46520256064832,
        98.60000000000002
      ],
      [
        0.05986573174595833,
        51.465201219543815,
        99
      ],
      [
        0.059860702604055405,
        51.46519945934415,
        99
      ],
      [
        0.05986078642308712,
        51.465199794620275,
        99.20000000000005
      ],
      [
        0.05985223688185215,
        51.465196860954165,
        99
      ],
      [
        0.05984167568385601,
        51.465193424373865,
        98.79999999999995
      ],
      [
        0.059842346236109734,
        51.46519602276385,
        99
      ],
      [
        0.059845615178346634,
        51.465202644467354,
        98.79999999999995
      ],
      [
        0.05984636954963207,
        51.465202728286386,
        98.79999999999995
      ],
      [
        0.05984603427350521,
        51.465203734114766,
        98.79999999999995
      ],
      [
        0.05984620191156864,
        51.465203734114766,
        98.79999999999995
      ],
      [
        0.059845615178346634,
        51.465203147381544,
        98.79999999999995
      ],
      [
        0.059845028445124626,
        51.4652072545141,
        99
      ],
      [
        0.05984477698802948,
        51.46521320566535,
        99
      ],
      [
        0.05985626019537449,
        51.46521823480725,
        100.79999999999995
      ],
      [
        0.05985165014863014,
        51.465222844854,
        100.79999999999995
      ],
      [
        0.0598579365760088,
        51.46522988565266,
        96.79999999999995
      ],
      [
        0.059857433661818504,
        51.46523013710976,
        96
      ],
      [
        0.0598568469285965,
        51.46523164585233,
        95.60000000000002
      ],
      [
        0.059857601299881935,
        51.46523089148104,
        95.60000000000002
      ],
      [
        0.059857266023755074,
        51.46523089148104,
        95.60000000000002
      ],
      [
        0.05985860712826252,
        51.465231478214264,
        95.39999999999998
      ],
      [
        0.059866150841116905,
        51.465240782126784,
        91.79999999999995
      ],
      [
        0.059869084507226944,
        51.46525997668505,
        83.20000000000005
      ],
      [
        0.05987025797367096,
        51.46526056341827,
        82.60000000000002
      ],
      [
        0.059870341792702675,
        51.46525955758989,
        82
      ],
      [
        0.05986824631690979,
        51.46527707576752,
        77
      ],
      [
        0.059880148619413376,
        51.465274058282375,
        76.39999999999998
      ],
      [
        0.05987520329654217,
        51.465271040797234,
        75.79999999999995
      ],
      [
        0.059877801686525345,
        51.465280931442976,
        78.39999999999998
      ],
      [
        0.059876544401049614,
        51.46528168581426,
        79.79999999999995
      ],
      [
        0.05988442339003086,
        51.46527045406401,
        83.39999999999998
      ],
      [
        0.05990060046315193,
        51.4652622397989,
        86.39999999999998
      ],
      [
        0.059930942952632904,
        51.4652453083545,
        93.60000000000002
      ],
      [
        0.05990495905280113,
        51.46523927338421,
        94.20000000000005
      ],
      [
        0.05990412086248398,
        51.46522535942495,
        96.20000000000005
      ],
      [
        0.05990621633827686,
        51.465225610882044,
        97.20000000000005
      ],
      [
        0.05991040728986263,
        51.46522636525333,
        97.39999999999998
      ],
      [
        0.05991082638502121,
        51.465223263949156,
        98.79999999999995
      ],
      [
        0.059908563271164894,
        51.46522200666368,
        99.60000000000002
      ],
      [
        0.059908563271164894,
        51.465225694701076,
        98.39999999999998
      ],
      [
        0.05991887301206589,
        51.46524463780224,
        99.60000000000002
      ],
      [
        0.059921806678175926,
        51.465246146544814,
        99.79999999999995
      ],
      [
        0.05993664264678955,
        51.46525050513446,
        99.39999999999998
      ],
      [
        0.0599233154207468,
        51.465227622538805,
        97.39999999999998
      ],
      [
        0.05990990437567234,
        51.46522535942495,
        98.60000000000002
      ],
      [
        0.05990990437567234,
        51.46522695198655,
        99.20000000000005
      ],
      [
        0.05988467484712601,
        51.465211445465684,
        103
      ],
      [
        0.05987788550555706,
        51.4652106910944,
        103
      ],
      [
        0.059857601299881935,
        51.465195352211595,
        101.79999999999995
      ],
      [
        0.05984863266348839,
        51.4652088470757,
        96
      ],
      [
        0.05984695628285408,
        51.46521010436118,
        96
      ],
      [
        0.05984678864479065,
        51.46521798335016,
        96.79999999999995
      ],
      [
        0.059843938797712326,
        51.46521706134081,
        96.39999999999998
      ],
      [
        0.05983932875096798,
        51.46522351540625,
        95.79999999999995
      ],
      [
        0.059846704825758934,
        51.4652260299772,
        95.39999999999998
      ],
      [
        0.05984712392091751,
        51.46522745490074,
        95.39999999999998
      ],
      [
        0.05983882583677769,
        51.46521337330341,
        95.60000000000002
      ],
      [
        0.05986154079437256,
        51.465189987793565,
        95.60000000000002
      ],
      [
        0.05986330099403858,
        51.46519057452679,
        95.79999999999995
      ],
      [
        0.05985508672893047,
        51.465190490707755,
        93.39999999999998
      ],
      [
        0.05985550582408905,
        51.46519057452679,
        93.39999999999998
      ],
      [
        0.05985508672893047,
        51.46519015543163,
        93.39999999999998
      ],
      [
        0.0598590262234211,
        51.46519074216485,
        93.60000000000002
      ],
      [
        0.0598568469285965,
        51.46519074216485,
        93.39999999999998
      ],
      [
        0.059871263802051544,
        51.46519468165934,
        93.39999999999998
      ],
      [
        0.05987185053527355,
        51.465196860954165,
        92.79999999999995
      ],
      [
        0.05987880751490593,
        51.4651951007545,
        92.60000000000002
      ],
      [
        0.05986824631690979,
        51.46520147100091,
        92
      ],
      [
        0.059870341792702675,
        51.465201722458005,
        92
      ],
      [
        0.05988132208585739,
        51.465203650295734,
        92
      ],
      [
        0.05991702899336815,
        51.46519845351577,
        91.79999999999995
      ],
      [
        0.05992993712425232,
        51.465196777135134,
        91.20000000000005
      ],
      [
        0.05995592102408409,
        51.465194430202246,
        90.79999999999995
      ],
      [
        0.059984587132930756,
        51.46519267000258,
        90.79999999999995
      ],
      [
        0.05999816581606865,
        51.4651916641742,
        91.20000000000005
      ],
      [
        0.06002557463943958,
        51.46519334055483,
        91.20000000000005
      ],
      [
        0.060066813603043556,
        51.46519627422094,
        91.20000000000005
      ],
      [
        0.06008475087583065,
        51.46520339883864,
        91.20000000000005
      ],
      [
        0.060096150264143944,
        51.465207003057,
        91
      ],
      [
        0.06013026461005211,
        51.465205578133464,
        91
      ],
      [
        0.06016446277499199,
        51.4651969447732,
        90.79999999999995
      ],
      [
        0.060191117227077484,
        51.465183114632964,
        90.79999999999995
      ],
      [
        0.060227494686841965,
        51.465153358876705,
        91
      ],
      [
        0.06028692238032818,
        51.465090829879045,
        90.79999999999995
      ],
      [
        0.06031072698533535,
        51.46507440134883,
        90.60000000000002
      ],
      [
        0.06035691127181053,
        51.46502260118723,
        91.39999999999998
      ],
      [
        0.06035691127181053,
        51.46502260118723,
        91.39999999999998
      ],
      [
        0.060410890728235245,
        51.46498513408005,
        91.39999999999998
      ],
      [
        0.06042078137397766,
        51.46497826091945,
        91.39999999999998
      ],
      [
        0.060429833829402924,
        51.46496954374015,
        91
      ],
      [
        0.06044064648449421,
        51.46496124565601,
        90.39999999999998
      ],
      [
        0.06044701673090458,
        51.46495236083865,
        90
      ],
      [
        0.060568470507860184,
        51.46488295868039,
        85.60000000000002
      ],
      [
        0.06113869138062,
        51.46483560092747,
        89.20000000000005
      ],
      [
        0.06125151179730892,
        51.46498940885067,
        96.20000000000005
      ],
      [
        0.061276573687791824,
        51.46503676660359,
        96.39999999999998
      ],
      [
        0.06150498054921627,
        51.46519459784031,
        90.20000000000005
      ],
      [
        0.061572035774588585,
        51.465229131281376,
        90.60000000000002
      ],
      [
        0.06164688616991043,
        51.46525771357119,
        91.20000000000005
      ],
      [
        0.0616652425378561,
        51.46526316180825,
        91.39999999999998
      ],
      [
        0.061732297763228416,
        51.46529090590775,
        92.60000000000002
      ],
      [
        0.061760712414979935,
        51.465300377458334,
        92
      ],
      [
        0.06216363050043583,
        51.46553800441325,
        94.39999999999998
      ],
      [
        0.06221333518624306,
        51.465556528419256,
        93.20000000000005
      ],
      [
        0.06223169155418873,
        51.46555753424764,
        95
      ],
      [
        0.06235934793949127,
        51.46558712236583,
        97.39999999999998
      ],
      [
        0.06259001791477203,
        51.46567018702626,
        97.60000000000002
      ],
      [
        0.06288313306868076,
        51.46587093360722,
        94.60000000000002
      ],
      [
        0.06297273561358452,
        51.465927846729755,
        95.60000000000002
      ],
      [
        0.0630570575594902,
        51.46595877595246,
        95.60000000000002
      ],
      [
        0.06311514414846897,
        51.465977132320404,
        95.39999999999998
      ],
      [
        0.06351999007165432,
        51.46615122444928,
        94
      ],
      [
        0.06390907801687717,
        51.46625105291605,
        100.79999999999995
      ],
      [
        0.0640170369297266,
        51.46628273651004,
        100.39999999999998
      ],
      [
        0.06419473327696323,
        51.46638776175678,
        102.79999999999995
      ],
      [
        0.06420412100851536,
        51.46640142425895,
        103
      ],
      [
        0.06466621533036232,
        51.466757571324706,
        104
      ],
      [
        0.06488808430731297,
        51.46683384664357,
        105.60000000000002
      ],
      [
        0.065571628510952,
        51.46698832511902,
        103
      ],
      [
        0.06602701731026173,
        51.46686569787562,
        108.20000000000005
      ],
      [
        0.06622994318604469,
        51.46680761128664,
        108
      ],
      [
        0.06639489904046059,
        51.46675187163055,
        107.60000000000002
      ],
      [
        0.06643479689955711,
        51.46673787385225,
        106.79999999999995
      ],
      [
        0.06648609414696693,
        51.4667097106576,
        105.60000000000002
      ],
      [
        0.06678909994661808,
        51.466602087020874,
        101.39999999999998
      ],
      [
        0.06684316322207451,
        51.46658758632839,
        100
      ],
      [
        0.06693586707115173,
        51.46657316945493,
        99.39999999999998
      ],
      [
        0.06705665029585361,
        51.466556154191494,
        98.79999999999995
      ],
      [
        0.06721582263708115,
        51.46656520664692,
        97.60000000000002
      ],
      [
        0.06722982041537762,
        51.46656478755176,
        97.60000000000002
      ],
      [
        0.06726167164742947,
        51.4665730856359,
        97.39999999999998
      ],
      [
        0.06733383983373642,
        51.466584065929055,
        97.79999999999995
      ],
      [
        0.06735043600201607,
        51.466588424518704,
        98.20000000000005
      ],
      [
        0.06736627779901028,
        51.466588424518704,
        98
      ],
      [
        0.0674230232834816,
        51.46659102290869,
        98
      ],
      [
        0.06749209016561508,
        51.4666040148586,
        97.39999999999998
      ],
      [
        0.06752871908247471,
        51.466607032343745,
        97.20000000000005
      ],
      [
        0.06755243986845016,
        51.46659655496478,
        97.20000000000005
      ],
      [
        0.06755881011486053,
        51.46659169346094,
        96.20000000000005
      ],
      [
        0.06756124086678028,
        51.466587921604514,
        95.60000000000002
      ],
      [
        0.06762913428246975,
        51.4665455929935,
        93.20000000000005
      ],
      [
        0.0676315650343895,
        51.46651181392372,
        93.60000000000002
      ],
      [
        0.06763391196727753,
        51.466493122279644,
        93.60000000000002
      ],
      [
        0.06765327416360378,
        51.466450626030564,
        93.79999999999995
      ],
      [
        0.0676561240106821,
        51.46644098684192,
        93.60000000000002
      ],
      [
        0.06766651757061481,
        51.4664195291698,
        93.20000000000005
      ],
      [
        0.0677225086838007,
        51.46633361466229,
        93.20000000000005
      ],
      [
        0.06774170324206352,
        51.46630235016346,
        94
      ],
      [
        0.06774681620299816,
        51.46629757247865,
        94
      ],
      [
        0.06783843040466309,
        51.46616346202791,
        92.39999999999998
      ],
      [
        0.0678733829408884,
        51.46611099131405,
        89.39999999999998
      ],
      [
        0.06791261024773121,
        51.4660809841007,
        88.20000000000005
      ],
      [
        0.06797497160732746,
        51.466034380719066,
        86.39999999999998
      ],
      [
        0.0680617243051529,
        51.465989872813225,
        84.60000000000002
      ],
      [
        0.0682529155164957,
        51.46591083146632,
        86.39999999999998
      ],
      [
        0.06845776923000813,
        51.46586355753243,
        87.20000000000005
      ],
      [
        0.06876949220895767,
        51.465943939983845,
        88.79999999999995
      ],
      [
        0.06884383969008923,
        51.465980149805546,
        89.79999999999995
      ],
      [
        0.06900401785969734,
        51.46608483977616,
        90.79999999999995
      ],
      [
        0.06907358765602112,
        51.46614644676447,
        92
      ],
      [
        0.06908398121595383,
        51.46615616977215,
        92.20000000000005
      ],
      [
        0.06912262178957462,
        51.46618852391839,
        92.39999999999998
      ],
      [
        0.0691780261695385,
        51.4662606921047,
        94.20000000000005
      ],
      [
        0.06918506696820259,
        51.46628005430102,
        94.60000000000002
      ],
      [
        0.06934423930943012,
        51.46640880033374,
        98.60000000000002
      ],
      [
        0.0694944430142641,
        51.46647577174008,
        102.39999999999998
      ],
      [
        0.06965990178287029,
        51.46654316224158,
        103.60000000000002
      ],
      [
        0.06984933279454708,
        51.46659990772605,
        102.20000000000005
      ],
      [
        0.06989451125264168,
        51.466612396761775,
        102.60000000000002
      ],
      [
        0.06992862559854984,
        51.46662957966328,
        103
      ],
      [
        0.06992602720856667,
        51.46665061824024,
        103.60000000000002
      ],
      [
        0.06988629698753357,
        51.466688085347414,
        103.20000000000005
      ],
      [
        0.06981396116316319,
        51.46671918220818,
        104.39999999999998
      ],
      [
        0.06979887373745441,
        51.466704681515694,
        104.60000000000002
      ],
      [
        0.06988554261624813,
        51.466668639332056,
        103.79999999999995
      ],
      [
        0.06992753595113754,
        51.46662916056812,
        104.39999999999998
      ],
      [
        0.06996198557317257,
        51.466650953516364,
        106.79999999999995
      ],
      [
        0.06997363641858101,
        51.46665547974408,
        108
      ],
      [
        0.06997439078986645,
        51.466657407581806,
        108.79999999999995
      ],
      [
        0.06997556425631046,
        51.46666017360985,
        110.39999999999998
      ],
      [
        0.06997405551373959,
        51.46666117943823,
        110.20000000000005
      ],
      [
        0.06997212767601013,
        51.46666017360985,
        109.79999999999995
      ],
      [
        0.06998947821557522,
        51.46665707230568,
        107.39999999999998
      ],
      [
        0.06997380405664444,
        51.46665866486728,
        108
      ],
      [
        0.07002635858952999,
        51.466633854433894,
        108.39999999999998
      ],
      [
        0.07015577517449856,
        51.466645589098334,
        106.20000000000005
      ],
      [
        0.07018276490271091,
        51.46665271371603,
        105.60000000000002
      ],
      [
        0.07026071660220623,
        51.46667702123523,
        103.79999999999995
      ],
      [
        0.07029240019619465,
        51.46669588051736,
        102.79999999999995
      ],
      [
        0.07031788118183613,
        51.46670979447663,
        102
      ],
      [
        0.07033724337816238,
        51.46672496572137,
        101.20000000000005
      ],
      [
        0.07040916010737419,
        51.46677534095943,
        99.39999999999998
      ],
      [
        0.07045509293675423,
        51.46679830737412,
        98.39999999999998
      ],
      [
        0.07051217369735241,
        51.466840049251914,
        97
      ],
      [
        0.07054461166262627,
        51.46684365347028,
        96.39999999999998
      ],
      [
        0.0706841703504324,
        51.466883635148406,
        94.60000000000002
      ],
      [
        0.07077301852405071,
        51.46691171452403,
        92
      ],
      [
        0.07088097743690014,
        51.46690961904824,
        90.79999999999995
      ],
      [
        0.07097317837178707,
        51.4669272210449,
        89.39999999999998
      ],
      [
        0.07111147977411747,
        51.46694691851735,
        86.79999999999995
      ],
      [
        0.0711541436612606,
        51.46695672534406,
        87
      ],
      [
        0.07159620523452759,
        51.46705009974539,
        96.39999999999998
      ],
      [
        0.07183634676039219,
        51.467077508568764,
        96
      ],
      [
        0.07197280414402485,
        51.467064432799816,
        95.60000000000002
      ],
      [
        0.07263782434165478,
        51.46695622242987,
        90.20000000000005
      ],
      [
        0.07272214628756046,
        51.46688246168196,
        87.20000000000005
      ],
      [
        0.0729042012244463,
        51.46676444448531,
        86.39999999999998
      ],
      [
        0.07300914265215397,
        51.46668188273907,
        85.60000000000002
      ],
      [
        0.07308139465749264,
        51.4666404761374,
        82.39999999999998
      ],
      [
        0.0733828917145729,
        51.46642900072038,
        77
      ],
      [
        0.07370073348283768,
        51.46615172736347,
        77.60000000000002
      ],
      [
        0.07410801015794277,
        51.46577806212008,
        79.60000000000002
      ],
      [
        0.07427757605910301,
        51.4655957557261,
        80.60000000000002
      ],
      [
        0.07458837702870369,
        51.46519912406802,
        74.39999999999998
      ],
      [
        0.07469482719898224,
        51.465081525966525,
        77.60000000000002
      ],
      [
        0.07486254908144474,
        51.46486921235919,
        73.60000000000002
      ],
      [
        0.07508299313485622,
        51.464791344478726,
        70
      ],
      [
        0.07512733340263367,
        51.46475521847606,
        68.39999999999998
      ],
      [
        0.07510042749345303,
        51.46465522237122,
        64.60000000000002
      ],
      [
        0.07502054795622826,
        51.46460987627506,
        64
      ],
      [
        0.07471762597560883,
        51.46438071504235,
        60.799999999999955
      ],
      [
        0.07420255802571774,
        51.464059771969914,
        72
      ],
      [
        0.07378136739134789,
        51.46377814002335,
        75.60000000000002
      ],
      [
        0.0738168228417635,
        51.463733883574605,
        74
      ],
      [
        0.07394297048449516,
        51.46363439038396,
        73.79999999999995
      ],
      [
        0.07398823276162148,
        51.46360941231251,
        74
      ],
      [
        0.07420549169182777,
        51.463375724852085,
        72.39999999999998
      ],
      [
        0.07439534179866314,
        51.46316785365343,
        72
      ],
      [
        0.07446130737662315,
        51.46310532465577,
        71.39999999999998
      ],
      [
        0.07471293210983276,
        51.46296601742506,
        74
      ],
      [
        0.07513320073485374,
        51.462815813720226,
        73
      ],
      [
        0.07537677884101868,
        51.4626981317997,
        73
      ],
      [
        0.07545623928308487,
        51.46260232664645,
        73.79999999999995
      ],
      [
        0.07545355707406998,
        51.462570391595364,
        74.60000000000002
      ],
      [
        0.07546495646238327,
        51.46252051927149,
        75.39999999999998
      ],
      [
        0.07552614435553551,
        51.46228490397334,
        70.60000000000002
      ],
      [
        0.07548783905804157,
        51.46222463808954,
        73.60000000000002
      ],
      [
        0.07537895813584328,
        51.46218281239271,
        72.60000000000002
      ],
      [
        0.07530880160629749,
        51.46216990426183,
        71.20000000000005
      ],
      [
        0.0751983281224966,
        51.46214274689555,
        71.20000000000005
      ],
      [
        0.07509313523769379,
        51.4621056150645,
        69.79999999999995
      ],
      [
        0.07505742833018303,
        51.46205523982644,
        69
      ],
      [
        0.0747920572757721,
        51.4619504660368,
        65.79999999999995
      ],
      [
        0.07475106976926327,
        51.4619607757777,
        65
      ],
      [
        0.07468451745808125,
        51.46199807524681,
        62
      ],
      [
        0.07459466345608234,
        51.462044678628445,
        56
      ],
      [
        0.07453255355358124,
        51.46206211298704,
        55
      ],
      [
        0.07449014112353325,
        51.46208122372627,
        55.39999999999998
      ],
      [
        0.0744779035449028,
        51.462084325030446,
        55.39999999999998
      ],
      [
        0.07425092160701752,
        51.46213964559138,
        59.60000000000002
      ],
      [
        0.074168611317873,
        51.46216277964413,
        59.200000000000045
      ],
      [
        0.0740144681185484,
        51.46221256814897,
        59.60000000000002
      ],
      [
        0.07378270849585533,
        51.4622110594064,
        63.200000000000045
      ],
      [
        0.07347852922976017,
        51.46198055706918,
        69.39999999999998
      ],
      [
        0.07329722866415977,
        51.46185969002545,
        69.60000000000002
      ],
      [
        0.07329119369387627,
        51.46182364784181,
        70.20000000000005
      ],
      [
        0.07346545346081257,
        51.4615048840642,
        68.39999999999998
      ],
      [
        0.07354441098868847,
        51.46145769394934,
        70
      ],
      [
        0.07360098883509636,
        51.461378736421466,
        75
      ],
      [
        0.0736485980451107,
        51.46130673587322,
        74.79999999999995
      ],
      [
        0.07329437881708145,
        51.46116432733834,
        70.60000000000002
      ],
      [
        0.07312841713428497,
        51.4610730484128,
        70.20000000000005
      ],
      [
        0.07307259365916252,
        51.461033737286925,
        71.60000000000002
      ],
      [
        0.07292473688721657,
        51.461008759215474,
        71
      ],
      [
        0.07283379323780537,
        51.46099057048559,
        70.39999999999998
      ],
      [
        0.07257839664816856,
        51.46092242561281,
        67.60000000000002
      ],
      [
        0.0722306314855814,
        51.46085671149194,
        64.39999999999998
      ],
      [
        0.0721854530274868,
        51.46085109561682,
        63.200000000000045
      ],
      [
        0.07203290238976479,
        51.460856879130006,
        60.200000000000045
      ],
      [
        0.07199090905487537,
        51.46084623411298,
        60.39999999999998
      ],
      [
        0.07193198427557945,
        51.46081639453769,
        60.39999999999998
      ],
      [
        0.07186886854469776,
        51.46080231294036,
        61
      ],
      [
        0.07167097181081772,
        51.460779681801796,
        64
      ],
      [
        0.07165437564253807,
        51.46078705787659,
        63.60000000000002
      ],
      [
        0.07149478420615196,
        51.460810443386436,
        63.60000000000002
      ],
      [
        0.07102112285792828,
        51.46079351194203,
        61.799999999999955
      ],
      [
        0.07095557637512684,
        51.460771886631846,
        61.799999999999955
      ],
      [
        0.07083211094141006,
        51.460764426738024,
        58.200000000000045
      ],
      [
        0.0705949030816555,
        51.46073115058243,
        62.39999999999998
      ],
      [
        0.07048895582556725,
        51.460714638233185,
        62.39999999999998
      ],
      [
        0.07031972520053387,
        51.460673566907644,
        66.39999999999998
      ],
      [
        0.0701728742569685,
        51.46060190163553,
        65.20000000000005
      ],
      [
        0.0699540227651596,
        51.46055253222585,
        68
      ],
      [
        0.06985293701291084,
        51.46047106012702,
        70
      ],
      [
        0.06938673555850983,
        51.460139974951744,
        63.60000000000002
      ],
      [
        0.06889136508107185,
        51.45994911901653,
        58.39999999999998
      ],
      [
        0.06884886883199215,
        51.45995263941586,
        58.39999999999998
      ],
      [
        0.06878265179693699,
        51.45995196886361,
        57.60000000000002
      ],
      [
        0.06871241144835949,
        51.45995984785259,
        57.200000000000045
      ],
      [
        0.0681646540760994,
        51.45983965136111,
        54.39999999999998
      ],
      [
        0.06805510260164738,
        51.45970202051103,
        56.799999999999955
      ],
      [
        0.06805661134421825,
        51.459644101560116,
        57.799999999999955
      ],
      [
        0.06809852086007595,
        51.459527760744095,
        58
      ],
      [
        0.06821687333285809,
        51.45946347154677,
        57.799999999999955
      ],
      [
        0.06833354942500591,
        51.45944930613041,
        58.39999999999998
      ],
      [
        0.06843262352049351,
        51.4594566822052,
        58.799999999999955
      ],
      [
        0.06844863295555115,
        51.4594566822052,
        59
      ],
      [
        0.06862976588308811,
        51.459405636414886,
        63.799999999999955
      ],
      [
        0.06870293989777565,
        51.45940680988133,
        65
      ],
      [
        0.06882757879793644,
        51.459397338330746,
        65
      ],
      [
        0.06882866844534874,
        51.45939599722624,
        64.79999999999995
      ],
      [
        0.06882824935019016,
        51.45939549431205,
        64.60000000000002
      ],
      [
        0.06882942281663418,
        51.45938728004694,
        64.60000000000002
      ],
      [
        0.06883034482598305,
        51.459384597837925,
        64.79999999999995
      ],
      [
        0.06883109919726849,
        51.459383172914386,
        64.79999999999995
      ],
      [
        0.06883218884468079,
        51.45937889814377,
        65.39999999999998
      ],
      [
        0.06883378140628338,
        51.45937697030604,
        65.79999999999995
      ],
      [
        0.06883487105369568,
        51.459377808496356,
        66
      ],
      [
        0.06883344613015652,
        51.45937931723893,
        66.20000000000005
      ],
      [
        0.06883545778691769,
        51.45937881432474,
        66
      ],
      [
        0.06883855909109116,
        51.45938099361956,
        66
      ],
      [
        0.0688409898430109,
        51.45938141271472,
        65.60000000000002
      ],
      [
        0.06886973977088928,
        51.45937068387866,
        66
      ],
      [
        0.06886781193315983,
        51.459366576746106,
        66.39999999999998
      ],
      [
        0.06886311806738377,
        51.45935861393809,
        67
      ],
      [
        0.06885683164000511,
        51.45932223647833,
        67.79999999999995
      ],
      [
        0.0688540656119585,
        51.45930731669068,
        68.39999999999998
      ],
      [
        0.06884342059493065,
        51.45926859229803,
        69.20000000000005
      ],
      [
        0.06883839145302773,
        51.45917798392475,
        72
      ],
      [
        0.06882187910377979,
        51.45904270000756,
        72
      ],
      [
        0.06879966706037521,
        51.45896692760289,
        70
      ],
      [
        0.06874878890812397,
        51.458693174645305,
        67.20000000000005
      ],
      [
        0.06875650025904179,
        51.458678087219596,
        67.39999999999998
      ],
      [
        0.06875901482999325,
        51.45866450853646,
        67.20000000000005
      ],
      [
        0.06874543614685535,
        51.458632657304406,
        68
      ],
      [
        0.06870293989777565,
        51.4585208427161,
        66
      ],
      [
        0.06869170814752579,
        51.45848513580859,
        68.79999999999995
      ],
      [
        0.0686933845281601,
        51.458470802754164,
        68.60000000000002
      ],
      [
        0.06928439252078533,
        51.458279862999916,
        70
      ],
      [
        0.0696240272372961,
        51.45830601453781,
        70.39999999999998
      ],
      [
        0.06987255066633224,
        51.4583221077919,
        67.20000000000005
      ],
      [
        0.07020154036581516,
        51.458283299580216,
        67.79999999999995
      ],
      [
        0.07024881429970264,
        51.45828656852245,
        68.79999999999995
      ],
      [
        0.07032601162791252,
        51.45831288769841,
        70.60000000000002
      ],
      [
        0.07045190781354904,
        51.458341386169195,
        70.60000000000002
      ],
      [
        0.0706259161233902,
        51.45837767980993,
        70
      ],
      [
        0.070924311876297,
        51.458430318161845,
        66.60000000000002
      ],
      [
        0.07113972678780556,
        51.458455715328455,
        60.60000000000002
      ],
      [
        0.07121709175407887,
        51.458468874916434,
        59.200000000000045
      ],
      [
        0.07137089967727661,
        51.45846979692578,
        57
      ],
      [
        0.07145714946091175,
        51.45848823711276,
        55.799999999999955
      ],
      [
        0.07151766680181026,
        51.458495780825615,
        55.200000000000045
      ],
      [
        0.07158514112234116,
        51.45850483328104,
        54.60000000000002
      ],
      [
        0.07172193378210068,
        51.45854473114014,
        56.60000000000002
      ],
      [
        0.071800472214818,
        51.45855822600424,
        57.200000000000045
      ],
      [
        0.07191002368927002,
        51.45856828428805,
        57.60000000000002
      ],
      [
        0.07196341641247272,
        51.45857180468738,
        58
      ],
      [
        0.07198118604719639,
        51.45857624709606,
        58
      ],
      [
        0.07200188934803009,
        51.4585829526186,
        58.60000000000002
      ],
      [
        0.07210314273834229,
        51.458614552393556,
        60.39999999999998
      ],
      [
        0.07212602533400059,
        51.45861145108938,
        60.39999999999998
      ],
      [
        0.07230095565319061,
        51.458635004237294,
        59
      ],
      [
        0.07270454429090023,
        51.458658473566175,
        55.200000000000045
      ],
      [
        0.07277436554431915,
        51.45869292318821,
        55.799999999999955
      ],
      [
        0.0727887824177742,
        51.45868420600891,
        55.60000000000002
      ],
      [
        0.07278677076101303,
        51.45867012441158,
        55
      ],
      [
        0.07278299890458584,
        51.45867154933512,
        55.39999999999998
      ],
      [
        0.07279498502612114,
        51.45866467617452,
        54.799999999999955
      ],
      [
        0.07278978824615479,
        51.4586450625211,
        54.39999999999998
      ],
      [
        0.07280437275767326,
        51.45861782133579,
        52.60000000000002
      ],
      [
        0.07280956953763962,
        51.458616983145475,
        52
      ],
      [
        0.07280973717570305,
        51.45861706696451,
        52
      ],
      [
        0.07279297336935997,
        51.45863098092377,
        51.60000000000002
      ],
      [
        0.07276657037436962,
        51.45864296704531,
        51
      ],
      [
        0.07287687622010708,
        51.458593513816595,
        75.20000000000005
      ],
      [
        0.07290126755833626,
        51.45855428650975,
        74.20000000000005
      ],
      [
        0.0729172769933939,
        51.45847197622061,
        73.39999999999998
      ],
      [
        0.07292071357369423,
        51.45845931954682,
        72.79999999999995
      ],
      [
        0.0729259941726923,
        51.458450853824615,
        72.79999999999995
      ],
      [
        0.07292859256267548,
        51.45837868563831,
        71.60000000000002
      ],
      [
        0.07293236441910267,
        51.4583585690707,
        72.39999999999998
      ],
      [
        0.07293437607586384,
        51.45834733732045,
        72.20000000000005
      ],
      [
        0.07294376380741596,
        51.45832302980125,
        72
      ],
      [
        0.07294376380741596,
        51.45832302980125,
        72
      ],
      [
        0.07296161726117134,
        51.458260752260685,
        71.39999999999998
      ],
      [
        0.07296497002243996,
        51.458251029253006,
        71.20000000000005
      ],
      [
        0.07300796918570995,
        51.45812722854316,
        69.20000000000005
      ],
      [
        0.07300478406250477,
        51.4580908510834,
        67.60000000000002
      ],
      [
        0.0730093102902174,
        51.45806419663131,
        67.20000000000005
      ],
      [
        0.07303403690457344,
        51.457928912714124,
        63.200000000000045
      ],
      [
        0.07305147126317024,
        51.45789840258658,
        63.799999999999955
      ],
      [
        0.07314694114029408,
        51.45778700709343,
        62.39999999999998
      ],
      [
        0.07313327863812447,
        51.457682149484754,
        65.20000000000005
      ],
      [
        0.07314953953027725,
        51.45753236487508,
        66
      ],
      [
        0.07317233830690384,
        51.45744209177792,
        65.79999999999995
      ],
      [
        0.07333922199904919,
        51.45710304379463,
        66.20000000000005
      ],
      [
        0.07334726862609386,
        51.45708058029413,
        66
      ],
      [
        0.07337828166782856,
        51.45693347789347,
        64.20000000000005
      ],
      [
        0.07338406518101692,
        51.456840354949236,
        61.799999999999955
      ],
      [
        0.07337945513427258,
        51.45683063194156,
        61.799999999999955
      ],
      [
        0.07309581153094769,
        51.456603817641735,
        58
      ],
      [
        0.07275131531059742,
        51.45638136193156,
        49.799999999999955
      ],
      [
        0.07239122875034809,
        51.4561877399683,
        58
      ],
      [
        0.07212099619209766,
        51.456059915944934,
        58.799999999999955
      ],
      [
        0.07202586159110069,
        51.45601565949619,
        58.799999999999955
      ],
      [
        0.07169184274971485,
        51.455886494368315,
        61
      ],
      [
        0.07154608145356178,
        51.455795131623745,
        62.799999999999955
      ],
      [
        0.07135623134672642,
        51.45566730760038,
        64.20000000000005
      ],
      [
        0.07122731767594814,
        51.455586506053805,
        64.60000000000002
      ],
      [
        0.0712080392986536,
        51.45557938143611,
        64.79999999999995
      ],
      [
        0.07096420973539352,
        51.4554744400084,
        65.20000000000005
      ],
      [
        0.07084686309099197,
        51.455420292913914,
        64.79999999999995
      ],
      [
        0.07079891860485077,
        51.45540193654597,
        65.79999999999995
      ],
      [
        0.07065106183290482,
        51.455320632085204,
        67.20000000000005
      ],
      [
        0.070524075999856,
        51.455261539667845,
        68.39999999999998
      ],
      [
        0.07026113569736481,
        51.45512198098004,
        64
      ],
      [
        0.0698722992092371,
        51.45495233125985,
        65
      ],
      [
        0.06984413601458073,
        51.45492953248322,
        64.39999999999998
      ],
      [
        0.06975880824029446,
        51.45488225854933,
        65.79999999999995
      ],
      [
        0.06969057954847813,
        51.454841857776046,
        66.39999999999998
      ],
      [
        0.0696615781635046,
        51.45483129657805,
        66.39999999999998
      ],
      [
        0.06946753710508347,
        51.45473146811128,
        65.60000000000002
      ],
      [
        0.06911306641995907,
        51.454563830047846,
        67.39999999999998
      ],
      [
        0.06892723962664604,
        51.45450683310628,
        62.799999999999955
      ],
      [
        0.06871324963867664,
        51.45441077649593,
        64.79999999999995
      ],
      [
        0.06804144009947777,
        51.454204665496945,
        62.799999999999955
      ],
      [
        0.06780087947845459,
        51.454120092093945,
        62.39999999999998
      ],
      [
        0.06761069409549236,
        51.45402210764587,
        61.39999999999998
      ],
      [
        0.06758010014891624,
        51.45400752313435,
        60.200000000000045
      ],
      [
        0.06717030890285969,
        51.45385212264955,
        63.60000000000002
      ],
      [
        0.0670473463833332,
        51.45380677655339,
        66.60000000000002
      ],
      [
        0.06633656099438667,
        51.45367459394038,
        64.79999999999995
      ],
      [
        0.06615551188588142,
        51.45364198833704,
        65.39999999999998
      ],
      [
        0.06622432731091976,
        51.45319732837379,
        74
      ],
      [
        0.06625089794397354,
        51.45274378359318,
        63
      ],
      [
        0.06638467311859131,
        51.452398197725415,
        57.39999999999998
      ],
      [
        0.0664711743593216,
        51.45207985304296,
        55.60000000000002
      ],
      [
        0.06657158955931664,
        51.4518965408206,
        56.39999999999998
      ],
      [
        0.0666465237736702,
        51.45167022943497,
        58.200000000000045
      ],
      [
        0.06672631949186325,
        51.451492281630635,
        56.200000000000045
      ],
      [
        0.0667320191860199,
        51.4514768589288,
        55.799999999999955
      ],
      [
        0.06675506941974163,
        51.45128290168941,
        52.39999999999998
      ],
      [
        0.06675976328551769,
        51.45126580260694,
        52.39999999999998
      ],
      [
        0.06677895784378052,
        51.451167315244675,
        50.799999999999955
      ],
      [
        0.06677602417767048,
        51.45107821561396,
        48.799999999999955
      ],
      [
        0.06682002916932106,
        51.45088065415621,
        47.39999999999998
      ],
      [
        0.06698213517665863,
        51.45043691620231,
        53.799999999999955
      ],
      [
        0.06710685789585114,
        51.45012150518596,
        53.200000000000045
      ],
      [
        0.06712655536830425,
        51.450084540992975,
        52.39999999999998
      ],
      [
        0.0672384537756443,
        51.44971422851086,
        51.200000000000045
      ],
      [
        0.06725563667714596,
        51.44965781830251,
        51
      ],
      [
        0.06739938631653786,
        51.44936797209084,
        49.39999999999998
      ],
      [
        0.06741464138031006,
        51.449337378144264,
        49.39999999999998
      ],
      [
        0.06744029000401497,
        51.44928398542106,
        49.200000000000045
      ],
      [
        0.06731565110385418,
        51.44885206595063,
        49.799999999999955
      ],
      [
        0.06744758225977421,
        51.44846138544381,
        48.39999999999998
      ],
      [
        0.06771756336092949,
        51.44838033244014,
        43.799999999999955
      ],
      [
        0.06778562441468239,
        51.4483582880348,
        43.200000000000045
      ],
      [
        0.06795166991651058,
        51.4482803363353,
        41
      ],
      [
        0.06813707761466503,
        51.448184279724956,
        40.39999999999998
      ],
      [
        0.06819440983235836,
        51.44814044237137,
        42.200000000000045
      ],
      [
        0.06830111145973206,
        51.44805167801678,
        44.799999999999955
      ],
      [
        0.06871475838124752,
        51.447665356099606,
        42.39999999999998
      ],
      [
        0.06899513304233551,
        51.447398057207465,
        39
      ],
      [
        0.06912211887538433,
        51.44728305749595,
        35.799999999999955
      ],
      [
        0.06963618099689484,
        51.44759410992265,
        39
      ],
      [
        0.06989945657551289,
        51.44773308187723,
        44
      ],
      [
        0.06994899362325668,
        51.44775629974902,
        44.60000000000002
      ],
      [
        0.07044386118650436,
        51.44799057394266,
        42.799999999999955
      ],
      [
        0.07083705626428127,
        51.448057629168034,
        40.39999999999998
      ],
      [
        0.0709766149520874,
        51.44806332886219,
        39.200000000000045
      ],
      [
        0.07111684419214725,
        51.44805704243481,
        38
      ],
      [
        0.07161238230764866,
        51.44826692529023,
        44
      ],
      [
        0.07164465263485909,
        51.448278073221445,
        44
      ],
      [
        0.07171472534537315,
        51.44830229692161,
        44.60000000000002
      ],
      [
        0.07191270589828491,
        51.4484307076782,
        33.60000000000002
      ],
      [
        0.07228427566587925,
        51.44859918393195,
        31.799999999999955
      ],
      [
        0.07256741635501385,
        51.4487243257463,
        33.799999999999955
      ],
      [
        0.07291610352694988,
        51.448909901082516,
        41
      ],
      [
        0.07288341410458088,
        51.44889707677066,
        41.200000000000045
      ],
      [
        0.07264888845384121,
        51.44876782782376,
        42.39999999999998
      ],
      [
        0.07249105721712112,
        51.448704125359654,
        42.200000000000045
      ],
      [
        0.07248720154166222,
        51.44870328716934,
        42.799999999999955
      ],
      [
        0.07250404916703701,
        51.44866079092026,
        44.200000000000045
      ],
      [
        0.0724876206368208,
        51.448662634938955,
        43
      ],
      [
        0.0724195595830679,
        51.44866288639605,
        43.799999999999955
      ],
      [
        0.07233238779008389,
        51.44863313063979,
        43.60000000000002
      ],
      [
        0.07229391485452652,
        51.448614690452814,
        43.799999999999955
      ],
      [
        0.07208612747490406,
        51.44852114841342,
        43.200000000000045
      ],
      [
        0.07203047163784504,
        51.448493069037795,
        43.200000000000045
      ],
      [
        0.07201479747891426,
        51.44848703406751,
        43.200000000000045
      ],
      [
        0.07186928763985634,
        51.44844428636134,
        43.60000000000002
      ],
      [
        0.07127928547561169,
        51.4481370896101,
        44.60000000000002
      ],
      [
        0.07056506350636482,
        51.448007840663195,
        44.200000000000045
      ],
      [
        0.07052432745695114,
        51.448002476245165,
        44.200000000000045
      ],
      [
        0.07037311792373657,
        51.44797883927822,
        42.799999999999955
      ],
      [
        0.0703035481274128,
        51.44794078543782,
        43
      ],
      [
        0.07016885094344616,
        51.44784816540778,
        42.799999999999955
      ],
      [
        0.07015099748969078,
        51.44783936440945,
        42.799999999999955
      ],
      [
        0.07013331167399883,
        51.44783081486821,
        42.60000000000002
      ],
      [
        0.06961656734347343,
        51.447520265355706,
        42
      ],
      [
        0.06942001171410084,
        51.44742093980312,
        43.39999999999998
      ],
      [
        0.06926880218088627,
        51.447337456047535,
        42.200000000000045
      ],
      [
        0.06908775307238102,
        51.44727903418243,
        42.799999999999955
      ],
      [
        0.0690004974603653,
        51.4473529625684,
        43.60000000000002
      ],
      [
        0.06897543556988239,
        51.447376599535346,
        42.60000000000002
      ],
      [
        0.06897149607539177,
        51.4473807066679,
        41.39999999999998
      ],
      [
        0.0689553190022707,
        51.447395123541355,
        41.200000000000045
      ],
      [
        0.06891399621963501,
        51.44740794785321,
        39.799999999999955
      ],
      [
        0.06857075728476048,
        51.44732991233468,
        39
      ],
      [
        0.06839532405138016,
        51.44728012382984,
        37.60000000000002
      ],
      [
        0.06837772205471992,
        51.447273502126336,
        37.60000000000002
      ],
      [
        0.06836045533418655,
        51.4472649525851,
        37.39999999999998
      ],
      [
        0.06821905262768269,
        51.44720376469195,
        36
      ],
      [
        0.0681211519986391,
        51.44714970141649,
        36.200000000000045
      ],
      [
        0.0676555372774601,
        51.44689028151333,
        39.799999999999955
      ],
      [
        0.06712068803608418,
        51.44675172865391,
        44.200000000000045
      ],
      [
        0.06686981767416,
        51.44672742113471,
        46.60000000000002
      ],
      [
        0.0668251421302557,
        51.44670931622386,
        47.200000000000045
      ],
      [
        0.06670670583844185,
        51.44666916690767,
        48.200000000000045
      ],
      [
        0.06648927927017212,
        51.4466293528676,
        46.39999999999998
      ],
      [
        0.06610262207686901,
        51.44656523130834,
        44.39999999999998
      ],
      [
        0.06602274253964424,
        51.44655207172036,
        44
      ],
      [
        0.0659380853176117,
        51.44653547555208,
        42.799999999999955
      ],
      [
        0.06585191935300827,
        51.446527764201164,
        43.39999999999998
      ],
      [
        0.06541656330227852,
        51.44658660516143,
        42.200000000000045
      ],
      [
        0.06495312787592411,
        51.44671191461384,
        44.200000000000045
      ],
      [
        0.06450352258980274,
        51.44702791236341,
        46
      ],
      [
        0.06443529389798641,
        51.447217259556055,
        44.799999999999955
      ],
      [
        0.06440134719014168,
        51.44726084545255,
        44.60000000000002
      ],
      [
        0.06429975852370262,
        51.44730627536774,
        40.60000000000002
      ],
      [
        0.06423488259315491,
        51.44734567031264,
        40.60000000000002
      ],
      [
        0.06420973688364029,
        51.44735430367291,
        40.39999999999998
      ],
      [
        0.064188027754426,
        51.447362937033176,
        40.60000000000002
      ],
      [
        0.06416900083422661,
        51.447374084964395,
        40.799999999999955
      ],
      [
        0.06413094699382782,
        51.44739621318877,
        41.200000000000045
      ],
      [
        0.06413094699382782,
        51.44739621318877,
        41.200000000000045
      ],
      [
        0.0639440305531025,
        51.44749545492232,
        42.799999999999955
      ],
      [
        0.06374655291438103,
        51.44752194173634,
        44.799999999999955
      ],
      [
        0.06351026706397533,
        51.447584638372064,
        46.799999999999955
      ],
      [
        0.06342502310872078,
        51.44761313684285,
        47.39999999999998
      ],
      [
        0.06288581527769566,
        51.44782528281212,
        48.39999999999998
      ],
      [
        0.06283585913479328,
        51.44779887981713,
        50.799999999999955
      ],
      [
        0.0627760961651802,
        51.447852943092585,
        49.39999999999998
      ],
      [
        0.06277852691709995,
        51.44789384678006,
        49.60000000000002
      ],
      [
        0.06279855966567993,
        51.447996189817786,
        48.799999999999955
      ],
      [
        0.06281699985265732,
        51.4480715431273,
        50.39999999999998
      ],
      [
        0.06279101595282555,
        51.44816542044282,
        49.799999999999955
      ],
      [
        0.06272329017519951,
        51.448359210044146,
        52.200000000000045
      ],
      [
        0.06261893548071384,
        51.44852550700307,
        55.60000000000002
      ],
      [
        0.0626290775835514,
        51.44859205931425,
        57.60000000000002
      ],
      [
        0.06261390633881092,
        51.44861351698637,
        57.60000000000002
      ],
      [
        0.06259337067604065,
        51.44864168018103,
        58
      ],
      [
        0.062471749261021614,
        51.44881426356733,
        58.60000000000002
      ],
      [
        0.062459176406264305,
        51.44884175620973,
        58.60000000000002
      ],
      [
        0.062438054010272026,
        51.44888525828719,
        58.60000000000002
      ],
      [
        0.06240746006369591,
        51.4489209651947,
        59.60000000000002
      ],
      [
        0.06239036098122597,
        51.448943596333265,
        60
      ],
      [
        0.06230922415852547,
        51.449094135314226,
        61
      ],
      [
        0.06214577704668045,
        51.449292451143265,
        61
      ],
      [
        0.0616445392370224,
        51.449538292363286,
        64
      ],
      [
        0.06160899996757507,
        51.44953074865043,
        64
      ],
      [
        0.061575472354888916,
        51.44952270202339,
        64
      ],
      [
        0.06146877072751522,
        51.44949504174292,
        64.20000000000005
      ],
      [
        0.061155371367931366,
        51.449428824707866,
        63
      ],
      [
        0.06078564561903477,
        51.44933486357331,
        63.799999999999955
      ],
      [
        0.06038314662873745,
        51.44925070926547,
        65
      ],
      [
        0.06033671088516712,
        51.449237214401364,
        65.39999999999998
      ],
      [
        0.06033671088516712,
        51.449237214401364,
        65.39999999999998
      ],
      [
        0.06029102951288223,
        51.44922925159335,
        64.60000000000002
      ],
      [
        0.05957228131592274,
        51.449164375662804,
        59
      ],
      [
        0.05947471596300602,
        51.44914224743843,
        58.60000000000002
      ],
      [
        0.059384945780038834,
        51.44914023578167,
        58
      ],
      [
        0.05929509177803993,
        51.44912917166948,
        58.39999999999998
      ],
      [
        0.05922049283981323,
        51.449110228568316,
        58.60000000000002
      ],
      [
        0.058753201737999916,
        51.44903906621039,
        59.200000000000045
      ],
      [
        0.058591095730662346,
        51.44902062602341,
        57.60000000000002
      ],
      [
        0.05853661336004734,
        51.44900620914996,
        57.799999999999955
      ],
      [
        0.058276355266571045,
        51.44897896796465,
        59.60000000000002
      ],
      [
        0.05801810882985592,
        51.448939237743616,
        65
      ],
      [
        0.05778609775006771,
        51.44890855997801,
        62.39999999999998
      ],
      [
        0.057099368423223495,
        51.44877880811691,
        62
      ],
      [
        0.05685478448867798,
        51.448740838095546,
        63.60000000000002
      ],
      [
        0.056721512228250504,
        51.448720721527934,
        61.60000000000002
      ],
      [
        0.05667524412274361,
        51.44871468655765,
        61
      ],
      [
        0.05616595968604088,
        51.44870798103511,
        59.799999999999955
      ],
      [
        0.055559948086738586,
        51.44860262051225,
        57.39999999999998
      ],
      [
        0.05534813739359379,
        51.448570769280195,
        58.200000000000045
      ],
      [
        0.05512400530278683,
        51.44853011704981,
        57.60000000000002
      ],
      [
        0.054961564019322395,
        51.44852424971759,
        56
      ],
      [
        0.05471480078995228,
        51.44848317839205,
        53.60000000000002
      ],
      [
        0.05464204587042332,
        51.44846926443279,
        54.60000000000002
      ],
      [
        0.053944168612360954,
        51.448342613875866,
        60.799999999999955
      ],
      [
        0.05374643951654434,
        51.448296597227454,
        61.39999999999998
      ],
      [
        0.053076306357979774,
        51.44823390059173,
        58.200000000000045
      ],
      [
        0.05290305241942406,
        51.448225267231464,
        60.60000000000002
      ],
      [
        0.0527214165776968,
        51.44823440350592,
        62
      ],
      [
        0.05250767804682255,
        51.4481164701283,
        57.39999999999998
      ],
      [
        0.05232746712863445,
        51.44811546429992,
        55.799999999999955
      ],
      [
        0.05228731781244278,
        51.448119236156344,
        55.60000000000002
      ],
      [
        0.051558930426836014,
        51.44808336161077,
        56.799999999999955
      ],
      [
        0.05110303871333599,
        51.448049331083894,
        60.60000000000002
      ],
      [
        0.05101578310132027,
        51.448033740743995,
        62.200000000000045
      ],
      [
        0.0508313812315464,
        51.4480041526258,
        63.39999999999998
      ],
      [
        0.050678495317697525,
        51.44798068329692,
        64
      ],
      [
        0.050614625215530396,
        51.44803541712463,
        65.60000000000002
      ],
      [
        0.05059325136244297,
        51.44805494695902,
        65.79999999999995
      ],
      [
        0.050410693511366844,
        51.44813918508589,
        63.799999999999955
      ],
      [
        0.050362078472971916,
        51.44816793501377,
        64.60000000000002
      ],
      [
        0.050230734050273895,
        51.4481907337904,
        63.60000000000002
      ],
      [
        0.05009151063859463,
        51.44817916676402,
        61.60000000000002
      ],
      [
        0.04944526590406895,
        51.44798420369625,
        51.60000000000002
      ],
      [
        0.04905827343463898,
        51.44782762974501,
        54.200000000000045
      ],
      [
        0.04894704557955265,
        51.447783624753356,
        54.799999999999955
      ],
      [
        0.04886716604232788,
        51.44773492589593,
        53.200000000000045
      ],
      [
        0.048847636207938194,
        51.447741044685245,
        53
      ],
      [
        0.048808157444000244,
        51.44777348265052,
        52.60000000000002
      ],
      [
        0.04873624071478844,
        51.4477866422385,
        52.60000000000002
      ],
      [
        0.04854748025536537,
        51.44787088036537,
        50
      ],
      [
        0.04840800538659096,
        51.44796651788056,
        49.60000000000002
      ],
      [
        0.048107681795954704,
        51.44817631691694,
        49.200000000000045
      ],
      [
        0.04740603268146515,
        51.44825594499707,
        49.60000000000002
      ],
      [
        0.04704318009316921,
        51.44825636409223,
        44.60000000000002
      ],
      [
        0.0468781404197216,
        51.448245802894235,
        43.799999999999955
      ],
      [
        0.046736905351281166,
        51.44812191836536,
        44.60000000000002
      ],
      [
        0.04666222259402275,
        51.44794908352196,
        42.799999999999955
      ],
      [
        0.046328119933605194,
        51.44753644242883,
        44.39999999999998
      ],
      [
        0.04606274887919426,
        51.447108294814825,
        40
      ],
      [
        0.0459197536110878,
        51.44665785133839,
        49
      ],
      [
        0.04584020934998989,
        51.44636230543256,
        51
      ],
      [
        0.04575504921376705,
        51.44590985029936,
        45.200000000000045
      ],
      [
        0.04568665288388729,
        51.44549310207367,
        46
      ],
      [
        0.045624542981386185,
        51.44541783258319,
        50
      ],
      [
        0.045633092522621155,
        51.44540601409972,
        51.39999999999998
      ],
      [
        0.045633427798748016,
        51.44537676125765,
        51.60000000000002
      ],
      [
        0.04563099704682827,
        51.445356560871005,
        51.60000000000002
      ],
      [
        0.04563493654131889,
        51.44525363110006,
        51.39999999999998
      ],
      [
        0.045543741434812546,
        51.44498826004565,
        51.200000000000045
      ],
      [
        0.0455260556191206,
        51.4449215400964,
        51.39999999999998
      ],
      [
        0.045512979850172997,
        51.444882564246655,
        50.799999999999955
      ],
      [
        0.04550786688923836,
        51.44485188648105,
        50.60000000000002
      ],
      [
        0.04549814388155937,
        51.44482045434415,
        50.60000000000002
      ],
      [
        0.04545120522379875,
        51.44458031281829,
        51
      ],
      [
        0.04538750275969505,
        51.44450797699392,
        50
      ],
      [
        0.04527602344751358,
        51.444436479359865,
        48.39999999999998
      ],
      [
        0.04483102820813656,
        51.4440824277699,
        56.60000000000002
      ],
      [
        0.04468183033168316,
        51.44395192153752,
        53.39999999999998
      ],
      [
        0.044637406244874,
        51.443921495229006,
        52.60000000000002
      ],
      [
        0.044029634445905685,
        51.443669367581606,
        49.60000000000002
      ],
      [
        0.043766023591160774,
        51.4435245282948,
        51.39999999999998
      ],
      [
        0.04319462925195694,
        51.44325580447912,
        44
      ],
      [
        0.04305976442992687,
        51.44318472594023,
        42.60000000000002
      ],
      [
        0.04304216243326664,
        51.44317450001836,
        42.200000000000045
      ],
      [
        0.04288407973945141,
        51.44309503957629,
        41.39999999999998
      ],
      [
        0.04288005642592907,
        51.44309646449983,
        41.39999999999998
      ],
      [
        0.04287519492208958,
        51.44309503957629,
        41.39999999999998
      ],
      [
        0.04285943694412708,
        51.44310476258397,
        42
      ],
      [
        0.04280093125998974,
        51.44306964240968,
        41.39999999999998
      ],
      [
        0.04252122715115547,
        51.442872416228056,
        37.60000000000002
      ],
      [
        0.04230438731610775,
        51.442717015743256,
        37
      ],
      [
        0.04223397932946682,
        51.442597405985,
        38.60000000000002
      ],
      [
        0.041911108419299126,
        51.44243638962507,
        36.200000000000045
      ],
      [
        0.04169837571680546,
        51.44227160140872,
        34.200000000000045
      ],
      [
        0.04165193997323513,
        51.44224712625146,
        33.799999999999955
      ],
      [
        0.041529061272740364,
        51.44216867163777,
        31.600000000000023
      ],
      [
        0.041486481204628944,
        51.442160876467824,
        30
      ],
      [
        0.041445158421993256,
        51.44215174019337,
        29.399999999999977
      ],
      [
        0.04139830358326435,
        51.44214805215597,
        29
      ],
      [
        0.041122036054730415,
        51.44184940494597,
        35.799999999999955
      ],
      [
        0.04110133275389671,
        51.44182149320841,
        35.60000000000002
      ],
      [
        0.04108725115656853,
        51.44180975854397,
        35.39999999999998
      ],
      [
        0.041076354682445526,
        51.441798359155655,
        34.799999999999955
      ],
      [
        0.04106353037059307,
        51.4417873788625,
        34.39999999999998
      ],
      [
        0.041011981666088104,
        51.441756365820765,
        33.200000000000045
      ],
      [
        0.040975771844387054,
        51.44173474051058,
        32.39999999999998
      ],
      [
        0.0409520510584116,
        51.44172292202711,
        32.200000000000045
      ],
      [
        0.040912823751568794,
        51.44170003943145,
        31
      ],
      [
        0.0408763624727726,
        51.441683107987046,
        29.799999999999955
      ],
      [
        0.040827663615345955,
        51.44165251404047,
        29.399999999999977
      ],
      [
        0.04050630144774914,
        51.44142687320709,
        28.799999999999955
      ],
      [
        0.04042834974825382,
        51.44141128286719,
        27.600000000000023
      ],
      [
        0.04023347049951553,
        51.441405080258846,
        26.399999999999977
      ],
      [
        0.04022391512989998,
        51.441396698355675,
        25.799999999999955
      ],
      [
        0.040136659517884254,
        51.44131547771394,
        25.600000000000023
      ],
      [
        0.040026772767305374,
        51.44123232923448,
        25.200000000000045
      ],
      [
        0.0399996992200613,
        51.44118673168123,
        24.600000000000023
      ],
      [
        0.03992635756731033,
        51.441093692556024,
        25
      ],
      [
        0.039895931258797646,
        51.44107357598841,
        25.200000000000045
      ],
      [
        0.039718737825751305,
        51.44063729792833,
        23.399999999999977
      ],
      [
        0.03966735675930977,
        51.440485920757055,
        23.200000000000045
      ],
      [
        0.03960876725614071,
        51.44012013450265,
        25.200000000000045
      ],
      [
        0.03959979861974716,
        51.44010605290532,
        25.600000000000023
      ],
      [
        0.03959124907851219,
        51.44006799906492,
        25
      ],
      [
        0.039562834426760674,
        51.43992953002453,
        22.399999999999977
      ],
      [
        0.03954724408686161,
        51.439866330474615,
        22.600000000000023
      ],
      [
        0.039555542171001434,
        51.4397981017828,
        23
      ],
      [
        0.03953919745981693,
        51.43973171710968,
        24
      ],
      [
        0.039522433653473854,
        51.4396979380399,
        23.399999999999977
      ],
      [
        0.03942822106182575,
        51.43939350731671,
        22.799999999999955
      ],
      [
        0.03941623494029045,
        51.43935553729534,
        24.200000000000045
      ],
      [
        0.039426712319254875,
        51.43925327807665,
        28.799999999999955
      ],
      [
        0.03952469676733017,
        51.439161244779825,
        31
      ],
      [
        0.03969878889620304,
        51.439055213704705,
        31.799999999999955
      ],
      [
        0.03974773921072483,
        51.43900986760855,
        29.399999999999977
      ],
      [
        0.03976852633059025,
        51.438995031639934,
        29
      ],
      [
        0.03983122296631336,
        51.43893979489803,
        28.600000000000023
      ],
      [
        0.03987732343375683,
        51.438888078555465,
        29
      ],
      [
        0.040198350325226784,
        51.438498655334115,
        38.200000000000045
      ],
      [
        0.04020019434392452,
        51.438474263995886,
        39.200000000000045
      ],
      [
        0.04020757041871548,
        51.43845163285732,
        40.39999999999998
      ],
      [
        0.04032667726278305,
        51.43827200867236,
        40
      ],
      [
        0.040629347786307335,
        51.43790580332279,
        27
      ],
      [
        0.04085716791450977,
        51.437770603224635,
        25.600000000000023
      ],
      [
        0.04110661335289478,
        51.437613274902105,
        27
      ],
      [
        0.04112790338695049,
        51.43758913502097,
        27.200000000000045
      ],
      [
        0.04118615761399269,
        51.43755870871246,
        25.399999999999977
      ],
      [
        0.0411802064627409,
        51.43753884360194,
        25.399999999999977
      ],
      [
        0.04111516289412975,
        51.437503304332495,
        24.600000000000023
      ],
      [
        0.04060428589582443,
        51.43735988996923,
        27.600000000000023
      ],
      [
        0.04031158983707428,
        51.43724271096289,
        29.200000000000045
      ],
      [
        0.039997855201363564,
        51.43714992329478,
        34
      ],
      [
        0.03965243697166443,
        51.43697784282267,
        28.399999999999977
      ],
      [
        0.03962108865380287,
        51.43695051781833,
        28.200000000000045
      ],
      [
        0.03953391686081886,
        51.43682713620365,
        26.600000000000023
      ],
      [
        0.039589740335941315,
        51.43644902855158,
        27.600000000000023
      ],
      [
        0.0396653451025486,
        51.43600168637931,
        31
      ],
      [
        0.039722761139273643,
        51.435720724985,
        33.39999999999998
      ],
      [
        0.039767101407051086,
        51.43560438416898,
        27.399999999999977
      ],
      [
        0.03981873393058777,
        51.43544605001807,
        29.600000000000023
      ],
      [
        0.0398276187479496,
        51.43541059456766,
        30.799999999999955
      ],
      [
        0.039635421708226204,
        51.435146229341626,
        32.60000000000002
      ],
      [
        0.03947842866182327,
        51.435067523270845,
        33
      ],
      [
        0.039265528321266174,
        51.43493777140975,
        31.600000000000023
      ],
      [
        0.03907098434865475,
        51.43484213389456,
        29.600000000000023
      ],
      [
        0.03899889998137951,
        51.43483081832528,
        28.200000000000045
      ],
      [
        0.038816845044493675,
        51.434736186638474,
        25
      ],
      [
        0.038657421246171,
        51.434675166383386,
        24.200000000000045
      ],
      [
        0.03840906545519829,
        51.43456293269992,
        24.399999999999977
      ],
      [
        0.03822885453701019,
        51.434438209980726,
        28
      ],
      [
        0.03782258369028568,
        51.434210473671556,
        28.200000000000045
      ],
      [
        0.03721254877746105,
        51.43395817838609,
        28.600000000000023
      ],
      [
        0.03707089461386204,
        51.43391224555671,
        30.799999999999955
      ],
      [
        0.03656630404293537,
        51.43364251591265,
        30.600000000000023
      ],
      [
        0.03633999265730381,
        51.43355844542384,
        31
      ],
      [
        0.035742782056331635,
        51.433302629739046,
        34
      ],
      [
        0.035365764051675797,
        51.433105235919356,
        28.600000000000023
      ],
      [
        0.03510064445436001,
        51.43298235721886,
        32.200000000000045
      ],
      [
        0.034500667825341225,
        51.43272880464792,
        30.200000000000045
      ],
      [
        0.033906809985637665,
        51.43247298896313,
        31
      ],
      [
        0.03333818167448044,
        51.432190435007215,
        30.200000000000045
      ],
      [
        0.0330640934407711,
        51.43208088353276,
        32.39999999999998
      ],
      [
        0.03293568268418312,
        51.43201760016382,
        32.799999999999955
      ],
      [
        0.03277793526649475,
        51.431965213268995,
        32.39999999999998
      ],
      [
        0.03266964107751846,
        51.43191022798419,
        34.60000000000002
      ],
      [
        0.03209145739674568,
        51.43163253553212,
        30
      ],
      [
        0.03177361562848091,
        51.43149205483496,
        30
      ],
      [
        0.03174997866153717,
        51.43148803152144,
        30.600000000000023
      ],
      [
        0.03147748298943043,
        51.4314485527575,
        35.200000000000045
      ],
      [
        0.03130515106022358,
        51.431453581899405,
        36.200000000000045
      ],
      [
        0.031231893226504326,
        51.43147093243897,
        36
      ],
      [
        0.031201886013150215,
        51.43148166127503,
        35.39999999999998
      ],
      [
        0.031177746132016182,
        51.431495072320104,
        34
      ],
      [
        0.030815480276942253,
        51.431561037898064,
        29.399999999999977
      ],
      [
        0.03009757027029991,
        51.431561624631286,
        31.200000000000045
      ],
      [
        0.030022133141756058,
        51.431563049554825,
        32.799999999999955
      ],
      [
        0.029999418184161186,
        51.4315658994019,
        32.799999999999955
      ],
      [
        0.02994677983224392,
        51.431559193879366,
        34
      ],
      [
        0.029228702187538147,
        51.43155173398554,
        38.39999999999998
      ],
      [
        0.02910003997385502,
        51.4315505605191,
        38
      ],
      [
        0.028403587639331818,
        51.431539580225945,
        38.200000000000045
      ],
      [
        0.027671847492456436,
        51.43151996657252,
        39.799999999999955
      ],
      [
        0.027491971850395203,
        51.43151066266,
        39.200000000000045
      ],
      [
        0.027308491989970207,
        51.43152759410441,
        37.39999999999998
      ],
      [
        0.027150241658091545,
        51.43156070262194,
        35.200000000000045
      ],
      [
        0.02700112760066986,
        51.43156908452511,
        31.399999999999977
      ],
      [
        0.026977574452757835,
        51.43157243728638,
        31.799999999999955
      ],
      [
        0.026252539828419685,
        51.43158618360758,
        28.399999999999977
      ],
      [
        0.02552633173763752,
        51.431574784219265,
        21.600000000000023
      ],
      [
        0.025405464693903923,
        51.43157654441893,
        21.799999999999955
      ],
      [
        0.02532240003347397,
        51.431561624631286,
        23.799999999999955
      ],
      [
        0.02529909834265709,
        51.431557182222605,
        23.799999999999955
      ],
      [
        0.025275545194745064,
        51.43155483528972,
        23.799999999999955
      ],
      [
        0.02521427348256111,
        51.431549806147814,
        24.600000000000023
      ],
      [
        0.0251853559166193,
        51.43154955469072,
        24.799999999999955
      ],
      [
        0.02512626349925995,
        51.43154670484364,
        25.399999999999977
      ],
      [
        0.024753939360380173,
        51.43155852332711,
        26
      ],
      [
        0.024672048166394234,
        51.43156514503062,
        26.200000000000045
      ],
      [
        0.024526789784431458,
        51.43155642785132,
        28.799999999999955
      ],
      [
        0.024509606882929802,
        51.43155307509005,
        29.200000000000045
      ],
      [
        0.024463674053549767,
        51.43154662102461,
        28.799999999999955
      ],
      [
        0.02440902404487133,
        51.43154704011977,
        28.399999999999977
      ],
      [
        0.023899320513010025,
        51.43155014142394,
        35
      ],
      [
        0.02383846789598465,
        51.43155508674681,
        35
      ],
      [
        0.023683402687311172,
        51.43156372010708,
        36.39999999999998
      ],
      [
        0.02346438355743885,
        51.43154863268137,
        38
      ],
      [
        0.02330336719751358,
        51.43153974786401,
        37.799999999999955
      ],
      [
        0.022975802421569824,
        51.43153253942728,
        37.799999999999955
      ],
      [
        0.022366438060998917,
        51.43154754303396,
        33
      ],
      [
        0.02229250967502594,
        51.43154477700591,
        33.39999999999998
      ],
      [
        0.022212713956832886,
        51.43154318444431,
        34.39999999999998
      ],
      [
        0.022212713956832886,
        51.43154318444431,
        34.39999999999998
      ],
      [
        0.022043734788894653,
        51.43154175952077,
        35.39999999999998
      ],
      [
        0.021948600187897682,
        51.4315402507782,
        33.60000000000002
      ],
      [
        0.02192697487771511,
        51.431538658216596,
        33.200000000000045
      ],
      [
        0.021906942129135132,
        51.43153782002628,
        33.200000000000045
      ],
      [
        0.021792445331811905,
        51.431523486971855,
        31.399999999999977
      ],
      [
        0.021615922451019287,
        51.431477051228285,
        35.200000000000045
      ],
      [
        0.021591950207948685,
        51.43145274370909,
        36.39999999999998
      ],
      [
        0.02151014283299446,
        51.43116164021194,
        39.60000000000002
      ],
      [
        0.021510394290089607,
        51.43109483644366,
        43
      ],
      [
        0.021510394290089607,
        51.43106088973582,
        44.200000000000045
      ],
      [
        0.021494468674063683,
        51.4309670124203,
        48.60000000000002
      ],
      [
        0.02149815671145916,
        51.43095586448908,
        51.60000000000002
      ],
      [
        0.021524811163544655,
        51.430974220857024,
        57.60000000000002
      ],
      [
        0.021533863618969917,
        51.430991319939494,
        64.39999999999998
      ],
      [
        0.02154383808374405,
        51.43098377622664,
        67
      ],
      [
        0.021547358483076096,
        51.43098386004567,
        67.79999999999995
      ],
      [
        0.021552136167883873,
        51.43098771572113,
        66.79999999999995
      ],
      [
        0.02154434099793434,
        51.43098176456988,
        66.39999999999998
      ],
      [
        0.021471921354532242,
        51.430939519777894,
        62.60000000000002
      ],
      [
        0.021458175033330917,
        51.430906327441335,
        58.799999999999955
      ],
      [
        0.02147653140127659,
        51.43090674653649,
        58.39999999999998
      ],
      [
        0.02147812396287918,
        51.43091487698257,
        58
      ],
      [
        0.02144903875887394,
        51.43100171349943,
        55.39999999999998
      ],
      [
        0.021448200568556786,
        51.43102442845702,
        53.799999999999955
      ],
      [
        0.02147980034351349,
        51.43104672431946,
        53.39999999999998
      ],
      [
        0.021487679332494736,
        51.431054854765534,
        53.799999999999955
      ],
      [
        0.021521542221307755,
        51.43110103905201,
        55
      ],
      [
        0.021503102034330368,
        51.43112752586603,
        55
      ],
      [
        0.021473849192261696,
        51.43113473430276,
        58.200000000000045
      ],
      [
        0.021483320742845535,
        51.43115057609975,
        58.39999999999998
      ]
    ]
  }
}
