{
  "type": "Feature",
  "properties": {
    "id": "intervals-178056223",
    "activity": "hiking",
    "name": "Craven Hiking",
    "date": "2024-10-14T06:13:37Z",
    "distanceKm": 24.05,
    "movingTimeSeconds": 19058,
    "elapsedTimeSeconds": 25533,
    "ascentM": 379,
    "descentM": 554,
    "providers": [
      "Garmin",
      "Strava"
    ]
  },
  "geometry": {
    "type": "LineString",
    "coordinates": [
      [
        -2.0835703052580357,
        53.92187274992466,
        379.6
      ],
      [
        -2.083584973588586,
        53.92185573466122,
        379.20000000000005
      ],
      [
        -2.083646496757865,
        53.92185598611832,
        379.20000000000005
      ],
      [
        -2.083684215322137,
        53.92182966694236,
        379.79999999999995
      ],
      [
        -2.0836854726076126,
        53.92182874493301,
        379.79999999999995
      ],
      [
        -2.0837008114904165,
        53.92182497307658,
        379.79999999999995
      ],
      [
        -2.0837347581982613,
        53.92182681709528,
        380.20000000000005
      ],
      [
        -2.0837305672466755,
        53.92183310352266,
        380.4
      ],
      [
        -2.0837858878076077,
        53.92183670774102,
        381
      ],
      [
        -2.0837995503097773,
        53.92183226533234,
        381.20000000000005
      ],
      [
        -2.083863839507103,
        53.92181768082082,
        381.20000000000005
      ],
      [
        -2.0839252788573503,
        53.92180980183184,
        381.20000000000005
      ],
      [
        -2.0839290507137775,
        53.921803599223495,
        381.20000000000005
      ],
      [
        -2.0839623268693686,
        53.92179496586323,
        381.20000000000005
      ],
      [
        -2.083992585539818,
        53.921805107966065,
        381.20000000000005
      ],
      [
        -2.084050001576543,
        53.921816758811474,
        381.20000000000005
      ],
      [
        -2.0840532705187798,
        53.92181407660246,
        381.20000000000005
      ],
      [
        -2.0840462297201157,
        53.92181742936373,
        381.20000000000005
      ],
      [
        -2.0840604789555073,
        53.92181064002216,
        381.20000000000005
      ],
      [
        -2.0841160509735346,
        53.9217896014452,
        381.20000000000005
      ],
      [
        -2.084208084270358,
        53.9218015037477,
        381.20000000000005
      ],
      [
        -2.0842980220913887,
        53.92180141992867,
        381
      ],
      [
        -2.0843272749334574,
        53.92179639078677,
        380.79999999999995
      ],
      [
        -2.0844093337655067,
        53.921798737719655,
        380.79999999999995
      ],
      [
        -2.084419811144471,
        53.921790439635515,
        380.79999999999995
      ],
      [
        -2.084447555243969,
        53.92176135443151,
        380.4
      ],
      [
        -2.0844698511064053,
        53.92175062559545,
        380.4
      ],
      [
        -2.0845130179077387,
        53.92174140550196,
        380.4
      ],
      [
        -2.0845182985067368,
        53.92173897475004,
        380.4
      ],
      [
        -2.0845210645347834,
        53.921733275055885,
        380.4
      ],
      [
        -2.084556519985199,
        53.92171885818243,
        380.4
      ],
      [
        -2.0846034586429596,
        53.92169228754938,
        380.4
      ],
      [
        -2.0846547558903694,
        53.92166496254504,
        380.4
      ],
      [
        -2.084653414785862,
        53.92165515571833,
        380.4
      ],
      [
        -2.0846683345735073,
        53.92162682488561,
        380.4
      ],
      [
        -2.0847156923264265,
        53.92160536721349,
        380.4
      ],
      [
        -2.0847336295992136,
        53.9215924590826,
        380.4
      ],
      [
        -2.0847651455551386,
        53.92156144604087,
        380.4
      ],
      [
        -2.084790877997875,
        53.92153420485556,
        380.79999999999995
      ],
      [
        -2.084832116961479,
        53.921505622565746,
        381
      ],
      [
        -2.0848726015537977,
        53.92147444188595,
        381.20000000000005
      ],
      [
        -2.084872266277671,
        53.921467401087284,
        381.20000000000005
      ],
      [
        -2.0848823245614767,
        53.921430772170424,
        381.20000000000005
      ],
      [
        -2.0848906226456165,
        53.921429766342044,
        381.6
      ],
      [
        -2.0849126670509577,
        53.92142213881016,
        381.79999999999995
      ],
      [
        -2.0849556662142277,
        53.92141886986792,
        381.79999999999995
      ],
      [
        -2.085025990381837,
        53.92139489762485,
        381.79999999999995
      ],
      [
        -2.0850393176078796,
        53.92139188013971,
        381.79999999999995
      ],
      [
        -2.085096649825573,
        53.9213749486953,
        382.20000000000005
      ],
      [
        -2.085142582654953,
        53.92136556096375,
        382.4
      ],
      [
        -2.0852103922516108,
        53.92135709524155,
        382.79999999999995
      ],
      [
        -2.08523184992373,
        53.92135768197477,
        383
      ],
      [
        -2.0852537266910076,
        53.92135969363153,
        383
      ],
      [
        -2.085324050858617,
        53.92135642468929,
        383.4
      ],
      [
        -2.085434189066291,
        53.921355502679944,
        383.6
      ],
      [
        -2.0855100452899933,
        53.92136950045824,
        383.6
      ],
      [
        -2.085598474368453,
        53.92137913964689,
        383.6
      ],
      [
        -2.0856722351163626,
        53.92139045521617,
        383.4
      ],
      [
        -2.0857635140419006,
        53.92139892093837,
        383.4
      ],
      [
        -2.0858304016292095,
        53.92140378244221,
        383.6
      ],
      [
        -2.08584020845592,
        53.92139783129096,
        383.6
      ],
      [
        -2.0858740713447332,
        53.92135818488896,
        384
      ],
      [
        -2.0858702156692743,
        53.92135717906058,
        384.20000000000005
      ],
      [
        -2.08587734028697,
        53.92133479937911,
        384.4
      ],
      [
        -2.0858995523303747,
        53.921309653669596,
        384.4
      ],
      [
        -2.0858995523303747,
        53.921307642012835,
        384.4
      ],
      [
        -2.085950430482626,
        53.92127797007561,
        384.4
      ],
      [
        -2.085990831255913,
        53.92124108970165,
        384.4
      ],
      [
        -2.0860319025814533,
        53.92121753655374,
        384.79999999999995
      ],
      [
        -2.086081439629197,
        53.92118618823588,
        384.79999999999995
      ],
      [
        -2.086089067161083,
        53.921142015606165,
        385
      ],
      [
        -2.086103903129697,
        53.921088790521026,
        385
      ],
      [
        -2.0860925037413836,
        53.92104654572904,
        385
      ],
      [
        -2.0860930904746056,
        53.92103380523622,
        385
      ],
      [
        -2.0861287135630846,
        53.921009581536055,
        385.4
      ],
      [
        -2.0861287135630846,
        53.921009581536055,
        385.6
      ],
      [
        -2.086208174005151,
        53.92099072225392,
        386.20000000000005
      ],
      [
        -2.0862147118896246,
        53.92098703421652,
        386.20000000000005
      ],
      [
        -2.086231978610158,
        53.920965576544404,
        386.4
      ],
      [
        -2.0862341579049826,
        53.92094931565225,
        387
      ],
      [
        -2.0862341579049826,
        53.92094931565225,
        386.79999999999995
      ],
      [
        -2.0862341579049826,
        53.92094931565225,
        386.6
      ],
      [
        -2.0862341579049826,
        53.92094931565225,
        386.4
      ],
      [
        -2.0862341579049826,
        53.92094931565225,
        385.79999999999995
      ],
      [
        -2.0862341579049826,
        53.92094931565225,
        386
      ],
      [
        -2.0862341579049826,
        53.92094931565225,
        386.20000000000005
      ],
      [
        -2.0862341579049826,
        53.92094931565225,
        386.20000000000005
      ],
      [
        -2.0862341579049826,
        53.92094931565225,
        386.20000000000005
      ],
      [
        -2.0862341579049826,
        53.92094931565225,
        386
      ],
      [
        -2.0862341579049826,
        53.92094931565225,
        386
      ],
      [
        -2.0862341579049826,
        53.92094931565225,
        386
      ],
      [
        -2.0862197410315275,
        53.9209399279207,
        386
      ],
      [
        -2.0862341579049826,
        53.92094931565225,
        386
      ],
      [
        -2.0862341579049826,
        53.92094931565225,
        385.79999999999995
      ],
      [
        -2.0862341579049826,
        53.92094931565225,
        385.79999999999995
      ],
      [
        -2.0862341579049826,
        53.92094931565225,
        386
      ],
      [
        -2.0862341579049826,
        53.92094931565225,
        386
      ],
      [
        -2.0862341579049826,
        53.92094931565225,
        385.79999999999995
      ],
      [
        -2.0862341579049826,
        53.92094931565225,
        385.79999999999995
      ],
      [
        -2.08622720092535,
        53.920942107215524,
        385.79999999999995
      ],
      [
        -2.0862391870468855,
        53.92094638198614,
        386
      ],
      [
        -2.086246395483613,
        53.9209518302232,
        385.79999999999995
      ],
      [
        -2.0862645842134953,
        53.92096105031669,
        385.79999999999995
      ],
      [
        -2.0863572042435408,
        53.920969013124704,
        385
      ],
      [
        -2.0863805059343576,
        53.920970940962434,
        384.79999999999995
      ],
      [
        -2.0864839386194944,
        53.92097286880016,
        383.79999999999995
      ],
      [
        -2.086505815386772,
        53.920969599857926,
        383.79999999999995
      ],
      [
        -2.0866594556719065,
        53.92091813497245,
        383
      ],
      [
        -2.0866780634969473,
        53.92091151326895,
        382.79999999999995
      ],
      [
        -2.0867944043129683,
        53.92087203450501,
        381.79999999999995
      ],
      [
        -2.08680865354836,
        53.920866502448916,
        381.79999999999995
      ],
      [
        -2.0869451947510242,
        53.92080648802221,
        380.6
      ],
      [
        -2.087048375979066,
        53.92078201286495,
        380
      ],
      [
        -2.0872048661112785,
        53.92074203118682,
        379.79999999999995
      ],
      [
        -2.0872331131249666,
        53.92073172144592,
        380
      ],
      [
        -2.0871966518461704,
        53.920689979568124,
        379.79999999999995
      ],
      [
        -2.0871751103550196,
        53.920666091144085,
        379.6
      ],
      [
        -2.087187012657523,
        53.920613871887326,
        379.4
      ],
      [
        -2.0872110687196255,
        53.92055410891771,
        379.6
      ],
      [
        -2.0871974900364876,
        53.920461824163795,
        379.20000000000005
      ],
      [
        -2.087208805605769,
        53.920436007902026,
        379
      ],
      [
        -2.0872119069099426,
        53.92039124853909,
        379
      ],
      [
        -2.0872098952531815,
        53.9203630015254,
        378.6
      ],
      [
        -2.0872084703296423,
        53.92031162045896,
        378
      ],
      [
        -2.087216516956687,
        53.92027348279953,
        377.6
      ],
      [
        -2.0872349571436644,
        53.920253701508045,
        377.6
      ],
      [
        -2.0872410759329796,
        53.92014213837683,
        377.20000000000005
      ],
      [
        -2.087273094803095,
        53.920106096193194,
        376.4
      ],
      [
        -2.087283991277218,
        53.92009846866131,
        376.20000000000005
      ],
      [
        -2.0873388089239597,
        53.92005228437483,
        375.4
      ],
      [
        -2.0873495377600193,
        53.920031916350126,
        375
      ],
      [
        -2.087381472811103,
        53.92001121304929,
        374.4
      ],
      [
        -2.087395889684558,
        53.92000417225063,
        374.20000000000005
      ],
      [
        -2.087462777271867,
        53.91997156664729,
        373.79999999999995
      ],
      [
        -2.0874962210655212,
        53.919942481443286,
        373.20000000000005
      ],
      [
        -2.0875072851777077,
        53.91993569210172,
        373.20000000000005
      ],
      [
        -2.087618177756667,
        53.91985120251775,
        372.4
      ],
      [
        -2.087656147778034,
        53.919817339628935,
        372.20000000000005
      ],
      [
        -2.087652124464512,
        53.91981742344797,
        372
      ],
      [
        -2.0877043437212706,
        53.91977157443762,
        371.79999999999995
      ],
      [
        -2.087774919345975,
        53.91971063800156,
        371.4
      ],
      [
        -2.0878041721880436,
        53.91968415118754,
        371.20000000000005
      ],
      [
        -2.0878294855356216,
        53.91966814175248,
        371.20000000000005
      ],
      [
        -2.0879042521119118,
        53.9196274895221,
        371.20000000000005
      ],
      [
        -2.088005170226097,
        53.919559344649315,
        371
      ],
      [
        -2.088105669245124,
        53.919488014653325,
        370.79999999999995
      ],
      [
        -2.088198373094201,
        53.91942095942795,
        370.4
      ],
      [
        -2.0882601477205753,
        53.919375110417604,
        370.4
      ],
      [
        -2.08827406167984,
        53.91936840489507,
        370.20000000000005
      ],
      [
        -2.088324436917901,
        53.919345270842314,
        370.20000000000005
      ],
      [
        -2.0884470641613007,
        53.91929171048105,
        369.6
      ],
      [
        -2.0885366667062044,
        53.919276874512434,
        369
      ],
      [
        -2.0886114332824945,
        53.91926547512412,
        368.79999999999995
      ],
      [
        -2.08873582072556,
        53.919239239767194,
        368
      ],
      [
        -2.0888667460530996,
        53.9192146807909,
        367.4
      ],
      [
        -2.0889877807348967,
        53.9192025270313,
        367
      ],
      [
        -2.089039832353592,
        53.91919833607972,
        366.79999999999995
      ],
      [
        -2.089203279465437,
        53.91918039880693,
        366
      ],
      [
        -2.089228006079793,
        53.91918073408306,
        366
      ],
      [
        -2.0893093943595886,
        53.9191959053278,
        365.79999999999995
      ],
      [
        -2.089428249746561,
        53.91922147013247,
        365.6
      ],
      [
        -2.089605610817671,
        53.91926254145801,
        364.79999999999995
      ],
      [
        -2.0897691417485476,
        53.919306294992566,
        364.20000000000005
      ],
      [
        -2.0898307487368584,
        53.919321382418275,
        363.79999999999995
      ],
      [
        -2.0899658650159836,
        53.919349797070026,
        363
      ],
      [
        -2.090000230818987,
        53.919352227821946,
        362.79999999999995
      ],
      [
        -2.0900908391922712,
        53.91937184147537,
        362.20000000000005
      ],
      [
        -2.090244898572564,
        53.91940528526902,
        361.79999999999995
      ],
      [
        -2.0903920847922564,
        53.91943889670074,
        361.4
      ],
      [
        -2.0905086770653725,
        53.919456247240305,
        360.79999999999995
      ],
      [
        -2.0905451383441687,
        53.91946437768638,
        360.6
      ],
      [
        -2.0905733853578568,
        53.919477704912424,
        360.20000000000005
      ],
      [
        -2.090587802231312,
        53.919471418485045,
        360.20000000000005
      ],
      [
        -2.090588305145502,
        53.919474855065346,
        360.20000000000005
      ],
      [
        -2.0905875507742167,
        53.91947560943663,
        360.20000000000005
      ],
      [
        -2.090629795566201,
        53.91949664801359,
        360
      ],
      [
        -2.0907107647508383,
        53.91951844096184,
        359.6
      ],
      [
        -2.0907399337738752,
        53.91951718367636,
        359.4
      ],
      [
        -2.0907813403755426,
        53.91952162608504,
        359.20000000000005
      ],
      [
        -2.090886365622282,
        53.91954400576651,
        358.6
      ],
      [
        -2.0909036323428154,
        53.91954786144197,
        358.6
      ],
      [
        -2.091054590418935,
        53.91957669518888,
        357.6
      ],
      [
        -2.091205883771181,
        53.919621873646975,
        356.6
      ],
      [
        -2.0912243239581585,
        53.91962598077953,
        356.4
      ],
      [
        -2.09137000143528,
        53.91966110095382,
        355.4
      ],
      [
        -2.091391459107399,
        53.91966076567769,
        355.4
      ],
      [
        -2.091427333652973,
        53.919673254713416,
        355
      ],
      [
        -2.091555241495371,
        53.919698065146804,
        354.20000000000005
      ],
      [
        -2.0916731748729944,
        53.919732850044966,
        353.20000000000005
      ],
      [
        -2.0916954707354307,
        53.91973687335849,
        353.20000000000005
      ],
      [
        -2.0918001607060432,
        53.91976051032543,
        352.20000000000005
      ],
      [
        -2.091819690540433,
        53.91976176761091,
        352
      ],
      [
        -2.0918393041938543,
        53.91976637765765,
        352
      ],
      [
        -2.091953381896019,
        53.91979227773845,
        351
      ],
      [
        -2.092032255604863,
        53.91981130465865,
        350.4
      ],
      [
        -2.092098891735077,
        53.919827062636614,
        349.79999999999995
      ],
      [
        -2.092201989144087,
        53.91984919086099,
        349.20000000000005
      ],
      [
        -2.09229058586061,
        53.919866709038615,
        348.6
      ],
      [
        -2.0923484209924936,
        53.91988196410239,
        348.20000000000005
      ],
      [
        -2.0923632569611073,
        53.91988732852042,
        348.20000000000005
      ],
      [
        -2.0924232713878155,
        53.919897973537445,
        347.6
      ],
      [
        -2.092503486201167,
        53.91991280950606,
        347
      ],
      [
        -2.0925902388989925,
        53.919932674616575,
        346.4
      ],
      [
        -2.09267221391201,
        53.91995010897517,
        346
      ],
      [
        -2.09281487390399,
        53.91997533850372,
        345.6
      ],
      [
        -2.092833649367094,
        53.91997835598886,
        345.4
      ],
      [
        -2.092937082052231,
        53.920010793954134,
        345.20000000000005
      ],
      [
        -2.093058368191123,
        53.92003904096782,
        345
      ],
      [
        -2.0931598730385303,
        53.920070976018906,
        344.4
      ],
      [
        -2.0931949093937874,
        53.920079274103045,
        344.20000000000005
      ],
      [
        -2.0933000184595585,
        53.920106096193194,
        343.6
      ],
      [
        -2.0933762937784195,
        53.920124201104045,
        343.4
      ],
      [
        -2.0934858452528715,
        53.920142725110054,
        343
      ],
      [
        -2.0936803054064512,
        53.92019083723426,
        342.4
      ],
      [
        -2.0937088038772345,
        53.92026023939252,
        342.4
      ],
      [
        -2.0937000028789043,
        53.92031983472407,
        343
      ],
      [
        -2.0937335304915905,
        53.920382196083665,
        343.79999999999995
      ],
      [
        -2.093738140538335,
        53.92039116472006,
        344
      ],
      [
        -2.0937535632401705,
        53.92043173313141,
        344.4
      ],
      [
        -2.0937668066471815,
        53.9204734750092,
        344.79999999999995
      ],
      [
        -2.0937759429216385,
        53.920510690659285,
        345.20000000000005
      ],
      [
        -2.0937774516642094,
        53.92052745446563,
        345.4
      ],
      [
        -2.09375012665987,
        53.920595766976476,
        346.20000000000005
      ],
      [
        -2.093750461935997,
        53.92062979750335,
        346.6
      ],
      [
        -2.093760771676898,
        53.92067497596145,
        347
      ],
      [
        -2.093764543533325,
        53.92068427987397,
        347.4
      ],
      [
        -2.093764543533325,
        53.92068587243557,
        347.4
      ],
      [
        -2.093765716999769,
        53.92071244306862,
        347.6
      ],
      [
        -2.09377309307456,
        53.92072685994208,
        347.79999999999995
      ],
      [
        -2.0937927067279816,
        53.9207430370152,
        347.79999999999995
      ],
      [
        -2.0938401482999325,
        53.92075913026929,
        346.79999999999995
      ],
      [
        -2.093842411413789,
        53.92076080664992,
        346.79999999999995
      ],
      [
        -2.0938413217663765,
        53.92076005227864,
        347
      ],
      [
        -2.0939370431005955,
        53.92077379859984,
        346.79999999999995
      ],
      [
        -2.093958333134651,
        53.92076927237213,
        346.79999999999995
      ],
      [
        -2.0940165035426617,
        53.920762315392494,
        346.79999999999995
      ],
      [
        -2.0940572395920753,
        53.920806320384145,
        346.6
      ],
      [
        -2.094153882935643,
        53.920874716714025,
        346.6
      ],
      [
        -2.09418011829257,
        53.92089240252972,
        346.4
      ],
      [
        -2.0942812878638506,
        53.92097756266594,
        346.20000000000005
      ],
      [
        -2.094428474083543,
        53.921045707538724,
        346
      ],
      [
        -2.0945967826992273,
        53.92109817825258,
        345.6
      ],
      [
        -2.094666352495551,
        53.921117624267936,
        345.4
      ],
      [
        -2.0947478245943785,
        53.92116364091635,
        345
      ],
      [
        -2.094837259501219,
        53.92121812328696,
        344.4
      ],
      [
        -2.0948549453169107,
        53.921227008104324,
        344.4
      ],
      [
        -2.0949577912688255,
        53.921298924833536,
        343.4
      ],
      [
        -2.0950335636734962,
        53.921388778835535,
        342.4
      ],
      [
        -2.095068097114563,
        53.921418115496635,
        342.20000000000005
      ],
      [
        -2.0951468031853437,
        53.92149053514004,
        341.4
      ],
      [
        -2.095185024663806,
        53.92151987180114,
        341.20000000000005
      ],
      [
        -2.0952779799699783,
        53.92156010493636,
        340.79999999999995
      ],
      [
        -2.095365570858121,
        53.921623304486275,
        340.20000000000005
      ],
      [
        -2.0953895431011915,
        53.921641912311316,
        340
      ],
      [
        -2.095485432073474,
        53.92168901860714,
        339.4
      ],
      [
        -2.0954955741763115,
        53.92170184291899,
        339.4
      ],
      [
        -2.095531029626727,
        53.92175020650029,
        339
      ],
      [
        -2.095562545582652,
        53.921767892315984,
        339
      ],
      [
        -2.0956908725202084,
        53.92185942269862,
        338.4
      ],
      [
        -2.095756083726883,
        53.92190686427057,
        338
      ],
      [
        -2.0958107337355614,
        53.921961430460215,
        337.4
      ],
      [
        -2.0958575885742903,
        53.922012224793434,
        337
      ],
      [
        -2.095898576080799,
        53.92205212265253,
        336.6
      ],
      [
        -2.095959261059761,
        53.92213652841747,
        336
      ],
      [
        -2.095966888591647,
        53.922147592529655,
        335.79999999999995
      ],
      [
        -2.096045594662428,
        53.922211630269885,
        334.79999999999995
      ],
      [
        -2.096073841676116,
        53.92223442904651,
        334.6
      ],
      [
        -2.0961667131632566,
        53.92232755199075,
        333.79999999999995
      ],
      [
        -2.096178699284792,
        53.922338197007775,
        333.79999999999995
      ],
      [
        -2.096250867471099,
        53.922451520338655,
        332.79999999999995
      ],
      [
        -2.0963443256914616,
        53.92256408929825,
        331.79999999999995
      ],
      [
        -2.096364190801978,
        53.92258613370359,
        331.79999999999995
      ],
      [
        -2.096454380080104,
        53.92266433686018,
        331
      ],
      [
        -2.096469132229686,
        53.922687638551,
        330.6
      ],
      [
        -2.096491176635027,
        53.9227235969156,
        330.20000000000005
      ],
      [
        -2.096540629863739,
        53.9227719604969,
        329.6
      ],
      [
        -2.0965583994984627,
        53.92279048450291,
        329.4
      ],
      [
        -2.0966184977442026,
        53.922861563041806,
        328.4
      ],
      [
        -2.096640206873417,
        53.92288578674197,
        328.4
      ],
      [
        -2.096722349524498,
        53.92295569181442,
        327.4
      ],
      [
        -2.0967351738363504,
        53.922966085374355,
        327.20000000000005
      ],
      [
        -2.0967798493802547,
        53.923041773959994,
        326.4
      ],
      [
        -2.096791584044695,
        53.92305216751993,
        326.4
      ],
      [
        -2.0968594774603844,
        53.9231469668448,
        325.4
      ],
      [
        -2.096869619563222,
        53.92315627075732,
        325.20000000000005
      ],
      [
        -2.096922257915139,
        53.92321050167084,
        324.20000000000005
      ],
      [
        -2.0969975274056196,
        53.92326682806015,
        323.4
      ],
      [
        -2.097025103867054,
        53.92329482361674,
        323.20000000000005
      ],
      [
        -2.0970567874610424,
        53.92333908006549,
        322.79999999999995
      ],
      [
        -2.09712702780962,
        53.92340722493827,
        322
      ],
      [
        -2.0971389301121235,
        53.92341719940305,
        321.79999999999995
      ],
      [
        -2.0972039736807346,
        53.923487858846784,
        320.79999999999995
      ],
      [
        -2.0972128584980965,
        53.9235024433583,
        320.6
      ],
      [
        -2.097265161573887,
        53.92357519827783,
        319.79999999999995
      ],
      [
        -2.097275471314788,
        53.92358341254294,
        319.6
      ],
      [
        -2.0973249245435,
        53.92363630235195,
        318.6
      ],
      [
        -2.0973479747772217,
        53.92367402091622,
        318.4
      ],
      [
        -2.097383262589574,
        53.923737555742264,
        317.6
      ],
      [
        -2.0973763056099415,
        53.92373546026647,
        317.4
      ],
      [
        -2.0973763056099415,
        53.92373546026647,
        317
      ],
      [
        -2.0973763056099415,
        53.92373546026647,
        317
      ],
      [
        -2.0973763056099415,
        53.92373546026647,
        317
      ],
      [
        -2.0973763056099415,
        53.92373546026647,
        317
      ],
      [
        -2.0973724499344826,
        53.923742501065135,
        317
      ],
      [
        -2.0973766408860683,
        53.92374468035996,
        317
      ],
      [
        -2.0973756350576878,
        53.923761611804366,
        316.79999999999995
      ],
      [
        -2.0973869506269693,
        53.923771753907204,
        316.79999999999995
      ],
      [
        -2.097401199862361,
        53.92379396595061,
        316.79999999999995
      ],
      [
        -2.0974148623645306,
        53.92382581718266,
        316.6
      ],
      [
        -2.097419472411275,
        53.92383662983775,
        316.6
      ],
      [
        -2.097476553171873,
        53.923915000632405,
        315.4
      ],
      [
        -2.097533131018281,
        53.92399228177965,
        314.4
      ],
      [
        -2.097555510699749,
        53.92401407472789,
        314.20000000000005
      ],
      [
        -2.0975548401474953,
        53.92402379773557,
        313.4
      ],
      [
        -2.097553499042988,
        53.92402262426913,
        313.4
      ],
      [
        -2.09755408577621,
        53.924026899039745,
        313.4
      ],
      [
        -2.0976146031171083,
        53.92406755127013,
        313
      ],
      [
        -2.0976415928453207,
        53.92408397980034,
        312.79999999999995
      ],
      [
        -2.097710408270359,
        53.92411842942238,
        312.20000000000005
      ],
      [
        -2.097772601991892,
        53.924141731113195,
        311.6
      ],
      [
        -2.097868323326111,
        53.92416251823306,
        311.20000000000005
      ],
      [
        -2.0979260746389627,
        53.92417358234525,
        310.79999999999995
      ],
      [
        -2.0980153419077396,
        53.92419629730284,
        310
      ],
      [
        -2.0980789605528116,
        53.92420828342438,
        309.4
      ],
      [
        -2.0981594268232584,
        53.924238961189985,
        309
      ],
      [
        -2.0982088800519705,
        53.92426117323339,
        308.6
      ],
      [
        -2.098281467333436,
        53.9242915995419,
        308
      ],
      [
        -2.0983446668833494,
        53.92432068474591,
        307.20000000000005
      ],
      [
        -2.098413649946451,
        53.924351278692484,
        306.79999999999995
      ],
      [
        -2.0985043421387672,
        53.92437265254557,
        306.20000000000005
      ],
      [
        -2.0986049249768257,
        53.92438882961869,
        305.79999999999995
      ],
      [
        -2.0986741594970226,
        53.924402575939894,
        305.20000000000005
      ],
      [
        -2.0987378619611263,
        53.924417747184634,
        304.6
      ],
      [
        -2.098845988512039,
        53.92443576827645,
        304
      ],
      [
        -2.0988926757127047,
        53.92444649711251,
        303.6
      ],
      [
        -2.0990096870809793,
        53.92446510493755,
        302.79999999999995
      ],
      [
        -2.099064588546753,
        53.92447373829782,
        302.4
      ],
      [
        -2.0991165563464165,
        53.9244834613055,
        301.79999999999995
      ],
      [
        -2.0991041511297226,
        53.9244818687439,
        301.6
      ],
      [
        -2.0991401094943285,
        53.92447164282203,
        301.6
      ],
      [
        -2.099274890497327,
        53.92439788207412,
        301.79999999999995
      ],
      [
        -2.099402043968439,
        53.92433644272387,
        302.20000000000005
      ],
      [
        -2.0995058119297028,
        53.92432210966945,
        302
      ],
      [
        -2.0996434427797794,
        53.92429914325476,
        301.79999999999995
      ],
      [
        -2.099776044487953,
        53.92425186932087,
        302
      ],
      [
        -2.099919794127345,
        53.92426326870918,
        301.4
      ],
      [
        -2.099964553490281,
        53.92426704056561,
        301.4
      ],
      [
        -2.1000710036605597,
        53.92426377162337,
        300.6
      ],
      [
        -2.1000790502876043,
        53.92426502890885,
        300.6
      ],
      [
        -2.100127413868904,
        53.924246337264776,
        300.6
      ],
      [
        -2.1002865023911,
        53.92420736141503,
        301
      ],
      [
        -2.100432263687253,
        53.92416947521269,
        301
      ],
      [
        -2.100576516240835,
        53.9241467602551,
        300.6
      ],
      [
        -2.1007012389600277,
        53.924138713628054,
        300.20000000000005
      ],
      [
        -2.1007200982421637,
        53.92413720488548,
        300.20000000000005
      ],
      [
        -2.100835097953677,
        53.92411809414625,
        299.79999999999995
      ],
      [
        -2.1009601559489965,
        53.92410619184375,
        299.4
      ],
      [
        -2.1010379400104284,
        53.92409454099834,
        299.20000000000005
      ],
      [
        -2.1011546161025763,
        53.924059672281146,
        298.79999999999995
      ],
      [
        -2.101201470941305,
        53.92400368116796,
        298.4
      ],
      [
        -2.101211529225111,
        53.92399814911187,
        298.20000000000005
      ],
      [
        -2.1012298855930567,
        53.92398473806679,
        298.20000000000005
      ],
      [
        -2.1012372616678476,
        53.92396948300302,
        297.79999999999995
      ],
      [
        -2.1012576296925545,
        53.92395137809217,
        297.79999999999995
      ],
      [
        -2.101312531158328,
        53.9239670522511,
        298
      ],
      [
        -2.101374054327607,
        53.9239686448127,
        297.79999999999995
      ],
      [
        -2.1014857850968838,
        53.92398348078132,
        297.20000000000005
      ],
      [
        -2.1015291195362806,
        53.923986330628395,
        297
      ],
      [
        -2.1016583684831858,
        53.924018600955606,
        296.4
      ],
      [
        -2.1017137728631496,
        53.924036622047424,
        296
      ],
      [
        -2.1018284372985363,
        53.92409646883607,
        295.6
      ],
      [
        -2.1019249130040407,
        53.92413837835193,
        295
      ],
      [
        -2.1019642241299152,
        53.92415991984308,
        294.79999999999995
      ],
      [
        -2.102128090336919,
        53.924215994775295,
        294.6
      ],
      [
        -2.102271756157279,
        53.92427181825042,
        294.20000000000005
      ],
      [
        -2.102359849959612,
        53.924306854605675,
        294
      ],
      [
        -2.1024413220584393,
        53.92432847991586,
        293.6
      ],
      [
        -2.102579288184643,
        53.92436192370951,
        292.79999999999995
      ],
      [
        -2.102641398087144,
        53.924373742192984,
        292.79999999999995
      ],
      [
        -2.1026891749352217,
        53.92437634058297,
        292.4
      ],
      [
        -2.102730078622699,
        53.92438866198063,
        292.4
      ],
      [
        -2.1027069445699453,
        53.92437248490751,
        292.4
      ],
      [
        -2.1027022507041693,
        53.924371395260096,
        292.4
      ],
      [
        -2.102714404463768,
        53.92437516711652,
        292.20000000000005
      ],
      [
        -2.1027258038520813,
        53.92439461313188,
        292
      ],
      [
        -2.102776598185301,
        53.924410035833716,
        292
      ],
      [
        -2.1027688030153513,
        53.92441070638597,
        292
      ],
      [
        -2.1027911826968193,
        53.924405090510845,
        292.20000000000005
      ],
      [
        -2.102785147726536,
        53.924404587596655,
        292.20000000000005
      ],
      [
        -2.1028440725058317,
        53.92444188706577,
        292
      ],
      [
        -2.102897046133876,
        53.92445965670049,
        291.79999999999995
      ],
      [
        -2.102992432191968,
        53.92448756843805,
        291.4
      ],
      [
        -2.103012716397643,
        53.92448597587645,
        291.4
      ],
      [
        -2.1030247025191784,
        53.924487233161926,
        291.4
      ],
      [
        -2.1030535362660885,
        53.924483712762594,
        291.20000000000005
      ],
      [
        -2.103089913725853,
        53.92448983155191,
        291.20000000000005
      ],
      [
        -2.1032161451876163,
        53.92451673746109,
        290.79999999999995
      ],
      [
        -2.1032871399074793,
        53.92453199252486,
        290.6
      ],
      [
        -2.1034552808851004,
        53.92457792535424,
        290
      ],
      [
        -2.103488054126501,
        53.924586307257414,
        289.79999999999995
      ],
      [
        -2.103599449619651,
        53.92462461255491,
        289
      ],
      [
        -2.1036955900490284,
        53.924646405503154,
        288.79999999999995
      ],
      [
        -2.103733057156205,
        53.92464883625507,
        288.4
      ],
      [
        -2.103784019127488,
        53.924665097147226,
        288.4
      ],
      [
        -2.10395903326571,
        53.924718825146556,
        288
      ],
      [
        -2.104015778750181,
        53.92473726533353,
        287.6
      ],
      [
        -2.104126000776887,
        53.92477816902101,
        287.20000000000005
      ],
      [
        -2.1042469516396523,
        53.924833573400974,
        286.6
      ],
      [
        -2.1042746119201183,
        53.924851259216666,
        286.4
      ],
      [
        -2.1043968200683594,
        53.9249047357589,
        286
      ],
      [
        -2.104503018781543,
        53.92495293170214,
        285.79999999999995
      ],
      [
        -2.1045320201665163,
        53.924963576719165,
        285.6
      ],
      [
        -2.104557668790221,
        53.924968438223004,
        285
      ],
      [
        -2.1045958902686834,
        53.924989476799965,
        285
      ],
      [
        -2.104682642966509,
        53.925020238384604,
        284.4
      ],
      [
        -2.104705609381199,
        53.92503029666841,
        284.20000000000005
      ],
      [
        -2.1048014145344496,
        53.92505770549178,
        283.6
      ],
      [
        -2.1048009116202593,
        53.92505812458694,
        283.4
      ],
      [
        -2.104805437847972,
        53.92505820840597,
        283.4
      ],
      [
        -2.1048045996576548,
        53.92505234107375,
        283.4
      ],
      [
        -2.1048841439187527,
        53.92507371492684,
        283.20000000000005
      ],
      [
        -2.1049006562680006,
        53.925084276124835,
        283.20000000000005
      ],
      [
        -2.104895291849971,
        53.92512325197458,
        282.79999999999995
      ],
      [
        -2.1048848144710064,
        53.92517379485071,
        283
      ],
      [
        -2.104877606034279,
        53.92518745735288,
        283.20000000000005
      ],
      [
        -2.104887831956148,
        53.925234815105796,
        283.20000000000005
      ],
      [
        -2.104909121990204,
        53.92532140016556,
        283.4
      ],
      [
        -2.104978272691369,
        53.92535920254886,
        283.20000000000005
      ],
      [
        -2.10512931458652,
        53.925445871427655,
        282.4
      ],
      [
        -2.1051858086138964,
        53.92547118477523,
        282.4
      ],
      [
        -2.1052930131554604,
        53.92553027719259,
        282
      ],
      [
        -2.1054746489971876,
        53.92561141401529,
        281.20000000000005
      ],
      [
        -2.1056204941123724,
        53.9256663993001,
        280.4
      ],
      [
        -2.105641784146428,
        53.92567444592714,
        280
      ],
      [
        -2.1057080011814833,
        53.92570839263499,
        279.79999999999995
      ],
      [
        -2.105750748887658,
        53.92572113312781,
        279.79999999999995
      ],
      [
        -2.1058245096355677,
        53.92575985752046,
        279
      ],
      [
        -2.105847140774131,
        53.925770251080394,
        278.79999999999995
      ],
      [
        -2.1059654094278812,
        53.92583110369742,
        277.79999999999995
      ],
      [
        -2.1059809159487486,
        53.92583789303899,
        277.79999999999995
      ],
      [
        -2.1060993522405624,
        53.92587125301361,
        276.79999999999995
      ],
      [
        -2.106119217351079,
        53.92587594687939,
        276.79999999999995
      ],
      [
        -2.1062463708221912,
        53.92591618001461,
        275.6
      ],
      [
        -2.106303283944726,
        53.92593470402062,
        275.20000000000005
      ],
      [
        -2.10640462115407,
        53.92596789635718,
        274.6
      ],
      [
        -2.106501767411828,
        53.9260031003505,
        273.79999999999995
      ],
      [
        -2.1065481193363667,
        53.926040986552835,
        273.6
      ],
      [
        -2.1066461876034737,
        53.92608666792512,
        273
      ],
      [
        -2.1067248098552227,
        53.92611659131944,
        272.4
      ],
      [
        -2.1068261470645666,
        53.92615791410208,
        272
      ],
      [
        -2.1069599222391844,
        53.926215497776866,
        271.4
      ],
      [
        -2.1069811284542084,
        53.9262224547565,
        271.4
      ],
      [
        -2.107185563072562,
        53.92628657631576,
        270.6
      ],
      [
        -2.1072455774992704,
        53.926312727853656,
        270.4
      ],
      [
        -2.1074051689356565,
        53.926381040364504,
        269.79999999999995
      ],
      [
        -2.10763156414032,
        53.926455304026604,
        269.6
      ],
      [
        -2.1077033970505,
        53.9264777675271,
        269.4
      ],
      [
        -2.107761148363352,
        53.926505260169506,
        269.4
      ],
      [
        -2.107894504442811,
        53.92656108364463,
        269.4
      ],
      [
        -2.108046216890216,
        53.92662679776549,
        269.4
      ],
      [
        -2.10809332318604,
        53.92664071172476,
        269.6
      ],
      [
        -2.108204048126936,
        53.9266643486917,
        269.6
      ],
      [
        -2.108358358964324,
        53.92674422822893,
        270
      ],
      [
        -2.10850034840405,
        53.92681195400655,
        270.20000000000005
      ],
      [
        -2.1086744405329227,
        53.92687716521323,
        270.20000000000005
      ],
      [
        -2.1088573336601257,
        53.92694145441055,
        269.6
      ],
      [
        -2.1089843194931746,
        53.92698780633509,
        269.20000000000005
      ],
      [
        -2.1091371215879917,
        53.92704723402858,
        268.6
      ],
      [
        -2.1091988123953342,
        53.92708302475512,
        268.20000000000005
      ],
      [
        -2.1092396322637796,
        53.92709811218083,
        268
      ],
      [
        -2.109357062727213,
        53.92714446410537,
        267
      ],
      [
        -2.10939209908247,
        53.92716214992106,
        267
      ],
      [
        -2.109551103785634,
        53.927214704453945,
        266.4
      ],
      [
        -2.109708683565259,
        53.92725979909301,
        266
      ],
      [
        -2.109857462346554,
        53.92732593230903,
        266
      ],
      [
        -2.1099839452654123,
        53.9273826777935,
        266.20000000000005
      ],
      [
        -2.1101257670670748,
        53.92743623815477,
        266.20000000000005
      ],
      [
        -2.1102728694677353,
        53.927483512088656,
        266.20000000000005
      ],
      [
        -2.1104156970977783,
        53.92753237858415,
        266.20000000000005
      ],
      [
        -2.110490882769227,
        53.92755442298949,
        266.20000000000005
      ],
      [
        -2.110539246350527,
        53.927578730508685,
        266.20000000000005
      ],
      [
        -2.1105928905308247,
        53.92760052345693,
        266.20000000000005
      ],
      [
        -2.11071970872581,
        53.92765584401786,
        266.20000000000005
      ],
      [
        -2.1107617020606995,
        53.92767604440451,
        266.20000000000005
      ],
      [
        -2.1108944714069366,
        53.92773580737412,
        266.4
      ],
      [
        -2.1110838185995817,
        53.92776807770133,
        266.6
      ],
      [
        -2.1112337708473206,
        53.92781065776944,
        266.4
      ],
      [
        -2.1113796159625053,
        53.927856255322695,
        266.4
      ],
      [
        -2.1114015765488148,
        53.92787226475775,
        266.4
      ],
      [
        -2.1114311646670103,
        53.927893890067935,
        266.20000000000005
      ],
      [
        -2.1114929392933846,
        53.92794577404857,
        266
      ],
      [
        -2.1115397941321135,
        53.92797091975808,
        265.79999999999995
      ],
      [
        -2.111676922068,
        53.92800805158913,
        265.4
      ],
      [
        -2.1117138862609863,
        53.92804962582886,
        265
      ],
      [
        -2.1117138862609863,
        53.92804962582886,
        264.79999999999995
      ],
      [
        -2.1117565501481295,
        53.92808357253671,
        264.6
      ],
      [
        -2.1117565501481295,
        53.92808357253671,
        263.79999999999995
      ],
      [
        -2.1117565501481295,
        53.92808357253671,
        263.79999999999995
      ],
      [
        -2.1117565501481295,
        53.92808357253671,
        263.79999999999995
      ],
      [
        -2.1117565501481295,
        53.92808357253671,
        263.79999999999995
      ],
      [
        -2.1117565501481295,
        53.92808357253671,
        263.79999999999995
      ],
      [
        -2.1117565501481295,
        53.92808357253671,
        263.6
      ],
      [
        -2.1117565501481295,
        53.92808357253671,
        263.79999999999995
      ],
      [
        -2.1117565501481295,
        53.92808357253671,
        263.79999999999995
      ],
      [
        -2.1117565501481295,
        53.92808357253671,
        263.6
      ],
      [
        -2.1117565501481295,
        53.92808357253671,
        263.6
      ],
      [
        -2.1117565501481295,
        53.92808357253671,
        263.6
      ],
      [
        -2.1117565501481295,
        53.92808357253671,
        263.79999999999995
      ],
      [
        -2.1117565501481295,
        53.92808357253671,
        263.79999999999995
      ],
      [
        -2.1117565501481295,
        53.92808357253671,
        263.79999999999995
      ],
      [
        -2.1117565501481295,
        53.92808357253671,
        263.79999999999995
      ],
      [
        -2.1117565501481295,
        53.92808357253671,
        263.79999999999995
      ],
      [
        -2.1117565501481295,
        53.92808357253671,
        263.79999999999995
      ],
      [
        -2.111772056668997,
        53.928088350221515,
        263.79999999999995
      ],
      [
        -2.111770547926426,
        53.92808759585023,
        263.79999999999995
      ],
      [
        -2.111805835738778,
        53.92811743542552,
        263.4
      ],
      [
        -2.111853528767824,
        53.928129924461246,
        262.79999999999995
      ],
      [
        -2.111899880692363,
        53.92814978957176,
        262.20000000000005
      ],
      [
        -2.1119199134409428,
        53.92815372906625,
        261.79999999999995
      ],
      [
        -2.112010018900037,
        53.92818784341216,
        260.6
      ],
      [
        -2.1120822709053755,
        53.92820376902819,
        259.6
      ],
      [
        -2.1121125295758247,
        53.92820334993303,
        259.20000000000005
      ],
      [
        -2.1121762320399284,
        53.92821474932134,
        258.4
      ],
      [
        -2.112204981967807,
        53.92821969464421,
        258
      ],
      [
        -2.1122466400265694,
        53.928227070719004,
        257.4
      ],
      [
        -2.1123122703284025,
        53.928240397945046,
        256.4
      ],
      [
        -2.112326854839921,
        53.92824240960181,
        256.20000000000005
      ],
      [
        -2.112367758527398,
        53.92825464718044,
        255.20000000000005
      ],
      [
        -2.1124120987951756,
        53.928276523947716,
        254.39999999999998
      ],
      [
        -2.112423414364457,
        53.92828029580414,
        254.20000000000005
      ],
      [
        -2.1125019527971745,
        53.92829773016274,
        252.79999999999995
      ],
      [
        -2.1125314570963383,
        53.92830275930464,
        252.39999999999998
      ],
      [
        -2.112581916153431,
        53.92831323668361,
        251.60000000000002
      ],
      [
        -2.1126120071858168,
        53.9283343590796,
        250.60000000000002
      ],
      [
        -2.1126214787364006,
        53.92833746038377,
        250.39999999999998
      ],
      [
        -2.112682582810521,
        53.928346429020166,
        249.39999999999998
      ],
      [
        -2.112730275839567,
        53.92835162580013,
        248.60000000000002
      ],
      [
        -2.112764222547412,
        53.9283533859998,
        248.39999999999998
      ],
      [
        -2.1127993427217007,
        53.928368389606476,
        248
      ],
      [
        -2.112824823707342,
        53.928380124270916,
        248
      ],
      [
        -2.1128482092171907,
        53.928377190604806,
        247.79999999999995
      ],
      [
        -2.1128427609801292,
        53.92838850617409,
        247.79999999999995
      ],
      [
        -2.1128482092171907,
        53.928377190604806,
        247.60000000000002
      ],
      [
        -2.1128542441874743,
        53.92839060164988,
        247.39999999999998
      ],
      [
        -2.1128542441874743,
        53.92839060164988,
        247.39999999999998
      ],
      [
        -2.1128542441874743,
        53.92839060164988,
        247.39999999999998
      ],
      [
        -2.1128542441874743,
        53.92839060164988,
        247.39999999999998
      ],
      [
        -2.1128618717193604,
        53.92838096246123,
        247.39999999999998
      ],
      [
        -2.112845778465271,
        53.92838439904153,
        248.39999999999998
      ],
      [
        -2.112851897254586,
        53.92838557250798,
        249
      ],
      [
        -2.1128618717193604,
        53.928391775116324,
        248.39999999999998
      ],
      [
        -2.112973351031542,
        53.92840904183686,
        247.39999999999998
      ],
      [
        -2.11299573071301,
        53.92840870656073,
        247.39999999999998
      ],
      [
        -2.1131027676165104,
        53.92844223417342,
        246.60000000000002
      ],
      [
        -2.113134702667594,
        53.92845262773335,
        246.39999999999998
      ],
      [
        -2.113222796469927,
        53.92846352420747,
        245.39999999999998
      ],
      [
        -2.113272165879607,
        53.92847861163318,
        245.20000000000005
      ],
      [
        -2.113318182528019,
        53.928488502278924,
        244.79999999999995
      ],
      [
        -2.113459249958396,
        53.928529657423496,
        244.20000000000005
      ],
      [
        -2.1134663745760918,
        53.928533513098955,
        243.79999999999995
      ],
      [
        -2.1135380398482084,
        53.928563268855214,
        243
      ],
      [
        -2.113609118387103,
        53.928585816174746,
        242
      ],
      [
        -2.1136696357280016,
        53.92862353473902,
        241.20000000000005
      ],
      [
        -2.1137707214802504,
        53.92863937653601,
        241
      ],
      [
        -2.113866191357374,
        53.928641472011805,
        240.60000000000002
      ],
      [
        -2.113936012610793,
        53.92862889915705,
        239.79999999999995
      ],
      [
        -2.114024944603443,
        53.9286052621901,
        239.39999999999998
      ],
      [
        -2.1141594741493464,
        53.92861230298877,
        238.79999999999995
      ],
      [
        -2.1141803450882435,
        53.928615655750036,
        238.79999999999995
      ],
      [
        -2.114200796931982,
        53.928621020168066,
        238.39999999999998
      ],
      [
        -2.114200796931982,
        53.928621020168066,
        238.39999999999998
      ],
      [
        -2.1142212487757206,
        53.92861431464553,
        238.39999999999998
      ],
      [
        -2.1142212487757206,
        53.92861431464553,
        238.39999999999998
      ],
      [
        -2.1142212487757206,
        53.92861431464553,
        238.39999999999998
      ],
      [
        -2.1142212487757206,
        53.92861431464553,
        238.39999999999998
      ],
      [
        -2.1142212487757206,
        53.92861431464553,
        238.39999999999998
      ],
      [
        -2.1142212487757206,
        53.92861431464553,
        239
      ],
      [
        -2.1142212487757206,
        53.92861431464553,
        239
      ],
      [
        -2.1142212487757206,
        53.92861431464553,
        239
      ],
      [
        -2.1142212487757206,
        53.92861431464553,
        238.79999999999995
      ],
      [
        -2.1142212487757206,
        53.92861431464553,
        238.60000000000002
      ],
      [
        -2.1142171416431665,
        53.928616074845195,
        238.60000000000002
      ],
      [
        -2.114215549081564,
        53.92861674539745,
        238.60000000000002
      ],
      [
        -2.1142578776925802,
        53.92862906679511,
        238.60000000000002
      ],
      [
        -2.114290650933981,
        53.92862655222416,
        238.60000000000002
      ],
      [
        -2.114349575713277,
        53.92863744869828,
        237.79999999999995
      ],
      [
        -2.114357454702258,
        53.928638538345695,
        237.60000000000002
      ],
      [
        -2.11440104059875,
        53.92864725552499,
        237.20000000000005
      ],
      [
        -2.1144769806414843,
        53.928663432598114,
        236.60000000000002
      ],
      [
        -2.11448946967721,
        53.92866561189294,
        236.60000000000002
      ],
      [
        -2.1145169623196125,
        53.92867055721581,
        235.79999999999995
      ],
      [
        -2.114582257345319,
        53.92869603820145,
        235.60000000000002
      ],
      [
        -2.1146146953105927,
        53.92870517447591,
        235.60000000000002
      ],
      [
        -2.114656688645482,
        53.92871389165521,
        235.39999999999998
      ],
      [
        -2.1147127635776997,
        53.92872269265354,
        234.60000000000002
      ],
      [
        -2.114786943420768,
        53.92873358912766,
        233.39999999999998
      ],
      [
        -2.1148163639009,
        53.928738785907626,
        233.39999999999998
      ],
      [
        -2.114838073030114,
        53.92874322831631,
        233
      ],
      [
        -2.114906469359994,
        53.92873895354569,
        232.39999999999998
      ],
      [
        -2.114932117983699,
        53.928735265508294,
        232.20000000000005
      ],
      [
        -2.1150253247469664,
        53.92872730270028,
        231.39999999999998
      ],
      [
        -2.115105288103223,
        53.92873065546155,
        231.20000000000005
      ],
      [
        -2.1152378898113966,
        53.92876585945487,
        230.39999999999998
      ],
      [
        -2.115252139046788,
        53.92877323552966,
        230.39999999999998
      ],
      [
        -2.1152587607502937,
        53.928814474493265,
        229.39999999999998
      ],
      [
        -2.1152546536177397,
        53.92881682142615,
        229.20000000000005
      ],
      [
        -2.1152582578361034,
        53.92881472595036,
        228.79999999999995
      ],
      [
        -2.1152682323008776,
        53.928818413987756,
        228.79999999999995
      ],
      [
        -2.1152247302234173,
        53.928838865831494,
        229
      ],
      [
        -2.115204781293869,
        53.928859485313296,
        229.20000000000005
      ],
      [
        -2.115204781293869,
        53.928859485313296,
        229.20000000000005
      ],
      [
        -2.1151828207075596,
        53.92886929214001,
        229
      ],
      [
        -2.115169493481517,
        53.92887574620545,
        229.20000000000005
      ],
      [
        -2.1151563338935375,
        53.92892125993967,
        229
      ],
      [
        -2.1152579225599766,
        53.92898571677506,
        228.20000000000005
      ],
      [
        -2.1152705792337656,
        53.92899468541145,
        228
      ],
      [
        -2.115346435457468,
        53.92904204316437,
        226.79999999999995
      ],
      [
        -2.1153639536350965,
        53.92904723994434,
        226.60000000000002
      ],
      [
        -2.1154217049479485,
        53.92907557077706,
        225.79999999999995
      ],
      [
        -2.1154676377773285,
        53.92909769900143,
        225.20000000000005
      ],
      [
        -2.1154909394681454,
        53.92910826019943,
        224.79999999999995
      ],
      [
        -2.1155070327222347,
        53.929113456979394,
        224.60000000000002
      ],
      [
        -2.1155809611082077,
        53.92915251664817,
        223.39999999999998
      ],
      [
        -2.1155966352671385,
        53.929159473627806,
        223.20000000000005
      ],
      [
        -2.115648351609707,
        53.92917221412063,
        222.39999999999998
      ],
      [
        -2.1157297398895025,
        53.929199958220124,
        221.39999999999998
      ],
      [
        -2.1157470904290676,
        53.9292046520859,
        221.20000000000005
      ],
      [
        -2.1158334240317345,
        53.92924228683114,
        220.20000000000005
      ],
      [
        -2.1158670354634523,
        53.929257625713944,
        219.79999999999995
      ],
      [
        -2.1159031614661217,
        53.92928285524249,
        219.20000000000005
      ],
      [
        -2.1159683726727962,
        53.92931705340743,
        218.20000000000005
      ],
      [
        -2.1159783471375704,
        53.92932493239641,
        218
      ],
      [
        -2.116019669920206,
        53.929374888539314,
        217
      ],
      [
        -2.116030314937234,
        53.929397854954004,
        216.60000000000002
      ],
      [
        -2.116045067086816,
        53.92944739200175,
        215.79999999999995
      ],
      [
        -2.116053281351924,
        53.92949290573597,
        215
      ],
      [
        -2.1160507667809725,
        53.929505394771695,
        214.60000000000002
      ],
      [
        -2.1160521917045116,
        53.92956926487386,
        213.79999999999995
      ],
      [
        -2.116052359342575,
        53.92958393320441,
        213.60000000000002
      ],
      [
        -2.116049760952592,
        53.92965316772461,
        212.60000000000002
      ],
      [
        -2.1160423010587692,
        53.92967856489122,
        212.20000000000005
      ],
      [
        -2.1160330809652805,
        53.92972349189222,
        211.60000000000002
      ],
      [
        -2.11601790972054,
        53.92979063093662,
        210.39999999999998
      ],
      [
        -2.116015227511525,
        53.92981301061809,
        210.20000000000005
      ],
      [
        -2.116003492847085,
        53.92988082021475,
        209.39999999999998
      ],
      [
        -2.1160003915429115,
        53.92991007305682,
        209
      ],
      [
        -2.1159927640110254,
        53.929952904582024,
        208.20000000000005
      ],
      [
        -2.1159739047288895,
        53.93001023679972,
        207.20000000000005
      ],
      [
        -2.115948088467121,
        53.93006941303611,
        206
      ],
      [
        -2.1159489266574383,
        53.93009849824011,
        205.39999999999998
      ],
      [
        -2.115978430956602,
        53.930138144642115,
        204.79999999999995
      ],
      [
        -2.1159874834120274,
        53.93014610745013,
        204.79999999999995
      ],
      [
        -2.1159974578768015,
        53.930153818801045,
        204.60000000000002
      ],
      [
        -2.1160177420824766,
        53.93016781657934,
        204.60000000000002
      ],
      [
        -2.116126623004675,
        53.93018776550889,
        204
      ],
      [
        -2.116126623004675,
        53.93018776550889,
        203.79999999999995
      ],
      [
        -2.1161961928009987,
        53.93016882240772,
        203.20000000000005
      ],
      [
        -2.1161961928009987,
        53.93016882240772,
        203.20000000000005
      ],
      [
        -2.1161886490881443,
        53.930167984217405,
        203.20000000000005
      ],
      [
        -2.116203736513853,
        53.93016773276031,
        203.20000000000005
      ],
      [
        -2.116230893880129,
        53.930174354463816,
        203
      ],
      [
        -2.116281185299158,
        53.930201176553965,
        202.79999999999995
      ],
      [
        -2.1163176465779543,
        53.93021718598902,
        202.20000000000005
      ],
      [
        -2.116366345435381,
        53.93022573553026,
        201.60000000000002
      ],
      [
        -2.116430550813675,
        53.93023311160505,
        200.79999999999995
      ],
      [
        -2.116451170295477,
        53.930239817127585,
        200.39999999999998
      ],
      [
        -2.1165305469185114,
        53.93026890233159,
        199.79999999999995
      ],
      [
        -2.1166028827428818,
        53.9302977360785,
        199.39999999999998
      ],
      [
        -2.116692401468754,
        53.930330174043775,
        198.20000000000005
      ],
      [
        -2.1167046390473843,
        53.930336125195026,
        198
      ],
      [
        -2.116777142509818,
        53.93034618347883,
        197.20000000000005
      ],
      [
        -2.116846712306142,
        53.93035766668618,
        196.20000000000005
      ],
      [
        -2.116960370913148,
        53.93040225841105,
        195
      ],
      [
        -2.1169646456837654,
        53.93040996976197,
        194.79999999999995
      ],
      [
        -2.117053745314479,
        53.930501667782664,
        193.79999999999995
      ],
      [
        -2.1170712634921074,
        53.930507032200694,
        193.79999999999995
      ],
      [
        -2.117196824401617,
        53.93054651096463,
        192.79999999999995
      ],
      [
        -2.1172768715769053,
        53.93058246932924,
        191.60000000000002
      ],
      [
        -2.1172730159014463,
        53.9305863250047,
        191.60000000000002
      ],
      [
        -2.11733378469944,
        53.93061348237097,
        191.20000000000005
      ],
      [
        -2.1173857524991035,
        53.930637119337916,
        190.39999999999998
      ],
      [
        -2.1174679789692163,
        53.93066913820803,
        189.39999999999998
      ],
      [
        -2.1175621077418327,
        53.93071188591421,
        188.20000000000005
      ],
      [
        -2.1175963059067726,
        53.930724458768964,
        187.79999999999995
      ],
      [
        -2.117639472708106,
        53.93074390478432,
        187.39999999999998
      ],
      [
        -2.117653051391244,
        53.93075211904943,
        187.20000000000005
      ],
      [
        -2.117681298404932,
        53.930771397426724,
        186.79999999999995
      ],
      [
        -2.1177170891314745,
        53.93080308102071,
        186.20000000000005
      ],
      [
        -2.1177679672837257,
        53.93082822673023,
        185.39999999999998
      ],
      [
        -2.1178051829338074,
        53.930842308327556,
        185
      ],
      [
        -2.1178808715194464,
        53.9308625087142,
        184
      ],
      [
        -2.1178957913070917,
        53.93086611293256,
        183.79999999999995
      ],
      [
        -2.1179957035928965,
        53.930880362167954,
        182.60000000000002
      ],
      [
        -2.1180163230746984,
        53.930881367996335,
        182.39999999999998
      ],
      [
        -2.1180770080536604,
        53.930891677737236,
        181.60000000000002
      ],
      [
        -2.118130149319768,
        53.930906262248755,
        180.60000000000002
      ],
      [
        -2.1181429736316204,
        53.93091204576194,
        180.20000000000005
      ],
      [
        -2.118230229243636,
        53.93093534745276,
        179.39999999999998
      ],
      [
        -2.118290327489376,
        53.930949764326215,
        178.60000000000002
      ],
      [
        -2.118322178721428,
        53.930962504819036,
        178.39999999999998
      ],
      [
        -2.118334835395217,
        53.93096661195159,
        177.79999999999995
      ],
      [
        -2.118334835395217,
        53.93096661195159,
        177.79999999999995
      ],
      [
        -2.118334835395217,
        53.93096661195159,
        177.79999999999995
      ],
      [
        -2.118334835395217,
        53.93096661195159,
        177.79999999999995
      ],
      [
        -2.118334835395217,
        53.93096661195159,
        177.79999999999995
      ],
      [
        -2.1183176524937153,
        53.93096476793289,
        177.79999999999995
      ],
      [
        -2.1183331590145826,
        53.93096216954291,
        177.79999999999995
      ],
      [
        -2.118405243381858,
        53.930978598073125,
        177.20000000000005
      ],
      [
        -2.118420163169503,
        53.930978095158935,
        177
      ],
      [
        -2.1184704545885324,
        53.930972311645746,
        176.20000000000005
      ],
      [
        -2.118507670238614,
        53.93096895888448,
        175.79999999999995
      ],
      [
        -2.1185808442533016,
        53.930966863408685,
        175.20000000000005
      ],
      [
        -2.1187095064669847,
        53.93095345236361,
        174
      ],
      [
        -2.118770945817232,
        53.93094917759299,
        173.60000000000002
      ],
      [
        -2.1188259311020374,
        53.930960493162274,
        173
      ],
      [
        -2.1189021226018667,
        53.93096820451319,
        172
      ],
      [
        -2.118949480354786,
        53.93096996471286,
        171.39999999999998
      ],
      [
        -2.118991808965802,
        53.930974155664444,
        171
      ],
      [
        -2.1190709341317415,
        53.930986477062106,
        170
      ],
      [
        -2.1191066410392523,
        53.93098915927112,
        169.20000000000005
      ],
      [
        -2.11914268322289,
        53.93099217675626,
        168.79999999999995
      ],
      [
        -2.1192479599267244,
        53.931002067402005,
        167.60000000000002
      ],
      [
        -2.1193487104028463,
        53.931010365486145,
        166.39999999999998
      ],
      [
        -2.119401264935732,
        53.93101212568581,
        165.79999999999995
      ],
      [
        -2.1194523945450783,
        53.931017657741904,
        165.20000000000005
      ],
      [
        -2.1195459365844727,
        53.93102914094925,
        164.39999999999998
      ],
      [
        -2.119560521095991,
        53.93103023059666,
        164
      ],
      [
        -2.119655655696988,
        53.93104079179466,
        163
      ],
      [
        -2.1196826454252005,
        53.93104389309883,
        162.60000000000002
      ],
      [
        -2.119741654023528,
        53.931053783744574,
        162
      ],
      [
        -2.119815330952406,
        53.93107507377863,
        161
      ],
      [
        -2.1198310889303684,
        53.93107909709215,
        160.79999999999995
      ],
      [
        -2.119937874376774,
        53.931101728230715,
        159.60000000000002
      ],
      [
        -2.1199848130345345,
        53.93112159334123,
        159
      ],
      [
        -2.120056478306651,
        53.931130142882466,
        158.20000000000005
      ],
      [
        -2.120117163285613,
        53.93113416619599,
        157.20000000000005
      ],
      [
        -2.120201401412487,
        53.93115562386811,
        156.20000000000005
      ],
      [
        -2.120248842984438,
        53.93116249702871,
        155.60000000000002
      ],
      [
        -2.1202837955206633,
        53.93117180094123,
        155
      ],
      [
        -2.1203811932355165,
        53.931200383231044,
        153.79999999999995
      ],
      [
        -2.1205031499266624,
        53.93122033216059,
        152.60000000000002
      ],
      [
        -2.1205381862819195,
        53.93123114481568,
        152.20000000000005
      ],
      [
        -2.1206282917410135,
        53.931242041289806,
        151.39999999999998
      ],
      [
        -2.1207413636147976,
        53.93124723806977,
        150.60000000000002
      ],
      [
        -2.1207776572555304,
        53.93125486560166,
        150.20000000000005
      ],
      [
        -2.12087731808424,
        53.931258134543896,
        149.60000000000002
      ],
      [
        -2.12098334915936,
        53.93128084950149,
        149.20000000000005
      ],
      [
        -2.1210757177323103,
        53.931288393214345,
        148.60000000000002
      ],
      [
        -2.1211745403707027,
        53.93128897994757,
        148
      ],
      [
        -2.121277805417776,
        53.93129602074623,
        147.39999999999998
      ],
      [
        -2.1213973313570023,
        53.93129996024072,
        147
      ],
      [
        -2.1214772947132587,
        53.93129736185074,
        146.39999999999998
      ],
      [
        -2.1215335372835398,
        53.93129786476493,
        145.79999999999995
      ],
      [
        -2.121678376570344,
        53.93130574375391,
        145
      ],
      [
        -2.1217029355466366,
        53.931309850886464,
        144.79999999999995
      ],
      [
        -2.1218540612608194,
        53.93130909651518,
        143.79999999999995
      ],
      [
        -2.1218716632574797,
        53.93130716867745,
        143.60000000000002
      ],
      [
        -2.1219627745449543,
        53.931308006867766,
        142.60000000000002
      ],
      [
        -2.122028488665819,
        53.93131194636226,
        142.20000000000005
      ],
      [
        -2.122083306312561,
        53.93131010234356,
        141.60000000000002
      ],
      [
        -2.122162180021405,
        53.931314712390304,
        140.79999999999995
      ],
      [
        -2.1221989765763283,
        53.93131253309548,
        140.39999999999998
      ],
      [
        -2.122291009873152,
        53.93131244927645,
        139.39999999999998
      ],
      [
        -2.1223029121756554,
        53.93131110817194,
        139.20000000000005
      ],
      [
        -2.1223299857228994,
        53.93129610456526,
        138.79999999999995
      ],
      [
        -2.1223516948521137,
        53.93128118477762,
        138.20000000000005
      ],
      [
        -2.122348677366972,
        53.93128026276827,
        138
      ],
      [
        -2.1223384514451027,
        53.931276910007,
        138
      ],
      [
        -2.122350102290511,
        53.93128076568246,
        138
      ],
      [
        -2.1223641000688076,
        53.931284956634045,
        138
      ],
      [
        -2.1223714761435986,
        53.931285962462425,
        138
      ],
      [
        -2.122387820854783,
        53.9312803465873,
        138
      ],
      [
        -2.122465018182993,
        53.931278167292476,
        138
      ],
      [
        -2.122598960995674,
        53.93125779926777,
        137
      ],
      [
        -2.122637266293168,
        53.931257128715515,
        136.79999999999995
      ],
      [
        -2.122714128345251,
        53.931264001876116,
        136.39999999999998
      ],
      [
        -2.1227702032774687,
        53.93127313815057,
        136.39999999999998
      ],
      [
        -2.12287288159132,
        53.93128763884306,
        136
      ],
      [
        -2.12292711250484,
        53.931296188384295,
        135.79999999999995
      ],
      [
        -2.1230897214263678,
        53.93133114092052,
        135.39999999999998
      ],
      [
        -2.1231269370764494,
        53.93134304322302,
        135
      ],
      [
        -2.1232612151652575,
        53.931381180882454,
        134
      ],
      [
        -2.1232838463038206,
        53.93138637766242,
        134
      ],
      [
        -2.1234343014657497,
        53.93142065964639,
        133.39999999999998
      ],
      [
        -2.123615015298128,
        53.9314632397145,
        133.39999999999998
      ],
      [
        -2.123782066628337,
        53.9314875472337,
        133.39999999999998
      ],
      [
        -2.123987255617976,
        53.931505903601646,
        133.20000000000005
      ],
      [
        -2.124123713001609,
        53.931510681286454,
        133.20000000000005
      ],
      [
        -2.124311551451683,
        53.931502383202314,
        133
      ],
      [
        -2.1243449952453375,
        53.93150305375457,
        133
      ],
      [
        -2.1244831290096045,
        53.931500036269426,
        132.79999999999995
      ],
      [
        -2.124633165076375,
        53.931496096774936,
        132.39999999999998
      ],
      [
        -2.1247522719204426,
        53.93148888833821,
        131.79999999999995
      ],
      [
        -2.124795438721776,
        53.931479416787624,
        131.79999999999995
      ],
      [
        -2.1249519288539886,
        53.93146013841033,
        130.79999999999995
      ],
      [
        -2.124998699873686,
        53.93145569600165,
        130.60000000000002
      ],
      [
        -2.125167343765497,
        53.93144882284105,
        129.60000000000002
      ],
      [
        -2.125209840014577,
        53.93144798465073,
        129.39999999999998
      ],
      [
        -2.1253790706396103,
        53.931451588869095,
        128.79999999999995
      ],
      [
        -2.125401198863983,
        53.9314531814307,
        128.60000000000002
      ],
      [
        -2.12545283138752,
        53.93144563771784,
        128.39999999999998
      ],
      [
        -2.125382339581847,
        53.93139601685107,
        128.60000000000002
      ],
      [
        -2.1253834292292595,
        53.93138788640499,
        128.79999999999995
      ],
      [
        -2.1253757178783417,
        53.93138109706342,
        129
      ],
      [
        -2.125375298783183,
        53.93138109706342,
        129.20000000000005
      ],
      [
        -2.1253836806863546,
        53.93137983977795,
        129.20000000000005
      ],
      [
        -2.125440761446953,
        53.93135762773454,
        129
      ],
      [
        -2.1255129296332598,
        53.93135561607778,
        128.79999999999995
      ],
      [
        -2.1255036257207394,
        53.931351425126195,
        128.79999999999995
      ],
      [
        -2.125632707029581,
        53.93137162551284,
        128.60000000000002
      ],
      [
        -2.125794980674982,
        53.93141135573387,
        128
      ],
      [
        -2.1259536501020193,
        53.93146114423871,
        127.79999999999995
      ],
      [
        -2.126088934019208,
        53.931491151452065,
        127.60000000000002
      ],
      [
        -2.1261429134756327,
        53.931507244706154,
        127.60000000000002
      ],
      [
        -2.126278867945075,
        53.93155141733587,
        127.20000000000005
      ],
      [
        -2.1263988129794598,
        53.93160053528845,
        127
      ],
      [
        -2.1265714801847935,
        53.93164973706007,
        126.79999999999995
      ],
      [
        -2.126699388027191,
        53.93167329020798,
        126.60000000000002
      ],
      [
        -2.126721851527691,
        53.93168183974922,
        126.60000000000002
      ],
      [
        -2.1268780902028084,
        53.931737411767244,
        126.20000000000005
      ],
      [
        -2.1270845364779234,
        53.93179088830948,
        125.79999999999995
      ],
      [
        -2.127174139022827,
        53.93182408064604,
        126
      ],
      [
        -2.1272370032966137,
        53.931843526661396,
        126
      ],
      [
        -2.127432134002447,
        53.931883592158556,
        125.79999999999995
      ],
      [
        -2.1275772247463465,
        53.93191686831415,
        126
      ],
      [
        -2.1277018636465073,
        53.93193212337792,
        126
      ],
      [
        -2.127885427325964,
        53.93193463794887,
        126.39999999999998
      ],
      [
        -2.1280033607035875,
        53.93192005343735,
        126.60000000000002
      ],
      [
        -2.1280710864812136,
        53.9319193828851,
        126.79999999999995
      ],
      [
        -2.1282489504665136,
        53.93190689384937,
        127.60000000000002
      ],
      [
        -2.12841734290123,
        53.93190094269812,
        128.79999999999995
      ],
      [
        -2.1284887567162514,
        53.93190471455455,
        129.39999999999998
      ],
      [
        -2.1285284031182528,
        53.93190521746874,
        129.60000000000002
      ],
      [
        -2.12856687605381,
        53.931908989325166,
        129.79999999999995
      ],
      [
        -2.1285814605653286,
        53.93191016279161,
        130
      ],
      [
        -2.1287069376558065,
        53.93193547613919,
        131
      ],
      [
        -2.1288578119128942,
        53.9319674950093,
        132.20000000000005
      ],
      [
        -2.1289801876991987,
        53.931999849155545,
        133.20000000000005
      ],
      [
        -2.1290023997426033,
        53.93200512975454,
        133.39999999999998
      ],
      [
        -2.1290511824190617,
        53.93202004954219,
        133.60000000000002
      ],
      [
        -2.129157045856118,
        53.93205625936389,
        134.20000000000005
      ],
      [
        -2.1291769947856665,
        53.932061959058046,
        134.20000000000005
      ],
      [
        -2.129293419420719,
        53.932095654308796,
        134.60000000000002
      ],
      [
        -2.1294756419956684,
        53.93214862793684,
        134.39999999999998
      ],
      [
        -2.1296110935509205,
        53.93218249082565,
        134
      ],
      [
        -2.1296832617372274,
        53.93220143392682,
        133.60000000000002
      ],
      [
        -2.1296897158026695,
        53.93220864236355,
        133.60000000000002
      ],
      [
        -2.129777055233717,
        53.932229010388255,
        133.20000000000005
      ],
      [
        -2.1298143547028303,
        53.932235799729824,
        133.20000000000005
      ],
      [
        -2.1298531629145145,
        53.932247534394264,
        132.79999999999995
      ],
      [
        -2.1298705972731113,
        53.932251054793596,
        132.60000000000002
      ],
      [
        -2.129938155412674,
        53.93226781859994,
        132.20000000000005
      ],
      [
        -2.1299568470567465,
        53.932270500808954,
        132.20000000000005
      ],
      [
        -2.130078384652734,
        53.93230369314551,
        131.20000000000005
      ],
      [
        -2.130078384652734,
        53.93230369314551,
        131
      ],
      [
        -2.1300917118787766,
        53.93232439644635,
        131
      ],
      [
        -2.1300970762968063,
        53.93232556991279,
        130.39999999999998
      ],
      [
        -2.1301486250013113,
        53.9323406573385,
        130.39999999999998
      ],
      [
        -2.1301829908043146,
        53.932344261556864,
        130.39999999999998
      ],
      [
        -2.1302124951034784,
        53.93235876224935,
        130
      ],
      [
        -2.1302704140543938,
        53.93237795680761,
        130
      ],
      [
        -2.13043000549078,
        53.93242388963699,
        129
      ],
      [
        -2.1304435841739178,
        53.93242858350277,
        128.79999999999995
      ],
      [
        -2.1306095458567142,
        53.93248239532113,
        128.20000000000005
      ],
      [
        -2.130665620788932,
        53.932497315108776,
        128
      ],
      [
        -2.130665620788932,
        53.932497315108776,
        128
      ],
      [
        -2.130665620788932,
        53.932497315108776,
        127.20000000000005
      ],
      [
        -2.130665620788932,
        53.932497315108776,
        127.20000000000005
      ],
      [
        -2.130665620788932,
        53.932497315108776,
        127.20000000000005
      ],
      [
        -2.130668219178915,
        53.932483568787575,
        127.39999999999998
      ],
      [
        -2.130660004913807,
        53.93248566426337,
        127.39999999999998
      ],
      [
        -2.130668219178915,
        53.932483568787575,
        127.39999999999998
      ],
      [
        -2.130668219178915,
        53.932483568787575,
        127.60000000000002
      ],
      [
        -2.1306604240089655,
        53.932492621243,
        128.20000000000005
      ],
      [
        -2.1306634414941072,
        53.93249555490911,
        128.20000000000005
      ],
      [
        -2.1306769363582134,
        53.93250972032547,
        128.20000000000005
      ],
      [
        -2.1307110507041216,
        53.932524556294084,
        128.20000000000005
      ],
      [
        -2.1307609230279922,
        53.932543247938156,
        128
      ],
      [
        -2.1309366915374994,
        53.93260259181261,
        127.39999999999998
      ],
      [
        -2.1309490967541933,
        53.93260795623064,
        127.39999999999998
      ],
      [
        -2.1311289723962545,
        53.932677023112774,
        127.39999999999998
      ],
      [
        -2.131142970174551,
        53.93268498592079,
        127.39999999999998
      ],
      [
        -2.131273141130805,
        53.93272421322763,
        127.79999999999995
      ],
      [
        -2.13139652274549,
        53.93277031369507,
        128
      ],
      [
        -2.1315868757665157,
        53.93282571807504,
        128.20000000000005
      ],
      [
        -2.13168628513813,
        53.93285656347871,
        128.60000000000002
      ],
      [
        -2.131752334535122,
        53.93286645412445,
        128.79999999999995
      ],
      [
        -2.131912261247635,
        53.93291004002094,
        129
      ],
      [
        -2.1320483833551407,
        53.93294314853847,
        129.20000000000005
      ],
      [
        -2.132173189893365,
        53.93298891372979,
        129
      ],
      [
        -2.1323655545711517,
        53.9330452401191,
        128.39999999999998
      ],
      [
        -2.1324792969971895,
        53.93307658843696,
        128
      ],
      [
        -2.1325534768402576,
        53.93309645354748,
        127.79999999999995
      ],
      [
        -2.1326724998652935,
        53.93312386237085,
        127.20000000000005
      ],
      [
        -2.1327131520956755,
        53.93313157372177,
        127
      ],
      [
        -2.132731592282653,
        53.93313794396818,
        127
      ],
      [
        -2.1328115556389093,
        53.933161832392216,
        126.60000000000002
      ],
      [
        -2.132854638621211,
        53.93317197449505,
        126.20000000000005
      ],
      [
        -2.132960669696331,
        53.93320273607969,
        126
      ],
      [
        -2.1331219375133514,
        53.933250680565834,
        124.79999999999995
      ],
      [
        -2.1331563033163548,
        53.93326224759221,
        124.60000000000002
      ],
      [
        -2.133281361311674,
        53.93331362865865,
        124
      ],
      [
        -2.1333795972168446,
        53.9333351701498,
        123.79999999999995
      ],
      [
        -2.1334367617964745,
        53.93334640190005,
        123.39999999999998
      ],
      [
        -2.1335133723914623,
        53.93336283043027,
        123.39999999999998
      ],
      [
        -2.133648907765746,
        53.93336299806833,
        123.20000000000005
      ],
      [
        -2.1337411925196648,
        53.93334975466132,
        123
      ],
      [
        -2.1337887179106474,
        53.9333438873291,
        122.79999999999995
      ],
      [
        -2.133861891925335,
        53.933336259797215,
        122.60000000000002
      ],
      [
        -2.1338841039687395,
        53.93333441577852,
        122.39999999999998
      ],
      [
        -2.1341075655072927,
        53.93334330059588,
        122.20000000000005
      ],
      [
        -2.134227594360709,
        53.933374816551805,
        122.20000000000005
      ],
      [
        -2.1343860123306513,
        53.93344690091908,
        122
      ],
      [
        -2.1344852540642023,
        53.933509262278676,
        122
      ],
      [
        -2.134591955691576,
        53.93360196612775,
        121.79999999999995
      ],
      [
        -2.1346347872167826,
        53.933657202869654,
        121.79999999999995
      ],
      [
        -2.134700920432806,
        53.933741357177496,
        122
      ],
      [
        -2.1347833145409822,
        53.93382324837148,
        122.20000000000005
      ],
      [
        -2.13479932397604,
        53.93383163027465,
        122.20000000000005
      ],
      [
        -2.13494592346251,
        53.93388016149402,
        122.39999999999998
      ],
      [
        -2.135101156309247,
        53.933903966099024,
        122.60000000000002
      ],
      [
        -2.135234512388706,
        53.933906396850944,
        122.79999999999995
      ],
      [
        -2.1353377774357796,
        53.9339036308229,
        123.20000000000005
      ],
      [
        -2.1353639289736748,
        53.93390430137515,
        123.39999999999998
      ],
      [
        -2.1354715526103973,
        53.93390187062323,
        123.79999999999995
      ],
      [
        -2.135497033596039,
        53.9339017868042,
        123.79999999999995
      ],
      [
        -2.13559384457767,
        53.93389751203358,
        124.39999999999998
      ],
      [
        -2.1356723830103874,
        53.93389407545328,
        124.79999999999995
      ],
      [
        -2.135691661387682,
        53.933893823996186,
        124.79999999999995
      ],
      [
        -2.1357029769569635,
        53.93389365635812,
        125
      ],
      [
        -2.135813534259796,
        53.93388711847365,
        125.20000000000005
      ],
      [
        -2.135942028835416,
        53.93386658281088,
        125
      ],
      [
        -2.136038336902857,
        53.93380179069936,
        124.79999999999995
      ],
      [
        -2.1360763907432556,
        53.933792067691684,
        124.60000000000002
      ],
      [
        -2.1361669152975082,
        53.93377186730504,
        124.39999999999998
      ],
      [
        -2.136217039078474,
        53.933760300278664,
        124.39999999999998
      ],
      [
        -2.1362286061048508,
        53.93375870771706,
        124.39999999999998
      ],
      [
        -2.136280070990324,
        53.93375317566097,
        124.39999999999998
      ],
      [
        -2.1363006066530943,
        53.93374311737716,
        124.39999999999998
      ],
      [
        -2.1363515686243773,
        53.93372752703726,
        124.39999999999998
      ],
      [
        -2.136423150077462,
        53.933711014688015,
        124.39999999999998
      ],
      [
        -2.1365314442664385,
        53.933676816523075,
        124.39999999999998
      ],
      [
        -2.136675026267767,
        53.93362803384662,
        124.39999999999998
      ],
      [
        -2.1368123218417168,
        53.93359207548201,
        124.39999999999998
      ],
      [
        -2.136862277984619,
        53.93357405439019,
        124.39999999999998
      ],
      [
        -2.1369625255465508,
        53.933534575626254,
        124.60000000000002
      ],
      [
        -2.1370925288647413,
        53.933496018871665,
        124.79999999999995
      ],
      [
        -2.1372308302670717,
        53.93346508964896,
        125.20000000000005
      ],
      [
        -2.137370640411973,
        53.93343164585531,
        125.60000000000002
      ],
      [
        -2.137466613203287,
        53.93341228365898,
        125.79999999999995
      ],
      [
        -2.1374915074557066,
        53.93340876325965,
        126
      ],
      [
        -2.1376308985054493,
        53.9333959389478,
        126.60000000000002
      ],
      [
        -2.1376958582550287,
        53.93339518457651,
        127
      ],
      [
        -2.1378282085061073,
        53.93339610658586,
        127.60000000000002
      ],
      [
        -2.1379014663398266,
        53.93339719623327,
        128.20000000000005
      ],
      [
        -2.1380127780139446,
        53.93340532667935,
        128.79999999999995
      ],
      [
        -2.1380572859197855,
        53.933409517630935,
        129.20000000000005
      ],
      [
        -2.138169100508094,
        53.93342695198953,
        130
      ],
      [
        -2.1381924860179424,
        53.933428041636944,
        130.20000000000005
      ],
      [
        -2.1382914762943983,
        53.93344145268202,
        131
      ],
      [
        -2.1383327152580023,
        53.933451510965824,
        131.39999999999998
      ],
      [
        -2.138421982526779,
        53.933469615876675,
        131.79999999999995
      ],
      [
        -2.1385348867625,
        53.93349375575781,
        132.39999999999998
      ],
      [
        -2.138568665832281,
        53.93349903635681,
        132.60000000000002
      ],
      [
        -2.1386762894690037,
        53.93352066166699,
        133.39999999999998
      ],
      [
        -2.138700010254979,
        53.933530217036605,
        133.39999999999998
      ],
      [
        -2.138804867863655,
        53.933550752699375,
        133.79999999999995
      ],
      [
        -2.1389169339090586,
        53.93358084373176,
        134.39999999999998
      ],
      [
        -2.138939145952463,
        53.93358335830271,
        134.60000000000002
      ],
      [
        -2.139073424041271,
        53.933607414364815,
        135.39999999999998
      ],
      [
        -2.139118267223239,
        53.93361361697316,
        135.39999999999998
      ],
      [
        -2.1391890943050385,
        53.93361655063927,
        136
      ],
      [
        -2.139278445392847,
        53.93360682763159,
        136.39999999999998
      ],
      [
        -2.1393074467778206,
        53.93359433859587,
        136.79999999999995
      ],
      [
        -2.1394444908946753,
        53.93357430584729,
        137.39999999999998
      ],
      [
        -2.1394879929721355,
        53.93357153981924,
        137.60000000000002
      ],
      [
        -2.139580026268959,
        53.933569863438606,
        137.79999999999995
      ],
      [
        -2.1396726462990046,
        53.93355092033744,
        138.20000000000005
      ],
      [
        -2.1397701278328896,
        53.93352451734245,
        138.60000000000002
      ],
      [
        -2.139792675152421,
        53.93352250568569,
        138.79999999999995
      ],
      [
        -2.1399312280118465,
        53.93349543213844,
        139.79999999999995
      ],
      [
        -2.1400363370776176,
        53.93347472883761,
        140.39999999999998
      ],
      [
        -2.1400884725153446,
        53.93346710130572,
        140.79999999999995
      ],
      [
        -2.1401468943804502,
        53.93345721065998,
        141.39999999999998
      ],
      [
        -2.1402422804385424,
        53.93344874493778,
        142
      ],
      [
        -2.1403620578348637,
        53.93341949209571,
        143
      ],
      [
        -2.14037898927927,
        53.93341572023928,
        143
      ],
      [
        -2.1404716931283474,
        53.93341018818319,
        143.60000000000002
      ],
      [
        -2.1405264269560575,
        53.93340205773711,
        144.20000000000005
      ],
      [
        -2.1405829209834337,
        53.93340306356549,
        144.60000000000002
      ],
      [
        -2.1406183764338493,
        53.93341697752476,
        145.20000000000005
      ],
      [
        -2.140622902661562,
        53.933417899534106,
        145.20000000000005
      ],
      [
        -2.140747793018818,
        53.933399124071,
        145.79999999999995
      ],
      [
        -2.1408162731677294,
        53.93338185735047,
        146.20000000000005
      ],
      [
        -2.14083731174469,
        53.93337833695114,
        146.60000000000002
      ],
      [
        -2.140874108299613,
        53.93337406218052,
        147
      ],
      [
        -2.1409316919744015,
        53.93335754983127,
        147.20000000000005
      ],
      [
        -2.1409658063203096,
        53.933347407728434,
        147.60000000000002
      ],
      [
        -2.1410521399229765,
        53.93333257175982,
        148.39999999999998
      ],
      [
        -2.1410715859383345,
        53.933331314474344,
        148.39999999999998
      ],
      [
        -2.1411740127950907,
        53.9333179872483,
        149.39999999999998
      ],
      [
        -2.1412037685513496,
        53.93331362865865,
        149.79999999999995
      ],
      [
        -2.1413239650428295,
        53.93328814767301,
        150.39999999999998
      ],
      [
        -2.1413631923496723,
        53.93328798003495,
        151
      ],
      [
        -2.1414371207356453,
        53.933291248977184,
        151.39999999999998
      ],
      [
        -2.141436617821455,
        53.93329334445298,
        151.60000000000002
      ],
      [
        -2.1414396353065968,
        53.93329678103328,
        152.39999999999998
      ],
      [
        -2.1414296608418226,
        53.93329284153879,
        152.20000000000005
      ],
      [
        -2.14144223369658,
        53.933303067460656,
        152.20000000000005
      ],
      [
        -2.141440724954009,
        53.933305414393544,
        152.20000000000005
      ],
      [
        -2.1414361149072647,
        53.933307342231274,
        152.20000000000005
      ],
      [
        -2.141411053016782,
        53.933321591466665,
        152.20000000000005
      ],
      [
        -2.141378866508603,
        53.93336375243962,
        152.60000000000002
      ],
      [
        -2.141364701092243,
        53.933402141556144,
        153
      ],
      [
        -2.141358833760023,
        53.93342929892242,
        153.79999999999995
      ],
      [
        -2.141359504312277,
        53.933433406054974,
        154.60000000000002
      ],
      [
        -2.141358247026801,
        53.93343424424529,
        155
      ],
      [
        -2.1413661260157824,
        53.93343759700656,
        155.20000000000005
      ],
      [
        -2.141423122957349,
        53.933448577299714,
        155
      ],
      [
        -2.1414527110755444,
        53.93346156924963,
        155.20000000000005
      ],
      [
        -2.141472827643156,
        53.93347313627601,
        155.20000000000005
      ],
      [
        -2.1414733305573463,
        53.933482356369495,
        155.20000000000005
      ],
      [
        -2.141460506245494,
        53.9335029758513,
        155.20000000000005
      ],
      [
        -2.1414138190448284,
        53.93359341658652,
        155.39999999999998
      ],
      [
        -2.1413960494101048,
        53.93367706798017,
        156
      ],
      [
        -2.1413981448858976,
        53.93370263278484,
        156.20000000000005
      ],
      [
        -2.141399485990405,
        53.933734986931086,
        156.60000000000002
      ],
      [
        -2.141410382464528,
        53.93377949483693,
        156.79999999999995
      ],
      [
        -2.1414222847670317,
        53.93380866385996,
        157
      ],
      [
        -2.141423122957349,
        53.93381863832474,
        157.20000000000005
      ],
      [
        -2.1414349414408207,
        53.93390824086964,
        157.79999999999995
      ],
      [
        -2.1414618473500013,
        53.93395115621388,
        158
      ],
      [
        -2.1414670441299677,
        53.933993401005864,
        158.20000000000005
      ],
      [
        -2.1414574049413204,
        53.93408074043691,
        159
      ],
      [
        -2.141440473496914,
        53.934116028249264,
        159.20000000000005
      ],
      [
        -2.1414002403616905,
        53.934171851724386,
        159.39999999999998
      ],
      [
        -2.141298484057188,
        53.93425215035677,
        160
      ],
      [
        -2.1412411518394947,
        53.93430118449032,
        160.20000000000005
      ],
      [
        -2.1411911118775606,
        53.93433856777847,
        160.39999999999998
      ],
      [
        -2.1411028504371643,
        53.934437558054924,
        160.79999999999995
      ],
      [
        -2.1410491224378347,
        53.93451349809766,
        161.20000000000005
      ],
      [
        -2.141041746363044,
        53.93453596159816,
        161.39999999999998
      ],
      [
        -2.141011403873563,
        53.934621373191476,
        162
      ],
      [
        -2.1409896947443485,
        53.934666300192475,
        162.20000000000005
      ],
      [
        -2.140969578176737,
        53.93470276147127,
        162.39999999999998
      ],
      [
        -2.1409316919744015,
        53.934782641008496,
        162.79999999999995
      ],
      [
        -2.140899673104286,
        53.93487123772502,
        163.20000000000005
      ],
      [
        -2.1408948116004467,
        53.93488448113203,
        163.39999999999998
      ],
      [
        -2.1408487111330032,
        53.93498020246625,
        164
      ],
      [
        -2.1408289298415184,
        53.93501540645957,
        164.39999999999998
      ],
      [
        -2.140811998397112,
        53.935038624331355,
        164.60000000000002
      ],
      [
        -2.1407457813620567,
        53.935108445584774,
        165.20000000000005
      ],
      [
        -2.140732454136014,
        53.935115821659565,
        165.20000000000005
      ],
      [
        -2.140715019777417,
        53.935132920742035,
        165.39999999999998
      ],
      [
        -2.1406657341867685,
        53.93517013639212,
        165.79999999999995
      ],
      [
        -2.140597002580762,
        53.935237443074584,
        166.39999999999998
      ],
      [
        -2.1405846811830997,
        53.935243897140026,
        166.39999999999998
      ],
      [
        -2.1405048854649067,
        53.935302989557385,
        167
      ],
      [
        -2.140439758077264,
        53.9353593159467,
        167.20000000000005
      ],
      [
        -2.1404284425079823,
        53.935371888801455,
        167.20000000000005
      ],
      [
        -2.1403810009360313,
        53.935442045331,
        167.60000000000002
      ],
      [
        -2.140379659831524,
        53.935454953461885,
        167.60000000000002
      ],
      [
        -2.1403738763183355,
        53.93552804365754,
        168.20000000000005
      ],
      [
        -2.1403757203370333,
        53.935563834384084,
        168.60000000000002
      ],
      [
        -2.1403650753200054,
        53.93562141805887,
        169.20000000000005
      ],
      [
        -2.1403397619724274,
        53.93570297397673,
        169.60000000000002
      ],
      [
        -2.1403385046869516,
        53.935713451355696,
        169.60000000000002
      ],
      [
        -2.1402981877326965,
        53.93582308664918,
        169.79999999999995
      ],
      [
        -2.1402611397206783,
        53.935911264270544,
        170
      ],
      [
        -2.1402319706976414,
        53.93601796589792,
        170.20000000000005
      ],
      [
        -2.1401951741427183,
        53.936086781322956,
        170
      ],
      [
        -2.1401912346482277,
        53.93609784543514,
        170
      ],
      [
        -2.1401588805019855,
        53.9361796528101,
        169.60000000000002
      ],
      [
        -2.1401447150856256,
        53.93626774661243,
        169.20000000000005
      ],
      [
        -2.140146140009165,
        53.93630982376635,
        168.60000000000002
      ],
      [
        -2.1401503309607506,
        53.93632885068655,
        168.39999999999998
      ],
      [
        -2.140187965705991,
        53.93642163835466,
        167.60000000000002
      ],
      [
        -2.1401960123330355,
        53.936431696638465,
        167.39999999999998
      ],
      [
        -2.140251249074936,
        53.93651501275599,
        166.39999999999998
      ],
      [
        -2.1402557753026485,
        53.93653001636267,
        166.39999999999998
      ],
      [
        -2.1402613073587418,
        53.936599250882864,
        165.60000000000002
      ],
      [
        -2.140252673998475,
        53.93662355840206,
        165.20000000000005
      ],
      [
        -2.1402546856552362,
        53.93669866025448,
        164.39999999999998
      ],
      [
        -2.1402514167129993,
        53.9367198664695,
        164.20000000000005
      ],
      [
        -2.14025292545557,
        53.9368165936321,
        163
      ],
      [
        -2.1402084175497293,
        53.93692103214562,
        162.20000000000005
      ],
      [
        -2.140205232426524,
        53.9369305036962,
        162
      ],
      [
        -2.140170531347394,
        53.93700376152992,
        161.20000000000005
      ],
      [
        -2.14016399346292,
        53.93701423890889,
        161
      ],
      [
        -2.14012099429965,
        53.93710300326347,
        160.20000000000005
      ],
      [
        -2.140101632103324,
        53.93714373931289,
        160
      ],
      [
        -2.14006626047194,
        53.937222277745605,
        159.39999999999998
      ],
      [
        -2.140040025115013,
        53.93729796633124,
        158.79999999999995
      ],
      [
        -2.1400330681353807,
        53.93732168711722,
        158.79999999999995
      ],
      [
        -2.140016807243228,
        53.93734557554126,
        158.20000000000005
      ],
      [
        -2.1399945951998234,
        53.93738673068583,
        158.20000000000005
      ],
      [
        -2.1399536076933146,
        53.93745621666312,
        157.79999999999995
      ],
      [
        -2.13994849473238,
        53.937469124794006,
        157.79999999999995
      ],
      [
        -2.1399005502462387,
        53.93757146783173,
        157.39999999999998
      ],
      [
        -2.13986836373806,
        53.937652269378304,
        156.79999999999995
      ],
      [
        -2.139845648780465,
        53.937727538868785,
        155.79999999999995
      ],
      [
        -2.139839446172118,
        53.93773986026645,
        155.60000000000002
      ],
      [
        -2.139822095632553,
        53.937822338193655,
        154.60000000000002
      ],
      [
        -2.139809438958764,
        53.937845807522535,
        154.39999999999998
      ],
      [
        -2.139797620475292,
        53.937884867191315,
        153.60000000000002
      ],
      [
        -2.139779096469283,
        53.937945971265435,
        152.60000000000002
      ],
      [
        -2.139774989336729,
        53.93795996904373,
        152.39999999999998
      ],
      [
        -2.1397484187036753,
        53.93804010003805,
        151.60000000000002
      ],
      [
        -2.139745904132724,
        53.938053008168936,
        151.39999999999998
      ],
      [
        -2.1396977081894875,
        53.93816348165274,
        150.60000000000002
      ],
      [
        -2.1396847162395716,
        53.938186364248395,
        150.39999999999998
      ],
      [
        -2.139638364315033,
        53.93828107975423,
        149.79999999999995
      ],
      [
        -2.139617996290326,
        53.938346123322845,
        149.39999999999998
      ],
      [
        -2.1396079380065203,
        53.93840253353119,
        149.20000000000005
      ],
      [
        -2.1395781822502613,
        53.9384847600013,
        148.60000000000002
      ],
      [
        -2.139539374038577,
        53.93857654184103,
        148.39999999999998
      ],
      [
        -2.1395286452025175,
        53.9385867677629,
        148.39999999999998
      ],
      [
        -2.139435773715377,
        53.93866882659495,
        147.79999999999995
      ],
      [
        -2.139385901391506,
        53.938710652291775,
        147
      ],
      [
        -2.139335609972477,
        53.93876354210079,
        146.20000000000005
      ],
      [
        -2.139322953298688,
        53.938783993944526,
        146
      ],
      [
        -2.139277271926403,
        53.938855743035674,
        144.79999999999995
      ],
      [
        -2.1392720751464367,
        53.93886622041464,
        144.60000000000002
      ],
      [
        -2.1392662078142166,
        53.938922211527824,
        143.60000000000002
      ],
      [
        -2.139283809810877,
        53.93896194174886,
        143.20000000000005
      ],
      [
        -2.139313481748104,
        53.93900359980762,
        142.39999999999998
      ],
      [
        -2.139356480911374,
        53.93904525786638,
        141.79999999999995
      ],
      [
        -2.139390679076314,
        53.93908389844,
        141.39999999999998
      ],
      [
        -2.1394297387450933,
        53.93915321677923,
        141
      ],
      [
        -2.1394609194248915,
        53.939240807667375,
        140.60000000000002
      ],
      [
        -2.1394803654402494,
        53.939292691648006,
        140.20000000000005
      ],
      [
        -2.1394986379891634,
        53.93935111351311,
        140
      ],
      [
        -2.1395243704319,
        53.93946326337755,
        139.60000000000002
      ],
      [
        -2.1395601611584425,
        53.93956560641527,
        139.39999999999998
      ],
      [
        -2.1395780984312296,
        53.93958899192512,
        139.20000000000005
      ],
      [
        -2.139579690992832,
        53.93959670327604,
        139.20000000000005
      ],
      [
        -2.1396614983677864,
        53.93965453840792,
        139.20000000000005
      ],
      [
        -2.1397680323570967,
        53.93972570076585,
        139.39999999999998
      ],
      [
        -2.139845145866275,
        53.939809519797564,
        140
      ],
      [
        -2.139882445335388,
        53.93990750424564,
        140.79999999999995
      ],
      [
        -2.139886971563101,
        53.93996709957719,
        141.20000000000005
      ],
      [
        -2.1398896537721157,
        53.93997707404196,
        141.20000000000005
      ],
      [
        -2.1398852951824665,
        53.93999995663762,
        141.39999999999998
      ],
      [
        -2.13990842923522,
        53.94006357528269,
        141.79999999999995
      ],
      [
        -2.139912871643901,
        53.94007774069905,
        141.79999999999995
      ],
      [
        -2.1399150509387255,
        53.94015569239855,
        142.20000000000005
      ],
      [
        -2.1399206668138504,
        53.940181424841285,
        142.39999999999998
      ],
      [
        -2.139938184991479,
        53.940288461744785,
        143
      ],
      [
        -2.1399533562362194,
        53.94038401544094,
        143.39999999999998
      ],
      [
        -2.139977077022195,
        53.94048837013543,
        143.60000000000002
      ],
      [
        -2.1399949304759502,
        53.94061309285462,
        143.39999999999998
      ],
      [
        -2.139997025951743,
        53.94063756801188,
        143.20000000000005
      ],
      [
        -2.140027452260256,
        53.94077830016613,
        142.79999999999995
      ],
      [
        -2.140045892447233,
        53.94085843116045,
        142.20000000000005
      ],
      [
        -2.1400549449026585,
        53.940906124189496,
        141.79999999999995
      ],
      [
        -2.1400764025747776,
        53.94102112390101,
        141.20000000000005
      ],
      [
        -2.140076234936714,
        53.94115732982755,
        140.79999999999995
      ],
      [
        -2.1401353273540735,
        53.941267132759094,
        140.20000000000005
      ],
      [
        -2.1401353273540735,
        53.941267132759094,
        140.20000000000005
      ],
      [
        -2.140237921848893,
        53.94135036505759,
        140
      ],
      [
        -2.140213781967759,
        53.94135061651468,
        139.79999999999995
      ],
      [
        -2.1402090042829514,
        53.941357992589474,
        139.79999999999995
      ],
      [
        -2.140218475833535,
        53.941346257925034,
        139.79999999999995
      ],
      [
        -2.140218475833535,
        53.941346257925034,
        139.79999999999995
      ],
      [
        -2.140218475833535,
        53.941346257925034,
        139.79999999999995
      ],
      [
        -2.140218475833535,
        53.941346257925034,
        139.79999999999995
      ],
      [
        -2.140218475833535,
        53.941346257925034,
        139.79999999999995
      ],
      [
        -2.140218475833535,
        53.941346257925034,
        139.79999999999995
      ],
      [
        -2.140218475833535,
        53.941346257925034,
        139.79999999999995
      ],
      [
        -2.140210010111332,
        53.94134600646794,
        139.79999999999995
      ],
      [
        -2.1402189787477255,
        53.94134022295475,
        139.79999999999995
      ],
      [
        -2.140202047303319,
        53.94133494235575,
        139.79999999999995
      ],
      [
        -2.1402012929320335,
        53.94134173169732,
        139.79999999999995
      ],
      [
        -2.140218475833535,
        53.941346257925034,
        140
      ],
      [
        -2.1401921566575766,
        53.94134357571602,
        139.79999999999995
      ],
      [
        -2.1402059867978096,
        53.941344330087304,
        139.79999999999995
      ],
      [
        -2.140193162485957,
        53.94133863039315,
        139.79999999999995
      ],
      [
        -2.1401971857994795,
        53.94134793430567,
        139.79999999999995
      ],
      [
        -2.1401653345674276,
        53.94134466536343,
        139.79999999999995
      ],
      [
        -2.1401653345674276,
        53.94134466536343,
        139.60000000000002
      ],
      [
        -2.1401838585734367,
        53.94134717993438,
        139.79999999999995
      ],
      [
        -2.1402142848819494,
        53.941344413906336,
        139.60000000000002
      ],
      [
        -2.1402168832719326,
        53.941350784152746,
        139.60000000000002
      ],
      [
        -2.140217050909996,
        53.94135086797178,
        139.20000000000005
      ],
      [
        -2.14020699262619,
        53.941340474411845,
        139
      ],
      [
        -2.1402210742235184,
        53.94134835340083,
        139
      ],
      [
        -2.140222080051899,
        53.941350281238556,
        139
      ],
      [
        -2.140222080051899,
        53.941350281238556,
        139
      ],
      [
        -2.140213865786791,
        53.94135002978146,
        139
      ],
      [
        -2.1402130275964737,
        53.9413498621434,
        139
      ],
      [
        -2.140222080051899,
        53.941350281238556,
        139
      ],
      [
        -2.140222080051899,
        53.941350281238556,
        139
      ],
      [
        -2.140222080051899,
        53.941350281238556,
        139
      ],
      [
        -2.140222080051899,
        53.941350281238556,
        139.39999999999998
      ],
      [
        -2.140222080051899,
        53.941350281238556,
        139.39999999999998
      ],
      [
        -2.140222666785121,
        53.9413464255631,
        139.60000000000002
      ],
      [
        -2.140214452520013,
        53.941345335915685,
        139.39999999999998
      ],
      [
        -2.140183774754405,
        53.94132798537612,
        139.39999999999998
      ],
      [
        -2.140193246304989,
        53.941338462755084,
        139.20000000000005
      ],
      [
        -2.1401753090322018,
        53.94133477471769,
        139.20000000000005
      ],
      [
        -2.140175560489297,
        53.94133678637445,
        139.20000000000005
      ],
      [
        -2.1401947550475597,
        53.94134374335408,
        139.20000000000005
      ],
      [
        -2.1401947550475597,
        53.94134374335408,
        139.20000000000005
      ],
      [
        -2.1401947550475597,
        53.94134374335408,
        139.20000000000005
      ],
      [
        -2.140185534954071,
        53.941339049488306,
        139.20000000000005
      ],
      [
        -2.1401947550475597,
        53.94134374335408,
        139.20000000000005
      ],
      [
        -2.1401805896312,
        53.94133301451802,
        138.60000000000002
      ],
      [
        -2.1401805896312,
        53.94133301451802,
        138.60000000000002
      ],
      [
        -2.1401805896312,
        53.94133301451802,
        138.60000000000002
      ],
      [
        -2.1401805896312,
        53.94133301451802,
        138.39999999999998
      ],
      [
        -2.1401805896312,
        53.94133301451802,
        138.39999999999998
      ],
      [
        -2.1401805896312,
        53.94133301451802,
        138.39999999999998
      ],
      [
        -2.1401805896312,
        53.94133301451802,
        138.39999999999998
      ],
      [
        -2.1401887200772762,
        53.94132848829031,
        138.39999999999998
      ],
      [
        -2.1401805896312,
        53.94133301451802,
        138.39999999999998
      ],
      [
        -2.1401805896312,
        53.94133301451802,
        138.39999999999998
      ],
      [
        -2.140184612944722,
        53.94132354296744,
        138.39999999999998
      ],
      [
        -2.1401853673160076,
        53.94132471643388,
        138.39999999999998
      ],
      [
        -2.140184948220849,
        53.94131960347295,
        138.39999999999998
      ],
      [
        -2.140184948220849,
        53.94131960347295,
        138.79999999999995
      ],
      [
        -2.140184948220849,
        53.94131960347295,
        138.79999999999995
      ],
      [
        -2.140184948220849,
        53.94131960347295,
        138.79999999999995
      ],
      [
        -2.140167346224189,
        53.94132882356644,
        138.79999999999995
      ],
      [
        -2.140167346224189,
        53.94132882356644,
        138.60000000000002
      ],
      [
        -2.140167346224189,
        53.94132882356644,
        138.60000000000002
      ],
      [
        -2.140167346224189,
        53.94132882356644,
        138.60000000000002
      ],
      [
        -2.140167346224189,
        53.94132882356644,
        138.60000000000002
      ],
      [
        -2.1401794999837875,
        53.94132907502353,
        138.60000000000002
      ],
      [
        -2.140167346224189,
        53.94132882356644,
        138.60000000000002
      ],
      [
        -2.1401939168572426,
        53.941327231004834,
        138.60000000000002
      ],
      [
        -2.1401939168572426,
        53.941327231004834,
        138.60000000000002
      ],
      [
        -2.1401939168572426,
        53.941327231004834,
        138.60000000000002
      ],
      [
        -2.1401939168572426,
        53.941327231004834,
        138.79999999999995
      ],
      [
        -2.1401939168572426,
        53.941327231004834,
        138.60000000000002
      ],
      [
        -2.1401939168572426,
        53.941327231004834,
        138.60000000000002
      ],
      [
        -2.1401939168572426,
        53.941327231004834,
        138.60000000000002
      ],
      [
        -2.1401939168572426,
        53.941327231004834,
        138.79999999999995
      ],
      [
        -2.1401939168572426,
        53.941327231004834,
        138.79999999999995
      ],
      [
        -2.1401939168572426,
        53.941327231004834,
        138.60000000000002
      ],
      [
        -2.1401939168572426,
        53.941327231004834,
        138.79999999999995
      ],
      [
        -2.1401939168572426,
        53.941327231004834,
        138.79999999999995
      ],
      [
        -2.1401939168572426,
        53.941327231004834,
        138.60000000000002
      ],
      [
        -2.1401939168572426,
        53.941327231004834,
        138.60000000000002
      ],
      [
        -2.1401939168572426,
        53.941327231004834,
        138.60000000000002
      ],
      [
        -2.1401939168572426,
        53.941327231004834,
        138.60000000000002
      ],
      [
        -2.1401939168572426,
        53.941327231004834,
        138.60000000000002
      ],
      [
        -2.1401939168572426,
        53.941327231004834,
        138.60000000000002
      ],
      [
        -2.1401939168572426,
        53.941327231004834,
        138.60000000000002
      ],
      [
        -2.1401939168572426,
        53.941327231004834,
        138.60000000000002
      ],
      [
        -2.1401939168572426,
        53.941327231004834,
        138.60000000000002
      ],
      [
        -2.1401939168572426,
        53.941327231004834,
        138.60000000000002
      ],
      [
        -2.1401857025921345,
        53.94133812747896,
        138.60000000000002
      ],
      [
        -2.14018109254539,
        53.94133720546961,
        138.60000000000002
      ],
      [
        -2.1401939168572426,
        53.941327231004834,
        138.60000000000002
      ],
      [
        -2.140189977362752,
        53.941326308995485,
        138.79999999999995
      ],
      [
        -2.140198275446892,
        53.941336032003164,
        139.20000000000005
      ],
      [
        -2.140213865786791,
        53.94133913330734,
        139.20000000000005
      ],
      [
        -2.140213865786791,
        53.94133913330734,
        139.20000000000005
      ],
      [
        -2.140213865786791,
        53.94133913330734,
        139.20000000000005
      ],
      [
        -2.140213865786791,
        53.94133913330734,
        139
      ],
      [
        -2.1402024663984776,
        53.94133720546961,
        139
      ],
      [
        -2.140213865786791,
        53.94133913330734,
        139
      ],
      [
        -2.140213865786791,
        53.94133913330734,
        139.20000000000005
      ],
      [
        -2.140213865786791,
        53.94133913330734,
        139
      ],
      [
        -2.140195593237877,
        53.941345419734716,
        139
      ],
      [
        -2.140183188021183,
        53.94133192487061,
        139
      ],
      [
        -2.1401827689260244,
        53.94133192487061,
        139
      ],
      [
        -2.1401827689260244,
        53.94133192487061,
        139
      ],
      [
        -2.1401827689260244,
        53.94133192487061,
        139
      ],
      [
        -2.140176482498646,
        53.941327817738056,
        139
      ],
      [
        -2.140177069231868,
        53.94132815301418,
        139
      ],
      [
        -2.140178829431534,
        53.94133678637445,
        138.79999999999995
      ],
      [
        -2.1401827689260244,
        53.94133192487061,
        138.79999999999995
      ],
      [
        -2.140189725905657,
        53.94134701229632,
        139
      ],
      [
        -2.1401898935437202,
        53.94134692847729,
        139
      ],
      [
        -2.140181763097644,
        53.94134508445859,
        139
      ],
      [
        -2.140179416164756,
        53.941338965669274,
        139
      ],
      [
        -2.1401898097246885,
        53.94134575501084,
        139
      ],
      [
        -2.1401898097246885,
        53.94134575501084,
        139
      ],
      [
        -2.1401898097246885,
        53.94134575501084,
        139
      ],
      [
        -2.1401898097246885,
        53.94134575501084,
        138.79999999999995
      ],
      [
        -2.1401727106422186,
        53.941337959840894,
        139
      ],
      [
        -2.140174303203821,
        53.94133712165058,
        139
      ],
      [
        -2.1401898097246885,
        53.94134575501084,
        139
      ],
      [
        -2.1401919052004814,
        53.941346844658256,
        139
      ],
      [
        -2.140193749219179,
        53.94134902395308,
        139
      ],
      [
        -2.140171453356743,
        53.94133879803121,
        139
      ],
      [
        -2.140170531347394,
        53.94133988767862,
        139
      ],
      [
        -2.1401618979871273,
        53.94134751521051,
        139.20000000000005
      ],
      [
        -2.1401898097246885,
        53.94134575501084,
        139
      ],
      [
        -2.140174387022853,
        53.94134550355375,
        139
      ],
      [
        -2.1401778236031532,
        53.9413427375257,
        139
      ],
      [
        -2.1401860378682613,
        53.94134600646794,
        139.20000000000005
      ],
      [
        -2.1401947550475597,
        53.94134944304824,
        139
      ],
      [
        -2.140174387022853,
        53.9413564838469,
        139
      ],
      [
        -2.1401898097246885,
        53.94134575501084,
        139
      ],
      [
        -2.1401898097246885,
        53.94134575501084,
        139
      ],
      [
        -2.1401763148605824,
        53.941331673413515,
        139.20000000000005
      ],
      [
        -2.14018939062953,
        53.94134039059281,
        139.20000000000005
      ],
      [
        -2.1401894744485617,
        53.94133619964123,
        139.20000000000005
      ],
      [
        -2.1401797514408827,
        53.94132697954774,
        139.20000000000005
      ],
      [
        -2.140240855515003,
        53.94133443944156,
        139.20000000000005
      ],
      [
        -2.140350239351392,
        53.94138959236443,
        139
      ],
      [
        -2.1403567772358656,
        53.94139680080116,
        138.79999999999995
      ],
      [
        -2.1403346490114927,
        53.941384898498654,
        138.79999999999995
      ],
      [
        -2.1402976009994745,
        53.94137240946293,
        138.79999999999995
      ],
      [
        -2.1401880495250225,
        53.941320441663265,
        139
      ],
      [
        -2.1402044780552387,
        53.941318430006504,
        139.39999999999998
      ],
      [
        -2.1402795799076557,
        53.94135598093271,
        139.39999999999998
      ],
      [
        -2.1403954178094864,
        53.94142479635775,
        139.20000000000005
      ],
      [
        -2.1405141055583954,
        53.941477267071605,
        138.39999999999998
      ],
      [
        -2.1405676659196615,
        53.94153954461217,
        138.20000000000005
      ],
      [
        -2.140574622899294,
        53.94155278801918,
        138.20000000000005
      ],
      [
        -2.1405638102442026,
        53.94155186600983,
        138.20000000000005
      ],
      [
        -2.1405580267310143,
        53.94158707000315,
        138
      ],
      [
        -2.1405614633113146,
        53.941599475219846,
        138
      ],
      [
        -2.1405723597854376,
        53.94166845828295,
        138.20000000000005
      ],
      [
        -2.140575796365738,
        53.941700309515,
        138.20000000000005
      ],
      [
        -2.1405791491270065,
        53.94171858206391,
        138.20000000000005
      ],
      [
        -2.140566911548376,
        53.94170776940882,
        138.39999999999998
      ],
      [
        -2.1405852679163218,
        53.94171196036041,
        138.39999999999998
      ],
      [
        -2.1405856031924486,
        53.941711876541376,
        138.39999999999998
      ],
      [
        -2.140585519373417,
        53.94171413965523,
        138.39999999999998
      ],
      [
        -2.140596667304635,
        53.94171120598912,
        138.39999999999998
      ],
      [
        -2.140597002580762,
        53.94170567393303,
        138.20000000000005
      ],
      [
        -2.140597589313984,
        53.94170818850398,
        138.20000000000005
      ],
      [
        -2.140599014237523,
        53.94172227010131,
        138.20000000000005
      ],
      [
        -2.140612257644534,
        53.94178127869964,
        138.39999999999998
      ],
      [
        -2.1406148560345173,
        53.94181371666491,
        138.60000000000002
      ],
      [
        -2.1406395826488733,
        53.94187641330063,
        139.20000000000005
      ],
      [
        -2.140644444152713,
        53.941885298117995,
        139.39999999999998
      ],
      [
        -2.1406675782054663,
        53.941959058865905,
        140
      ],
      [
        -2.1406739484518766,
        53.94197213463485,
        140.39999999999998
      ],
      [
        -2.1406905446201563,
        53.942001638934016,
        140.79999999999995
      ],
      [
        -2.1407279279083014,
        53.94205838441849,
        141.20000000000005
      ],
      [
        -2.1407337114214897,
        53.94206877797842,
        141.39999999999998
      ],
      [
        -2.140762796625495,
        53.942113956436515,
        142
      ],
      [
        -2.140781069174409,
        53.94214807078242,
        142.39999999999998
      ],
      [
        -2.1408002637326717,
        53.942183358594775,
        142.79999999999995
      ],
      [
        -2.1408218890428543,
        53.94222711212933,
        143.60000000000002
      ],
      [
        -2.1408378146588802,
        53.942256197333336,
        143.79999999999995
      ],
      [
        -2.140882657840848,
        53.94231889396906,
        144.39999999999998
      ],
      [
        -2.1408890280872583,
        53.94233029335737,
        144.60000000000002
      ],
      [
        -2.140902690589428,
        53.942345548421144,
        144.79999999999995
      ],
      [
        -2.140950970351696,
        53.94240380264819,
        145.20000000000005
      ],
      [
        -2.14098684489727,
        53.94244386814535,
        145.60000000000002
      ],
      [
        -2.141024898737669,
        53.94249147735536,
        146
      ],
      [
        -2.1411113999783993,
        53.942590383812785,
        146.60000000000002
      ],
      [
        -2.1411632001399994,
        53.94266825169325,
        147.20000000000005
      ],
      [
        -2.141173677518964,
        53.94267428666353,
        147.39999999999998
      ],
      [
        -2.141179796308279,
        53.94268493168056,
        147.39999999999998
      ],
      [
        -2.141195135191083,
        53.94273295998573,
        147.60000000000002
      ],
      [
        -2.1412055287510157,
        53.94275416620076,
        147.79999999999995
      ],
      [
        -2.1412386372685432,
        53.942840499803424,
        148.20000000000005
      ],
      [
        -2.141270572319627,
        53.94293420948088,
        148.20000000000005
      ],
      [
        -2.1413401421159506,
        53.94300017505884,
        147.79999999999995
      ],
      [
        -2.1414323430508375,
        53.943078545853496,
        147
      ],
      [
        -2.1414738334715366,
        53.943113666027784,
        146.60000000000002
      ],
      [
        -2.141554970294237,
        53.943167896941304,
        145.79999999999995
      ],
      [
        -2.1416114643216133,
        53.94320636987686,
        145.39999999999998
      ],
      [
        -2.141673658043146,
        53.94324651919305,
        144.79999999999995
      ],
      [
        -2.1417115442454815,
        53.943280382081866,
        144.20000000000005
      ],
      [
        -2.1417139749974012,
        53.94328013062477,
        143.79999999999995
      ],
      [
        -2.1417139749974012,
        53.94328013062477,
        143.60000000000002
      ],
      [
        -2.1417139749974012,
        53.94328013062477,
        143.60000000000002
      ],
      [
        -2.141724117100239,
        53.943288177251816,
        143.60000000000002
      ],
      [
        -2.1417245361953974,
        53.943295888602734,
        143.39999999999998
      ],
      [
        -2.141732834279537,
        53.94330401904881,
        143.39999999999998
      ],
      [
        -2.1417530346661806,
        53.94332665018737,
        143.20000000000005
      ],
      [
        -2.1417592372745275,
        53.9433357026428,
        143.20000000000005
      ],
      [
        -2.1417779289186,
        53.94338088110089,
        142.20000000000005
      ],
      [
        -2.141789412125945,
        53.943395130336285,
        141.79999999999995
      ],
      [
        -2.14178329333663,
        53.943415163084865,
        141
      ],
      [
        -2.141793854534626,
        53.94343544729054,
        140.39999999999998
      ],
      [
        -2.1418013144284487,
        53.94345313310623,
        139.79999999999995
      ],
      [
        -2.1418393682688475,
        53.94349303096533,
        138.60000000000002
      ],
      [
        -2.1418522763997316,
        53.943506106734276,
        138.20000000000005
      ],
      [
        -2.1418611612170935,
        53.94352781586349,
        137.39999999999998
      ],
      [
        -2.141880188137293,
        53.94355044700205,
        136.60000000000002
      ],
      [
        -2.1418827027082443,
        53.94355069845915,
        136.20000000000005
      ],
      [
        -2.141899298876524,
        53.94357274286449,
        135.79999999999995
      ],
      [
        -2.1419108659029007,
        53.943597888574004,
        135.20000000000005
      ],
      [
        -2.141922265291214,
        53.9436118863523,
        134.79999999999995
      ],
      [
        -2.1419530268758535,
        53.94364750944078,
        134
      ],
      [
        -2.14198705740273,
        53.94368262961507,
        132.60000000000002
      ],
      [
        -2.1420225966721773,
        53.94369629211724,
        131.60000000000002
      ],
      [
        -2.142079509794712,
        53.94370869733393,
        130.79999999999995
      ],
      [
        -2.1421087626367807,
        53.94371481612325,
        130.60000000000002
      ],
      [
        -2.1421906538307667,
        53.94374758936465,
        129.60000000000002
      ],
      [
        -2.142206495627761,
        53.943758234381676,
        129.39999999999998
      ],
      [
        -2.14223088696599,
        53.9438069332391,
        128.39999999999998
      ],
      [
        -2.1422354970127344,
        53.94381808117032,
        128
      ],
      [
        -2.142248321324587,
        53.94386485219002,
        127.20000000000005
      ],
      [
        -2.1422784961760044,
        53.9438933506608,
        126.39999999999998
      ],
      [
        -2.1423028875142336,
        53.94391614943743,
        126.20000000000005
      ],
      [
        -2.1423598006367683,
        53.94396359100938,
        125.39999999999998
      ],
      [
        -2.1423860359936953,
        53.944019582122564,
        125
      ],
      [
        -2.142392322421074,
        53.944023018702865,
        125
      ],
      [
        -2.1423898078501225,
        53.94402176141739,
        125
      ],
      [
        -2.14238821528852,
        53.94402670674026,
        125
      ],
      [
        -2.1423986088484526,
        53.94407641142607,
        125
      ],
      [
        -2.1424381714314222,
        53.94414095208049,
        125.20000000000005
      ],
      [
        -2.142509752884507,
        53.94423642195761,
        125.20000000000005
      ],
      [
        -2.142548142001033,
        53.944291323423386,
        125.20000000000005
      ],
      [
        -2.142575215548277,
        53.94434756599367,
        125.60000000000002
      ],
      [
        -2.142575215548277,
        53.94434756599367,
        126
      ],
      [
        -2.142575215548277,
        53.94434756599367,
        126.20000000000005
      ],
      [
        -2.142575215548277,
        53.94434756599367,
        126.20000000000005
      ],
      [
        -2.142576975747943,
        53.944345973432064,
        126.39999999999998
      ],
      [
        -2.142575215548277,
        53.94434756599367,
        126.39999999999998
      ],
      [
        -2.142592566087842,
        53.9443579595536,
        126.20000000000005
      ],
      [
        -2.1425903867930174,
        53.94435653463006,
        126.39999999999998
      ],
      [
        -2.1425976790487766,
        53.9443545229733,
        126.39999999999998
      ],
      [
        -2.1426021214574575,
        53.94435737282038,
        126.20000000000005
      ],
      [
        -2.1426089107990265,
        53.94438821822405,
        126.20000000000005
      ],
      [
        -2.142585776746273,
        53.94445963203907,
        126.79999999999995
      ],
      [
        -2.142585441470146,
        53.94450221210718,
        127.39999999999998
      ],
      [
        -2.142587788403034,
        53.94452325068414,
        127.60000000000002
      ],
      [
        -2.1425923984497786,
        53.94455091096461,
        128.20000000000005
      ],
      [
        -2.1425961703062057,
        53.94456407055259,
        128.60000000000002
      ],
      [
        -2.142598433420062,
        53.94459826871753,
        129
      ],
      [
        -2.142603462561965,
        53.944621067494154,
        129.39999999999998
      ],
      [
        -2.1426088269799948,
        53.94463992677629,
        129.60000000000002
      ],
      [
        -2.1426139399409294,
        53.94467764534056,
        130
      ],
      [
        -2.1426168736070395,
        53.944719303399324,
        130.60000000000002
      ],
      [
        -2.1426171250641346,
        53.9447414316237,
        131
      ],
      [
        -2.142628775909543,
        53.94481183961034,
        131.60000000000002
      ],
      [
        -2.1426324639469385,
        53.94483505748212,
        131.79999999999995
      ],
      [
        -2.142645623534918,
        53.94493052735925,
        132.39999999999998
      ],
      [
        -2.142653837800026,
        53.944977298378944,
        132.79999999999995
      ],
      [
        -2.142673283815384,
        53.94504100084305,
        133.39999999999998
      ],
      [
        -2.1426999382674694,
        53.94510621204972,
        133.79999999999995
      ],
      [
        -2.142710415646434,
        53.94513018429279,
        134.20000000000005
      ],
      [
        -2.142724161967635,
        53.945222636684775,
        135
      ],
      [
        -2.1427560970187187,
        53.9453268237412,
        135.79999999999995
      ],
      [
        -2.1427584439516068,
        53.94535046070814,
        136
      ],
      [
        -2.142778392881155,
        53.94541718065739,
        136.39999999999998
      ],
      [
        -2.142793731763959,
        53.94547023810446,
        137
      ],
      [
        -2.1427996829152107,
        53.94549353979528,
        137.20000000000005
      ],
      [
        -2.1428183745592833,
        53.94556386396289,
        138
      ],
      [
        -2.1428298577666283,
        53.945589512586594,
        138.39999999999998
      ],
      [
        -2.1428503934293985,
        53.9456410612911,
        139.20000000000005
      ],
      [
        -2.1428492199629545,
        53.94564558751881,
        139.39999999999998
      ],
      [
        -2.1428482979536057,
        53.94571281038225,
        140.20000000000005
      ],
      [
        -2.142860619351268,
        53.945776177570224,
        141.20000000000005
      ],
      [
        -2.142862379550934,
        53.945785062387586,
        141.39999999999998
      ],
      [
        -2.1428622119128704,
        53.94585236907005,
        142.39999999999998
      ],
      [
        -2.142863217741251,
        53.945860834792256,
        142.39999999999998
      ],
      [
        -2.142874700948596,
        53.945939876139164,
        143.39999999999998
      ],
      [
        -2.1428923029452562,
        53.94602486863732,
        144.39999999999998
      ],
      [
        -2.142902947962284,
        53.94609410315752,
        145.20000000000005
      ],
      [
        -2.1429181192070246,
        53.946125619113445,
        145.39999999999998
      ],
      [
        -2.142933290451765,
        53.94615923054516,
        145.79999999999995
      ],
      [
        -2.142961034551263,
        53.946240451186895,
        146.60000000000002
      ],
      [
        -2.1429690811783075,
        53.94625402987003,
        146.60000000000002
      ],
      [
        -2.1430024411529303,
        53.94634480588138,
        147.39999999999998
      ],
      [
        -2.1430176123976707,
        53.94637565128505,
        147.60000000000002
      ],
      [
        -2.143048793077469,
        53.9464199077338,
        147.79999999999995
      ],
      [
        -2.1430969890207052,
        53.94647723995149,
        148.39999999999998
      ],
      [
        -2.143102688714862,
        53.946495931595564,
        148.60000000000002
      ],
      [
        -2.1431322768330574,
        53.94652912393212,
        148.79999999999995
      ],
      [
        -2.143132109194994,
        53.94653499126434,
        149
      ],
      [
        -2.143132109194994,
        53.946535577997565,
        149
      ],
      [
        -2.143132360652089,
        53.94653524272144,
        149
      ],
      [
        -2.143133031204343,
        53.94653633236885,
        149
      ],
      [
        -2.1431423351168633,
        53.94653582945466,
        149
      ],
      [
        -2.1431498788297176,
        53.94653691910207,
        149.20000000000005
      ],
      [
        -2.1431592665612698,
        53.94655209034681,
        149.20000000000005
      ],
      [
        -2.1431758627295494,
        53.946583438664675,
        149.39999999999998
      ],
      [
        -2.143183993175626,
        53.94659701734781,
        149.39999999999998
      ],
      [
        -2.143204528838396,
        53.94665937870741,
        149.60000000000002
      ],
      [
        -2.143235458061099,
        53.94674244336784,
        150.39999999999998
      ],
      [
        -2.143267225474119,
        53.94683028571308,
        150.79999999999995
      ],
      [
        -2.1432703267782927,
        53.94686557352543,
        150.79999999999995
      ],
      [
        -2.1432771999388933,
        53.946890300139785,
        150.79999999999995
      ],
      [
        -2.143276110291481,
        53.946927431970835,
        150.60000000000002
      ],
      [
        -2.143280887976289,
        53.9470052998513,
        150.20000000000005
      ],
      [
        -2.143284408375621,
        53.947086436674,
        150
      ],
      [
        -2.1432938799262047,
        53.94714720547199,
        149.60000000000002
      ],
      [
        -2.1432986576110125,
        53.947169249877334,
        149.39999999999998
      ],
      [
        -2.143303854390979,
        53.94721099175513,
        149.20000000000005
      ],
      [
        -2.1433030162006617,
        53.9472228102386,
        149
      ],
      [
        -2.1433001663535833,
        53.94724393263459,
        149
      ],
      [
        -2.1433000825345516,
        53.94726832397282,
        148.60000000000002
      ],
      [
        -2.143301088362932,
        53.9472798909992,
        148.60000000000002
      ],
      [
        -2.1432868391275406,
        53.94736932590604,
        147.60000000000002
      ],
      [
        -2.1432876773178577,
        53.94738198257983,
        147.39999999999998
      ],
      [
        -2.143277283757925,
        53.94745155237615,
        146.20000000000005
      ],
      [
        -2.1432730089873075,
        53.947478123009205,
        146
      ],
      [
        -2.143263202160597,
        53.94754241220653,
        145.20000000000005
      ],
      [
        -2.143264291808009,
        53.94756739027798,
        145
      ],
      [
        -2.143265213817358,
        53.94761416129768,
        144.39999999999998
      ],
      [
        -2.1432730928063393,
        53.947638468816876,
        144.20000000000005
      ],
      [
        -2.1432768646627665,
        53.94766210578382,
        143.79999999999995
      ],
      [
        -2.1432833187282085,
        53.947708792984486,
        143.20000000000005
      ],
      [
        -2.1432974003255367,
        53.94775782711804,
        142.60000000000002
      ],
      [
        -2.1433047764003277,
        53.94778138026595,
        142
      ],
      [
        -2.1433145832270384,
        53.9478496927768,
        141.20000000000005
      ],
      [
        -2.1433133259415627,
        53.94785916432738,
        141
      ],
      [
        -2.143306788057089,
        53.94792119041085,
        140.20000000000005
      ],
      [
        -2.1433040220290422,
        53.94793150015175,
        140
      ],
      [
        -2.1432977356016636,
        53.948008362203836,
        139.20000000000005
      ],
      [
        -2.143303854390979,
        53.948037112131715,
        138.79999999999995
      ],
      [
        -2.143301758915186,
        53.948092851787806,
        138.20000000000005
      ],
      [
        -2.143301675096154,
        53.94810810685158,
        137.79999999999995
      ],
      [
        -2.1433027647435665,
        53.94819770939648,
        136.79999999999995
      ],
      [
        -2.143309051170945,
        53.9482107013464,
        136.60000000000002
      ],
      [
        -2.1433139964938164,
        53.9482780918479,
        135.60000000000002
      ],
      [
        -2.1433546487241983,
        53.94836140796542,
        134.39999999999998
      ],
      [
        -2.143373005092144,
        53.948385044932365,
        133.79999999999995
      ],
      [
        -2.1433940436691046,
        53.94841329194605,
        133.20000000000005
      ],
      [
        -2.1434391383081675,
        53.948441203683615,
        132.60000000000002
      ],
      [
        -2.1434526331722736,
        53.948445059359074,
        132.20000000000005
      ],
      [
        -2.1434538904577494,
        53.94844137132168,
        132
      ],
      [
        -2.143452214077115,
        53.948436342179775,
        131.79999999999995
      ],
      [
        -2.14345246553421,
        53.9484403654933,
        131.60000000000002
      ],
      [
        -2.143499907106161,
        53.94846165552735,
        131
      ],
      [
        -2.1435024216771126,
        53.94846450537443,
        131
      ],
      [
        -2.143542990088463,
        53.94848437048495,
        130
      ],
      [
        -2.143566543236375,
        53.948485208675265,
        129.60000000000002
      ],
      [
        -2.14355849660933,
        53.948486214503646,
        129.60000000000002
      ],
      [
        -2.1435887552797794,
        53.9484884776175,
        129.79999999999995
      ],
      [
        -2.143583558499813,
        53.94848738797009,
        129.60000000000002
      ],
      [
        -2.1435807086527348,
        53.948486214503646,
        129.60000000000002
      ],
      [
        -2.1435628551989794,
        53.94849618896842,
        129.60000000000002
      ],
      [
        -2.1435496117919683,
        53.948510941118,
        129.60000000000002
      ],
      [
        -2.143570315092802,
        53.94857623614371,
        129.60000000000002
      ],
      [
        -2.143601831048727,
        53.94864823669195,
        129.60000000000002
      ],
      [
        -2.1436079498380423,
        53.94865829497576,
        129.60000000000002
      ],
      [
        -2.1436320059001446,
        53.948738258332014,
        129.79999999999995
      ],
      [
        -2.1436506137251854,
        53.94879525527358,
        130.39999999999998
      ],
      [
        -2.1436786092817783,
        53.94884303212166,
        131
      ],
      [
        -2.1436814591288567,
        53.94884957000613,
        131.20000000000005
      ],
      [
        -2.143707862123847,
        53.94888712093234,
        132
      ],
      [
        -2.143722614273429,
        53.948903465643525,
        132.20000000000005
      ],
      [
        -2.1437410544604063,
        53.948925426229835,
        133
      ],
      [
        -2.1437542140483856,
        53.94894520752132,
        133.39999999999998
      ],
      [
        -2.143788244575262,
        53.94898326136172,
        134.20000000000005
      ],
      [
        -2.1437887474894524,
        53.94898736849427,
        134.60000000000002
      ],
      [
        -2.143787322565913,
        53.948987033218145,
        134.79999999999995
      ],
      [
        -2.1437908429652452,
        53.94898787140846,
        134.79999999999995
      ],
      [
        -2.1437981352210045,
        53.94899709150195,
        134.79999999999995
      ],
      [
        -2.1438235323876143,
        53.949023243039846,
        134.79999999999995
      ],
      [
        -2.143868040293455,
        53.94907630048692,
        135.60000000000002
      ],
      [
        -2.143886899575591,
        53.94911125302315,
        136.39999999999998
      ],
      [
        -2.143888995051384,
        53.94911787472665,
        136.60000000000002
      ],
      [
        -2.143893353641033,
        53.9491224847734,
        136.79999999999995
      ],
      [
        -2.143902238458395,
        53.94915131852031,
        137.79999999999995
      ],
      [
        -2.1439059264957905,
        53.94915425218642,
        138.39999999999998
      ],
      [
        -2.143898382782936,
        53.949160035699606,
        139
      ],
      [
        -2.143890503793955,
        53.94916112534702,
        139.79999999999995
      ],
      [
        -2.143874913454056,
        53.94916598685086,
        139.79999999999995
      ],
      [
        -2.143828058615327,
        53.94918560050428,
        140
      ],
      [
        -2.1437801979482174,
        53.94920730963349,
        140
      ],
      [
        -2.1437551360577345,
        53.94922390580177,
        140.39999999999998
      ],
      [
        -2.143691601231694,
        53.94926883280277,
        141
      ],
      [
        -2.1436588279902935,
        53.949282579123974,
        141
      ],
      [
        -2.1435984782874584,
        53.949306048452854,
        141.20000000000005
      ],
      [
        -2.1434227097779512,
        53.94937193021178,
        141.20000000000005
      ],
      [
        -2.1432888507843018,
        53.94941576756537,
        141.20000000000005
      ],
      [
        -2.1431234758347273,
        53.9494885224849,
        141.39999999999998
      ],
      [
        -2.1430093981325626,
        53.94955457188189,
        141.39999999999998
      ],
      [
        -2.142934799194336,
        53.949616849422455,
        141.39999999999998
      ],
      [
        -2.1428923029452562,
        53.949641743674874,
        141.39999999999998
      ],
      [
        -2.1427622996270657,
        53.94971827045083,
        141.39999999999998
      ],
      [
        -2.142638498917222,
        53.94980703480542,
        141.20000000000005
      ],
      [
        -2.142543951049447,
        53.949889009818435,
        141.20000000000005
      ],
      [
        -2.1424483973532915,
        53.94997282885015,
        141
      ],
      [
        -2.142316298559308,
        53.95004575140774,
        141.39999999999998
      ],
      [
        -2.1422116085886955,
        53.95009939558804,
        141.39999999999998
      ],
      [
        -2.142094010487199,
        53.950157817453146,
        141.20000000000005
      ],
      [
        -2.141951685771346,
        53.95021406002343,
        141.39999999999998
      ],
      [
        -2.1418352611362934,
        53.95026166923344,
        141.39999999999998
      ],
      [
        -2.141668712720275,
        53.95033392123878,
        141
      ],
      [
        -2.141586486250162,
        53.95038370974362,
        141
      ],
      [
        -2.141576847061515,
        53.95039385184646,
        141
      ],
      [
        -2.1414680499583483,
        53.9504761621356,
        141.20000000000005
      ],
      [
        -2.141363276168704,
        53.95055972971022,
        141
      ],
      [
        -2.1412927843630314,
        53.9506299700588,
        141
      ],
      [
        -2.141193374991417,
        53.95072636194527,
        141.20000000000005
      ],
      [
        -2.1410897746682167,
        53.95080707967281,
        141.20000000000005
      ],
      [
        -2.1409943886101246,
        53.95087396726012,
        141.20000000000005
      ],
      [
        -2.1408706717193127,
        53.950962563976645,
        141
      ],
      [
        -2.140744188800454,
        53.95103087648749,
        141
      ],
      [
        -2.1407478768378496,
        53.95103070884943,
        140.79999999999995
      ],
      [
        -2.140686269849539,
        53.95106138661504,
        140.79999999999995
      ],
      [
        -2.140561295673251,
        53.95111234858632,
        140.60000000000002
      ],
      [
        -2.1404187195003033,
        53.95116523839533,
        141
      ],
      [
        -2.140278071165085,
        53.95121485926211,
        141
      ],
      [
        -2.1402007900178432,
        53.951249895617366,
        141
      ],
      [
        -2.1400955133140087,
        53.951309993863106,
        141
      ],
      [
        -2.1400373429059982,
        53.9513498917222,
        140.79999999999995
      ],
      [
        -2.139993840828538,
        53.95137319341302,
        140.60000000000002
      ],
      [
        -2.139833327382803,
        53.95140311680734,
        140.60000000000002
      ],
      [
        -2.139626881107688,
        53.95144988782704,
        140.79999999999995
      ],
      [
        -2.139474665746093,
        53.95151191391051,
        140.79999999999995
      ],
      [
        -2.139309709891677,
        53.9516088925302,
        140.79999999999995
      ],
      [
        -2.1391784492880106,
        53.95172347314656,
        140.79999999999995
      ],
      [
        -2.139117680490017,
        53.95182657055557,
        140.60000000000002
      ],
      [
        -2.1390812192112207,
        53.95193754695356,
        140.60000000000002
      ],
      [
        -2.139052888378501,
        53.95203435793519,
        140.60000000000002
      ],
      [
        -2.139003435149789,
        53.95215799100697,
        140.39999999999998
      ],
      [
        -2.1389511320739985,
        53.95224683918059,
        140.60000000000002
      ],
      [
        -2.138941828161478,
        53.95229662768543,
        140.60000000000002
      ],
      [
        -2.13893948122859,
        53.95233476534486,
        140.60000000000002
      ],
      [
        -2.138940654695034,
        53.952348763123155,
        140.60000000000002
      ],
      [
        -2.138949455693364,
        53.95244364626706,
        140.60000000000002
      ],
      [
        -2.1389819774776697,
        53.95252830348909,
        140.60000000000002
      ],
      [
        -2.139011984691024,
        53.95260256715119,
        140.39999999999998
      ],
      [
        -2.139035202562809,
        53.95265621133149,
        140.39999999999998
      ],
      [
        -2.1390500385314226,
        53.952695271000266,
        140.39999999999998
      ],
      [
        -2.1390845719724894,
        53.952764170244336,
        140.39999999999998
      ],
      [
        -2.139153052121401,
        53.952846731990576,
        140.39999999999998
      ],
      [
        -2.1392491925507784,
        53.9529300481081,
        140.60000000000002
      ],
      [
        -2.1393377892673016,
        53.95301311276853,
        140.79999999999995
      ],
      [
        -2.1393967140465975,
        53.95308595150709,
        140.79999999999995
      ],
      [
        -2.1395019069314003,
        53.953170189633965,
        141.20000000000005
      ],
      [
        -2.1395725663751364,
        53.95325451157987,
        141.39999999999998
      ],
      [
        -2.1396449860185385,
        53.953348556533456,
        141.60000000000002
      ],
      [
        -2.139724111184478,
        53.953429106622934,
        141.60000000000002
      ],
      [
        -2.139809438958764,
        53.95351401530206,
        141.39999999999998
      ],
      [
        -2.1398638375103474,
        53.95356506109238,
        141.20000000000005
      ],
      [
        -2.139900214970112,
        53.95361510105431,
        141
      ],
      [
        -2.1399065013974905,
        53.95362767390907,
        141
      ],
      [
        -2.139850426465273,
        53.953753570094705,
        141
      ],
      [
        -2.1397709660232067,
        53.9537953119725,
        141
      ],
      [
        -2.139750514179468,
        53.95386714488268,
        141.39999999999998
      ],
      [
        -2.1397206746041775,
        53.95395062863827,
        141.39999999999998
      ],
      [
        -2.1396842133253813,
        53.95399924367666,
        141.39999999999998
      ],
      [
        -2.139649260789156,
        53.95405347459018,
        141.60000000000002
      ],
      [
        -2.1395548805594444,
        53.954154811799526,
        141.39999999999998
      ],
      [
        -2.1394505258649588,
        53.954262267798185,
        141.39999999999998
      ],
      [
        -2.1393354423344135,
        53.95436109043658,
        141.39999999999998
      ],
      [
        -2.139238379895687,
        53.95442093722522,
        141.39999999999998
      ],
      [
        -2.139121787622571,
        53.954479191452265,
        141.39999999999998
      ],
      [
        -2.138997483998537,
        53.95454733632505,
        141.39999999999998
      ],
      [
        -2.1388813108205795,
        53.95461489446461,
        141.39999999999998
      ],
      [
        -2.1387600246816874,
        53.95469016395509,
        141.60000000000002
      ],
      [
        -2.1386400796473026,
        53.9547570515424,
        141.60000000000002
      ],
      [
        -2.1385301928967237,
        53.95484606735408,
        141.60000000000002
      ],
      [
        -2.138428520411253,
        53.95493717864156,
        141.79999999999995
      ],
      [
        -2.1383509878069162,
        53.95500683225691,
        141.79999999999995
      ],
      [
        -2.138269180431962,
        53.955085119232535,
        142
      ],
      [
        -2.1382116805762053,
        53.95518050529063,
        142
      ],
      [
        -2.1382131054997444,
        53.95517706871033,
        142
      ],
      [
        -2.138210339471698,
        53.955177403986454,
        142.20000000000005
      ],
      [
        -2.1381907258182764,
        53.95522015169263,
        142.20000000000005
      ],
      [
        -2.138147307559848,
        53.95531394518912,
        142.39999999999998
      ],
      [
        -2.1381338126957417,
        53.95539759658277,
        142.60000000000002
      ],
      [
        -2.1381698548793793,
        53.95547932013869,
        142.39999999999998
      ],
      [
        -2.1382272709161043,
        53.9555308688432,
        141.60000000000002
      ],
      [
        -2.1382587868720293,
        53.955599684268236,
        141.39999999999998
      ],
      [
        -2.138176979497075,
        53.95569708198309,
        141.39999999999998
      ],
      [
        -2.1381450444459915,
        53.95575424656272,
        141.60000000000002
      ],
      [
        -2.1381382551044226,
        53.955769669264555,
        142
      ],
      [
        -2.138135740533471,
        53.95577444694936,
        142
      ],
      [
        -2.138136075809598,
        53.95578668452799,
        142
      ],
      [
        -2.1381279453635216,
        53.95579883828759,
        142.20000000000005
      ],
      [
        -2.1381069906055927,
        53.95587167702615,
        142.39999999999998
      ],
      [
        -2.138103637844324,
        53.9559262432158,
        142.60000000000002
      ],
      [
        -2.138099195435643,
        53.95595273002982,
        142.79999999999995
      ],
      [
        -2.138103721663356,
        53.956051552668214,
        143
      ],
      [
        -2.138107158243656,
        53.95608223043382,
        143
      ],
      [
        -2.1381124388426542,
        53.95612078718841,
        143.20000000000005
      ],
      [
        -2.138118725270033,
        53.956132186576724,
        143.20000000000005
      ],
      [
        -2.1381230000406504,
        53.956205528229475,
        143.39999999999998
      ],
      [
        -2.1381426975131035,
        53.95629613660276,
        143.39999999999998
      ],
      [
        -2.1381300408393145,
        53.95637819543481,
        143.39999999999998
      ],
      [
        -2.1381706092506647,
        53.95647785626352,
        143.60000000000002
      ],
      [
        -2.138187037780881,
        53.95656603388488,
        143.60000000000002
      ],
      [
        -2.1381948329508305,
        53.95665781572461,
        143.39999999999998
      ],
      [
        -2.138200867921114,
        53.956739539280534,
        143.20000000000005
      ],
      [
        -2.1382331382483244,
        53.95683660171926,
        143
      ],
      [
        -2.1382490638643503,
        53.95691723562777,
        143
      ],
      [
        -2.138259122148156,
        53.95698965527117,
        143.39999999999998
      ],
      [
        -2.1382788196206093,
        53.957059141248465,
        143.60000000000002
      ],
      [
        -2.1383096650242805,
        53.95714455284178,
        143.60000000000002
      ],
      [
        -2.138328943401575,
        53.957218397408724,
        143.79999999999995
      ],
      [
        -2.138339336961508,
        53.95728570409119,
        143.60000000000002
      ],
      [
        -2.1383527480065823,
        53.95736868493259,
        143.60000000000002
      ],
      [
        -2.138364315032959,
        53.957441272214055,
        143.60000000000002
      ],
      [
        -2.1383913047611713,
        53.95754084922373,
        143.60000000000002
      ],
      [
        -2.1384244970977306,
        53.957626931369305,
        143.60000000000002
      ],
      [
        -2.138464730232954,
        53.95768174901605,
        143.60000000000002
      ],
      [
        -2.138503035530448,
        53.9577809907496,
        143.79999999999995
      ],
      [
        -2.1385288517922163,
        53.95787201821804,
        143.79999999999995
      ],
      [
        -2.138542179018259,
        53.9578912127763,
        143.79999999999995
      ],
      [
        -2.1385628823190928,
        53.95793697796762,
        144
      ],
      [
        -2.1386024449020624,
        53.958014929667115,
        144
      ],
      [
        -2.138605210930109,
        53.95809397101402,
        144
      ],
      [
        -2.1386141795665026,
        53.95816865377128,
        144
      ],
      [
        -2.138634379953146,
        53.95824886858463,
        144
      ],
      [
        -2.1386229805648327,
        53.95832883194089,
        143.79999999999995
      ],
      [
        -2.1386106591671705,
        53.95833268761635,
        143.79999999999995
      ],
      [
        -2.138574868440628,
        53.958312990143895,
        143.79999999999995
      ],
      [
        -2.138547794893384,
        53.958279211074114,
        143.79999999999995
      ],
      [
        -2.1385161112993956,
        53.95818583667278,
        143.79999999999995
      ],
      [
        -2.138498928397894,
        53.958084834739566,
        144
      ],
      [
        -2.138477051630616,
        53.95799950696528,
        144
      ],
      [
        -2.1384524926543236,
        53.957934295758605,
        144
      ],
      [
        -2.13845232501626,
        53.95792717114091,
        144.20000000000005
      ],
      [
        -2.1384315378963947,
        53.95785634405911,
        143.79999999999995
      ],
      [
        -2.138430280610919,
        53.95780068822205,
        143.79999999999995
      ],
      [
        -2.138422904536128,
        53.957757940515876,
        143.79999999999995
      ],
      [
        -2.1384113375097513,
        53.957733046263456,
        143.79999999999995
      ],
      [
        -2.1383986808359623,
        53.95765249617398,
        143.79999999999995
      ],
      [
        -2.1383702661842108,
        53.95758083090186,
        143.79999999999995
      ],
      [
        -2.138347215950489,
        53.95755484700203,
        143.79999999999995
      ],
      [
        -2.1383824199438095,
        53.95759650506079,
        143.79999999999995
      ],
      [
        -2.138370182365179,
        53.957544788718224,
        143.79999999999995
      ],
      [
        -2.1383467130362988,
        53.95746725611389,
        143.60000000000002
      ],
      [
        -2.1383182983845472,
        53.957384107634425,
        143.79999999999995
      ],
      [
        -2.1382973436266184,
        53.95730799995363,
        144
      ],
      [
        -2.1382782328873873,
        53.95720607601106,
        144.20000000000005
      ],
      [
        -2.1382710244506598,
        53.95713223144412,
        144.39999999999998
      ],
      [
        -2.138240011408925,
        53.95704673603177,
        144.20000000000005
      ],
      [
        -2.1382053941488266,
        53.95696694031358,
        144.20000000000005
      ],
      [
        -2.138178488239646,
        53.95686828531325,
        144
      ],
      [
        -2.138138087466359,
        53.95681866444647,
        144
      ],
      [
        -2.1381409373134375,
        53.95682939328253,
        144.39999999999998
      ],
      [
        -2.1381474751979113,
        53.956831907853484,
        145
      ],
      [
        -2.1381432004272938,
        53.95683350041509,
        145.20000000000005
      ],
      [
        -2.138132806867361,
        53.95683567970991,
        145.39999999999998
      ],
      [
        -2.1380959264934063,
        53.95684137940407,
        146
      ],
      [
        -2.1380814258009195,
        53.956844145432115,
        146.20000000000005
      ],
      [
        -2.1380684338510036,
        53.95684381015599,
        146.39999999999998
      ],
      [
        -2.1380251832306385,
        53.95684590563178,
        147.39999999999998
      ],
      [
        -2.1380090061575174,
        53.956846576184034,
        148.39999999999998
      ],
      [
        -2.1380075812339783,
        53.956845654174685,
        148.60000000000002
      ],
      [
        -2.137981513515115,
        53.956840708851814,
        149.79999999999995
      ],
      [
        -2.1379348263144493,
        53.95682880654931,
        150.39999999999998
      ],
      [
        -2.137909261509776,
        53.9568293094635,
        150.79999999999995
      ],
      [
        -2.1378640830516815,
        53.956820257008076,
        151.60000000000002
      ],
      [
        -2.1378626581281424,
        53.95681849680841,
        151.79999999999995
      ],
      [
        -2.137851594015956,
        53.95680969581008,
        152
      ],
      [
        -2.1378296334296465,
        53.95681061781943,
        152.20000000000005
      ],
      [
        -2.137813623994589,
        53.956816317513585,
        152.20000000000005
      ],
      [
        -2.137797363102436,
        53.956833835691214,
        152.20000000000005
      ],
      [
        -2.1377724688500166,
        53.9568620827049,
        152.20000000000005
      ],
      [
        -2.1377030666917562,
        53.956934083253145,
        152.20000000000005
      ],
      [
        -2.1375810261815786,
        53.956962917000055,
        152
      ],
      [
        -2.137530818581581,
        53.95696526393294,
        152
      ],
      [
        -2.137509109452367,
        53.956969706341624,
        152
      ],
      [
        -2.137477593496442,
        53.956974148750305,
        152
      ],
      [
        -2.1374755818396807,
        53.95697423256934,
        152
      ],
      [
        -2.13747700676322,
        53.95697389729321,
        152.20000000000005
      ],
      [
        -2.1375328302383423,
        53.956950679421425,
        152.20000000000005
      ],
      [
        -2.1376105304807425,
        53.956942884251475,
        152.20000000000005
      ],
      [
        -2.1376349218189716,
        53.95695922896266,
        152
      ],
      [
        -2.137642130255699,
        53.956970712170005,
        152
      ],
      [
        -2.137627210468054,
        53.95705645903945,
        151.39999999999998
      ],
      [
        -2.137622768059373,
        53.95707095973194,
        151.20000000000005
      ],
      [
        -2.1375586465001106,
        53.957156455144286,
        151
      ],
      [
        -2.137514054775238,
        53.957238933071494,
        151
      ],
      [
        -2.1375112887471914,
        53.95725091919303,
        151
      ],
      [
        -2.1374806948006153,
        53.957338593900204,
        150.79999999999995
      ],
      [
        -2.1374493464827538,
        53.9574250113219,
        150.79999999999995
      ],
      [
        -2.137437192723155,
        53.95749491639435,
        151
      ],
      [
        -2.13741984218359,
        53.95756113342941,
        151.60000000000002
      ],
      [
        -2.137414561584592,
        53.957631289958954,
        151.79999999999995
      ],
      [
        -2.1374002285301685,
        53.95764386281371,
        151.79999999999995
      ],
      [
        -2.1373395435512066,
        53.95770194940269,
        151.79999999999995
      ],
      [
        -2.137312302365899,
        53.95771418698132,
        152
      ],
      [
        -2.1372780203819275,
        53.957729525864124,
        152.39999999999998
      ],
      [
        -2.1372610051184893,
        53.95773966796696,
        152.39999999999998
      ],
      [
        -2.137202164158225,
        53.9577654004097,
        152.39999999999998
      ],
      [
        -2.1371357794851065,
        53.95779398269951,
        152.39999999999998
      ],
      [
        -2.1370650362223387,
        53.95783304236829,
        152.39999999999998
      ],
      [
        -2.136943666264415,
        53.95787302404642,
        152.39999999999998
      ],
      [
        -2.1367929596453905,
        53.95790386945009,
        152.39999999999998
      ],
      [
        -2.136651976034045,
        53.957941671833396,
        152.20000000000005
      ],
      [
        -2.1364860143512487,
        53.95800445228815,
        151.60000000000002
      ],
      [
        -2.1363539155572653,
        53.9580587670207,
        150.79999999999995
      ],
      [
        -2.136249477043748,
        53.95809388719499,
        149.79999999999995
      ],
      [
        -2.1362342219799757,
        53.95809967070818,
        149.79999999999995
      ],
      [
        -2.136169597506523,
        53.95811987109482,
        149
      ],
      [
        -2.1361671667546034,
        53.958124816417694,
        149.20000000000005
      ],
      [
        -2.1361046377569437,
        53.958156667649746,
        148.79999999999995
      ],
      [
        -2.13607806712389,
        53.9581763651222,
        148.20000000000005
      ],
      [
        -2.1360649913549423,
        53.95818659104407,
        148.20000000000005
      ],
      [
        -2.136024674400687,
        53.95820863544941,
        147.79999999999995
      ],
      [
        -2.1359303779900074,
        53.958262195810676,
        147
      ],
      [
        -2.135870363563299,
        53.95829304121435,
        146.79999999999995
      ],
      [
        -2.135756788775325,
        53.95835473202169,
        145.79999999999995
      ],
      [
        -2.1357280388474464,
        53.95836663432419,
        145.60000000000002
      ],
      [
        -2.1356270369142294,
        53.95843578502536,
        145.20000000000005
      ],
      [
        -2.135622426867485,
        53.95844844169915,
        145.20000000000005
      ],
      [
        -2.1355542819947004,
        53.958497224375606,
        145
      ],
      [
        -2.1355197485536337,
        53.958523627370596,
        144.39999999999998
      ],
      [
        -2.1354732289910316,
        53.9585474319756,
        144
      ],
      [
        -2.1353867277503014,
        53.95860736258328,
        143.39999999999998
      ],
      [
        -2.1353593189269304,
        53.95862337201834,
        143.20000000000005
      ],
      [
        -2.1352736558765173,
        53.95867584273219,
        142.60000000000002
      ],
      [
        -2.135261418297887,
        53.95868514664471,
        142.39999999999998
      ],
      [
        -2.1351175848394632,
        53.95876117050648,
        141.20000000000005
      ],
      [
        -2.1350236237049103,
        53.95880685187876,
        140
      ],
      [
        -2.1350097935646772,
        53.958813892677426,
        139.79999999999995
      ],
      [
        -2.134931506589055,
        53.958850521594286,
        138.79999999999995
      ],
      [
        -2.134881718084216,
        53.95887130871415,
        138.20000000000005
      ],
      [
        -2.1348539739847183,
        53.95888748578727,
        137.79999999999995
      ],
      [
        -2.1347729209810495,
        53.95894045941532,
        136.39999999999998
      ],
      [
        -2.134746517986059,
        53.95896325819194,
        136
      ],
      [
        -2.1347055304795504,
        53.95899200811982,
        135.39999999999998
      ],
      [
        -2.1346645429730415,
        53.95902905613184,
        134.79999999999995
      ],
      [
        -2.1346507128328085,
        53.959057722240686,
        134.20000000000005
      ],
      [
        -2.1346642915159464,
        53.959070295095444,
        133.60000000000002
      ],
      [
        -2.1346678119152784,
        53.95907448604703,
        133.60000000000002
      ],
      [
        -2.134666722267866,
        53.95907834172249,
        133.60000000000002
      ],
      [
        -2.1346480306237936,
        53.95909812301397,
        133.39999999999998
      ],
      [
        -2.134615257382393,
        53.959139697253704,
        133.20000000000005
      ],
      [
        -2.1345793828368187,
        53.95916978828609,
        133
      ],
      [
        -2.1345170214772224,
        53.959209602326155,
        132.20000000000005
      ],
      [
        -2.134516853839159,
        53.95920842885971,
        132.20000000000005
      ],
      [
        -2.134498246014118,
        53.95918780937791,
        132
      ],
      [
        -2.1343819051980972,
        53.959188563749194,
        131
      ],
      [
        -2.134356591850519,
        53.95920256152749,
        130.60000000000002
      ],
      [
        -2.1343291830271482,
        53.95924799144268,
        130.20000000000005
      ],
      [
        -2.1343176160007715,
        53.95928076468408,
        130
      ],
      [
        -2.1343005169183016,
        53.95931479521096,
        129.79999999999995
      ],
      [
        -2.1342931408435106,
        53.95939760841429,
        129.60000000000002
      ],
      [
        -2.1343013551086187,
        53.9594766497612,
        129.39999999999998
      ],
      [
        -2.134396657347679,
        53.95954705774784,
        129.20000000000005
      ],
      [
        -2.1344257425516844,
        53.95958511158824,
        129
      ],
      [
        -2.1344395726919174,
        53.95961796864867,
        128.79999999999995
      ],
      [
        -2.134490115568042,
        53.95967982709408,
        128.79999999999995
      ],
      [
        -2.1345293428748846,
        53.95976884290576,
        128.60000000000002
      ],
      [
        -2.1344708371907473,
        53.959850147366524,
        128.39999999999998
      ],
      [
        -2.1344307716935873,
        53.95990815013647,
        128.39999999999998
      ],
      [
        -2.1343710087239742,
        53.96000001579523,
        128.20000000000005
      ],
      [
        -2.134319543838501,
        53.96005382761359,
        128
      ],
      [
        -2.134284758940339,
        53.96011635661125,
        128.20000000000005
      ],
      [
        -2.134271766990423,
        53.96017343737185,
        128.20000000000005
      ],
      [
        -2.1342613734304905,
        53.960234289988875,
        128.20000000000005
      ],
      [
        -2.1342549193650484,
        53.960244096815586,
        128.20000000000005
      ],
      [
        -2.134218541905284,
        53.960320791229606,
        129
      ],
      [
        -2.134196162223816,
        53.960353983566165,
        129.39999999999998
      ],
      [
        -2.134176380932331,
        53.960395054891706,
        129.60000000000002
      ],
      [
        -2.134173698723316,
        53.960406202822924,
        129.60000000000002
      ],
      [
        -2.134175291284919,
        53.960447357967496,
        130
      ],
      [
        -2.1341756265610456,
        53.96047426387668,
        130.39999999999998
      ],
      [
        -2.134129023179412,
        53.9605300873518,
        131.20000000000005
      ],
      [
        -2.134115444496274,
        53.96055213175714,
        131.60000000000002
      ],
      [
        -2.1340953279286623,
        53.960594041273,
        132
      ],
      [
        -2.134096836671233,
        53.960598818957806,
        132.39999999999998
      ],
      [
        -2.1340999379754066,
        53.960592951625586,
        132.39999999999998
      ],
      [
        -2.134111002087593,
        53.960604686290026,
        132.60000000000002
      ],
      [
        -2.1341061405837536,
        53.96061700768769,
        132.79999999999995
      ],
      [
        -2.1341152768582106,
        53.96060979925096,
        132.79999999999995
      ],
      [
        -2.1341185458004475,
        53.96061616949737,
        132.79999999999995
      ],
      [
        -2.1340681705623865,
        53.96063963882625,
        132.79999999999995
      ],
      [
        -2.133937329053879,
        53.96066092886031,
        133
      ],
      [
        -2.1338207367807627,
        53.9606630243361,
        132.79999999999995
      ],
      [
        -2.1337489876896143,
        53.96066595800221,
        133
      ],
      [
        -2.1336785797029734,
        53.96066662855446,
        133
      ],
      [
        -2.1336201578378677,
        53.960663275793195,
        133.20000000000005
      ],
      [
        -2.1333925891667604,
        53.96065137349069,
        133.20000000000005
      ],
      [
        -2.1333516854792833,
        53.96065120585263,
        133.39999999999998
      ],
      [
        -2.1332223527133465,
        53.96065330132842,
        133.60000000000002
      ],
      [
        -2.1331543754786253,
        53.96065975539386,
        133.60000000000002
      ],
      [
        -2.1330489311367273,
        53.96067433990538,
        133.39999999999998
      ],
      [
        -2.132871486246586,
        53.96071398630738,
        133.39999999999998
      ],
      [
        -2.1327513735741377,
        53.96076260134578,
        133.60000000000002
      ],
      [
        -2.132602259516716,
        53.960839211940765,
        133.60000000000002
      ],
      [
        -2.1325146686285734,
        53.960899310186505,
        133.20000000000005
      ],
      [
        -2.1325040236115456,
        53.96091062575579,
        133
      ],
      [
        -2.1324899420142174,
        53.960919762030244,
        132.79999999999995
      ],
      [
        -2.132479213178158,
        53.96092923358083,
        132.79999999999995
      ],
      [
        -2.132423222064972,
        53.960968712344766,
        132.39999999999998
      ],
      [
        -2.132332529872656,
        53.961056638509035,
        131.60000000000002
      ],
      [
        -2.1322981640696526,
        53.96109494380653,
        131.39999999999998
      ],
      [
        -2.1322324499487877,
        53.96115059964359,
        130.60000000000002
      ],
      [
        -2.132192300632596,
        53.961178343743086,
        130.20000000000005
      ],
      [
        -2.132150139659643,
        53.96120332181454,
        129.79999999999995
      ],
      [
        -2.1320643927901983,
        53.96125118248165,
        129.20000000000005
      ],
      [
        -2.132047461345792,
        53.96125738508999,
        129
      ],
      [
        -2.131965234875679,
        53.96128253079951,
        128.79999999999995
      ],
      [
        -2.1318608801811934,
        53.96129962988198,
        128.60000000000002
      ],
      [
        -2.131692487746477,
        53.961360482499,
        128.20000000000005
      ],
      [
        -2.131570866331458,
        53.96147011779249,
        128.20000000000005
      ],
      [
        -2.131530549377203,
        53.961488055065274,
        128.20000000000005
      ],
      [
        -2.1315255202353,
        53.96148947998881,
        128.20000000000005
      ],
      [
        -2.131520239636302,
        53.961493922397494,
        127.79999999999995
      ],
      [
        -2.1315177250653505,
        53.96149626933038,
        127.60000000000002
      ],
      [
        -2.1315159648656845,
        53.9615021366626,
        127.39999999999998
      ],
      [
        -2.131506744772196,
        53.961488138884306,
        127.39999999999998
      ],
      [
        -2.1314974408596754,
        53.96148604340851,
        127.39999999999998
      ],
      [
        -2.1314190700650215,
        53.96152736619115,
        127.39999999999998
      ],
      [
        -2.1313568763434887,
        53.96156550385058,
        128.20000000000005
      ],
      [
        -2.1313179843127728,
        53.96162233315408,
        129.20000000000005
      ],
      [
        -2.131279092282057,
        53.96165535785258,
        129.79999999999995
      ],
      [
        -2.131262831389904,
        53.96167170256376,
        130.20000000000005
      ],
      [
        -2.131233913823962,
        53.961706487461925,
        130.79999999999995
      ],
      [
        -2.131210947409272,
        53.96173515357077,
        131.20000000000005
      ],
      [
        -2.1311982069164515,
        53.96175476722419,
        131.79999999999995
      ],
      [
        -2.1311894059181213,
        53.96177915856242,
        132.39999999999998
      ],
      [
        -2.131197787821293,
        53.961774967610836,
        132.79999999999995
      ],
      [
        -2.131141209974885,
        53.96184889599681,
        133
      ],
      [
        -2.1311260387301445,
        53.96188862621784,
        133.39999999999998
      ],
      [
        -2.1311022341251373,
        53.96192776970565,
        133.60000000000002
      ],
      [
        -2.1310547925531864,
        53.962001614272594,
        133.79999999999995
      ],
      [
        -2.1309614181518555,
        53.962115524336696,
        133.60000000000002
      ],
      [
        -2.1308722347021103,
        53.96221149712801,
        133.60000000000002
      ],
      [
        -2.130807191133499,
        53.96230378188193,
        133.60000000000002
      ],
      [
        -2.1308005694299936,
        53.96231425926089,
        133.79999999999995
      ],
      [
        -2.1307438239455223,
        53.962393552064896,
        134
      ],
      [
        -2.130694454535842,
        53.962464798241854,
        134.39999999999998
      ],
      [
        -2.130684982985258,
        53.962476113811135,
        134.39999999999998
      ],
      [
        -2.1306373737752438,
        53.962563117966056,
        134.79999999999995
      ],
      [
        -2.130581298843026,
        53.9626678917557,
        134.79999999999995
      ],
      [
        -2.1305667143315077,
        53.962785825133324,
        133.39999999999998
      ],
      [
        -2.1305667981505394,
        53.962795715779066,
        133.20000000000005
      ],
      [
        -2.130574593320489,
        53.96286629140377,
        132.39999999999998
      ],
      [
        -2.1305900998413563,
        53.96290233358741,
        132.20000000000005
      ],
      [
        -2.13061667047441,
        53.96294457837939,
        131.60000000000002
      ],
      [
        -2.130609629675746,
        53.96300006657839,
        131
      ],
      [
        -2.1305853221565485,
        53.963027307763696,
        130.60000000000002
      ],
      [
        -2.1305691450834274,
        53.963070223107934,
        130
      ],
      [
        -2.1305455919355154,
        53.963120598345995,
        128.79999999999995
      ],
      [
        -2.1305360365659,
        53.96313258446753,
        128.79999999999995
      ],
      [
        -2.1304424945265055,
        53.96316234022379,
        127.79999999999995
      ],
      [
        -2.130419025197625,
        53.96316393278539,
        127.79999999999995
      ],
      [
        -2.1302399039268494,
        53.96317181177437,
        127.39999999999998
      ],
      [
        -2.1301777102053165,
        53.96319251507521,
        127.79999999999995
      ],
      [
        -2.1301542408764362,
        53.96320098079741,
        127.79999999999995
      ],
      [
        -2.130144853144884,
        53.96320969797671,
        127.79999999999995
      ],
      [
        -2.1301812306046486,
        53.96322059445083,
        127.79999999999995
      ],
      [
        -2.130180560052395,
        53.963227635249496,
        127.79999999999995
      ],
      [
        -2.1301704179495573,
        53.96325420588255,
        127.79999999999995
      ],
      [
        -2.1301467809826136,
        53.96327826194465,
        128.20000000000005
      ],
      [
        -2.130133956670761,
        53.96331623196602,
        128.39999999999998
      ],
      [
        -2.1301415003836155,
        53.96334741264582,
        128.79999999999995
      ],
      [
        -2.130160192027688,
        53.96342041902244,
        128.79999999999995
      ],
      [
        -2.1301603596657515,
        53.963503735139966,
        128.60000000000002
      ],
      [
        -2.1301446855068207,
        53.963594594970345,
        128.60000000000002
      ],
      [
        -2.1301014348864555,
        53.96369794383645,
        128.60000000000002
      ],
      [
        -2.130052736029029,
        53.963802466169,
        128.60000000000002
      ],
      [
        -2.130001690238714,
        53.96391327492893,
        128.39999999999998
      ],
      [
        -2.1299488842487335,
        53.964005559682846,
        128.20000000000005
      ],
      [
        -2.1298914682120085,
        53.96408719941974,
        128.20000000000005
      ],
      [
        -2.12982508353889,
        53.96416783332825,
        128.20000000000005
      ],
      [
        -2.1297618839889765,
        53.96421535871923,
        128.39999999999998
      ],
      [
        -2.129740174859762,
        53.96423304453492,
        128.60000000000002
      ],
      [
        -2.1297276858240366,
        53.96425743587315,
        128.60000000000002
      ],
      [
        -2.1297459583729506,
        53.96425047889352,
        128.60000000000002
      ],
      [
        -2.1297336369752884,
        53.964266404509544,
        128.60000000000002
      ],
      [
        -2.1297100000083447,
        53.964329436421394,
        128.60000000000002
      ],
      [
        -2.129706647247076,
        53.964342176914215,
        128.60000000000002
      ],
      [
        -2.1296894643455744,
        53.96442155353725,
        128.60000000000002
      ],
      [
        -2.1296664979308844,
        53.96450277417898,
        128.39999999999998
      ],
      [
        -2.1296600438654423,
        53.96454116329551,
        128.60000000000002
      ],
      [
        -2.129648309201002,
        53.9646555762738,
        128.60000000000002
      ],
      [
        -2.129645962268114,
        53.96474492736161,
        128.60000000000002
      ],
      [
        -2.129638334736228,
        53.96484777331352,
        128.79999999999995
      ],
      [
        -2.129638670012355,
        53.96485850214958,
        129
      ],
      [
        -2.1296234149485826,
        53.96496587432921,
        129
      ],
      [
        -2.129601454362273,
        53.96510040387511,
        129.20000000000005
      ],
      [
        -2.1296263486146927,
        53.965253457427025,
        129.79999999999995
      ],
      [
        -2.129633389413357,
        53.96527416072786,
        130
      ],
      [
        -2.129639172926545,
        53.965367032215,
        130.60000000000002
      ],
      [
        -2.1296519972383976,
        53.96538564004004,
        131
      ],
      [
        -2.1296658273786306,
        53.965419586747885,
        131
      ],
      [
        -2.129672449082136,
        53.9654428884387,
        131
      ],
      [
        -2.1296929847449064,
        53.965510446578264,
        131
      ],
      [
        -2.1297000255435705,
        53.965523187071085,
        131.20000000000005
      ],
      [
        -2.1297032944858074,
        53.9655274618417,
        131.20000000000005
      ],
      [
        -2.129701115190983,
        53.96553651429713,
        131.20000000000005
      ],
      [
        -2.1296587865799665,
        53.96556459367275,
        131.20000000000005
      ],
      [
        -2.129580918699503,
        53.965652687475085,
        131.20000000000005
      ],
      [
        -2.1295200660824776,
        53.96575880236924,
        131.39999999999998
      ],
      [
        -2.1294603031128645,
        53.96587614901364,
        131.60000000000002
      ],
      [
        -2.1294002048671246,
        53.966011265292764,
        131.60000000000002
      ],
      [
        -2.1293670125305653,
        53.966098772361875,
        131.39999999999998
      ],
      [
        -2.1293601393699646,
        53.966122744604945,
        131.60000000000002
      ],
      [
        -2.1293023880571127,
        53.966252161189914,
        131.20000000000005
      ],
      [
        -2.129273386672139,
        53.966338746249676,
        131.20000000000005
      ],
      [
        -2.129268776625395,
        53.96635794080794,
        131.20000000000005
      ],
      [
        -2.1292220894247293,
        53.96645525470376,
        131.20000000000005
      ],
      [
        -2.129189148545265,
        53.966539995744824,
        131.20000000000005
      ],
      [
        -2.129184789955616,
        53.96656958386302,
        131.20000000000005
      ],
      [
        -2.1291816886514425,
        53.96663119085133,
        131.20000000000005
      ],
      [
        -2.129179174080491,
        53.96664242260158,
        131.20000000000005
      ],
      [
        -2.1291029825806618,
        53.96672707982361,
        131
      ],
      [
        -2.129073729738593,
        53.96674434654415,
        131
      ],
      [
        -2.1290738973766565,
        53.96674434654415,
        131
      ],
      [
        -2.12907406501472,
        53.966744262725115,
        131
      ],
      [
        -2.1290748193860054,
        53.966744262725115,
        131
      ],
      [
        -2.1290261205285788,
        53.966774018481374,
        131
      ],
      [
        -2.128954539075494,
        53.96685800515115,
        131.20000000000005
      ],
      [
        -2.128904415294528,
        53.96690494380891,
        131
      ],
      [
        -2.1288765873759985,
        53.966915840283036,
        131
      ],
      [
        -2.1288412995636463,
        53.96691667847335,
        131
      ],
      [
        -2.128632590174675,
        53.966909972950816,
        131.20000000000005
      ],
      [
        -2.1284756809473038,
        53.96690234541893,
        131.79999999999995
      ],
      [
        -2.128431424498558,
        53.96690444089472,
        131.79999999999995
      ],
      [
        -2.128381971269846,
        53.96691315807402,
        131.79999999999995
      ],
      [
        -2.1283601783216,
        53.966935789212584,
        131.79999999999995
      ],
      [
        -2.128297733142972,
        53.967017428949475,
        131.60000000000002
      ],
      [
        -2.128244759514928,
        53.967092698439956,
        131.60000000000002
      ],
      [
        -2.1281732618808746,
        53.96718297153711,
        131.20000000000005
      ],
      [
        -2.128132861107588,
        53.96720007061958,
        131.39999999999998
      ],
      [
        -2.1281232219189405,
        53.96722597070038,
        131.60000000000002
      ],
      [
        -2.128093969076872,
        53.967275340110064,
        132
      ],
      [
        -2.1280832402408123,
        53.96730023436248,
        132.20000000000005
      ],
      [
        -2.128035882487893,
        53.96739981137216,
        132.39999999999998
      ],
      [
        -2.127997577190399,
        53.96748513914645,
        132.39999999999998
      ],
      [
        -2.1279513090848923,
        53.967556888237596,
        132.79999999999995
      ],
      [
        -2.127947034314275,
        53.9675703831017,
        132.79999999999995
      ],
      [
        -2.127928761765361,
        53.967603826895356,
        133.20000000000005
      ],
      [
        -2.127892803400755,
        53.96764858625829,
        133.60000000000002
      ],
      [
        -2.1277768816798925,
        53.96772033534944,
        133.79999999999995
      ],
      [
        -2.1276325453072786,
        53.96779032424092,
        132.60000000000002
      ],
      [
        -2.127556437626481,
        53.967820163816214,
        132.20000000000005
      ],
      [
        -2.1274867840111256,
        53.96784539334476,
        132
      ],
      [
        -2.127427523955703,
        53.967903228476644,
        131.79999999999995
      ],
      [
        -2.127437414601445,
        53.96790339611471,
        131.79999999999995
      ],
      [
        -2.127434480935335,
        53.96790314465761,
        131.79999999999995
      ],
      [
        -2.1273733768612146,
        53.967936085537076,
        131.79999999999995
      ],
      [
        -2.1272390987724066,
        53.96799048408866,
        131.60000000000002
      ],
      [
        -2.127079088240862,
        53.96807757206261,
        131.39999999999998
      ],
      [
        -2.12692997418344,
        53.968154434114695,
        131.20000000000005
      ],
      [
        -2.1268206741660833,
        53.968228781595826,
        131.60000000000002
      ],
      [
        -2.126648761332035,
        53.96833984181285,
        132
      ],
      [
        -2.1264943666756153,
        53.96842332556844,
        132.20000000000005
      ],
      [
        -2.126303259283304,
        53.96848987787962,
        132.20000000000005
      ],
      [
        -2.1261674724519253,
        53.96852818317711,
        132.39999999999998
      ],
      [
        -2.1260128263384104,
        53.968574199825525,
        132
      ],
      [
        -2.1258876007050276,
        53.968616696074605,
        131.79999999999995
      ],
      [
        -2.125904532149434,
        53.968620551750064,
        131.60000000000002
      ],
      [
        -2.1259111538529396,
        53.96861443296075,
        131.60000000000002
      ],
      [
        -2.1259003411978483,
        53.96862239576876,
        131.60000000000002
      ],
      [
        -2.1259146742522717,
        53.968617115169764,
        131.60000000000002
      ],
      [
        -2.1258611977100372,
        53.9686531573534,
        131.60000000000002
      ],
      [
        -2.125788778066635,
        53.96871518343687,
        131.79999999999995
      ],
      [
        -2.1257247403264046,
        53.96877704188228,
        131.79999999999995
      ],
      [
        -2.1256405021995306,
        53.968855580314994,
        132
      ],
      [
        -2.125575039535761,
        53.968918696045876,
        132.20000000000005
      ],
      [
        -2.1255051344633102,
        53.96897653117776,
        132.60000000000002
      ],
      [
        -2.125434223562479,
        53.96905574016273,
        132.79999999999995
      ],
      [
        -2.125387117266655,
        53.9691056124866,
        133.20000000000005
      ],
      [
        -2.1253587026149035,
        53.96913184784353,
        133.20000000000005
      ],
      [
        -2.1252926532179117,
        53.969200076535344,
        133.39999999999998
      ],
      [
        -2.125217719003558,
        53.96928238682449,
        133.79999999999995
      ],
      [
        -2.1251708641648293,
        53.969326643273234,
        134.20000000000005
      ],
      [
        -2.1251398511230946,
        53.9693543035537,
        134.39999999999998
      ],
      [
        -2.12507757358253,
        53.96941356360912,
        135
      ],
      [
        -2.1250510029494762,
        53.96943091414869,
        135.39999999999998
      ],
      [
        -2.124986629933119,
        53.96948480978608,
        136
      ],
      [
        -2.124945055693388,
        53.969512805342674,
        136.39999999999998
      ],
      [
        -2.124934745952487,
        53.96952194161713,
        136.39999999999998
      ],
      [
        -2.124895853921771,
        53.96956644952297,
        136.79999999999995
      ],
      [
        -2.124815722927451,
        53.96962445229292,
        137.39999999999998
      ],
      [
        -2.1248052455484867,
        53.969632498919964,
        137.60000000000002
      ],
      [
        -2.1247423812747,
        53.96969108842313,
        138.20000000000005
      ],
      [
        -2.1247202530503273,
        53.96970936097205,
        138.60000000000002
      ],
      [
        -2.124668201431632,
        53.96975286304951,
        139.20000000000005
      ],
      [
        -2.124595195055008,
        53.96980080753565,
        139.60000000000002
      ],
      [
        -2.1245702169835567,
        53.969824109226465,
        139.79999999999995
      ],
      [
        -2.124476842582226,
        53.969887141138315,
        140.20000000000005
      ],
      [
        -2.1243753377348185,
        53.96994883194566,
        140.79999999999995
      ],
      [
        -2.1243573166429996,
        53.96995578892529,
        140.79999999999995
      ],
      [
        -2.124229660257697,
        53.97001571953297,
        141.39999999999998
      ],
      [
        -2.124128323048353,
        53.97005637176335,
        141.39999999999998
      ],
      [
        -2.1240396425127983,
        53.97011395543814,
        141.39999999999998
      ],
      [
        -2.1240531373769045,
        53.97011051885784,
        141.39999999999998
      ],
      [
        -2.124052047729492,
        53.97010917775333,
        141.39999999999998
      ],
      [
        -2.1240522153675556,
        53.97010875865817,
        141.39999999999998
      ],
      [
        -2.1240525506436825,
        53.97010825574398,
        141.39999999999998
      ],
      [
        -2.1240528859198093,
        53.97010817192495,
        141.39999999999998
      ],
      [
        -2.124027907848358,
        53.97012569010258,
        141.39999999999998
      ],
      [
        -2.1239394787698984,
        53.970186626538634,
        141.39999999999998
      ],
      [
        -2.1238451823592186,
        53.9702903944999,
        141.60000000000002
      ],
      [
        -2.1237644646316767,
        53.9703696873039,
        141.60000000000002
      ],
      [
        -2.12366689927876,
        53.97045434452593,
        141.20000000000005
      ],
      [
        -2.123558269813657,
        53.97051922045648,
        140.79999999999995
      ],
      [
        -2.1234423480927944,
        53.97058233618736,
        140.60000000000002
      ],
      [
        -2.1233319584280252,
        53.97065517492592,
        140.39999999999998
      ],
      [
        -2.1233063098043203,
        53.97066640667617,
        140.39999999999998
      ],
      [
        -2.123225424438715,
        53.97069649770856,
        140.20000000000005
      ],
      [
        -2.1231654938310385,
        53.970722733065486,
        140.20000000000005
      ],
      [
        -2.1230983547866344,
        53.9707684982568,
        140.20000000000005
      ],
      [
        -2.123074298724532,
        53.97078459151089,
        140.20000000000005
      ],
      [
        -2.1230183076113462,
        53.97082708775997,
        140.20000000000005
      ],
      [
        -2.122967764735222,
        53.970874696969986,
        140.39999999999998
      ],
      [
        -2.1229637414216995,
        53.97088274359703,
        140.39999999999998
      ],
      [
        -2.122945636510849,
        53.9708913769573,
        140.39999999999998
      ],
      [
        -2.122945636510849,
        53.9708913769573,
        140.20000000000005
      ],
      [
        -2.122945636510849,
        53.9708913769573,
        140
      ],
      [
        -2.122945636510849,
        53.9708913769573,
        140
      ],
      [
        -2.122945636510849,
        53.9708913769573,
        140
      ],
      [
        -2.122945636510849,
        53.9708913769573,
        140
      ],
      [
        -2.122945636510849,
        53.9708913769573,
        140.20000000000005
      ],
      [
        -2.122945636510849,
        53.9708913769573,
        140.20000000000005
      ],
      [
        -2.122945636510849,
        53.9708913769573,
        140
      ],
      [
        -2.122945636510849,
        53.9708913769573,
        140
      ],
      [
        -2.122945636510849,
        53.9708913769573,
        140
      ],
      [
        -2.122945636510849,
        53.9708913769573,
        140
      ],
      [
        -2.122945636510849,
        53.9708913769573,
        140
      ],
      [
        -2.122945636510849,
        53.9708913769573,
        140
      ],
      [
        -2.122945636510849,
        53.9708913769573,
        140
      ],
      [
        -2.122945636510849,
        53.9708913769573,
        140
      ],
      [
        -2.122945636510849,
        53.9708913769573,
        140
      ],
      [
        -2.122945636510849,
        53.9708913769573,
        140
      ],
      [
        -2.122945636510849,
        53.9708913769573,
        140
      ],
      [
        -2.122945636510849,
        53.9708913769573,
        140
      ],
      [
        -2.122945636510849,
        53.9708913769573,
        140
      ],
      [
        -2.122945636510849,
        53.9708913769573,
        140
      ],
      [
        -2.122945636510849,
        53.9708913769573,
        140
      ],
      [
        -2.122945636510849,
        53.9708913769573,
        140
      ],
      [
        -2.122945636510849,
        53.9708913769573,
        140
      ],
      [
        -2.122945636510849,
        53.9708913769573,
        140
      ],
      [
        -2.122945636510849,
        53.9708913769573,
        140
      ],
      [
        -2.122945636510849,
        53.9708913769573,
        140
      ],
      [
        -2.122945636510849,
        53.9708913769573,
        140
      ],
      [
        -2.122945636510849,
        53.9708913769573,
        140
      ],
      [
        -2.1229337342083454,
        53.97088659927249,
        140.20000000000005
      ],
      [
        -2.1229366678744555,
        53.97089045494795,
        140.39999999999998
      ],
      [
        -2.122940020635724,
        53.97089540027082,
        140.60000000000002
      ],
      [
        -2.1229395177215338,
        53.97089288569987,
        140.60000000000002
      ],
      [
        -2.1229390148073435,
        53.97089498117566,
        140.60000000000002
      ],
      [
        -2.1229431219398975,
        53.9708948135376,
        140.39999999999998
      ],
      [
        -2.1229439601302147,
        53.970903446897864,
        140.39999999999998
      ],
      [
        -2.1228698641061783,
        53.970966478809714,
        140.39999999999998
      ],
      [
        -2.1227458119392395,
        53.971046693623066,
        141
      ],
      [
        -2.122623771429062,
        53.971126740798354,
        141.39999999999998
      ],
      [
        -2.1225562132894993,
        53.9711675606668,
        141.60000000000002
      ],
      [
        -2.1225392818450928,
        53.9711762778461,
        141.60000000000002
      ],
      [
        -2.122498629614711,
        53.97119790315628,
        141.79999999999995
      ],
      [
        -2.122378097847104,
        53.971268478780985,
        142.39999999999998
      ],
      [
        -2.12233099155128,
        53.9712970610708,
        142.79999999999995
      ],
      [
        -2.1222533751279116,
        53.97134995087981,
        143.79999999999995
      ],
      [
        -2.1222380362451077,
        53.971359925344586,
        143.79999999999995
      ],
      [
        -2.1221485175192356,
        53.97142371162772,
        144.20000000000005
      ],
      [
        -2.1221155766397715,
        53.97144793532789,
        144.39999999999998
      ],
      [
        -2.1220584120601416,
        53.971485989168286,
        145
      ],
      [
        -2.1219913568347692,
        53.97153988480568,
        145.39999999999998
      ],
      [
        -2.1218699030578136,
        53.97162479348481,
        145.39999999999998
      ],
      [
        -2.1217229682952166,
        53.97174113430083,
        145.20000000000005
      ],
      [
        -2.1216319408267736,
        53.97182713262737,
        144.79999999999995
      ],
      [
        -2.1215819008648396,
        53.97185747511685,
        144.39999999999998
      ],
      [
        -2.121577626094222,
        53.97185864858329,
        144.39999999999998
      ],
      [
        -2.1215571742504835,
        53.97187013179064,
        144.79999999999995
      ],
      [
        -2.121472852304578,
        53.971918830648065,
        144.60000000000002
      ],
      [
        -2.121471343562007,
        53.97192285396159,
        143.79999999999995
      ],
      [
        -2.1214720141142607,
        53.97192285396159,
        143.60000000000002
      ],
      [
        -2.1214428450912237,
        53.971947664394975,
        143.79999999999995
      ],
      [
        -2.1213441900908947,
        53.97203156724572,
        144.20000000000005
      ],
      [
        -2.1213357243686914,
        53.97204414010048,
        144.20000000000005
      ],
      [
        -2.121253330260515,
        53.97213072516024,
        144.39999999999998
      ],
      [
        -2.1211890410631895,
        53.97220993414521,
        144.60000000000002
      ],
      [
        -2.121129110455513,
        53.97228956222534,
        144.79999999999995
      ],
      [
        -2.121091475710273,
        53.97233700379729,
        144.79999999999995
      ],
      [
        -2.121027521789074,
        53.972376734018326,
        145.20000000000005
      ],
      [
        -2.1209202334284782,
        53.972443705424666,
        145
      ],
      [
        -2.120818728581071,
        53.97255518473685,
        145.20000000000005
      ],
      [
        -2.120715379714966,
        53.97265333682299,
        145.39999999999998
      ],
      [
        -2.120619574561715,
        53.97272005677223,
        145.60000000000002
      ],
      [
        -2.120605241507292,
        53.972728941589594,
        145.79999999999995
      ],
      [
        -2.120553106069565,
        53.97276045754552,
        146
      ],
      [
        -2.1204498410224915,
        53.97282684221864,
        146.39999999999998
      ],
      [
        -2.1203287225216627,
        53.9729028660804,
        147
      ],
      [
        -2.1202095318585634,
        53.97297000512481,
        148
      ],
      [
        -2.1201786026358604,
        53.97298710420728,
        148
      ],
      [
        -2.1201019920408726,
        53.97303169593215,
        148.79999999999995
      ],
      [
        -2.1200790256261826,
        53.973053907975554,
        149
      ],
      [
        -2.1200166642665863,
        53.97310252301395,
        149.60000000000002
      ],
      [
        -2.119982885196805,
        53.973157592117786,
        150
      ],
      [
        -2.1199885848909616,
        53.97315675392747,
        150.20000000000005
      ],
      [
        -2.1199945360422134,
        53.973154071718454,
        150
      ],
      [
        -2.119947848841548,
        53.97317041642964,
        150
      ],
      [
        -2.119839806109667,
        53.973232274875045,
        150.60000000000002
      ],
      [
        -2.119717765599489,
        53.97331642918289,
        150.79999999999995
      ],
      [
        -2.119583236053586,
        53.97341039031744,
        150.79999999999995
      ],
      [
        -2.1194537356495857,
        53.97349630482495,
        150.39999999999998
      ],
      [
        -2.1193446032702923,
        53.97356218658388,
        150.39999999999998
      ],
      [
        -2.1192453615367413,
        53.973626643419266,
        150.79999999999995
      ],
      [
        -2.119146538898349,
        53.97369512356818,
        151
      ],
      [
        -2.119118794798851,
        53.97371155209839,
        151.20000000000005
      ],
      [
        -2.1190453693270683,
        53.973760502412915,
        151.60000000000002
      ],
      [
        -2.118939505890012,
        53.97380953654647,
        151.79999999999995
      ],
      [
        -2.118825763463974,
        53.973865611478686,
        152
      ],
      [
        -2.1187181398272514,
        53.973950017243624,
        152
      ],
      [
        -2.1186091750860214,
        53.97403794340789,
        151.60000000000002
      ],
      [
        -2.1185543574392796,
        53.97407457232475,
        151
      ],
      [
        -2.1185452211648226,
        53.9741013944149,
        150.79999999999995
      ],
      [
        -2.1184798423200846,
        53.97419418208301,
        150.20000000000005
      ],
      [
        -2.1184571273624897,
        53.97420398890972,
        150
      ],
      [
        -2.1182699594646692,
        53.97428805939853,
        149.60000000000002
      ],
      [
        -2.1181202586740255,
        53.97436232306063,
        149
      ],
      [
        -2.1180778462439775,
        53.9743865467608,
        148.79999999999995
      ],
      [
        -2.1179535426199436,
        53.974443543702364,
        148.39999999999998
      ],
      [
        -2.1179164107888937,
        53.97446223534644,
        148.20000000000005
      ],
      [
        -2.117878021672368,
        53.97447858005762,
        148
      ],
      [
        -2.1177733317017555,
        53.974538845941424,
        147.79999999999995
      ],
      [
        -2.1176434122025967,
        53.974598022177815,
        147.60000000000002
      ],
      [
        -2.117489855736494,
        53.974659545347095,
        147
      ],
      [
        -2.1174694038927555,
        53.97466717287898,
        147
      ],
      [
        -2.1173259895294905,
        53.97474495694041,
        146.39999999999998
      ],
      [
        -2.1172023564577103,
        53.97482894361019,
        146.20000000000005
      ],
      [
        -2.1170539129525423,
        53.97489725612104,
        146.39999999999998
      ],
      [
        -2.1169570181518793,
        53.974952660501,
        145.79999999999995
      ],
      [
        -2.1169375721365213,
        53.97496330551803,
        145.79999999999995
      ],
      [
        -2.1167828422039747,
        53.97503254003823,
        145.60000000000002
      ],
      [
        -2.116660298779607,
        53.97509280592203,
        145.20000000000005
      ],
      [
        -2.1165104303508997,
        53.975175535306334,
        144.79999999999995
      ],
      [
        -2.1164943370968103,
        53.97518425248563,
        144.60000000000002
      ],
      [
        -2.1164015494287014,
        53.97524041123688,
        143.79999999999995
      ],
      [
        -2.1163479890674353,
        53.97526513785124,
        143.60000000000002
      ],
      [
        -2.1162884775549173,
        53.975294306874275,
        143.39999999999998
      ],
      [
        -2.116133915260434,
        53.975391536951065,
        142.79999999999995
      ],
      [
        -2.1161123737692833,
        53.97540201433003,
        142.60000000000002
      ],
      [
        -2.1160889882594347,
        53.9754347037524,
        142.39999999999998
      ],
      [
        -2.1160821989178658,
        53.97544652223587,
        142.39999999999998
      ],
      [
        -2.1160889882594347,
        53.9754347037524,
        142.39999999999998
      ],
      [
        -2.1160814445465803,
        53.97544392384589,
        142.60000000000002
      ],
      [
        -2.116087730973959,
        53.97544367238879,
        142.20000000000005
      ],
      [
        -2.1160683687776327,
        53.97548449225724,
        142.20000000000005
      ],
      [
        -2.1159668639302254,
        53.975546434521675,
        142
      ],
      [
        -2.115869801491499,
        53.97561164572835,
        141.79999999999995
      ],
      [
        -2.115781456232071,
        53.97567761130631,
        141.60000000000002
      ],
      [
        -2.1156900096684694,
        53.97575480863452,
        141.39999999999998
      ],
      [
        -2.1156601700931787,
        53.97578448057175,
        141.20000000000005
      ],
      [
        -2.115597892552614,
        53.9758578222245,
        140.60000000000002
      ],
      [
        -2.115575009956956,
        53.97589453496039,
        140.39999999999998
      ],
      [
        -2.11554198525846,
        53.9759646076709,
        140
      ],
      [
        -2.115531088784337,
        53.97606904618442,
        139.60000000000002
      ],
      [
        -2.115525472909212,
        53.97609796375036,
        139.39999999999998
      ],
      [
        -2.115528741851449,
        53.97616920992732,
        138.79999999999995
      ],
      [
        -2.115524047985673,
        53.976228972896934,
        138.39999999999998
      ],
      [
        -2.1155292447656393,
        53.9762738160789,
        137.60000000000002
      ],
      [
        -2.1155289094895124,
        53.976308433339,
        137.20000000000005
      ],
      [
        -2.1155189350247383,
        53.97638018243015,
        136
      ],
      [
        -2.1155159175395966,
        53.97641287185252,
        135.60000000000002
      ],
      [
        -2.1155165042728186,
        53.97644715383649,
        135
      ],
      [
        -2.115507870912552,
        53.97651420906186,
        134
      ],
      [
        -2.1155058592557907,
        53.97652552463114,
        133.79999999999995
      ],
      [
        -2.1155006624758244,
        53.97659559734166,
        132.79999999999995
      ],
      [
        -2.115501333028078,
        53.97664555348456,
        132
      ],
      [
        -2.11549898609519,
        53.97666952572763,
        131.79999999999995
      ],
      [
        -2.1154902689158916,
        53.976738676428795,
        130.60000000000002
      ],
      [
        -2.1154870837926865,
        53.97678284905851,
        130.20000000000005
      ],
      [
        -2.115475684404373,
        53.97681335918605,
        129.60000000000002
      ],
      [
        -2.1154631953686476,
        53.97688644938171,
        128.79999999999995
      ],
      [
        -2.1154599264264107,
        53.976908661425114,
        128.39999999999998
      ],
      [
        -2.1154511254280806,
        53.9770251698792,
        127.60000000000002
      ],
      [
        -2.1154481917619705,
        53.977046459913254,
        127.39999999999998
      ],
      [
        -2.1154335234314203,
        53.977107061073184,
        127
      ],
      [
        -2.1154266502708197,
        53.977127177640796,
        126.79999999999995
      ],
      [
        -2.1153989899903536,
        53.97717512212694,
        126.39999999999998
      ],
      [
        -2.115374179556966,
        53.97721770219505,
        125.60000000000002
      ],
      [
        -2.115350039675832,
        53.97724762558937,
        125.39999999999998
      ],
      [
        -2.115334700793028,
        53.9772788900882,
        125
      ],
      [
        -2.115334700793028,
        53.9772788900882,
        124.79999999999995
      ],
      [
        -2.115334700793028,
        53.9772788900882,
        125
      ],
      [
        -2.115334700793028,
        53.9772788900882,
        125
      ],
      [
        -2.1153344493359327,
        53.97728961892426,
        125
      ],
      [
        -2.115291114896536,
        53.97737075574696,
        124.60000000000002
      ],
      [
        -2.1152228862047195,
        53.977454071864486,
        124.39999999999998
      ],
      [
        -2.1152149233967066,
        53.977463291957974,
        124.39999999999998
      ],
      [
        -2.1151596028357744,
        53.977549877017736,
        124.20000000000005
      ],
      [
        -2.1150957327336073,
        53.977629505097866,
        123.79999999999995
      ],
      [
        -2.1150835789740086,
        53.97764082066715,
        123.79999999999995
      ],
      [
        -2.1150729339569807,
        53.97765079513192,
        123.79999999999995
      ],
      [
        -2.1150123327970505,
        53.97773218341172,
        123.79999999999995
      ],
      [
        -2.114974530413747,
        53.97779622115195,
        123.60000000000002
      ],
      [
        -2.114964472129941,
        53.97781231440604,
        123.60000000000002
      ],
      [
        -2.1149565931409597,
        53.977823965251446,
        123.60000000000002
      ],
      [
        -2.114862632006407,
        53.977916250005364,
        123.79999999999995
      ],
      [
        -2.1147707663476467,
        53.978006187826395,
        123.79999999999995
      ],
      [
        -2.1146883722394705,
        53.97808841429651,
        124
      ],
      [
        -2.114606648683548,
        53.978145411238074,
        124
      ],
      [
        -2.114480920135975,
        53.97824146784842,
        124
      ],
      [
        -2.1144008729606867,
        53.978301817551255,
        124.20000000000005
      ],
      [
        -2.114300625398755,
        53.97840139456093,
        124.39999999999998
      ],
      [
        -2.1142065804451704,
        53.9784893207252,
        125
      ],
      [
        -2.1141768246889114,
        53.978521674871445,
        125.39999999999998
      ],
      [
        -2.1141409501433372,
        53.97856408730149,
        125.60000000000002
      ],
      [
        -2.1141028124839067,
        53.97861278615892,
        126.39999999999998
      ],
      [
        -2.1140763256698847,
        53.978638518601656,
        126.79999999999995
      ],
      [
        -2.114048497751355,
        53.97867690771818,
        127.39999999999998
      ],
      [
        -2.1140307281166315,
        53.978700460866094,
        127.79999999999995
      ],
      [
        -2.1140104439109564,
        53.978747986257076,
        128.20000000000005
      ],
      [
        -2.1140080131590366,
        53.978762151673436,
        128.39999999999998
      ],
      [
        -2.1140001341700554,
        53.97877472452819,
        128.60000000000002
      ],
      [
        -2.1139282174408436,
        53.978883270174265,
        129.39999999999998
      ],
      [
        -2.1139193326234818,
        53.97889668121934,
        129.60000000000002
      ],
      [
        -2.1138599049299955,
        53.97899064235389,
        129.79999999999995
      ],
      [
        -2.1138212643563747,
        53.979058703407645,
        130.39999999999998
      ],
      [
        -2.113812295719981,
        53.97906934842467,
        130.60000000000002
      ],
      [
        -2.1137604117393494,
        53.97913950495422,
        130.60000000000002
      ],
      [
        -2.113725123926997,
        53.979167165234685,
        130.39999999999998
      ],
      [
        -2.11370131932199,
        53.97918066009879,
        130.39999999999998
      ],
      [
        -2.11370131932199,
        53.97918066009879,
        130.39999999999998
      ],
      [
        -2.1136934403330088,
        53.97919884882867,
        130.39999999999998
      ],
      [
        -2.1136934403330088,
        53.97919884882867,
        130.39999999999998
      ],
      [
        -2.1136967092752457,
        53.97921024821699,
        130.39999999999998
      ],
      [
        -2.1136760897934437,
        53.9792198035866,
        130.20000000000005
      ],
      [
        -2.1136669535189867,
        53.97920781746507,
        130.60000000000002
      ],
      [
        -2.11366955190897,
        53.97920832037926,
        131
      ],
      [
        -2.1136555541306734,
        53.97920320741832,
        131
      ],
      [
        -2.113529574126005,
        53.97921578027308,
        130.79999999999995
      ],
      [
        -2.113392697647214,
        53.9792303647846,
        130.60000000000002
      ],
      [
        -2.113313991576433,
        53.97923874668777,
        130
      ],
      [
        -2.1132491156458855,
        53.97923958487809,
        130
      ],
      [
        -2.113083740696311,
        53.9792528282851,
        129.79999999999995
      ],
      [
        -2.113048955798149,
        53.97925634868443,
        129.39999999999998
      ],
      [
        -2.112922975793481,
        53.97927260957658,
        128.79999999999995
      ],
      [
        -2.1128403302282095,
        53.97928501479328,
        128.39999999999998
      ],
      [
        -2.112742429599166,
        53.979292307049036,
        127.79999999999995
      ],
      [
        -2.1126768831163645,
        53.97929876111448,
        127.20000000000005
      ],
      [
        -2.112578898668289,
        53.97931644693017,
        126.79999999999995
      ],
      [
        -2.1125170402228832,
        53.97931728512049,
        126.20000000000005
      ],
      [
        -2.1124070696532726,
        53.97933547385037,
        125.60000000000002
      ],
      [
        -2.112320652231574,
        53.97933949716389,
        125.20000000000005
      ],
      [
        -2.1122575365006924,
        53.97934569977224,
        124.60000000000002
      ],
      [
        -2.112180171534419,
        53.97935542277992,
        124
      ],
      [
        -2.112094173207879,
        53.97935927845538,
        123.39999999999998
      ],
      [
        -2.1120440494269133,
        53.97936179302633,
        122.79999999999995
      ],
      [
        -2.1119503397494555,
        53.97936866618693,
        121.79999999999995
      ],
      [
        -2.1119308937340975,
        53.97937126457691,
        121.60000000000002
      ],
      [
        -2.1117856353521347,
        53.979384675621986,
        120.60000000000002
      ],
      [
        -2.1116893272846937,
        53.97939498536289,
        119.60000000000002
      ],
      [
        -2.111648842692375,
        53.97939942777157,
        119.39999999999998
      ],
      [
        -2.1115380339324474,
        53.97940504364669,
        118.60000000000002
      ],
      [
        -2.1114484313875437,
        53.979409569874406,
        118
      ],
      [
        -2.111408868804574,
        53.97940990515053,
        117.60000000000002
      ],
      [
        -2.1112755965441465,
        53.97940445691347,
        116.60000000000002
      ],
      [
        -2.111254893243313,
        53.979404205456376,
        116.39999999999998
      ],
      [
        -2.111169481649995,
        53.97940328344703,
        116
      ],
      [
        -2.111064540222287,
        53.979406636208296,
        115.60000000000002
      ],
      [
        -2.111040400341153,
        53.979408061131835,
        115.39999999999998
      ],
      [
        -2.1109054517000914,
        53.979413006454706,
        115.20000000000005
      ],
      [
        -2.110783914104104,
        53.979412922635674,
        114.79999999999995
      ],
      [
        -2.110640751197934,
        53.979407558217645,
        114.39999999999998
      ],
      [
        -2.1105917170643806,
        53.9794116653502,
        114.39999999999998
      ],
      [
        -2.1103835105895996,
        53.979429015889764,
        114.39999999999998
      ],
      [
        -2.110222326591611,
        53.979434380307794,
        114.39999999999998
      ],
      [
        -2.1101976837962866,
        53.979442259296775,
        114.39999999999998
      ],
      [
        -2.1101838536560535,
        53.97944142110646,
        114.39999999999998
      ],
      [
        -2.1100774873048067,
        53.97946447134018,
        114.60000000000002
      ],
      [
        -2.109920410439372,
        53.97951493039727,
        114.39999999999998
      ],
      [
        -2.1098089311271906,
        53.979566311463714,
        114.60000000000002
      ],
      [
        -2.10968722589314,
        53.97962020710111,
        114.79999999999995
      ],
      [
        -2.1095395367592573,
        53.97968575358391,
        115
      ],
      [
        -2.109444150701165,
        53.97973210550845,
        114.79999999999995
      ],
      [
        -2.109319008886814,
        53.979799412190914,
        114.60000000000002
      ],
      [
        -2.10918297059834,
        53.97986956872046,
        114.39999999999998
      ],
      [
        -2.109046345576644,
        53.97992874495685,
        114.20000000000005
      ],
      [
        -2.108914917334914,
        53.97999127395451,
        113.79999999999995
      ],
      [
        -2.108800169080496,
        53.980057407170534,
        113.39999999999998
      ],
      [
        -2.108785165473819,
        53.98006369359791,
        113.39999999999998
      ],
      [
        -2.108708471059799,
        53.98008263669908,
        113
      ],
      [
        -2.108694724738598,
        53.980088252574205,
        112.60000000000002
      ],
      [
        -2.1086969040334225,
        53.98009135387838,
        112.60000000000002
      ],
      [
        -2.1086726803332567,
        53.98009487427771,
        112.60000000000002
      ],
      [
        -2.108563967049122,
        53.98011876270175,
        113.20000000000005
      ],
      [
        -2.108388701453805,
        53.98015497252345,
        113
      ],
      [
        -2.1082415990531445,
        53.98017190396786,
        112.79999999999995
      ],
      [
        -2.108054766431451,
        53.98021808825433,
        113
      ],
      [
        -2.1078760642558336,
        53.98026251234114,
        112.79999999999995
      ],
      [
        -2.107728961855173,
        53.98030492477119,
        112.79999999999995
      ],
      [
        -2.1076013892889023,
        53.98032219149172,
        112.60000000000002
      ],
      [
        -2.107458896934986,
        53.980344319716096,
        112.39999999999998
      ],
      [
        -2.107443558052182,
        53.98034691810608,
        112.39999999999998
      ],
      [
        -2.107313722372055,
        53.98037030361593,
        112.20000000000005
      ],
      [
        -2.107180953025818,
        53.98039578460157,
        112.20000000000005
      ],
      [
        -2.1070113871246576,
        53.9804114587605,
        112.39999999999998
      ],
      [
        -2.1068371273577213,
        53.9804355148226,
        112.20000000000005
      ],
      [
        -2.1066939644515514,
        53.98047926835716,
        112
      ],
      [
        -2.106575947254896,
        53.980512293055654,
        112
      ],
      [
        -2.1065319422632456,
        53.98053425364196,
        112.20000000000005
      ],
      [
        -2.1065445989370346,
        53.98053743876517,
        112.60000000000002
      ],
      [
        -2.106545940041542,
        53.98053785786033,
        112.79999999999995
      ],
      [
        -2.106539150699973,
        53.980561746284366,
        112.79999999999995
      ],
      [
        -2.106474358588457,
        53.98060164414346,
        112.20000000000005
      ],
      [
        -2.1063591074198484,
        53.980639362707734,
        112.39999999999998
      ],
      [
        -2.106222817674279,
        53.98068470880389,
        112.60000000000002
      ],
      [
        -2.1060568559914827,
        53.980709770694375,
        112.60000000000002
      ],
      [
        -2.1059974282979965,
        53.98072452284396,
        112.60000000000002
      ],
      [
        -2.1059550996869802,
        53.980744471773505,
        112.60000000000002
      ],
      [
        -2.1059478912502527,
        53.98075251840055,
        112.60000000000002
      ],
      [
        -2.1059470530599356,
        53.980753775686026,
        112.79999999999995
      ],
      [
        -2.1059290319681168,
        53.98075947538018,
        112.79999999999995
      ],
      [
        -2.1059099212288857,
        53.9807724673301,
        112.79999999999995
      ],
      [
        -2.105878069996834,
        53.980849580839276,
        113.20000000000005
      ],
      [
        -2.1058816742151976,
        53.980929125100374,
        113.39999999999998
      ],
      [
        -2.1058789920061827,
        53.980948738753796,
        113.39999999999998
      ],
      [
        -2.105885948985815,
        53.98101596161723,
        113.60000000000002
      ],
      [
        -2.1058790758252144,
        53.98106231354177,
        113.79999999999995
      ],
      [
        -2.1058787405490875,
        53.98107463493943,
        113.79999999999995
      ],
      [
        -2.105884188786149,
        53.98112241178751,
        114
      ],
      [
        -2.10588863119483,
        53.98120732046664,
        114
      ],
      [
        -2.1059060655534267,
        53.98131041787565,
        114.20000000000005
      ],
      [
        -2.105929786339402,
        53.98136674426496,
        114.20000000000005
      ],
      [
        -2.1059399284422398,
        53.98145567625761,
        114
      ],
      [
        -2.1059717796742916,
        53.981553660705686,
        113.60000000000002
      ],
      [
        -2.1059724502265453,
        53.981578554958105,
        113.60000000000002
      ],
      [
        -2.1059724502265453,
        53.981578554958105,
        113.60000000000002
      ],
      [
        -2.1059724502265453,
        53.981578554958105,
        113.39999999999998
      ],
      [
        -2.1059724502265453,
        53.981578554958105,
        113.39999999999998
      ],
      [
        -2.1059724502265453,
        53.981578554958105,
        113.39999999999998
      ],
      [
        -2.1059724502265453,
        53.981578554958105,
        113.39999999999998
      ],
      [
        -2.1059724502265453,
        53.981578554958105,
        113.39999999999998
      ],
      [
        -2.1059742104262114,
        53.98159213364124,
        113.39999999999998
      ],
      [
        -2.105977814644575,
        53.98159867152572,
        113.20000000000005
      ],
      [
        -2.1059832628816366,
        53.98162608034909,
        113.20000000000005
      ],
      [
        -2.10601176135242,
        53.98168760351837,
        113.20000000000005
      ],
      [
        -2.1060514077544212,
        53.98177016526461,
        113.20000000000005
      ],
      [
        -2.1060612984001637,
        53.981808219105005,
        113
      ],
      [
        -2.106065321713686,
        53.98184912279248,
        113
      ],
      [
        -2.1060700993984938,
        53.9819223806262,
        112.79999999999995
      ],
      [
        -2.1060882043093443,
        53.981986586004496,
        112.60000000000002
      ],
      [
        -2.1060961671173573,
        53.982024723663926,
        112.60000000000002
      ],
      [
        -2.106098933145404,
        53.98213712498546,
        112.79999999999995
      ],
      [
        -2.1061042975634336,
        53.982238629832864,
        112.79999999999995
      ],
      [
        -2.106114774942398,
        53.982363352552056,
        112.79999999999995
      ],
      [
        -2.1061306167393923,
        53.98248773999512,
        113
      ],
      [
        -2.1061355620622635,
        53.98259452544153,
        113.20000000000005
      ],
      [
        -2.106121564283967,
        53.982709776610136,
        113.39999999999998
      ],
      [
        -2.106119552627206,
        53.98281455039978,
        113.79999999999995
      ],
      [
        -2.1061187982559204,
        53.98292317986488,
        113.20000000000005
      ],
      [
        -2.105987621471286,
        53.983022421598434,
        112.60000000000002
      ],
      [
        -2.1059156209230423,
        53.983052680268884,
        112.39999999999998
      ],
      [
        -2.1059144474565983,
        53.98305502720177,
        112.20000000000005
      ],
      [
        -2.1059388387948275,
        53.98310079239309,
        112.20000000000005
      ],
      [
        -2.105941269546747,
        53.98315753787756,
        112
      ],
      [
        -2.1059444546699524,
        53.98317807354033,
        111.79999999999995
      ],
      [
        -2.1059444546699524,
        53.98317807354033,
        111.79999999999995
      ],
      [
        -2.1059408504515886,
        53.98316944018006,
        111.60000000000002
      ],
      [
        -2.105941940099001,
        53.98316918872297,
        111.60000000000002
      ],
      [
        -2.1059176325798035,
        53.98318092338741,
        111.60000000000002
      ],
      [
        -2.1057921554893255,
        53.98320305161178,
        111.79999999999995
      ],
      [
        -2.105634156614542,
        53.983193496242166,
        111.60000000000002
      ],
      [
        -2.1055262815207243,
        53.98319433443248,
        111.60000000000002
      ],
      [
        -2.1053539495915174,
        53.98323959670961,
        111.79999999999995
      ],
      [
        -2.105336682870984,
        53.98324680514634,
        111.79999999999995
      ],
      [
        -2.1052219346165657,
        53.98328854702413,
        111.60000000000002
      ],
      [
        -2.1051612496376038,
        53.98331427946687,
        111.60000000000002
      ],
      [
        -2.1050534583628178,
        53.983359625563025,
        111.60000000000002
      ],
      [
        -2.104933261871338,
        53.98342735134065,
        111.60000000000002
      ],
      [
        -2.1048155799508095,
        53.983441684395075,
        111.39999999999998
      ],
      [
        -2.104679960757494,
        53.98344101384282,
        111.60000000000002
      ],
      [
        -2.1045602671802044,
        53.9835197199136,
        111.60000000000002
      ],
      [
        -2.10447795689106,
        53.98358417674899,
        111.60000000000002
      ],
      [
        -2.1043841633945704,
        53.98362281732261,
        111.60000000000002
      ],
      [
        -2.104292046278715,
        53.983634635806084,
        112
      ],
      [
        -2.1043131686747074,
        53.98364167660475,
        112.20000000000005
      ],
      [
        -2.1043246518820524,
        53.98365307599306,
        112.20000000000005
      ],
      [
        -2.1041726041585207,
        53.98365659639239,
        112.20000000000005
      ],
      [
        -2.1041114162653685,
        53.983665984123945,
        112.20000000000005
      ],
      [
        -2.1042849216610193,
        53.98351318202913,
        112.39999999999998
      ],
      [
        -2.1043758653104305,
        53.983473451808095,
        112.39999999999998
      ],
      [
        -2.1044849138706923,
        53.98347605019808,
        112.20000000000005
      ],
      [
        -2.1047952957451344,
        53.98368660360575,
        112.39999999999998
      ],
      [
        -2.1048706490546465,
        53.98371174931526,
        112.39999999999998
      ],
      [
        -2.1047925297170877,
        53.983771512284875,
        112.39999999999998
      ],
      [
        -2.10475062020123,
        53.983787186443806,
        112.39999999999998
      ],
      [
        -2.104794206097722,
        53.98373161442578,
        112.39999999999998
      ],
      [
        -2.1047422382980585,
        53.98371107876301,
        112.39999999999998
      ],
      [
        -2.1045643743127584,
        53.98371057584882,
        112.39999999999998
      ],
      [
        -2.1045036893337965,
        53.983687274158,
        112.39999999999998
      ],
      [
        -2.104503018781543,
        53.983654752373695,
        112.39999999999998
      ],
      [
        -2.104503605514765,
        53.983636144548655,
        112.39999999999998
      ],
      [
        -2.10448382422328,
        53.98358493112028,
        112.39999999999998
      ],
      [
        -2.1044265758246183,
        53.98361242376268,
        112.39999999999998
      ],
      [
        -2.104379218071699,
        53.98363555781543,
        112.39999999999998
      ],
      [
        -2.104312665760517,
        53.983635138720274,
        112.20000000000005
      ],
      [
        -2.1042689960449934,
        53.9836251642555,
        112.39999999999998
      ],
      [
        -2.1043208800256252,
        53.98360278457403,
        112.60000000000002
      ],
      [
        -2.104395814239979,
        53.98353924974799,
        112.60000000000002
      ],
      [
        -2.1042235661298037,
        53.983506644144654,
        112.20000000000005
      ],
      [
        -2.104181908071041,
        53.98364913649857,
        112.39999999999998
      ],
      [
        -2.1042580157518387,
        53.98364310152829,
        112.39999999999998
      ],
      [
        -2.1042294334620237,
        53.98361384868622,
        112.60000000000002
      ],
      [
        -2.1041606180369854,
        53.983619129285216,
        112.60000000000002
      ],
      [
        -2.1040313690900803,
        53.983668833971024,
        112.39999999999998
      ],
      [
        -2.1039717737585306,
        53.98364829830825,
        112.39999999999998
      ],
      [
        -2.1038536727428436,
        53.98365072906017,
        112.39999999999998
      ],
      [
        -2.103728363290429,
        53.98363430052996,
        112.39999999999998
      ],
      [
        -2.10377287119627,
        53.98361158557236,
        112.60000000000002
      ],
      [
        -2.1038015373051167,
        53.98359063081443,
        112.60000000000002
      ],
      [
        -2.1039586141705513,
        53.98363656364381,
        112.60000000000002
      ],
      [
        -2.104085935279727,
        53.983643436804414,
        112.60000000000002
      ],
      [
        -2.104077385738492,
        53.98362457752228,
        112.60000000000002
      ],
      [
        -2.1041208039969206,
        53.98365047760308,
        112.39999999999998
      ],
      [
        -2.10420873016119,
        53.98363119922578,
        112.39999999999998
      ],
      [
        -2.1042928844690323,
        53.98361451923847,
        112.39999999999998
      ],
      [
        -2.104287352412939,
        53.9835958275944,
        112.20000000000005
      ],
      [
        -2.1043034456670284,
        53.98359591141343,
        112.39999999999998
      ],
      [
        -2.1042689960449934,
        53.983586775138974,
        112.39999999999998
      ],
      [
        -2.1042548306286335,
        53.983587278053164,
        112.20000000000005
      ],
      [
        -2.1042145136743784,
        53.9835907984525,
        112.39999999999998
      ],
      [
        -2.1042710077017546,
        53.98360571824014,
        112.20000000000005
      ],
      [
        -2.1042772103101015,
        53.983615608885884,
        112.20000000000005
      ],
      [
        -2.104249633848667,
        53.98361150175333,
        112.20000000000005
      ],
      [
        -2.104255249723792,
        53.98362667299807,
        112
      ],
      [
        -2.1042315289378166,
        53.9836130104959,
        112
      ],
      [
        -2.104230187833309,
        53.98361887782812,
        112
      ],
      [
        -2.1042227279394865,
        53.983624409884214,
        111.79999999999995
      ],
      [
        -2.104238485917449,
        53.983621560037136,
        111.79999999999995
      ],
      [
        -2.104241419583559,
        53.98363413289189,
        112
      ],
      [
        -2.1043172758072615,
        53.98359633050859,
        112.20000000000005
      ],
      [
        -2.1043520607054234,
        53.983591636642814,
        112
      ],
      [
        -2.104388102889061,
        53.9835939835757,
        111.79999999999995
      ],
      [
        -2.1044642105698586,
        53.983600437641144,
        112
      ],
      [
        -2.104505365714431,
        53.98359046317637,
        111.79999999999995
      ],
      [
        -2.1045116521418095,
        53.98357965052128,
        111.79999999999995
      ],
      [
        -2.1044512186199427,
        53.98359247483313,
        111.60000000000002
      ],
      [
        -2.1044124104082584,
        53.98360278457403,
        111.60000000000002
      ],
      [
        -2.1044000051915646,
        53.98363086394966,
        111.60000000000002
      ],
      [
        -2.1044156793504953,
        53.983624409884214,
        111.60000000000002
      ],
      [
        -2.104399921372533,
        53.98360571824014,
        111.39999999999998
      ],
      [
        -2.1044080518186092,
        53.98359725251794,
        111.39999999999998
      ],
      [
        -2.104376619681716,
        53.98360622115433,
        111.39999999999998
      ],
      [
        -2.1043360512703657,
        53.983625918626785,
        111.39999999999998
      ],
      [
        -2.1043280884623528,
        53.98362843319774,
        111.39999999999998
      ],
      [
        -2.1043083909898996,
        53.983611753210425,
        111.39999999999998
      ],
      [
        -2.1043177787214518,
        53.983608316630125,
        111.39999999999998
      ],
      [
        -2.1043389849364758,
        53.98360303603113,
        111.20000000000005
      ],
      [
        -2.1044118236750364,
        53.98359088227153,
        111.20000000000005
      ],
      [
        -2.1044426690787077,
        53.983604377135634,
        111
      ],
      [
        -2.104423390701413,
        53.983613261952996,
        110.79999999999995
      ],
      [
        -2.10440662689507,
        53.98363832384348,
        111
      ],
      [
        -2.1043990831822157,
        53.98362851701677,
        111.20000000000005
      ],
      [
        -2.1044242288917303,
        53.98362600244582,
        111
      ],
      [
        -2.104363376274705,
        53.9836251642555,
        111.20000000000005
      ],
      [
        -2.1043491270393133,
        53.98363103158772,
        110.79999999999995
      ],
      [
        -2.1043905336409807,
        53.9836267568171,
        110.79999999999995
      ],
      [
        -2.104487344622612,
        53.98357244208455,
        110.60000000000002
      ],
      [
        -2.1046232152730227,
        53.98346582427621,
        110.60000000000002
      ],
      [
        -2.104727989062667,
        53.98338192142546,
        110.79999999999995
      ],
      [
        -2.104833936318755,
        53.98333749733865,
        110.79999999999995
      ],
      [
        -2.104985397309065,
        53.98328351788223,
        110.79999999999995
      ],
      [
        -2.105115568265319,
        53.98322199471295,
        110.79999999999995
      ],
      [
        -2.1052791830152273,
        53.98316717706621,
        110.79999999999995
      ],
      [
        -2.105382364243269,
        53.983085034415126,
        110.60000000000002
      ],
      [
        -2.105496944859624,
        53.98296223953366,
        110.39999999999998
      ],
      [
        -2.1055229287594557,
        53.9829118642956,
        110.39999999999998
      ],
      [
        -2.1055217552930117,
        53.98290448822081,
        110.60000000000002
      ],
      [
        -2.1055091824382544,
        53.98290784098208,
        110.60000000000002
      ],
      [
        -2.105538435280323,
        53.98291571997106,
        110.60000000000002
      ],
      [
        -2.1055718790739775,
        53.98294019512832,
        110.60000000000002
      ],
      [
        -2.1055853739380836,
        53.982961317524314,
        110.60000000000002
      ],
      [
        -2.105589061975479,
        53.98293726146221,
        110.60000000000002
      ],
      [
        -2.105570202693343,
        53.982929550111294,
        110.60000000000002
      ],
      [
        -2.1055511757731438,
        53.98290826007724,
        110.60000000000002
      ],
      [
        -2.105552013963461,
        53.982904152944684,
        110.20000000000005
      ],
      [
        -2.1055580489337444,
        53.982901806011796,
        110.20000000000005
      ],
      [
        -2.105532567948103,
        53.98290297947824,
        110.20000000000005
      ],
      [
        -2.105575567111373,
        53.98291278630495,
        110.20000000000005
      ],
      [
        -2.1055544447153807,
        53.9829015545547,
        110
      ],
      [
        -2.105539357289672,
        53.98290993645787,
        110
      ],
      [
        -2.1055217552930117,
        53.98291094228625,
        110
      ],
      [
        -2.1055258624255657,
        53.9829153008759,
        110
      ],
      [
        -2.1055029798299074,
        53.98290448822081,
        110
      ],
      [
        -2.1055171452462673,
        53.98291471414268,
        110
      ],
      [
        -2.105500465258956,
        53.98289065808058,
        110
      ],
      [
        -2.105499291792512,
        53.982883198186755,
        110
      ],
      [
        -2.105497447773814,
        53.98287959396839,
        110
      ],
      [
        -2.1054943464696407,
        53.98287464864552,
        110
      ],
      [
        -2.105499291792512,
        53.98287364281714,
        110
      ],
      [
        -2.105499291792512,
        53.98287515155971,
        110
      ],
      [
        -2.1054379362612963,
        53.98285310715437,
        110
      ],
      [
        -2.105382112786174,
        53.982785968109965,
        110
      ],
      [
        -2.105441289022565,
        53.982831900939345,
        110
      ],
      [
        -2.1054505091160536,
        53.98285201750696,
        110
      ],
      [
        -2.1055040694773197,
        53.982899710536,
        109.79999999999995
      ],
      [
        -2.105529047548771,
        53.982927706092596,
        110
      ],
      [
        -2.1055465657263994,
        53.9829189889133,
        109.79999999999995
      ],
      [
        -2.1055367588996887,
        53.982896357774734,
        110
      ],
      [
        -2.1055091824382544,
        53.98288336582482,
        110
      ],
      [
        -2.1055102720856667,
        53.982883701100945,
        110
      ],
      [
        -2.105522593483329,
        53.98288864642382,
        110
      ],
      [
        -2.105535250157118,
        53.98290448822081,
        110
      ],
      [
        -2.1055136248469353,
        53.982885209843516,
        110
      ],
      [
        -2.1055562887340784,
        53.98291161283851,
        110
      ],
      [
        -2.1055595576763153,
        53.982942793518305,
        110
      ],
      [
        -2.1055627427995205,
        53.98295712657273,
        110
      ],
      [
        -2.105560479685664,
        53.98293927311897,
        110
      ],
      [
        -2.105553187429905,
        53.982921335846186,
        110
      ],
      [
        -2.1055583842098713,
        53.98292167112231,
        110
      ],
      [
        -2.1055609825998545,
        53.982924688607454,
        110
      ],
      [
        -2.1055621560662985,
        53.98292301222682,
        110
      ],
      [
        -2.1055430453270674,
        53.982911529019475,
        110
      ],
      [
        -2.1055435482412577,
        53.98290934972465,
        110
      ],
      [
        -2.1055403631180525,
        53.982905242592096,
        110
      ],
      [
        -2.1055504214018583,
        53.982920749112964,
        110
      ],
      [
        -2.105584451928735,
        53.98294312879443,
        110
      ],
      [
        -2.1055989526212215,
        53.98296249099076,
        110
      ],
      [
        -2.1055888943374157,
        53.982947655022144,
        110
      ],
      [
        -2.1055727172642946,
        53.98294162005186,
        110
      ],
      [
        -2.1055603958666325,
        53.98292996920645,
        110
      ],
      [
        -2.1055469010025263,
        53.982905242592096,
        110
      ],
      [
        -2.105531143024564,
        53.98287917487323,
        110
      ],
      [
        -2.105540446937084,
        53.98288034833968,
        110
      ],
      [
        -2.105518151074648,
        53.98287464864552,
        110
      ],
      [
        -2.105522593483329,
        53.98287607356906,
        110
      ],
      [
        -2.1055294666439295,
        53.98289359174669,
        110
      ],
      [
        -2.1055132895708084,
        53.98288579657674,
        110
      ],
      [
        -2.105511613190174,
        53.982890071347356,
        110
      ],
      [
        -2.10551580414176,
        53.982896357774734,
        110
      ],
      [
        -2.1055138763040304,
        53.982895351946354,
        110
      ],
      [
        -2.105519827455282,
        53.98289945907891,
        110
      ],
      [
        -2.1055020578205585,
        53.982896860688925,
        110
      ],
      [
        -2.105509014800191,
        53.982891915366054,
        110
      ],
      [
        -2.1055150497704744,
        53.98288864642382,
        110
      ],
      [
        -2.105509266257286,
        53.98288110271096,
        110
      ],
      [
        -2.1055068355053663,
        53.982884204015136,
        110
      ],
      [
        -2.1055126190185547,
        53.9828827790916,
        110
      ],
      [
        -2.1055339090526104,
        53.98290138691664,
        110
      ],
      [
        -2.105528376996517,
        53.98290038108826,
        110
      ],
      [
        -2.1055167261511087,
        53.98288898169994,
        110
      ],
      [
        -2.1055167261511087,
        53.9828862156719,
        110
      ],
      [
        -2.1055209171026945,
        53.98289845325053,
        110
      ],
      [
        -2.1055082604289055,
        53.98290163837373,
        110
      ],
      [
        -2.1055070869624615,
        53.98290448822081,
        110
      ],
      [
        -2.105511110275984,
        53.98291362449527,
        110
      ],
      [
        -2.105509852990508,
        53.98290893062949,
        110
      ],
      [
        -2.1055332385003567,
        53.98292510770261,
        110
      ],
      [
        -2.10550750605762,
        53.98290046490729,
        110
      ],
      [
        -2.105506584048271,
        53.982882276177406,
        110
      ],
      [
        -2.1055009681731462,
        53.98287691175938,
        110
      ],
      [
        -2.1054811868816614,
        53.982870625332,
        109.79999999999995
      ],
      [
        -2.1054930053651333,
        53.982866518199444,
        109.79999999999995
      ],
      [
        -2.1055218391120434,
        53.98287842050195,
        109.79999999999995
      ],
      [
        -2.1055368427187204,
        53.982887137681246,
        110
      ],
      [
        -2.1055500861257315,
        53.98290943354368,
        110.39999999999998
      ],
      [
        -2.105539357289672,
        53.982910607010126,
        110.39999999999998
      ],
      [
        -2.1055527683347464,
        53.98291563615203,
        110.39999999999998
      ],
      [
        -2.105549331754446,
        53.9829153008759,
        110.39999999999998
      ],
      [
        -2.105565508827567,
        53.98291219957173,
        110.39999999999998
      ],
      [
        -2.1055518463253975,
        53.98291571997106,
        110.39999999999998
      ],
      [
        -2.1055427100509405,
        53.98291731253266,
        110.39999999999998
      ],
      [
        -2.1055491641163826,
        53.98289702832699,
        110.60000000000002
      ],
      [
        -2.105559641495347,
        53.982907589524984,
        110.39999999999998
      ],
      [
        -2.105529550462961,
        53.98288638330996,
        110.60000000000002
      ],
      [
        -2.1055194921791553,
        53.98288202472031,
        110.60000000000002
      ],
      [
        -2.105549667030573,
        53.98290348239243,
        110.60000000000002
      ],
      [
        -2.1055445540696383,
        53.98290532641113,
        110.39999999999998
      ],
      [
        -2.1055430453270674,
        53.982903733849525,
        110.39999999999998
      ],
      [
        -2.1055556181818247,
        53.98290591314435,
        110.39999999999998
      ],
      [
        -2.1055694483220577,
        53.98290675133467,
        110.60000000000002
      ],
      [
        -2.1055577974766493,
        53.98290876299143,
        110.60000000000002
      ],
      [
        -2.105553438887,
        53.982907589524984,
        110.60000000000002
      ],
      [
        -2.105543129146099,
        53.98290205746889,
        110.39999999999998
      ],
      [
        -2.1055312268435955,
        53.98289912380278,
        110.39999999999998
      ],
      [
        -2.1055559534579515,
        53.98290725424886,
        110.39999999999998
      ],
      [
        -2.1055601444095373,
        53.98290733806789,
        110.39999999999998
      ],
      [
        -2.1055396925657988,
        53.98289166390896,
        110.39999999999998
      ],
      [
        -2.1055049914866686,
        53.98288671858609,
        110.39999999999998
      ],
      [
        -2.1055126190185547,
        53.98288931697607,
        110.39999999999998
      ],
      [
        -2.105539357289672,
        53.9829033985734,
        110.39999999999998
      ],
      [
        -2.105542290955782,
        53.98290138691664,
        110.60000000000002
      ],
      [
        -2.1055373456329107,
        53.982900800183415,
        110.39999999999998
      ],
      [
        -2.105526616796851,
        53.9829256106168,
        110.60000000000002
      ],
      [
        -2.1055241022258997,
        53.98292494006455,
        110.60000000000002
      ],
      [
        -2.1055252756923437,
        53.98291806690395,
        110.20000000000005
      ],
      [
        -2.1055235154926777,
        53.982899710536,
        110.39999999999998
      ],
      [
        -2.1055127028375864,
        53.982917899265885,
        110.60000000000002
      ],
      [
        -2.10551873780787,
        53.98292150348425,
        110.60000000000002
      ],
      [
        -2.105533741414547,
        53.98291999474168,
        110.39999999999998
      ],
      [
        -2.105523683130741,
        53.982911109924316,
        110.39999999999998
      ],
      [
        -2.105547236278653,
        53.98290985263884,
        110.39999999999998
      ],
      [
        -2.105566682294011,
        53.982912451028824,
        110.60000000000002
      ],
      [
        -2.105549583211541,
        53.982919827103615,
        110.39999999999998
      ],
      [
        -2.1055619046092033,
        53.98292996920645,
        110.39999999999998
      ],
      [
        -2.1055754832923412,
        53.98293826729059,
        110.39999999999998
      ],
      [
        -2.1055642515420914,
        53.98292695172131,
        110.60000000000002
      ],
      [
        -2.105549583211541,
        53.982934495434165,
        110.60000000000002
      ],
      [
        -2.1055453922599554,
        53.98292778991163,
        110.60000000000002
      ],
      [
        -2.1055271197110415,
        53.982922341674566,
        110.60000000000002
      ],
      [
        -2.1055277064442635,
        53.98291236720979,
        110.60000000000002
      ],
      [
        -2.105532232671976,
        53.982910020276904,
        110.60000000000002
      ],
      [
        -2.1055262815207243,
        53.98291136138141,
        110.60000000000002
      ],
      [
        -2.10551580414176,
        53.9829033985734,
        110.60000000000002
      ],
      [
        -2.105525443330407,
        53.98290725424886,
        110.60000000000002
      ],
      [
        -2.1055517625063658,
        53.982916893437505,
        110.60000000000002
      ],
      [
        -2.105563497170806,
        53.98293131031096,
        110.60000000000002
      ],
      [
        -2.105559054762125,
        53.982942290604115,
        110.60000000000002
      ],
      [
        -2.105557546019554,
        53.98295620456338,
        110.60000000000002
      ],
      [
        -2.1055256109684706,
        53.98292150348425,
        110.60000000000002
      ],
      [
        -2.1054982859641314,
        53.98292611353099,
        110.39999999999998
      ],
      [
        -2.1054949332028627,
        53.982920832931995,
        110.39999999999998
      ],
      [
        -2.1055230125784874,
        53.98295377381146,
        110.60000000000002
      ],
      [
        -2.1055206656455994,
        53.98292921483517,
        110.60000000000002
      ],
      [
        -2.1054946817457676,
        53.9829327352345,
        110.60000000000002
      ],
      [
        -2.105471296235919,
        53.98292996920645,
        110.60000000000002
      ],
      [
        -2.1054917480796576,
        53.982930555939674,
        110.79999999999995
      ],
      [
        -2.1054906584322453,
        53.982927203178406,
        110.79999999999995
      ],
      [
        -2.1054811868816614,
        53.98291094228625,
        110.79999999999995
      ],
      [
        -2.105514546856284,
        53.982919827103615,
        110.79999999999995
      ],
      [
        -2.105533741414547,
        53.982930555939674,
        110.79999999999995
      ],
      [
        -2.1055286284536123,
        53.98294547572732,
        110.79999999999995
      ],
      [
        -2.1055320650339127,
        53.982958383858204,
        110.79999999999995
      ],
      [
        -2.1055321488529444,
        53.98296006023884,
        110.79999999999995
      ],
      [
        -2.105530137196183,
        53.98295394144952,
        110.79999999999995
      ],
      [
        -2.1055312268435955,
        53.98294706828892,
        110.79999999999995
      ],
      [
        -2.105531729757786,
        53.982945308089256,
        110.79999999999995
      ],
      [
        -2.105534076690674,
        53.98294505663216,
        110.79999999999995
      ],
      [
        -2.1055229287594557,
        53.98293172940612,
        111
      ],
      [
        -2.105499627068639,
        53.982927622273564,
        111
      ],
      [
        -2.1054929215461016,
        53.98292795754969,
        110.79999999999995
      ],
      [
        -2.1054929215461016,
        53.98292795754969,
        111
      ],
      [
        -2.1054791752249002,
        53.982919324189425,
        111.20000000000005
      ],
      [
        -2.105462159961462,
        53.982918402180076,
        111.20000000000005
      ],
      [
        -2.1054625790566206,
        53.982918402180076,
        111.20000000000005
      ],
      [
        -2.1054631657898426,
        53.98291823454201,
        111.20000000000005
      ],
      [
        -2.1054929215461016,
        53.98292795754969,
        111.20000000000005
      ],
      [
        -2.105531645938754,
        53.98302359506488,
        111.20000000000005
      ],
      [
        -2.105539357289672,
        53.98303331807256,
        111.20000000000005
      ],
      [
        -2.1055588871240616,
        53.98305896669626,
        111.60000000000002
      ],
      [
        -2.105569029226899,
        53.983064917847514,
        112
      ],
      [
        -2.10556223988533,
        53.98307061754167,
        112
      ],
      [
        -2.1055603958666325,
        53.983070282265544,
        112
      ],
      [
        -2.105544889345765,
        53.98308092728257,
        112
      ],
      [
        -2.105544302612543,
        53.98309458978474,
        112
      ],
      [
        -2.105574645102024,
        53.98313197307289,
        111.79999999999995
      ],
      [
        -2.105618566274643,
        53.983174553141,
        111.79999999999995
      ],
      [
        -2.105688974261284,
        53.98323917761445,
        111.79999999999995
      ],
      [
        -2.105723423883319,
        53.98328402079642,
        111.60000000000002
      ],
      [
        -2.105731973424554,
        53.98332014679909,
        111.60000000000002
      ],
      [
        -2.105807326734066,
        53.98343162611127,
        112.20000000000005
      ],
      [
        -2.1058369148522615,
        53.983467919752,
        112.20000000000005
      ],
      [
        -2.1059031318873167,
        53.98353463970125,
        112.39999999999998
      ],
      [
        -2.1060074027627707,
        53.98364243097603,
        112.20000000000005
      ],
      [
        -2.1059585362672806,
        53.98375072516501,
        112.20000000000005
      ],
      [
        -2.105924589559436,
        53.9838582649827,
        111.79999999999995
      ],
      [
        -2.1058275271207094,
        53.983967900276184,
        111.60000000000002
      ],
      [
        -2.1057244297116995,
        53.98410402238369,
        111.60000000000002
      ],
      [
        -2.1057143714278936,
        53.98417786695063,
        111.60000000000002
      ],
      [
        -2.1057219989597797,
        53.984276773408055,
        111.79999999999995
      ],
      [
        -2.1057453006505966,
        53.984380876645446,
        112
      ],
      [
        -2.1057577058672905,
        53.984465366229415,
        112.39999999999998
      ],
      [
        -2.1057701110839844,
        53.9845644403249,
        112.39999999999998
      ],
      [
        -2.105773463845253,
        53.984578186646104,
        112.39999999999998
      ],
      [
        -2.105777822434902,
        53.98469201289117,
        112.60000000000002
      ],
      [
        -2.105753682553768,
        53.984781531617045,
        112.60000000000002
      ],
      [
        -2.105748988687992,
        53.98489217273891,
        112.60000000000002
      ],
      [
        -2.105819145217538,
        53.985008262097836,
        113.20000000000005
      ],
      [
        -2.1058336459100246,
        53.9850359223783,
        113.39999999999998
      ],
      [
        -2.1058681793510914,
        53.985088896006346,
        114
      ],
      [
        -2.1059212367981672,
        53.98513742722571,
        114.39999999999998
      ],
      [
        -2.1059639006853104,
        53.98517020046711,
        114.79999999999995
      ],
      [
        -2.1060307044535875,
        53.98523113690317,
        115.39999999999998
      ],
      [
        -2.1060846839100122,
        53.98528260178864,
        115.39999999999998
      ],
      [
        -2.1061432734131813,
        53.9853261038661,
        115.79999999999995
      ],
      [
        -2.1062286850064993,
        53.985401038080454,
        116.20000000000005
      ],
      [
        -2.1062529925256968,
        53.985421657562256,
        116.60000000000002
      ],
      [
        -2.106348043307662,
        53.985490975901484,
        117.20000000000005
      ],
      [
        -2.106469999998808,
        53.985578482970595,
        117.39999999999998
      ],
      [
        -2.1065004263073206,
        53.9856022875756,
        117.60000000000002
      ],
      [
        -2.1065634582191706,
        53.98565350100398,
        118
      ],
      [
        -2.1066847443580627,
        53.98573606275022,
        117.60000000000002
      ],
      [
        -2.106826566159725,
        53.98582709021866,
        117
      ],
      [
        -2.106944667175412,
        53.985902443528175,
        116.60000000000002
      ],
      [
        -2.106992779299617,
        53.985932702198625,
        116.60000000000002
      ],
      [
        -2.107060756534338,
        53.985987938940525,
        116.39999999999998
      ],
      [
        -2.1070691384375095,
        53.985997242853045,
        116.39999999999998
      ],
      [
        -2.1071610879153013,
        53.98606974631548,
        116.20000000000005
      ],
      [
        -2.1072281431406736,
        53.98613663390279,
        116.39999999999998
      ],
      [
        -2.107273153960705,
        53.98626512847841,
        116.39999999999998
      ],
      [
        -2.1072997245937586,
        53.986338218674064,
        116.20000000000005
      ],
      [
        -2.1073082741349936,
        53.986400328576565,
        116.20000000000005
      ],
      [
        -2.1073371078819036,
        53.98647350259125,
        116.20000000000005
      ],
      [
        -2.107377927750349,
        53.98656821809709,
        116.39999999999998
      ],
      [
        -2.1074404567480087,
        53.986658826470375,
        116.60000000000002
      ],
      [
        -2.107524359598756,
        53.98674113675952,
        116.60000000000002
      ],
      [
        -2.1076233498752117,
        53.98682311177254,
        116.60000000000002
      ],
      [
        -2.107708090916276,
        53.98690273985267,
        116.60000000000002
      ],
      [
        -2.1078075002878904,
        53.987003825604916,
        116.79999999999995
      ],
      [
        -2.107907999306917,
        53.98708370514214,
        116.79999999999995
      ],
      [
        -2.1079648286104202,
        53.98713734932244,
        116.79999999999995
      ],
      [
        -2.10797899402678,
        53.98714816197753,
        116.79999999999995
      ],
      [
        -2.1080592088401318,
        53.987231058999896,
        117
      ],
      [
        -2.108138334006071,
        53.987304735928774,
        117.20000000000005
      ],
      [
        -2.108220811933279,
        53.98738511838019,
        117.39999999999998
      ],
      [
        -2.10828292183578,
        53.98745032958686,
        117.39999999999998
      ],
      [
        -2.108357772231102,
        53.987518390640616,
        117.60000000000002
      ],
      [
        -2.1084070578217506,
        53.98757169954479,
        117.60000000000002
      ],
      [
        -2.108471682295203,
        53.987632216885686,
        117.60000000000002
      ],
      [
        -2.1085670683532953,
        53.98772282525897,
        117.60000000000002
      ],
      [
        -2.1086745243519545,
        53.98779281415045,
        117.79999999999995
      ],
      [
        -2.108792206272483,
        53.987849056720734,
        117.79999999999995
      ],
      [
        -2.108940314501524,
        53.98789674974978,
        118
      ],
      [
        -2.10908230394125,
        53.987969839945436,
        118.20000000000005
      ],
      [
        -2.1091834735125303,
        53.98800043389201,
        118.39999999999998
      ],
      [
        -2.109315237030387,
        53.98803178220987,
        118.39999999999998
      ],
      [
        -2.109414730221033,
        53.988067572936416,
        118.60000000000002
      ],
      [
        -2.109460746869445,
        53.98808299563825,
        118.79999999999995
      ],
      [
        -2.1095899119973183,
        53.98812876082957,
        119.20000000000005
      ],
      [
        -2.1097189094871283,
        53.98814166896045,
        119.39999999999998
      ],
      [
        -2.1098425425589085,
        53.98815264925361,
        119.60000000000002
      ],
      [
        -2.1098932530730963,
        53.98815331980586,
        119.79999999999995
      ],
      [
        -2.110056197270751,
        53.98814921267331,
        120.20000000000005
      ],
      [
        -2.1103131864219904,
        53.98814636282623,
        120.60000000000002
      ],
      [
        -2.110568080097437,
        53.988127587363124,
        120.60000000000002
      ],
      [
        -2.1107943914830685,
        53.988104118034244,
        120.60000000000002
      ],
      [
        -2.1109578385949135,
        53.98808618076146,
        120.39999999999998
      ],
      [
        -2.1111578308045864,
        53.988064052537084,
        120.60000000000002
      ],
      [
        -2.1113507822155952,
        53.98803756572306,
        120.39999999999998
      ],
      [
        -2.111503668129444,
        53.98801795206964,
        120.39999999999998
      ],
      [
        -2.1116828732192516,
        53.98800680413842,
        120.20000000000005
      ],
      [
        -2.1117170713841915,
        53.98801350966096,
        120.39999999999998
      ],
      [
        -2.1118309814482927,
        53.988047456368804,
        120.39999999999998
      ],
      [
        -2.111965762451291,
        53.98810445331037,
        120.60000000000002
      ],
      [
        -2.1120054088532925,
        53.988125240430236,
        120.79999999999995
      ],
      [
        -2.1120963525027037,
        53.988169664517045,
        121
      ],
      [
        -2.112145973369479,
        53.98819221183658,
        121.39999999999998
      ],
      [
        -2.1121962647885084,
        53.988213669508696,
        121.60000000000002
      ],
      [
        -2.1122603863477707,
        53.988247783854604,
        121.79999999999995
      ],
      [
        -2.112341271713376,
        53.98827753961086,
        122
      ],
      [
        -2.112422911450267,
        53.98830821737647,
        122.60000000000002
      ],
      [
        -2.1124715264886618,
        53.98832707665861,
        122.79999999999995
      ],
      [
        -2.1124868653714657,
        53.98833353072405,
        122.79999999999995
      ],
      [
        -2.112639080733061,
        53.9884018432349,
        123.60000000000002
      ],
      [
        -2.112652910873294,
        53.988409051671624,
        123.79999999999995
      ],
      [
        -2.112719127908349,
        53.988439394161105,
        124.20000000000005
      ],
      [
        -2.112770676612854,
        53.98846462368965,
        124.20000000000005
      ],
      [
        -2.1128762885928154,
        53.988534696400166,
        124.79999999999995
      ],
      [
        -2.1129316929727793,
        53.98857342079282,
        125
      ],
      [
        -2.112959688529372,
        53.98859110660851,
        125.20000000000005
      ],
      [
        -2.1130241453647614,
        53.98865170776844,
        125.79999999999995
      ],
      [
        -2.1130388136953115,
        53.98866193369031,
        125.79999999999995
      ],
      [
        -2.113057253882289,
        53.98867081850767,
        126
      ],
      [
        -2.1131340321153402,
        53.988720355555415,
        126.20000000000005
      ],
      [
        -2.1132385544478893,
        53.988789673894644,
        126.79999999999995
      ],
      [
        -2.1133006643503904,
        53.98884759284556,
        127
      ],
      [
        -2.113333437591791,
        53.988865446299314,
        127
      ],
      [
        -2.1134346071630716,
        53.98894683457911,
        127.60000000000002
      ],
      [
        -2.1135533787310123,
        53.98900793865323,
        127.79999999999995
      ],
      [
        -2.113608196377754,
        53.98904163390398,
        128
      ],
      [
        -2.113664522767067,
        53.98907641880214,
        128.39999999999998
      ],
      [
        -2.1137745771557093,
        53.989134170114994,
        128.79999999999995
      ],
      [
        -2.113874740898609,
        53.9891960285604,
        129.20000000000005
      ],
      [
        -2.1139053348451853,
        53.98921572603285,
        129.39999999999998
      ],
      [
        -2.114025531336665,
        53.98928898386657,
        130
      ],
      [
        -2.1140704583376646,
        53.98931513540447,
        130.20000000000005
      ],
      [
        -2.114153439179063,
        53.989369701594114,
        130.79999999999995
      ],
      [
        -2.114225272089243,
        53.98941680788994,
        131.20000000000005
      ],
      [
        -2.1142669301480055,
        53.98944321088493,
        131.39999999999998
      ],
      [
        -2.1144061535596848,
        53.98953130468726,
        131.79999999999995
      ],
      [
        -2.114508328959346,
        53.989596432074904,
        132.20000000000005
      ],
      [
        -2.11457890458405,
        53.98964060470462,
        132.39999999999998
      ],
      [
        -2.1147168707102537,
        53.989719646051526,
        132.60000000000002
      ],
      [
        -2.1147857699543238,
        53.989766081795096,
        132.79999999999995
      ],
      [
        -2.114901691675186,
        53.98984386585653,
        133
      ],
      [
        -2.114978050813079,
        53.989881332963705,
        133.20000000000005
      ],
      [
        -2.115008058026433,
        53.98990371264517,
        133.20000000000005
      ],
      [
        -2.11515448987484,
        53.98999884724617,
        133.79999999999995
      ],
      [
        -2.1152302622795105,
        53.99005249142647,
        134.20000000000005
      ],
      [
        -2.1152470260858536,
        53.99006422609091,
        134.39999999999998
      ],
      [
        -2.1153963916003704,
        53.990156929939985,
        134.60000000000002
      ],
      [
        -2.1155136544257402,
        53.990238904953,
        135
      ],
      [
        -2.1156319230794907,
        53.99031777866185,
        135.39999999999998
      ],
      [
        -2.1156532131135464,
        53.99033127352595,
        135.60000000000002
      ],
      [
        -2.115733092650771,
        53.99040427990258,
        135.79999999999995
      ],
      [
        -2.1157615073025227,
        53.99044484831393,
        136
      ],
      [
        -2.1158281434327364,
        53.990493128076196,
        136.39999999999998
      ],
      [
        -2.115864437073469,
        53.99051425047219,
        136.39999999999998
      ],
      [
        -2.1159149799495935,
        53.990548280999064,
        136.60000000000002
      ],
      [
        -2.11599787697196,
        53.99060100317001,
        137
      ],
      [
        -2.1160681173205376,
        53.990644505247474,
        137.39999999999998
      ],
      [
        -2.1160778403282166,
        53.99064961820841,
        137.39999999999998
      ],
      [
        -2.1161761600524187,
        53.99070636369288,
        138.39999999999998
      ],
      [
        -2.1163146290928125,
        53.990772077813745,
        139
      ],
      [
        -2.11639073677361,
        53.990803426131606,
        139.60000000000002
      ],
      [
        -2.116415798664093,
        53.990822369232774,
        139.79999999999995
      ],
      [
        -2.1164354123175144,
        53.99088582023978,
        140.39999999999998
      ],
      [
        -2.1164431236684322,
        53.990891687572,
        140.60000000000002
      ],
      [
        -2.116463156417012,
        53.99091633036733,
        141.60000000000002
      ],
      [
        -2.116464413702488,
        53.99091750383377,
        141.79999999999995
      ],
      [
        -2.1164883859455585,
        53.99092563427985,
        142
      ],
      [
        -2.1164914034307003,
        53.99092521518469,
        142.79999999999995
      ],
      [
        -2.1164914034307003,
        53.99092521518469,
        142.79999999999995
      ],
      [
        -2.1164650842547417,
        53.99096108973026,
        142.39999999999998
      ],
      [
        -2.1164730470627546,
        53.9909625146538,
        142.39999999999998
      ],
      [
        -2.1164896432310343,
        53.99097014218569,
        142.39999999999998
      ],
      [
        -2.1165685169398785,
        53.99103133007884,
        143
      ],
      [
        -2.1166456304490566,
        53.991089751943946,
        143.79999999999995
      ],
      [
        -2.116674045100808,
        53.99112110026181,
        144.20000000000005
      ],
      [
        -2.1167098358273506,
        53.99116376414895,
        144.39999999999998
      ],
      [
        -2.1167617198079824,
        53.99121715687215,
        144.79999999999995
      ],
      [
        -2.116775130853057,
        53.991231406107545,
        145
      ],
      [
        -2.1168406773358583,
        53.99130642414093,
        145.39999999999998
      ],
      [
        -2.1169225685298443,
        53.99139384739101,
        145.60000000000002
      ],
      [
        -2.1170228999108076,
        53.99150105193257,
        145.60000000000002
      ],
      [
        -2.1170544158667326,
        53.99153843522072,
        145.39999999999998
      ],
      [
        -2.11706162430346,
        53.99154941551387,
        145.20000000000005
      ],
      [
        -2.1170797292143106,
        53.9915687777102,
        145.20000000000005
      ],
      [
        -2.1171518974006176,
        53.99163558147848,
        145.20000000000005
      ],
      [
        -2.1171713434159756,
        53.99165418930352,
        145.20000000000005
      ],
      [
        -2.117258431389928,
        53.99172870442271,
        145
      ],
      [
        -2.1173459384590387,
        53.991812858730555,
        145
      ],
      [
        -2.1174270752817392,
        53.991913106292486,
        145
      ],
      [
        -2.1174826472997665,
        53.991998098790646,
        145.20000000000005
      ],
      [
        -2.117552049458027,
        53.9920714404434,
        145.39999999999998
      ],
      [
        -2.1175954677164555,
        53.992131454870105,
        145.39999999999998
      ],
      [
        -2.1176204457879066,
        53.99216112680733,
        145.60000000000002
      ],
      [
        -2.117691859602928,
        53.992255087941885,
        145.79999999999995
      ],
      [
        -2.1177118085324764,
        53.99228794500232,
        145.79999999999995
      ],
      [
        -2.117755226790905,
        53.99234611541033,
        146
      ],
      [
        -2.1178366150707006,
        53.9924372266978,
        146
      ],
      [
        -2.117910962551832,
        53.99255155585706,
        146
      ],
      [
        -2.1179918479174376,
        53.99266471154988,
        146.20000000000005
      ],
      [
        -2.1180513594299555,
        53.992750123143196,
        146
      ],
      [
        -2.118138028308749,
        53.99285732768476,
        146
      ],
      [
        -2.118188487365842,
        53.992930417880416,
        145.79999999999995
      ],
      [
        -2.1182486694306135,
        53.99301951751113,
        145.39999999999998
      ],
      [
        -2.1183087676763535,
        53.99310451000929,
        145
      ],
      [
        -2.1183903235942125,
        53.993189334869385,
        145
      ],
      [
        -2.1184026449918747,
        53.99320165626705,
        144.79999999999995
      ],
      [
        -2.1184786688536406,
        53.99328572675586,
        144.20000000000005
      ],
      [
        -2.1185024734586477,
        53.99335227906704,
        144.39999999999998
      ],
      [
        -2.1185025572776794,
        53.99335437454283,
        144.39999999999998
      ],
      [
        -2.1185024734586477,
        53.99335227906704,
        144.39999999999998
      ],
      [
        -2.118506832048297,
        53.99337222799659,
        144.79999999999995
      ],
      [
        -2.1185049042105675,
        53.99337180890143,
        144.79999999999995
      ],
      [
        -2.118506832048297,
        53.99337222799659,
        145
      ],
      [
        -2.118506832048297,
        53.99337222799659,
        145
      ],
      [
        -2.118506832048297,
        53.99337222799659,
        144.60000000000002
      ],
      [
        -2.1184933371841908,
        53.99340064264834,
        144.60000000000002
      ],
      [
        -2.1185131184756756,
        53.99342461489141,
        144.60000000000002
      ],
      [
        -2.1185131184756756,
        53.99342461489141,
        144.79999999999995
      ],
      [
        -2.118507418781519,
        53.99342453107238,
        144.79999999999995
      ],
      [
        -2.1185120288282633,
        53.993436098098755,
        144.79999999999995
      ],
      [
        -2.118568941950798,
        53.99347624741495,
        144.79999999999995
      ],
      [
        -2.118595512583852,
        53.99348898790777,
        144.60000000000002
      ],
      [
        -2.1186703629791737,
        53.99354372173548,
        144.79999999999995
      ],
      [
        -2.118702381849289,
        53.99361228570342,
        145.20000000000005
      ],
      [
        -2.118761222809553,
        53.99367833510041,
        145.39999999999998
      ],
      [
        -2.1188288647681475,
        53.99376424960792,
        145.79999999999995
      ],
      [
        -2.1188336424529552,
        53.9938447996974,
        146.20000000000005
      ],
      [
        -2.11884462274611,
        53.99394052103162,
        146.39999999999998
      ],
      [
        -2.1188930701464415,
        53.99398201145232,
        147
      ],
      [
        -2.1188992727547884,
        53.99399257265031,
        147
      ],
      [
        -2.118979739025235,
        53.99405786767602,
        147.39999999999998
      ],
      [
        -2.119013098999858,
        53.9940847735852,
        148.20000000000005
      ],
      [
        -2.1190665755420923,
        53.99412031285465,
        148.79999999999995
      ],
      [
        -2.119117872789502,
        53.99415124207735,
        149.20000000000005
      ],
      [
        -2.1191472932696342,
        53.99417085573077,
        149.60000000000002
      ],
      [
        -2.119191884994507,
        53.99419725872576,
        150.20000000000005
      ],
      [
        -2.1192228980362415,
        53.99421519599855,
        150.39999999999998
      ],
      [
        -2.1193042024970055,
        53.99426800198853,
        151.60000000000002
      ],
      [
        -2.119321720674634,
        53.99427470751107,
        151.60000000000002
      ],
      [
        -2.1193957328796387,
        53.9943160302937,
        152.60000000000002
      ],
      [
        -2.1194233931601048,
        53.9943350572139,
        153.20000000000005
      ],
      [
        -2.119458429515362,
        53.99435944855213,
        153.60000000000002
      ],
      [
        -2.119514923542738,
        53.994383001700044,
        154.39999999999998
      ],
      [
        -2.1195469424128532,
        53.99440823122859,
        154.79999999999995
      ],
      [
        -2.1195813920348883,
        53.994428515434265,
        155.20000000000005
      ],
      [
        -2.1196490339934826,
        53.99445910938084,
        155.79999999999995
      ],
      [
        -2.1196702402085066,
        53.99447285570204,
        156
      ],
      [
        -2.1197612676769495,
        53.99451719596982,
        156.79999999999995
      ],
      [
        -2.119840309023857,
        53.99456413462758,
        157.79999999999995
      ],
      [
        -2.119858665391803,
        53.99457243271172,
        158
      ],
      [
        -2.1199191827327013,
        53.99460235610604,
        158.79999999999995
      ],
      [
        -2.119947010651231,
        53.994612665846944,
        159
      ],
      [
        -2.1200041752308607,
        53.994650803506374,
        159.79999999999995
      ],
      [
        -2.1200121380388737,
        53.994659688323736,
        160
      ],
      [
        -2.120093945413828,
        53.994713332504034,
        160.79999999999995
      ],
      [
        -2.120100064203143,
        53.99472280405462,
        160.79999999999995
      ],
      [
        -2.120108949020505,
        53.99473026394844,
        161
      ],
      [
        -2.1201411355286837,
        53.99475482292473,
        161.39999999999998
      ],
      [
        -2.120208777487278,
        53.99479480460286,
        162
      ],
      [
        -2.12022059597075,
        53.994802348315716,
        162.20000000000005
      ],
      [
        -2.1202884893864393,
        53.99485297501087,
        163
      ],
      [
        -2.1203107852488756,
        53.99486110545695,
        163.20000000000005
      ],
      [
        -2.1203735657036304,
        53.994897566735744,
        163.79999999999995
      ],
      [
        -2.1203929278999567,
        53.994906870648265,
        164.20000000000005
      ],
      [
        -2.120449924841523,
        53.99494953453541,
        164.79999999999995
      ],
      [
        -2.1204719692468643,
        53.99495741352439,
        165.39999999999998
      ],
      [
        -2.1205002162605524,
        53.994969399645925,
        165.60000000000002
      ],
      [
        -2.1205002162605524,
        53.994969399645925,
        165.79999999999995
      ],
      [
        -2.1205116156488657,
        53.99496395140886,
        165.79999999999995
      ],
      [
        -2.1205166447907686,
        53.994967974722385,
        166
      ],
      [
        -2.120517399162054,
        53.99496680125594,
        166
      ],
      [
        -2.1205173153430223,
        53.99496730417013,
        166
      ],
      [
        -2.1205264516174793,
        53.99496663361788,
        166
      ],
      [
        -2.120563667267561,
        53.995000245049596,
        165.79999999999995
      ],
      [
        -2.120602475479245,
        53.995032012462616,
        166.39999999999998
      ],
      [
        -2.120647234842181,
        53.995093032717705,
        167.20000000000005
      ],
      [
        -2.120665842667222,
        53.99511809460819,
        167.39999999999998
      ],
      [
        -2.12071118876338,
        53.99516277015209,
        167.79999999999995
      ],
      [
        -2.120756031945348,
        53.99520711041987,
        168.20000000000005
      ],
      [
        -2.120762150734663,
        53.99521297775209,
        168.39999999999998
      ],
      [
        -2.1208292059600353,
        53.99526922032237,
        169.60000000000002
      ],
      [
        -2.1208591293543577,
        53.995286487042904,
        169.79999999999995
      ],
      [
        -2.120893495157361,
        53.99531322531402,
        170
      ],
      [
        -2.120930626988411,
        53.99533753283322,
        170.60000000000002
      ],
      [
        -2.120994497090578,
        53.99538598023355,
        171
      ],
      [
        -2.121003298088908,
        53.995405258610845,
        171.20000000000005
      ],
      [
        -2.121019894257188,
        53.99542353115976,
        171.60000000000002
      ],
      [
        -2.121046297252178,
        53.99543576873839,
        171.79999999999995
      ],
      [
        -2.1211086586117744,
        53.99548631161451,
        172.60000000000002
      ],
      [
        -2.1211243327707052,
        53.99549544788897,
        172.79999999999995
      ],
      [
        -2.121231621131301,
        53.99555814452469,
        173.79999999999995
      ],
      [
        -2.1213033702224493,
        53.99562880396843,
        174.79999999999995
      ],
      [
        -2.121366737410426,
        53.99568387307227,
        175.39999999999998
      ],
      [
        -2.121409736573696,
        53.99571237154305,
        175.79999999999995
      ],
      [
        -2.121432116255164,
        53.99572310037911,
        176.20000000000005
      ],
      [
        -2.1215117443352938,
        53.99577439762652,
        177
      ],
      [
        -2.1216045320034027,
        53.995838183909655,
        177.79999999999995
      ],
      [
        -2.12163127027452,
        53.99585645645857,
        178
      ],
      [
        -2.121697571128607,
        53.99590498767793,
        178.79999999999995
      ],
      [
        -2.121739313006401,
        53.99591990746558,
        179.20000000000005
      ],
      [
        -2.1217610221356153,
        53.99593750946224,
        179.39999999999998
      ],
      [
        -2.1218436677008867,
        53.9959841966629,
        180.39999999999998
      ],
      [
        -2.1218802966177464,
        53.99599534459412,
        180.60000000000002
      ],
      [
        -2.1219411492347717,
        53.99602887220681,
        181.39999999999998
      ],
      [
        -2.121983142569661,
        53.996051754802465,
        181.60000000000002
      ],
      [
        -2.122064782306552,
        53.99608033709228,
        182.39999999999998
      ],
      [
        -2.122130999341607,
        53.99610539898276,
        183
      ],
      [
        -2.1221841406077147,
        53.99612149223685,
        183.60000000000002
      ],
      [
        -2.12220492772758,
        53.99613121524453,
        183.79999999999995
      ],
      [
        -2.1222263015806675,
        53.99613322690129,
        183.79999999999995
      ],
      [
        -2.1223223581910133,
        53.99614906869829,
        184.39999999999998
      ],
      [
        -2.1223311591893435,
        53.99615208618343,
        184.60000000000002
      ],
      [
        -2.1223481744527817,
        53.99616013281047,
        185.39999999999998
      ],
      [
        -2.1223482582718134,
        53.996159294620156,
        185.60000000000002
      ],
      [
        -2.1224165707826614,
        53.99617136456072,
        185.60000000000002
      ],
      [
        -2.122456217184663,
        53.996205227449536,
        185.60000000000002
      ],
      [
        -2.1225013118237257,
        53.99627915583551,
        186.39999999999998
      ],
      [
        -2.1225034072995186,
        53.99628980085254,
        186.60000000000002
      ],
      [
        -2.1225181594491005,
        53.99634260684252,
        186.79999999999995
      ],
      [
        -2.1225392818450928,
        53.99641904979944,
        187.20000000000005
      ],
      [
        -2.122579598799348,
        53.996498761698604,
        187.79999999999995
      ],
      [
        -2.1225832868367434,
        53.99650798179209,
        187.79999999999995
      ],
      [
        -2.122614048421383,
        53.99657914415002,
        188.20000000000005
      ],
      [
        -2.1226501744240522,
        53.99663572199643,
        188.60000000000002
      ],
      [
        -2.122657634317875,
        53.996667405590415,
        188.79999999999995
      ],
      [
        -2.122664339840412,
        53.99669833481312,
        188.79999999999995
      ],
      [
        -2.1226957719773054,
        53.996740663424134,
        189
      ],
      [
        -2.122736591845751,
        53.99677938781679,
        188.79999999999995
      ],
      [
        -2.122734496369958,
        53.99678642861545,
        188.79999999999995
      ],
      [
        -2.12272091768682,
        53.99680989794433,
        188.79999999999995
      ],
      [
        -2.1227175649255514,
        53.996830098330975,
        189.20000000000005
      ],
      [
        -2.1227143798023462,
        53.99682439863682,
        189.20000000000005
      ],
      [
        -2.122721169143915,
        53.99681920185685,
        189.20000000000005
      ],
      [
        -2.1227225940674543,
        53.996815513819456,
        189
      ],
      [
        -2.1227075066417456,
        53.9968304336071,
        189
      ],
      [
        -2.122699124738574,
        53.99685180746019,
        188.79999999999995
      ],
      [
        -2.1227070037275553,
        53.99689103476703,
        188.79999999999995
      ],
      [
        -2.1227199118584394,
        53.9969150070101,
        188.60000000000002
      ],
      [
        -2.1227154694497585,
        53.99691131897271,
        188.79999999999995
      ],
      [
        -2.1227151341736317,
        53.99691257625818,
        188.79999999999995
      ],
      [
        -2.122717648744583,
        53.99692079052329,
        188.79999999999995
      ],
      [
        -2.1227161400020123,
        53.996924897655845,
        188.79999999999995
      ],
      [
        -2.12272921577096,
        53.99693135172129,
        188.79999999999995
      ],
      [
        -2.1227522660046816,
        53.99694660678506,
        188.79999999999995
      ],
      [
        -2.122826697304845,
        53.99699153378606,
        189.79999999999995
      ],
      [
        -2.1228344086557627,
        53.99699681438506,
        190
      ],
      [
        -2.1229124441742897,
        53.99703185074031,
        190.20000000000005
      ],
      [
        -2.122988887131214,
        53.99706143885851,
        190.79999999999995
      ],
      [
        -2.1230059023946524,
        53.99706487543881,
        190.79999999999995
      ],
      [
        -2.1230394300073385,
        53.99707853794098,
        191
      ],
      [
        -2.1230485662817955,
        53.99709236808121,
        191.20000000000005
      ],
      [
        -2.1230600494891405,
        53.99710829369724,
        191.20000000000005
      ],
      [
        -2.1231337264180183,
        53.99719102308154,
        191.39999999999998
      ],
      [
        -2.123207403346896,
        53.997268388047814,
        191.39999999999998
      ],
      [
        -2.1232455410063267,
        53.99735757149756,
        191.60000000000002
      ],
      [
        -2.12328870780766,
        53.99744348600507,
        191.79999999999995
      ],
      [
        -2.1233189664781094,
        53.9975228626281,
        191.79999999999995
      ],
      [
        -2.1233316231518984,
        53.99755890481174,
        191.79999999999995
      ],
      [
        -2.123348219320178,
        53.997594779357314,
        191.79999999999995
      ],
      [
        -2.123367665335536,
        53.99767675437033,
        191.79999999999995
      ],
      [
        -2.123353583738208,
        53.99778077378869,
        191.39999999999998
      ],
      [
        -2.123366240411997,
        53.99787942878902,
        191.20000000000005
      ],
      [
        -2.123395409435034,
        53.99798830971122,
        190.79999999999995
      ],
      [
        -2.12344360537827,
        53.99808377958834,
        190.39999999999998
      ],
      [
        -2.1234467905014753,
        53.99809090420604,
        190.20000000000005
      ],
      [
        -2.1234497241675854,
        53.99808939546347,
        190.20000000000005
      ],
      [
        -2.123455088585615,
        53.99809551425278,
        190.20000000000005
      ],
      [
        -2.123462799936533,
        53.99811529554427,
        190.20000000000005
      ],
      [
        -2.123497584834695,
        53.99819551035762,
        190
      ],
      [
        -2.1235415898263454,
        53.998298943042755,
        189.60000000000002
      ],
      [
        -2.1235572639852762,
        53.99837002158165,
        189.60000000000002
      ],
      [
        -2.123594144359231,
        53.99845065549016,
        189.39999999999998
      ],
      [
        -2.1236378140747547,
        53.99853765964508,
        189.39999999999998
      ],
      [
        -2.123680394142866,
        53.99863053113222,
        189.39999999999998
      ],
      [
        -2.1237223874777555,
        53.99870286695659,
        189.39999999999998
      ],
      [
        -2.1237565018236637,
        53.99878618307412,
        189.39999999999998
      ],
      [
        -2.1237782947719097,
        53.99884628131986,
        189.39999999999998
      ],
      [
        -2.1238096430897713,
        53.99891920387745,
        189.60000000000002
      ],
      [
        -2.123851301148534,
        53.99900319054723,
        189.60000000000002
      ],
      [
        -2.123881643638015,
        53.99908541701734,
        189.79999999999995
      ],
      [
        -2.123904023319483,
        53.999114418402314,
        189.79999999999995
      ],
      [
        -2.1239214576780796,
        53.999164793640375,
        189.79999999999995
      ],
      [
        -2.1239214576780796,
        53.999164793640375,
        189.79999999999995
      ],
      [
        -2.1239446755498648,
        53.999150125309825,
        189.79999999999995
      ],
      [
        -2.1239512972533703,
        53.9991461019963,
        190
      ],
      [
        -2.1239514648914337,
        53.99914702400565,
        190
      ],
      [
        -2.1239535603672266,
        53.9991495385766,
        190
      ],
      [
        -2.1239720843732357,
        53.99919027462602,
        190
      ],
      [
        -2.124035367742181,
        53.99926763959229,
        190
      ],
      [
        -2.1241066977381706,
        53.99935715831816,
        190.20000000000005
      ],
      [
        -2.124200826510787,
        53.99945120327175,
        190.39999999999998
      ],
      [
        -2.1242507826536894,
        53.99952747859061,
        190.60000000000002
      ],
      [
        -2.12432068772614,
        53.99959939531982,
        190.79999999999995
      ],
      [
        -2.1243493538349867,
        53.999634850770235,
        191
      ],
      [
        -2.124373409897089,
        53.99967273697257,
        191.20000000000005
      ],
      [
        -2.124431412667036,
        53.99975035339594,
        191.39999999999998
      ],
      [
        -2.1244989708065987,
        53.99981849826872,
        191.60000000000002
      ],
      [
        -2.1245735697448254,
        53.999895276501775,
        191.79999999999995
      ],
      [
        -2.1246368531137705,
        53.99996979162097,
        192
      ],
      [
        -2.124647246673703,
        53.99997758679092,
        192
      ],
      [
        -2.124684462323785,
        54.00002787820995,
        192.20000000000005
      ],
      [
        -2.1247364301234484,
        54.00009795092046,
        192.20000000000005
      ],
      [
        -2.124786553904414,
        54.00015553459525,
        192.79999999999995
      ],
      [
        -2.124815722927451,
        54.00020004250109,
        193
      ],
      [
        -2.124828128144145,
        54.00020834058523,
        193.20000000000005
      ],
      [
        -2.1248344145715237,
        54.000213872641325,
        193.20000000000005
      ],
      [
        -2.1248987037688494,
        54.0002997033298,
        193.60000000000002
      ],
      [
        -2.1249390207231045,
        54.000367764383554,
        194
      ],
      [
        -2.124950587749481,
        54.00040112435818,
        194
      ],
      [
        -2.1249837800860405,
        54.00045460090041,
        194.39999999999998
      ],
      [
        -2.1250224206596613,
        54.00050824508071,
        194.79999999999995
      ],
      [
        -2.1250473149120808,
        54.00053204968572,
        194.79999999999995
      ],
      [
        -2.1251006238162518,
        54.00059130974114,
        195.20000000000005
      ],
      [
        -2.125106491148472,
        54.00060078129172,
        195.20000000000005
      ],
      [
        -2.1251542679965496,
        54.0006726142019,
        195.60000000000002
      ],
      [
        -2.125187711790204,
        54.00072801858187,
        195.79999999999995
      ],
      [
        -2.1251964289695024,
        54.00073790922761,
        195.79999999999995
      ],
      [
        -2.1252181380987167,
        54.00079079903662,
        196.20000000000005
      ],
      [
        -2.125231297686696,
        54.0008142683655,
        196.20000000000005
      ],
      [
        -2.1253151167184114,
        54.0008938126266,
        196.60000000000002
      ],
      [
        -2.1253701858222485,
        54.00095399469137,
        196.79999999999995
      ],
      [
        -2.125385357066989,
        54.000972770154476,
        197
      ],
      [
        -2.1253981813788414,
        54.00098425336182,
        197
      ],
      [
        -2.1254135202616453,
        54.000997077673674,
        197
      ],
      [
        -2.125443611294031,
        54.0010370593518,
        197.20000000000005
      ],
      [
        -2.125451657921076,
        54.00105005130172,
        197.20000000000005
      ],
      [
        -2.1255024522542953,
        54.00112582370639,
        197.39999999999998
      ],
      [
        -2.125577386468649,
        54.001195561140776,
        197.79999999999995
      ],
      [
        -2.1256694197654724,
        54.0012601017952,
        198.20000000000005
      ],
      [
        -2.1256831660866737,
        54.00126772932708,
        198.20000000000005
      ],
      [
        -2.1257891971617937,
        54.001327911391854,
        198.60000000000002
      ],
      [
        -2.125800596550107,
        54.001336712390184,
        198.60000000000002
      ],
      [
        -2.125825323164463,
        54.00135456584394,
        198.60000000000002
      ],
      [
        -2.1259022690355778,
        54.00139697827399,
        198.79999999999995
      ],
      [
        -2.125922804698348,
        54.00141240097582,
        198.79999999999995
      ],
      [
        -2.125944346189499,
        54.00142782367766,
        199
      ],
      [
        -2.1260098926723003,
        54.001465709879994,
        199.20000000000005
      ],
      [
        -2.126074433326721,
        54.00149613618851,
        199.39999999999998
      ],
      [
        -2.1260911133140326,
        54.00149873457849,
        199.79999999999995
      ],
      [
        -2.126174680888653,
        54.001541901379824,
        199.79999999999995
      ],
      [
        -2.126283310353756,
        54.001590851694345,
        200.20000000000005
      ],
      [
        -2.126314155757427,
        54.00160233490169,
        200.20000000000005
      ],
      [
        -2.1263885032385588,
        54.00165371596813,
        200.39999999999998
      ],
      [
        -2.126492690294981,
        54.0017107129097,
        200.79999999999995
      ],
      [
        -2.1266313269734383,
        54.001784306019545,
        201.20000000000005
      ],
      [
        -2.1267457399517298,
        54.00183878839016,
        201.39999999999998
      ],
      [
        -2.1268992125988007,
        54.00190374813974,
        201.60000000000002
      ],
      [
        -2.1270085126161575,
        54.00197616778314,
        202
      ],
      [
        -2.1271542739123106,
        54.00205395184457,
        202.20000000000005
      ],
      [
        -2.127185957506299,
        54.00207046419382,
        202.20000000000005
      ],
      [
        -2.127293748781085,
        54.00211740285158,
        202.39999999999998
      ],
      [
        -2.127425344660878,
        54.00217599235475,
        202.39999999999998
      ],
      [
        -2.127556437626481,
        54.00224204175174,
        202.39999999999998
      ],
      [
        -2.127678729593754,
        54.002310605719686,
        202.60000000000002
      ],
      [
        -2.1278137620538473,
        54.00238428264856,
        202.79999999999995
      ],
      [
        -2.1279674023389816,
        54.0024670958519,
        203
      ],
      [
        -2.1281037759035826,
        54.002538761124015,
        203
      ],
      [
        -2.128198239952326,
        54.00261570699513,
        203
      ],
      [
        -2.128246435895562,
        54.00268376804888,
        203
      ],
      [
        -2.1282449271529913,
        54.00269977748394,
        203.20000000000005
      ],
      [
        -2.128260852769017,
        54.00270857848227,
        203.20000000000005
      ],
      [
        -2.128246519714594,
        54.00270648300648,
        203.20000000000005
      ],
      [
        -2.128243502229452,
        54.0027535893023,
        203.20000000000005
      ],
      [
        -2.1282530575990677,
        54.00277655571699,
        203.20000000000005
      ],
      [
        -2.128324555233121,
        54.00286800228059,
        204
      ],
      [
        -2.1283589210361242,
        54.002909660339355,
        204.20000000000005
      ],
      [
        -2.12839144282043,
        54.002955090254545,
        204.60000000000002
      ],
      [
        -2.128444332629442,
        54.003045028075576,
        205
      ],
      [
        -2.12849504314363,
        54.00312582962215,
        205.39999999999998
      ],
      [
        -2.1285270620137453,
        54.003158770501614,
        205.39999999999998
      ],
      [
        -2.1285771019756794,
        54.00323831476271,
        205.39999999999998
      ],
      [
        -2.128618508577347,
        54.00330520235002,
        205.60000000000002
      ],
      [
        -2.1286734100431204,
        54.0034166816622,
        205.60000000000002
      ],
      [
        -2.1287204325199127,
        54.0034962259233,
        205.79999999999995
      ],
      [
        -2.1287675388157368,
        54.00358968414366,
        205.60000000000002
      ],
      [
        -2.1288080234080553,
        54.00369521230459,
        205.60000000000002
      ],
      [
        -2.128837276250124,
        54.00375271216035,
        205.39999999999998
      ],
      [
        -2.1288578119128942,
        54.00381088256836,
        205.39999999999998
      ],
      [
        -2.1288965363055468,
        54.003929402679205,
        205
      ],
      [
        -2.128940960392356,
        54.00404968298972,
        204.39999999999998
      ],
      [
        -2.1289505157619715,
        54.004062339663506,
        204.20000000000005
      ],
      [
        -2.12897390127182,
        54.004122857004404,
        203.79999999999995
      ],
      [
        -2.128984881564975,
        54.00414515286684,
        203.60000000000002
      ],
      [
        -2.128984881564975,
        54.00414515286684,
        203.39999999999998
      ],
      [
        -2.128984881564975,
        54.00414515286684,
        203.39999999999998
      ],
      [
        -2.128984881564975,
        54.00414515286684,
        203.39999999999998
      ],
      [
        -2.12898270227015,
        54.00413635186851,
        203.39999999999998
      ],
      [
        -2.1289835404604673,
        54.00413794443011,
        203.39999999999998
      ],
      [
        -2.128987731412053,
        54.00415554642677,
        203.39999999999998
      ],
      [
        -2.1290061715990305,
        54.00418672710657,
        203.20000000000005
      ],
      [
        -2.1290103625506163,
        54.004197120666504,
        203.20000000000005
      ],
      [
        -2.1290780045092106,
        54.004319999367,
        202.20000000000005
      ],
      [
        -2.1291390247642994,
        54.00442946702242,
        201.60000000000002
      ],
      [
        -2.1291785035282373,
        54.00449744425714,
        201.20000000000005
      ],
      [
        -2.1291857957839966,
        54.00450716726482,
        201
      ],
      [
        -2.129243044182658,
        54.004616383463144,
        200
      ],
      [
        -2.1292485762387514,
        54.004629543051124,
        200
      ],
      [
        -2.1293056569993496,
        54.00476390495896,
        199.79999999999995
      ],
      [
        -2.1293560322374105,
        54.00486641563475,
        200
      ],
      [
        -2.1294157952070236,
        54.00498024187982,
        200
      ],
      [
        -2.129474300891161,
        54.00509465485811,
        199.60000000000002
      ],
      [
        -2.1295235864818096,
        54.005181826651096,
        199.60000000000002
      ],
      [
        -2.1295819245278835,
        54.00528618134558,
        199.60000000000002
      ],
      [
        -2.1296593733131886,
        54.00541023351252,
        199.20000000000005
      ],
      [
        -2.1296974271535873,
        54.005491035059094,
        198.79999999999995
      ],
      [
        -2.129727266728878,
        54.00554317049682,
        198.60000000000002
      ],
      [
        -2.1297748759388924,
        54.00561852380633,
        197.79999999999995
      ],
      [
        -2.12982214987278,
        54.005710473284125,
        196.79999999999995
      ],
      [
        -2.1298387460410595,
        54.005725644528866,
        196.20000000000005
      ],
      [
        -2.1298540849238634,
        54.00577518157661,
        196
      ],
      [
        -2.1298769675195217,
        54.00581918656826,
        195.60000000000002
      ],
      [
        -2.1298938151448965,
        54.00585380382836,
        195.20000000000005
      ],
      [
        -2.129929019138217,
        54.00590912438929,
        194.60000000000002
      ],
      [
        -2.129946956411004,
        54.00594516657293,
        194.20000000000005
      ],
      [
        -2.1299794781953096,
        54.00602554902434,
        193.60000000000002
      ],
      [
        -2.130015017464757,
        54.00606854818761,
        193.39999999999998
      ],
      [
        -2.1300584357231855,
        54.006143314763904,
        192.39999999999998
      ],
      [
        -2.130064219236374,
        54.00615454651415,
        192.20000000000005
      ],
      [
        -2.1301149297505617,
        54.00624817237258,
        191.79999999999995
      ],
      [
        -2.1301591861993074,
        54.00634741410613,
        191.60000000000002
      ],
      [
        -2.1302004251629114,
        54.006439950317144,
        191.39999999999998
      ],
      [
        -2.1302165184170008,
        54.00648613460362,
        191.20000000000005
      ],
      [
        -2.1302301809191704,
        54.00651345960796,
        191
      ],
      [
        -2.1302634570747614,
        54.00656836107373,
        190.20000000000005
      ],
      [
        -2.1302696596831083,
        54.0065788384527,
        190.20000000000005
      ],
      [
        -2.1303025167435408,
        54.00665771216154,
        189
      ],
      [
        -2.1303062047809362,
        54.00666877627373,
        188.79999999999995
      ],
      [
        -2.130340486764908,
        54.00676709599793,
        188.20000000000005
      ],
      [
        -2.130352221429348,
        54.00685544125736,
        188.20000000000005
      ],
      [
        -2.1303441748023033,
        54.00694588199258,
        188.39999999999998
      ],
      [
        -2.1303219627588987,
        54.0070310421288,
        188.60000000000002
      ],
      [
        -2.130277119576931,
        54.00714713148773,
        188.79999999999995
      ],
      [
        -2.130238227546215,
        54.007235979661345,
        188.79999999999995
      ],
      [
        -2.130207298323512,
        54.00732072070241,
        188.79999999999995
      ],
      [
        -2.130241496488452,
        54.00739749893546,
        188.79999999999995
      ],
      [
        -2.130265384912491,
        54.00742105208337,
        188.79999999999995
      ],
      [
        -2.130265636369586,
        54.00741216726601,
        188.79999999999995
      ],
      [
        -2.1302776224911213,
        54.00741342455149,
        188.79999999999995
      ],
      [
        -2.130284160375595,
        54.00743664242327,
        188.79999999999995
      ],
      [
        -2.130302768200636,
        54.00750688277185,
        188.79999999999995
      ],
      [
        -2.130302768200636,
        54.00750688277185,
        188.60000000000002
      ],
      [
        -2.130302768200636,
        54.00750688277185,
        188.39999999999998
      ],
      [
        -2.13030394166708,
        54.007506715133786,
        188.39999999999998
      ],
      [
        -2.1303052827715874,
        54.00751727633178,
        188.39999999999998
      ],
      [
        -2.1303051989525557,
        54.007525155320764,
        188.39999999999998
      ],
      [
        -2.130305366590619,
        54.00752850808203,
        188.39999999999998
      ],
      [
        -2.1303103119134903,
        54.007529681548476,
        188.39999999999998
      ],
      [
        -2.13035280816257,
        54.007486179471016,
        188.39999999999998
      ],
      [
        -2.130353730171919,
        54.00748626329005,
        188.60000000000002
      ],
      [
        -2.1303527243435383,
        54.007485089823604,
        188.79999999999995
      ],
      [
        -2.1303527243435383,
        54.007485089823604,
        188.79999999999995
      ],
      [
        -2.130355993285775,
        54.00747184641659,
        188
      ],
      [
        -2.130355993285775,
        54.00747184641659,
        188
      ],
      [
        -2.130355993285775,
        54.00747184641659,
        187.79999999999995
      ],
      [
        -2.130355993285775,
        54.00747184641659,
        187.79999999999995
      ],
      [
        -2.130355993285775,
        54.00747184641659,
        187.79999999999995
      ],
      [
        -2.130355993285775,
        54.00747184641659,
        187.79999999999995
      ],
      [
        -2.130355993285775,
        54.00747184641659,
        187.79999999999995
      ],
      [
        -2.130355993285775,
        54.00747184641659,
        187.79999999999995
      ],
      [
        -2.130355993285775,
        54.00747184641659,
        187.79999999999995
      ],
      [
        -2.130355993285775,
        54.00747184641659,
        187.79999999999995
      ],
      [
        -2.130355993285775,
        54.00747184641659,
        187.79999999999995
      ],
      [
        -2.130355993285775,
        54.00747184641659,
        187.79999999999995
      ],
      [
        -2.130355993285775,
        54.00747184641659,
        187.60000000000002
      ],
      [
        -2.1303550712764263,
        54.00748056359589,
        187.60000000000002
      ],
      [
        -2.1303617767989635,
        54.007471511140466,
        187.60000000000002
      ],
      [
        -2.130361692979932,
        54.00747226551175,
        187.60000000000002
      ],
      [
        -2.1303621120750904,
        54.00747369043529,
        187.79999999999995
      ],
      [
        -2.130355993285775,
        54.00747184641659,
        187.60000000000002
      ],
      [
        -2.1303581725806,
        54.00747511535883,
        187.60000000000002
      ],
      [
        -2.1303603518754244,
        54.00747369043529,
        187.79999999999995
      ],
      [
        -2.130360519513488,
        54.0074715949595,
        187.60000000000002
      ],
      [
        -2.130355993285775,
        54.00747184641659,
        187.60000000000002
      ],
      [
        -2.130356580018997,
        54.00748651474714,
        187.79999999999995
      ],
      [
        -2.130356580018997,
        54.00748651474714,
        187.79999999999995
      ],
      [
        -2.130356580018997,
        54.00748651474714,
        187.79999999999995
      ],
      [
        -2.130356580018997,
        54.00748651474714,
        187.60000000000002
      ],
      [
        -2.130356580018997,
        54.007484670728445,
        187.39999999999998
      ],
      [
        -2.130356580018997,
        54.00748651474714,
        187.60000000000002
      ],
      [
        -2.130356580018997,
        54.00748651474714,
        187.60000000000002
      ],
      [
        -2.130357753485441,
        54.00747176259756,
        187.60000000000002
      ],
      [
        -2.130362195894122,
        54.007473438978195,
        187.39999999999998
      ],
      [
        -2.130362195894122,
        54.007473438978195,
        187.39999999999998
      ],
      [
        -2.130362279713154,
        54.00747721083462,
        187.20000000000005
      ],
      [
        -2.130359010770917,
        54.00747905485332,
        187.20000000000005
      ],
      [
        -2.130359262228012,
        54.007477378472686,
        187.20000000000005
      ],
      [
        -2.130364626646042,
        54.00747595354915,
        187.20000000000005
      ],
      [
        -2.1303658839315176,
        54.00747511535883,
        187.20000000000005
      ],
      [
        -2.1303569991141558,
        54.007466062903404,
        187.39999999999998
      ],
      [
        -2.130362195894122,
        54.007473438978195,
        187.60000000000002
      ],
      [
        -2.130362195894122,
        54.007473438978195,
        187.39999999999998
      ],
      [
        -2.130362195894122,
        54.007473438978195,
        187.39999999999998
      ],
      [
        -2.130362195894122,
        54.007473438978195,
        187.39999999999998
      ],
      [
        -2.130362195894122,
        54.007473438978195,
        187.39999999999998
      ],
      [
        -2.130362195894122,
        54.007473438978195,
        187.39999999999998
      ],
      [
        -2.130362195894122,
        54.007473438978195,
        187.39999999999998
      ],
      [
        -2.1303683146834373,
        54.00747570209205,
        187.60000000000002
      ],
      [
        -2.1303673088550568,
        54.00747528299689,
        187.60000000000002
      ],
      [
        -2.130369571968913,
        54.007475366815925,
        187.60000000000002
      ],
      [
        -2.1303718350827694,
        54.00747922249138,
        187.60000000000002
      ],
      [
        -2.130350461229682,
        54.00748584419489,
        187.39999999999998
      ],
      [
        -2.130350461229682,
        54.00748584419489,
        187.39999999999998
      ],
      [
        -2.130350461229682,
        54.00748584419489,
        187.39999999999998
      ],
      [
        -2.130350461229682,
        54.00748584419489,
        187.39999999999998
      ],
      [
        -2.130350461229682,
        54.00748584419489,
        187.20000000000005
      ],
      [
        -2.130350461229682,
        54.00748584419489,
        187.20000000000005
      ],
      [
        -2.130350461229682,
        54.00748584419489,
        187.20000000000005
      ],
      [
        -2.130350461229682,
        54.00748584419489,
        187.20000000000005
      ],
      [
        -2.130350461229682,
        54.00748584419489,
        187.39999999999998
      ],
      [
        -2.130350461229682,
        54.00748584419489,
        187.20000000000005
      ],
      [
        -2.130350461229682,
        54.00748584419489,
        187.39999999999998
      ],
      [
        -2.130350461229682,
        54.00748584419489,
        187.39999999999998
      ],
      [
        -2.130350461229682,
        54.00748584419489,
        187.39999999999998
      ],
      [
        -2.130350461229682,
        54.00748584419489,
        187.39999999999998
      ],
      [
        -2.130350461229682,
        54.00748584419489,
        187.39999999999998
      ],
      [
        -2.130350461229682,
        54.00748584419489,
        187.39999999999998
      ],
      [
        -2.130350461229682,
        54.00748584419489,
        187.39999999999998
      ],
      [
        -2.130350461229682,
        54.00748584419489,
        187.39999999999998
      ],
      [
        -2.130350461229682,
        54.00748584419489,
        187.39999999999998
      ],
      [
        -2.130350461229682,
        54.00748584419489,
        187.39999999999998
      ],
      [
        -2.130350461229682,
        54.00748584419489,
        187.39999999999998
      ],
      [
        -2.130350461229682,
        54.00748584419489,
        187.39999999999998
      ],
      [
        -2.130350461229682,
        54.00748584419489,
        187.20000000000005
      ],
      [
        -2.130350461229682,
        54.00748584419489,
        187.39999999999998
      ],
      [
        -2.130350461229682,
        54.00748584419489,
        187.20000000000005
      ],
      [
        -2.130350461229682,
        54.00748584419489,
        187.20000000000005
      ],
      [
        -2.130350461229682,
        54.00748584419489,
        187.20000000000005
      ],
      [
        -2.130350461229682,
        54.00748584419489,
        187.20000000000005
      ],
      [
        -2.130350461229682,
        54.00748584419489,
        187.20000000000005
      ],
      [
        -2.130357250571251,
        54.00747989304364,
        187
      ],
      [
        -2.1303670573979616,
        54.00747645646334,
        187
      ],
      [
        -2.130369069054723,
        54.00747570209205,
        187
      ],
      [
        -2.130369069054723,
        54.00747570209205,
        187
      ],
      [
        -2.130345767363906,
        54.007481317967176,
        187
      ],
      [
        -2.1303459350019693,
        54.00748106651008,
        186.79999999999995
      ],
      [
        -2.1303459350019693,
        54.00748106651008,
        186.79999999999995
      ],
      [
        -2.1303459350019693,
        54.00748106651008,
        187
      ],
      [
        -2.1303459350019693,
        54.00748106651008,
        186.79999999999995
      ],
      [
        -2.1303459350019693,
        54.00748106651008,
        186.79999999999995
      ],
      [
        -2.1303459350019693,
        54.00748106651008,
        186.79999999999995
      ],
      [
        -2.1303459350019693,
        54.00748106651008,
        186.79999999999995
      ],
      [
        -2.1303459350019693,
        54.00748106651008,
        186.79999999999995
      ],
      [
        -2.1303459350019693,
        54.00748106651008,
        186.79999999999995
      ],
      [
        -2.1303459350019693,
        54.00748106651008,
        186.79999999999995
      ],
      [
        -2.1303459350019693,
        54.00748106651008,
        186.79999999999995
      ],
      [
        -2.1303459350019693,
        54.00748106651008,
        186.60000000000002
      ],
      [
        -2.1303459350019693,
        54.00748106651008,
        186.60000000000002
      ],
      [
        -2.1303459350019693,
        54.00748106651008,
        186.60000000000002
      ],
      [
        -2.1303459350019693,
        54.00748106651008,
        186.60000000000002
      ],
      [
        -2.1303459350019693,
        54.00748106651008,
        186.60000000000002
      ],
      [
        -2.1303459350019693,
        54.00748106651008,
        186.60000000000002
      ],
      [
        -2.1303459350019693,
        54.00748106651008,
        186.60000000000002
      ],
      [
        -2.1303459350019693,
        54.00748106651008,
        186.60000000000002
      ],
      [
        -2.1303459350019693,
        54.00748106651008,
        186.60000000000002
      ],
      [
        -2.1303459350019693,
        54.00748106651008,
        186.39999999999998
      ],
      [
        -2.1303459350019693,
        54.00748106651008,
        186.39999999999998
      ],
      [
        -2.1303459350019693,
        54.00748106651008,
        186.20000000000005
      ],
      [
        -2.1303459350019693,
        54.00748106651008,
        186.20000000000005
      ],
      [
        -2.1303459350019693,
        54.00748106651008,
        186.20000000000005
      ],
      [
        -2.1303459350019693,
        54.00748106651008,
        186.20000000000005
      ],
      [
        -2.130355406552553,
        54.00747042149305,
        186.20000000000005
      ],
      [
        -2.1303459350019693,
        54.00748106651008,
        186.39999999999998
      ],
      [
        -2.1303459350019693,
        54.00748106651008,
        186.39999999999998
      ],
      [
        -2.1303459350019693,
        54.00748106651008,
        186.39999999999998
      ],
      [
        -2.1303459350019693,
        54.00748106651008,
        186.39999999999998
      ],
      [
        -2.1303459350019693,
        54.00748106651008,
        186.39999999999998
      ],
      [
        -2.130351886153221,
        54.007483748719096,
        186.60000000000002
      ],
      [
        -2.130365800112486,
        54.00747025385499,
        186.60000000000002
      ],
      [
        -2.130335122346878,
        54.00747813284397,
        186.60000000000002
      ],
      [
        -2.13033813983202,
        54.00747721083462,
        186.79999999999995
      ],
      [
        -2.130339816212654,
        54.007476791739464,
        186.79999999999995
      ],
      [
        -2.130335122346878,
        54.00747813284397,
        186.20000000000005
      ],
      [
        -2.130335122346878,
        54.00747813284397,
        186.20000000000005
      ],
      [
        -2.130335122346878,
        54.00747813284397,
        186.20000000000005
      ],
      [
        -2.130335122346878,
        54.00747813284397,
        186.39999999999998
      ],
      [
        -2.130335122346878,
        54.00747813284397,
        186.79999999999995
      ],
      [
        -2.130335122346878,
        54.00747813284397,
        186.79999999999995
      ],
      [
        -2.130335122346878,
        54.00747813284397,
        186.79999999999995
      ],
      [
        -2.130335122346878,
        54.00747813284397,
        186.79999999999995
      ],
      [
        -2.130335122346878,
        54.00747813284397,
        186.60000000000002
      ],
      [
        -2.130335122346878,
        54.00747813284397,
        186.60000000000002
      ],
      [
        -2.130335122346878,
        54.00747813284397,
        186.79999999999995
      ],
      [
        -2.130335122346878,
        54.00747813284397,
        186.79999999999995
      ],
      [
        -2.130335122346878,
        54.00747813284397,
        186.60000000000002
      ],
      [
        -2.130335122346878,
        54.00747813284397,
        186.60000000000002
      ],
      [
        -2.130335122346878,
        54.00747813284397,
        186.60000000000002
      ],
      [
        -2.130335122346878,
        54.00747813284397,
        186.60000000000002
      ],
      [
        -2.130335122346878,
        54.00747813284397,
        186.79999999999995
      ],
      [
        -2.130335122346878,
        54.00747813284397,
        186.79999999999995
      ],
      [
        -2.1303461026400328,
        54.00747561827302,
        186.79999999999995
      ],
      [
        -2.1303576696664095,
        54.00747285224497,
        186.79999999999995
      ],
      [
        -2.1303546521812677,
        54.00746874511242,
        186.60000000000002
      ],
      [
        -2.1303520537912846,
        54.007472936064005,
        186.39999999999998
      ],
      [
        -2.1303541492670774,
        54.00747117586434,
        186.39999999999998
      ],
      [
        -2.1303606033325195,
        54.00746765546501,
        186.39999999999998
      ],
      [
        -2.1303647942841053,
        54.007469499483705,
        186.60000000000002
      ],
      [
        -2.1303753554821014,
        54.00746681727469,
        186.60000000000002
      ],
      [
        -2.130367225036025,
        54.007471427321434,
        186.60000000000002
      ],
      [
        -2.1303606871515512,
        54.007472936064005,
        186.60000000000002
      ],
      [
        -2.13031517341733,
        54.00747704319656,
        186.39999999999998
      ],
      [
        -2.130303857848048,
        54.00755055248737,
        186.20000000000005
      ],
      [
        -2.1303228847682476,
        54.007506128400564,
        186
      ],
      [
        -2.130355155095458,
        54.00746991857886,
        186.20000000000005
      ],
      [
        -2.130333697423339,
        54.007489113137126,
        186.39999999999998
      ],
      [
        -2.130319783464074,
        54.00749623775482,
        186.39999999999998
      ],
      [
        -2.130308384075761,
        54.00750679895282,
        186.39999999999998
      ],
      [
        -2.130315341055393,
        54.00753621943295,
        186.39999999999998
      ],
      [
        -2.1303202863782644,
        54.00755004957318,
        186.20000000000005
      ],
      [
        -2.130328333005309,
        54.00762238539755,
        186
      ],
      [
        -2.130353730171919,
        54.00766228325665,
        186
      ],
      [
        -2.1303714998066425,
        54.007703606039286,
        186
      ],
      [
        -2.130412822589278,
        54.00777175091207,
        185.79999999999995
      ],
      [
        -2.130472417920828,
        54.00788909755647,
        185
      ],
      [
        -2.1304813865572214,
        54.00790183804929,
        185
      ],
      [
        -2.1305087953805923,
        54.007959673181176,
        184.60000000000002
      ],
      [
        -2.1305425744503736,
        54.00804474949837,
        184
      ],
      [
        -2.1305479388684034,
        54.008053969591856,
        183.79999999999995
      ],
      [
        -2.130592865869403,
        54.00812420994043,
        183
      ],
      [
        -2.1306097134947777,
        54.008147679269314,
        182.60000000000002
      ],
      [
        -2.1306551434099674,
        54.00821356102824,
        181.79999999999995
      ],
      [
        -2.1306783612817526,
        54.00824708864093,
        181.60000000000002
      ],
      [
        -2.1307226177304983,
        54.00830425322056,
        180.79999999999995
      ],
      [
        -2.130779614672065,
        54.008361753076315,
        180.39999999999998
      ],
      [
        -2.1307891700416803,
        54.00837130844593,
        180.20000000000005
      ],
      [
        -2.1308845560997725,
        54.008461497724056,
        179.60000000000002
      ],
      [
        -2.1309159882366657,
        54.008491253480315,
        179.39999999999998
      ],
      [
        -2.1309782657772303,
        54.00854313746095,
        179.39999999999998
      ],
      [
        -2.1310642641037703,
        54.008618323132396,
        179.20000000000005
      ],
      [
        -2.1311268769204617,
        54.00866257958114,
        179
      ],
      [
        -2.1311702951788902,
        54.00869996286929,
        179
      ],
      [
        -2.1312312316149473,
        54.00875679217279,
        178.79999999999995
      ],
      [
        -2.1312947664409876,
        54.00883633643389,
        178.60000000000002
      ],
      [
        -2.131380010396242,
        54.00890037417412,
        178.79999999999995
      ],
      [
        -2.1314688585698605,
        54.00898394174874,
        178.79999999999995
      ],
      [
        -2.1315548568964005,
        54.009062983095646,
        178.79999999999995
      ],
      [
        -2.1316456329077482,
        54.00915359146893,
        178.79999999999995
      ],
      [
        -2.131751161068678,
        54.00923850014806,
        178.79999999999995
      ],
      [
        -2.1318401768803596,
        54.00933531112969,
        178.39999999999998
      ],
      [
        -2.1319341380149126,
        54.009418711066246,
        178.39999999999998
      ],
      [
        -2.13197554461658,
        54.00945005938411,
        178.39999999999998
      ],
      [
        -2.1320275124162436,
        54.00950244627893,
        178.20000000000005
      ],
      [
        -2.1320728585124016,
        54.00955441407859,
        178.20000000000005
      ],
      [
        -2.1321565099060535,
        54.00962524116039,
        178
      ],
      [
        -2.1322337072342634,
        54.009696152061224,
        177.79999999999995
      ],
      [
        -2.1323131676763296,
        54.00976865552366,
        177.60000000000002
      ],
      [
        -2.1323936339467764,
        54.009840907529,
        177.39999999999998
      ],
      [
        -2.1324056200683117,
        54.00985339656472,
        177.39999999999998
      ],
      [
        -2.132501509040594,
        54.00992623530328,
        177
      ],
      [
        -2.1325797121971846,
        54.00998624972999,
        176.79999999999995
      ],
      [
        -2.1326763555407524,
        54.010057831183076,
        176.39999999999998
      ],
      [
        -2.1326916944235563,
        54.01006923057139,
        176.39999999999998
      ],
      [
        -2.132778950035572,
        54.01014408096671,
        176
      ],
      [
        -2.1328644454479218,
        54.01022010482848,
        175.79999999999995
      ],
      [
        -2.1329631004482508,
        54.01029705069959,
        175.20000000000005
      ],
      [
        -2.1330358553677797,
        54.0103742480278,
        174.79999999999995
      ],
      [
        -2.133116237819195,
        54.010450104251504,
        174.20000000000005
      ],
      [
        -2.133131492882967,
        54.01047172956169,
        173.79999999999995
      ],
      [
        -2.133204583078623,
        54.01054901070893,
        173.20000000000005
      ],
      [
        -2.133285216987133,
        54.01061464101076,
        172.60000000000002
      ],
      [
        -2.133295778185129,
        54.01062386110425,
        172.39999999999998
      ],
      [
        -2.1333396155387163,
        54.01067088358104,
        172
      ],
      [
        -2.13337448425591,
        54.01070843450725,
        171.60000000000002
      ],
      [
        -2.1334325708448887,
        54.010765347629786,
        171.39999999999998
      ],
      [
        -2.1334502566605806,
        54.010788230225444,
        171.20000000000005
      ],
      [
        -2.13345754891634,
        54.0107973664999,
        171
      ],
      [
        -2.1335198264569044,
        54.01087204925716,
        170.60000000000002
      ],
      [
        -2.1335764043033123,
        54.01092778891325,
        170
      ],
      [
        -2.133634574711323,
        54.01099727489054,
        169.39999999999998
      ],
      [
        -2.133685117587447,
        54.01105569675565,
        169
      ],
      [
        -2.13369551114738,
        54.01106818579137,
        168.79999999999995
      ],
      [
        -2.133747562766075,
        54.011140521615744,
        168.39999999999998
      ],
      [
        -2.1338072419166565,
        54.01118821464479,
        168
      ],
      [
        -2.1338228322565556,
        54.01120925322175,
        167.60000000000002
      ],
      [
        -2.133883433416486,
        54.011287121102214,
        166.79999999999995
      ],
      [
        -2.133891899138689,
        54.011299358680844,
        166.79999999999995
      ],
      [
        -2.133966162800789,
        54.01137211360037,
        166
      ],
      [
        -2.133977562189102,
        54.011382507160306,
        165.60000000000002
      ],
      [
        -2.1340581960976124,
        54.0114691760391,
        164.60000000000002
      ],
      [
        -2.1341214794665575,
        54.011534890159965,
        163.79999999999995
      ],
      [
        -2.1341286040842533,
        54.01154578663409,
        163.60000000000002
      ],
      [
        -2.134131034836173,
        54.011556850746274,
        163.39999999999998
      ],
      [
        -2.134172525256872,
        54.01162357069552,
        162.39999999999998
      ],
      [
        -2.134181410074234,
        54.011635137721896,
        162.39999999999998
      ],
      [
        -2.134267156943679,
        54.01170772500336,
        161.20000000000005
      ],
      [
        -2.134283585473895,
        54.01172624900937,
        161
      ],
      [
        -2.134328931570053,
        54.011769918724895,
        160.20000000000005
      ],
      [
        -2.134379642084241,
        54.011814426630735,
        159.60000000000002
      ],
      [
        -2.134406380355358,
        54.011834459379315,
        159.20000000000005
      ],
      [
        -2.134487349539995,
        54.01189967058599,
        158.20000000000005
      ],
      [
        -2.1344938036054373,
        54.011909645050764,
        158
      ],
      [
        -2.1345853339880705,
        54.01198223233223,
        157
      ],
      [
        -2.13467619381845,
        54.0120595972985,
        156.20000000000005
      ],
      [
        -2.1347093861550093,
        54.01209480129182,
        156
      ],
      [
        -2.1347372978925705,
        54.01212682016194,
        155.60000000000002
      ],
      [
        -2.1348065324127674,
        54.01220259256661,
        155
      ],
      [
        -2.134841149672866,
        54.01223377324641,
        154.60000000000002
      ],
      [
        -2.1349802892655134,
        54.01233276352286,
        154.39999999999998
      ],
      [
        -2.1351019106805325,
        54.012433933094144,
        154.39999999999998
      ],
      [
        -2.135186567902565,
        54.012497551739216,
        154.39999999999998
      ],
      [
        -2.135297292843461,
        54.01257625781,
        154.39999999999998
      ],
      [
        -2.135413633659482,
        54.012659238651395,
        155.20000000000005
      ],
      [
        -2.135498123243451,
        54.0127176605165,
        155.60000000000002
      ],
      [
        -2.135537350550294,
        54.01274339295924,
        155.79999999999995
      ],
      [
        -2.135585378855467,
        54.01276887394488,
        156
      ],
      [
        -2.1356252767145634,
        54.0127937681973,
        156.20000000000005
      ],
      [
        -2.1357389353215694,
        54.012860991060734,
        156.60000000000002
      ],
      [
        -2.1358167193830013,
        54.01290591806173,
        157
      ],
      [
        -2.135841865092516,
        54.012928046286106,
        157.39999999999998
      ],
      [
        -2.1359361615031958,
        54.01301781646907,
        157.60000000000002
      ],
      [
        -2.136057196184993,
        54.01311378926039,
        157.60000000000002
      ],
      [
        -2.136130454018712,
        54.01320372708142,
        156.60000000000002
      ],
      [
        -2.136191474273801,
        54.013248067349195,
        155.79999999999995
      ],
      [
        -2.1362182963639498,
        54.01325896382332,
        155.39999999999998
      ],
      [
        -2.1362484712153673,
        54.01328578591347,
        154.79999999999995
      ],
      [
        -2.136262468993664,
        54.013315541669726,
        154.20000000000005
      ],
      [
        -2.1362928953021765,
        54.013347728177905,
        153.60000000000002
      ],
      [
        -2.136294152587652,
        54.013345213606954,
        153.20000000000005
      ],
      [
        -2.136306641623378,
        54.01335200294852,
        153.20000000000005
      ],
      [
        -2.1363029535859823,
        54.01335133239627,
        153.20000000000005
      ],
      [
        -2.1363452821969986,
        54.01339148171246,
        153
      ],
      [
        -2.1363606210798025,
        54.013405395671725,
        153
      ],
      [
        -2.1363603696227074,
        54.013409838080406,
        153
      ],
      [
        -2.136362884193659,
        54.013418555259705,
        153
      ],
      [
        -2.1363561786711216,
        54.01342081837356,
        153.20000000000005
      ],
      [
        -2.1363671589642763,
        54.0134566091001,
        153.20000000000005
      ],
      [
        -2.13636196218431,
        54.013578901067376,
        153
      ],
      [
        -2.136388197541237,
        54.01363438926637,
        152.60000000000002
      ],
      [
        -2.1364188753068447,
        54.013665402308106,
        151.79999999999995
      ],
      [
        -2.1364215575158596,
        54.01369063183665,
        151.39999999999998
      ],
      [
        -2.13646799325943,
        54.01373069733381,
        150.60000000000002
      ],
      [
        -2.1364784706383944,
        54.01373581029475,
        150.39999999999998
      ],
      [
        -2.1365512255579233,
        54.01377000845969,
        149.39999999999998
      ],
      [
        -2.136571677401662,
        54.0137763787061,
        149.20000000000005
      ],
      [
        -2.1366898622363806,
        54.013807559385896,
        148.39999999999998
      ],
      [
        -2.1367117390036583,
        54.0138123370707,
        148.20000000000005
      ],
      [
        -2.1368018444627523,
        54.01383253745735,
        147.60000000000002
      ],
      [
        -2.136854398995638,
        54.01385215111077,
        147
      ],
      [
        -2.136937128379941,
        54.013871094211936,
        146.39999999999998
      ],
      [
        -2.136995969340205,
        54.01387955993414,
        145.79999999999995
      ],
      [
        -2.137077860534191,
        54.01389431208372,
        145.20000000000005
      ],
      [
        -2.1371398866176605,
        54.013903783634305,
        144.79999999999995
      ],
      [
        -2.1371574886143208,
        54.0139058791101,
        144.60000000000002
      ],
      [
        -2.137272823601961,
        54.013905292376876,
        143.79999999999995
      ],
      [
        -2.137316996231675,
        54.013910153880715,
        143.60000000000002
      ],
      [
        -2.1374588180333376,
        54.01394301094115,
        143.20000000000005
      ],
      [
        -2.137499302625656,
        54.01393194682896,
        143.20000000000005
      ],
      [
        -2.1375026553869247,
        54.013933623209596,
        143.20000000000005
      ],
      [
        -2.137499051168561,
        54.01393773034215,
        143.20000000000005
      ],
      [
        -2.137485556304455,
        54.01394225656986,
        143.39999999999998
      ],
      [
        -2.137506427243352,
        54.01392951607704,
        143.60000000000002
      ],
      [
        -2.137514054775238,
        54.01390152052045,
        143.60000000000002
      ],
      [
        -2.137579685077071,
        54.0138868521899,
        143.39999999999998
      ],
      [
        -2.1377442218363285,
        54.01392163708806,
        143
      ],
      [
        -2.1378626581281424,
        54.013907723128796,
        143
      ],
      [
        -2.1379551105201244,
        54.01390638202429,
        143
      ],
      [
        -2.138129621744156,
        54.013868076726794,
        143.20000000000005
      ],
      [
        -2.1382892969995737,
        54.01385307312012,
        143.39999999999998
      ],
      [
        -2.1383929811418056,
        54.013846619054675,
        143.60000000000002
      ],
      [
        -2.1384407579898834,
        54.01385952718556,
        143.60000000000002
      ],
      [
        -2.138442602008581,
        54.013881739228964,
        143.60000000000002
      ],
      [
        -2.1384389139711857,
        54.01391442865133,
        143.79999999999995
      ],
      [
        -2.1384441945701838,
        54.013960948213935,
        144
      ],
      [
        -2.1383877005428076,
        54.014032362028956,
        143.79999999999995
      ],
      [
        -2.138301031664014,
        54.01411525905132,
        143.79999999999995
      ],
      [
        -2.138221235945821,
        54.01417426764965,
        143.79999999999995
      ],
      [
        -2.138176644220948,
        54.014260936528444,
        144
      ],
      [
        -2.1381827630102634,
        54.014351796358824,
        144.39999999999998
      ],
      [
        -2.138209417462349,
        54.01444919407368,
        144.39999999999998
      ],
      [
        -2.1382640674710274,
        54.014571737498045,
        144.20000000000005
      ],
      [
        -2.1382882073521614,
        54.01463217101991,
        144.39999999999998
      ],
      [
        -2.138314777985215,
        54.01473518460989,
        144.60000000000002
      ],
      [
        -2.138329278677702,
        54.014796540141106,
        144.79999999999995
      ],
      [
        -2.138332547619939,
        54.01480793952942,
        144.79999999999995
      ],
      [
        -2.1383514907211065,
        54.01488714851439,
        145
      ],
      [
        -2.1383757144212723,
        54.01496669277549,
        145
      ],
      [
        -2.1384147740900517,
        54.01504900306463,
        145
      ],
      [
        -2.1384418476372957,
        54.01514715515077,
        145.20000000000005
      ],
      [
        -2.138482416048646,
        54.015265172347426,
        145.39999999999998
      ],
      [
        -2.138500940054655,
        54.01535561308265,
        145.60000000000002
      ],
      [
        -2.1385580208152533,
        54.0154514182359,
        145.60000000000002
      ],
      [
        -2.1385840885341167,
        54.01555527001619,
        145.60000000000002
      ],
      [
        -2.138604372739792,
        54.01558209210634,
        145.39999999999998
      ],
      [
        -2.1386053785681725,
        54.015581253916025,
        145.39999999999998
      ],
      [
        -2.1385985892266035,
        54.01559893973172,
        145.39999999999998
      ],
      [
        -2.1385997626930475,
        54.01559826917946,
        145.39999999999998
      ],
      [
        -2.1386068873107433,
        54.01559357531369,
        145.39999999999998
      ],
      [
        -2.138625495135784,
        54.01561276987195,
        145.60000000000002
      ],
      [
        -2.1386757865548134,
        54.015703378245234,
        145.39999999999998
      ],
      [
        -2.1387378126382828,
        54.015763979405165,
        145.20000000000005
      ],
      [
        -2.1388179436326027,
        54.01584033854306,
        145.39999999999998
      ],
      [
        -2.1388883516192436,
        54.01590353809297,
        145.39999999999998
      ],
      [
        -2.13896244764328,
        54.01597931049764,
        145.60000000000002
      ],
      [
        -2.139025228098035,
        54.016038570553064,
        145.79999999999995
      ],
      [
        -2.139041656628251,
        54.01604519225657,
        145.79999999999995
      ],
      [
        -2.1390589233487844,
        54.01606656610966,
        146
      ],
      [
        -2.139121787622571,
        54.01609749533236,
        146
      ],
      [
        -2.1391519624739885,
        54.01611518114805,
        146
      ],
      [
        -2.1391629427671432,
        54.016120210289955,
        146
      ],
      [
        -2.1391752641648054,
        54.016126077622175,
        146
      ],
      [
        -2.139186831191182,
        54.01613412424922,
        146.20000000000005
      ],
      [
        -2.1391987334936857,
        54.01613990776241,
        146.20000000000005
      ],
      [
        -2.1392214484512806,
        54.01615365408361,
        146.20000000000005
      ],
      [
        -2.139320522546768,
        54.016207214444876,
        146.39999999999998
      ],
      [
        -2.1394532918930054,
        54.01626412756741,
        146.79999999999995
      ],
      [
        -2.139468127861619,
        54.01627385057509,
        147
      ],
      [
        -2.1395881567150354,
        54.01633738540113,
        147
      ],
      [
        -2.1396376099437475,
        54.01636538095772,
        147
      ],
      [
        -2.1396923437714577,
        54.016376780346036,
        147.20000000000005
      ],
      [
        -2.13975353166461,
        54.01639178395271,
        147.39999999999998
      ],
      [
        -2.1398228500038385,
        54.0164406504482,
        147.60000000000002
      ],
      [
        -2.139869537204504,
        54.01647426187992,
        147.79999999999995
      ],
      [
        -2.1398811880499125,
        54.01648951694369,
        147.79999999999995
      ],
      [
        -2.139891078695655,
        54.0165030118078,
        147.79999999999995
      ],
      [
        -2.139978166669607,
        54.01656948029995,
        147.60000000000002
      ],
      [
        -2.140036001801491,
        54.01659881696105,
        147.60000000000002
      ],
      [
        -2.1400879696011543,
        54.016634272411466,
        147.79999999999995
      ],
      [
        -2.140181679278612,
        54.01668137870729,
        148.39999999999998
      ],
      [
        -2.1402743831276894,
        54.01672789826989,
        148.79999999999995
      ],
      [
        -2.140318974852562,
        54.016771987080574,
        148.20000000000005
      ],
      [
        -2.1403058990836143,
        54.016787158325315,
        147.79999999999995
      ],
      [
        -2.1402988582849503,
        54.01679830625653,
        147.39999999999998
      ],
      [
        -2.140286285430193,
        54.016801407560706,
        147.39999999999998
      ],
      [
        -2.140274466946721,
        54.016809621825814,
        147.39999999999998
      ],
      [
        -2.140280082821846,
        54.01683200150728,
        147.39999999999998
      ],
      [
        -2.140284776687622,
        54.01689402759075,
        147.39999999999998
      ],
      [
        -2.1402949187904596,
        54.01690282858908,
        147.60000000000002
      ],
      [
        -2.1403442043811083,
        54.01696963235736,
        147.79999999999995
      ],
      [
        -2.1404383331537247,
        54.01704750023782,
        147.79999999999995
      ],
      [
        -2.1405156143009663,
        54.017099384218454,
        148
      ],
      [
        -2.140610497444868,
        54.01717775501311,
        148.20000000000005
      ],
      [
        -2.140732705593109,
        54.01724472641945,
        148.39999999999998
      ],
      [
        -2.1408127527683973,
        54.01730239391327,
        148.39999999999998
      ],
      [
        -2.1409090608358383,
        54.01735436171293,
        148.60000000000002
      ],
      [
        -2.1410114876925945,
        54.017397528514266,
        148.60000000000002
      ],
      [
        -2.1411546505987644,
        54.01745536364615,
        148.79999999999995
      ],
      [
        -2.1412659622728825,
        54.017498195171356,
        148.79999999999995
      ],
      [
        -2.141416249796748,
        54.017560221254826,
        149
      ],
      [
        -2.1415553893893957,
        54.01761646382511,
        149.20000000000005
      ],
      [
        -2.141673406586051,
        54.01764873415232,
        149.20000000000005
      ],
      [
        -2.1418105345219374,
        54.017666252329946,
        149.39999999999998
      ],
      [
        -2.141906339675188,
        54.017682345584035,
        149.79999999999995
      ],
      [
        -2.142025278881192,
        54.01769475080073,
        149.79999999999995
      ],
      [
        -2.142180595546961,
        54.017707239836454,
        149.60000000000002
      ],
      [
        -2.1423512510955334,
        54.017706820741296,
        149.60000000000002
      ],
      [
        -2.1424848586320877,
        54.01770740747452,
        149.79999999999995
      ],
      [
        -2.142531294375658,
        54.01771863922477,
        150
      ],
      [
        -2.1425674203783274,
        54.01772894896567,
        150
      ],
      [
        -2.142686527222395,
        54.01775208301842,
        150.20000000000005
      ],
      [
        -2.1427826676517725,
        54.0178032964468,
        150.39999999999998
      ],
      [
        -2.1428788919001818,
        54.017856772989035,
        150.20000000000005
      ],
      [
        -2.1429794747382402,
        54.01793749071658,
        150.20000000000005
      ],
      [
        -2.143041333183646,
        54.0179985947907,
        150.39999999999998
      ],
      [
        -2.143112327903509,
        54.01808140799403,
        150.60000000000002
      ],
      [
        -2.1431829035282135,
        54.01812398806214,
        150.60000000000002
      ],
      [
        -2.1432753559201956,
        54.01816036552191,
        150.79999999999995
      ],
      [
        -2.1433104760944843,
        54.01817478239536,
        151
      ],
      [
        -2.1433657966554165,
        54.018232533708215,
        151.20000000000005
      ],
      [
        -2.1433627791702747,
        54.01830520480871,
        151.39999999999998
      ],
      [
        -2.1433696523308754,
        54.018401596695185,
        151.39999999999998
      ],
      [
        -2.143381806090474,
        54.018490528687835,
        151.39999999999998
      ],
      [
        -2.143395720049739,
        54.018583819270134,
        151.79999999999995
      ],
      [
        -2.1433994080871344,
        54.018674260005355,
        151.60000000000002
      ],
      [
        -2.1434579975903034,
        54.01872874237597,
        151.39999999999998
      ],
      [
        -2.143454309552908,
        54.01873033493757,
        151.39999999999998
      ],
      [
        -2.1434597577899694,
        54.01874248869717,
        151.39999999999998
      ],
      [
        -2.143491692841053,
        54.01877366937697,
        151.39999999999998
      ],
      [
        -2.143498817458749,
        54.01878071017563,
        151.60000000000002
      ],
      [
        -2.1434983145445585,
        54.01878096163273,
        152
      ],
      [
        -2.1435013320297003,
        54.01878163218498,
        152.20000000000005
      ],
      [
        -2.143505858257413,
        54.01879705488682,
        152.60000000000002
      ],
      [
        -2.1434918604791164,
        54.01879772543907,
        152.39999999999998
      ],
      [
        -2.143490184098482,
        54.018793031573296,
        152.39999999999998
      ],
      [
        -2.1434352826327085,
        54.0188170876354,
        152.39999999999998
      ],
      [
        -2.143270578235388,
        54.0188461728394,
        153
      ],
      [
        -2.143235709518194,
        54.01884910650551,
        153.20000000000005
      ],
      [
        -2.1431201230734587,
        54.01886930689216,
        153.79999999999995
      ],
      [
        -2.1429545804858208,
        54.01889696717262,
        153.79999999999995
      ],
      [
        -2.1428109984844923,
        54.01890870183706,
        153
      ],
      [
        -2.142589967697859,
        54.0189413074404,
        152.60000000000002
      ],
      [
        -2.1424316335469484,
        54.01894675567746,
        152.20000000000005
      ],
      [
        -2.1423455514013767,
        54.01896385475993,
        152.20000000000005
      ],
      [
        -2.142340773716569,
        54.0189722366631,
        152.20000000000005
      ],
      [
        -2.1423665061593056,
        54.01896997354925,
        152
      ],
      [
        -2.1423757262527943,
        54.01897986419499,
        151.79999999999995
      ],
      [
        -2.1423971001058817,
        54.0189896710217,
        151.60000000000002
      ],
      [
        -2.1424840204417706,
        54.019044153392315,
        151.20000000000005
      ],
      [
        -2.142595835030079,
        54.01913568377495,
        151.39999999999998
      ],
      [
        -2.142607821151614,
        54.01914440095425,
        151.39999999999998
      ],
      [
        -2.1427161153405905,
        54.01922184973955,
        151.39999999999998
      ],
      [
        -2.142753330990672,
        54.01928773149848,
        151.60000000000002
      ],
      [
        -2.142783086746931,
        54.01934891939163,
        151.60000000000002
      ],
      [
        -2.142797838896513,
        54.01945050805807,
        151.79999999999995
      ],
      [
        -2.142820805311203,
        54.01949157938361,
        151.79999999999995
      ],
      [
        -2.142833797261119,
        54.019523933529854,
        151.60000000000002
      ],
      [
        -2.142863217741251,
        54.019605573266745,
        151.79999999999995
      ],
      [
        -2.1428886987268925,
        54.01972417719662,
        151.79999999999995
      ],
      [
        -2.1429154369980097,
        54.01982526294887,
        151.79999999999995
      ],
      [
        -2.1429555863142014,
        54.019896257668734,
        152
      ],
      [
        -2.1429894492030144,
        54.01998837478459,
        152
      ],
      [
        -2.143014930188656,
        54.02007043361664,
        152.39999999999998
      ],
      [
        -2.1430427581071854,
        54.02017378248274,
        152.20000000000005
      ],
      [
        -2.143069915473461,
        54.02027042582631,
        152.39999999999998
      ],
      [
        -2.143103526905179,
        54.02037746272981,
        152.39999999999998
      ],
      [
        -2.14312850497663,
        54.020481230691075,
        152.39999999999998
      ],
      [
        -2.14312850497663,
        54.020481230691075,
        152.39999999999998
      ],
      [
        -2.1431223023682833,
        54.020592039451,
        152.60000000000002
      ],
      [
        -2.1431116573512554,
        54.02061877772212,
        152.60000000000002
      ],
      [
        -2.1431116573512554,
        54.02061877772212,
        152.39999999999998
      ],
      [
        -2.1431116573512554,
        54.02061877772212,
        152.39999999999998
      ],
      [
        -2.1431116573512554,
        54.02061877772212,
        152.39999999999998
      ],
      [
        -2.143115848302841,
        54.02062615379691,
        152.60000000000002
      ],
      [
        -2.143113585188985,
        54.02063436806202,
        152.39999999999998
      ],
      [
        -2.1431075502187014,
        54.020670829340816,
        152.39999999999998
      ],
      [
        -2.143099755048752,
        54.020680636167526,
        152.39999999999998
      ],
      [
        -2.1430925466120243,
        54.020690359175205,
        152.20000000000005
      ],
      [
        -2.1430679038167,
        54.020784152671695,
        152.79999999999995
      ],
      [
        -2.1430338732898235,
        54.02088213711977,
        153.20000000000005
      ],
      [
        -2.143009230494499,
        54.02094131335616,
        153.20000000000005
      ],
      [
        -2.1429843362420797,
        54.02097408659756,
        153.20000000000005
      ],
      [
        -2.1429145988076925,
        54.021106604486704,
        153
      ],
      [
        -2.142862966284156,
        54.02117433026433,
        152.60000000000002
      ],
      [
        -2.1428509801626205,
        54.02129150927067,
        152.79999999999995
      ],
      [
        -2.1428098250180483,
        54.021376334130764,
        153.20000000000005
      ],
      [
        -2.142786020413041,
        54.02145286090672,
        153.60000000000002
      ],
      [
        -2.142799263820052,
        54.02156283147633,
        153.20000000000005
      ],
      [
        -2.1427971683442593,
        54.02161748148501,
        153.20000000000005
      ],
      [
        -2.1428021136671305,
        54.02164983563125,
        153.20000000000005
      ],
      [
        -2.142800185829401,
        54.021764835342765,
        153.20000000000005
      ],
      [
        -2.1428036224097013,
        54.02187203988433,
        153.39999999999998
      ],
      [
        -2.142808148637414,
        54.02198041789234,
        153.60000000000002
      ],
      [
        -2.142832288518548,
        54.02202308177948,
        153.60000000000002
      ],
      [
        -2.142855506390333,
        54.02202274650335,
        153.39999999999998
      ],
      [
        -2.142923651263118,
        54.02203490026295,
        153.39999999999998
      ],
      [
        -2.1430047880858183,
        54.02206742204726,
        153.39999999999998
      ],
      [
        -2.143122050911188,
        54.0221119299531,
        153.60000000000002
      ],
      [
        -2.143247863277793,
        54.02218284085393,
        153.39999999999998
      ],
      [
        -2.1433448418974876,
        54.022248052060604,
        153.39999999999998
      ],
      [
        -2.1434573270380497,
        54.02231778949499,
        153.39999999999998
      ],
      [
        -2.1435569040477276,
        54.02237478643656,
        153.39999999999998
      ],
      [
        -2.1437045093625784,
        54.02244242839515,
        153.39999999999998
      ],
      [
        -2.1438382007181644,
        54.02249297127128,
        153.39999999999998
      ],
      [
        -2.1439842972904444,
        54.022560780867934,
        153.39999999999998
      ],
      [
        -2.144121089950204,
        54.022627249360085,
        153.39999999999998
      ],
      [
        -2.1442219242453575,
        54.02267787605524,
        153.20000000000005
      ],
      [
        -2.1443529333919287,
        54.02273152023554,
        153.20000000000005
      ],
      [
        -2.1444882173091173,
        54.02279312722385,
        153.20000000000005
      ],
      [
        -2.1446094196289778,
        54.022859428077936,
        153.39999999999998
      ],
      [
        -2.1447175461798906,
        54.02291634120047,
        153.20000000000005
      ],
      [
        -2.1447851043194532,
        54.02296671643853,
        153
      ],
      [
        -2.1448006108403206,
        54.022973673418164,
        153
      ],
      [
        -2.1448983438313007,
        54.023035699501634,
        153.20000000000005
      ],
      [
        -2.145003452897072,
        54.02311029843986,
        153.20000000000005
      ],
      [
        -2.1451010182499886,
        54.02317265979946,
        153.20000000000005
      ],
      [
        -2.1451148483902216,
        54.0231807064265,
        153.20000000000005
      ],
      [
        -2.1452138386666775,
        54.02324675582349,
        153.20000000000005
      ],
      [
        -2.1452974900603294,
        54.023300567641854,
        153.20000000000005
      ],
      [
        -2.145378040149808,
        54.023356810212135,
        153.20000000000005
      ],
      [
        -2.1454211231321096,
        54.02339310385287,
        153.39999999999998
      ],
      [
        -2.1455067861825228,
        54.02345479466021,
        153.39999999999998
      ],
      [
        -2.1455092169344425,
        54.02346535585821,
        153.39999999999998
      ],
      [
        -2.145492620766163,
        54.023505337536335,
        153.39999999999998
      ],
      [
        -2.14549052529037,
        54.02349586598575,
        153.20000000000005
      ],
      [
        -2.1454933751374483,
        54.02349008247256,
        153.39999999999998
      ],
      [
        -2.145491698756814,
        54.02347859926522,
        153.20000000000005
      ],
      [
        -2.145491698756814,
        54.02347859926522,
        153.39999999999998
      ],
      [
        -2.145491698756814,
        54.02347859926522,
        153.39999999999998
      ],
      [
        -2.145491698756814,
        54.02347859926522,
        153
      ],
      [
        -2.14549052529037,
        54.02347373776138,
        153
      ],
      [
        -2.145486753433943,
        54.02347390539944,
        153.20000000000005
      ],
      [
        -2.1454947162419558,
        54.02347097173333,
        153.20000000000005
      ],
      [
        -2.1455041877925396,
        54.02348798699677,
        153.20000000000005
      ],
      [
        -2.145511480048299,
        54.023498967289925,
        153.39999999999998
      ],
      [
        -2.1455251425504684,
        54.02351774275303,
        153.39999999999998
      ],
      [
        -2.1455121506005526,
        54.02350801974535,
        153.60000000000002
      ],
      [
        -2.1455375477671623,
        54.02351967059076,
        153.60000000000002
      ],
      [
        -2.145507540553808,
        54.023520005866885,
        152.79999999999995
      ],
      [
        -2.145507540553808,
        54.023520005866885,
        152.79999999999995
      ],
      [
        -2.145507540553808,
        54.023520005866885,
        152.60000000000002
      ],
      [
        -2.145507540553808,
        54.023520005866885,
        152.60000000000002
      ],
      [
        -2.145507540553808,
        54.023520005866885,
        152.60000000000002
      ],
      [
        -2.145513826981187,
        54.023522939532995,
        152.60000000000002
      ],
      [
        -2.1455121506005526,
        54.02351698838174,
        152.60000000000002
      ],
      [
        -2.1455015055835247,
        54.02351933531463,
        152.79999999999995
      ],
      [
        -2.1454922016710043,
        54.02356174774468,
        153
      ],
      [
        -2.1455295011401176,
        54.02363651432097,
        153.20000000000005
      ],
      [
        -2.1455645374953747,
        54.02368990704417,
        153.20000000000005
      ],
      [
        -2.145595382899046,
        54.02374304831028,
        153.20000000000005
      ],
      [
        -2.145620360970497,
        54.02384337969124,
        153.39999999999998
      ],
      [
        -2.145608374848962,
        54.02394253760576,
        153.39999999999998
      ],
      [
        -2.1455916110426188,
        54.024024261161685,
        153.79999999999995
      ],
      [
        -2.1456143260002136,
        54.02412995696068,
        153.79999999999995
      ],
      [
        -2.1456814650446177,
        54.02419986203313,
        153.79999999999995
      ],
      [
        -2.145783808082342,
        54.02427186258137,
        153.79999999999995
      ],
      [
        -2.145793028175831,
        54.0242774784565,
        153.79999999999995
      ],
      [
        -2.145789507776499,
        54.024281837046146,
        153.79999999999995
      ],
      [
        -2.1457951236516237,
        54.02428208850324,
        153.79999999999995
      ],
      [
        -2.145793028175831,
        54.0242774784565,
        153.39999999999998
      ],
      [
        -2.145793028175831,
        54.0242774784565,
        153.39999999999998
      ],
      [
        -2.145793028175831,
        54.0242774784565,
        153.39999999999998
      ],
      [
        -2.145793028175831,
        54.0242774784565,
        153.20000000000005
      ],
      [
        -2.145793028175831,
        54.0242774784565,
        153.79999999999995
      ],
      [
        -2.145793028175831,
        54.0242774784565,
        154.20000000000005
      ],
      [
        -2.145786238834262,
        54.02427169494331,
        154.20000000000005
      ],
      [
        -2.1457854844629765,
        54.02427756227553,
        154.60000000000002
      ],
      [
        -2.1457892563194036,
        54.02427672408521,
        155
      ],
      [
        -2.1458140667527914,
        54.02428158558905,
        154.79999999999995
      ],
      [
        -2.145881038159132,
        54.02429725974798,
        154
      ],
      [
        -2.145955301821232,
        54.02434210292995,
        154
      ],
      [
        -2.1459955349564552,
        54.02436758391559,
        153.79999999999995
      ],
      [
        -2.1461194194853306,
        54.024451822042465,
        154
      ],
      [
        -2.146233329549432,
        54.024530025199056,
        154
      ],
      [
        -2.1463417913764715,
        54.02461753226817,
        154
      ],
      [
        -2.146368781104684,
        54.02463966049254,
        154
      ],
      [
        -2.146464418619871,
        54.024721467867494,
        154.39999999999998
      ],
      [
        -2.1465579606592655,
        54.02479497715831,
        154.39999999999998
      ],
      [
        -2.1466699428856373,
        54.02489371597767,
        154.39999999999998
      ],
      [
        -2.1467544324696064,
        54.02498080395162,
        154.39999999999998
      ],
      [
        -2.1468707732856274,
        54.025083566084504,
        154.60000000000002
      ],
      [
        -2.1469785645604134,
        54.025165708735585,
        154.60000000000002
      ],
      [
        -2.1470501460134983,
        54.02527132071555,
        154.60000000000002
      ],
      [
        -2.1471006888896227,
        54.02535354718566,
        154.60000000000002
      ],
      [
        -2.14717042632401,
        54.0254395455122,
        155
      ],
      [
        -2.1472153533250093,
        54.02550031431019,
        155.20000000000005
      ],
      [
        -2.1472211368381977,
        54.02552210725844,
        155.20000000000005
      ],
      [
        -2.147277547046542,
        54.02562922798097,
        155.39999999999998
      ],
      [
        -2.1473554987460375,
        54.02572989463806,
        155.60000000000002
      ],
      [
        -2.147420961409807,
        54.025837602093816,
        155.79999999999995
      ],
      [
        -2.147455159574747,
        54.02593541890383,
        156
      ],
      [
        -2.1474782936275005,
        54.02601135894656,
        155.79999999999995
      ],
      [
        -2.14748851954937,
        54.02610842138529,
        156.20000000000005
      ],
      [
        -2.147490195930004,
        54.026121497154236,
        156.20000000000005
      ],
      [
        -2.147491704672575,
        54.02622124180198,
        156.39999999999998
      ],
      [
        -2.1474589314311743,
        54.02632333338261,
        156.39999999999998
      ],
      [
        -2.1474445145577192,
        54.02640933170915,
        156.39999999999998
      ],
      [
        -2.147432528436184,
        54.026488456875086,
        156.60000000000002
      ],
      [
        -2.1474081370979548,
        54.02656833641231,
        157
      ],
      [
        -2.1473970729857683,
        54.02664000168443,
        157.20000000000005
      ],
      [
        -2.1473632100969553,
        54.026709739118814,
        157.20000000000005
      ],
      [
        -2.147358013316989,
        54.026723988354206,
        157.20000000000005
      ],
      [
        -2.1473290119320154,
        54.02675391174853,
        157.60000000000002
      ],
      [
        -2.147318199276924,
        54.02678760699928,
        158
      ],
      [
        -2.147312080487609,
        54.02682817541063,
        158.39999999999998
      ],
      [
        -2.147311996668577,
        54.02686254121363,
        158.39999999999998
      ],
      [
        -2.147324401885271,
        54.02694275602698,
        158.60000000000002
      ],
      [
        -2.147299088537693,
        54.02702875435352,
        158.79999999999995
      ],
      [
        -2.147298166528344,
        54.0271196141839,
        158.79999999999995
      ],
      [
        -2.147312667220831,
        54.027233608067036,
        158.79999999999995
      ],
      [
        -2.147343596443534,
        54.027326395735145,
        158.60000000000002
      ],
      [
        -2.1473708376288414,
        54.02741842903197,
        158.60000000000002
      ],
      [
        -2.147390367463231,
        54.02749084867537,
        158.60000000000002
      ],
      [
        -2.1474111545830965,
        54.02755723334849,
        158.60000000000002
      ],
      [
        -2.1474497113376856,
        54.02766544371843,
        158.60000000000002
      ],
      [
        -2.147481143474579,
        54.027721686288714,
        158.79999999999995
      ],
      [
        -2.147501427680254,
        54.02780441567302,
        158.79999999999995
      ],
      [
        -2.1475389786064625,
        54.02790122665465,
        159.20000000000005
      ],
      [
        -2.1475523058325052,
        54.027946991845965,
        159.39999999999998
      ],
      [
        -2.147568315267563,
        54.02799275703728,
        159.60000000000002
      ],
      [
        -2.147605447098613,
        54.02807481586933,
        159.60000000000002
      ],
      [
        -2.14764392003417,
        54.02818067930639,
        159.79999999999995
      ],
      [
        -2.147676357999444,
        54.02827757410705,
        160
      ],
      [
        -2.147703766822815,
        54.028351083397865,
        160.20000000000005
      ],
      [
        -2.1477447543293238,
        54.02842844836414,
        160.39999999999998
      ],
      [
        -2.1477828081697226,
        54.028523080050945,
        160.39999999999998
      ],
      [
        -2.1478323452174664,
        54.02862852439284,
        160.39999999999998
      ],
      [
        -2.147841565310955,
        54.02866951189935,
        160.39999999999998
      ],
      [
        -2.1478408109396696,
        54.02874595485628,
        160.60000000000002
      ],
      [
        -2.147826813161373,
        54.02880756184459,
        160.79999999999995
      ],
      [
        -2.1478260587900877,
        54.02879700064659,
        161.60000000000002
      ],
      [
        -2.1478281542658806,
        54.02880563400686,
        161.79999999999995
      ],
      [
        -2.1478167548775673,
        54.02880244888365,
        161.79999999999995
      ],
      [
        -2.1478246338665485,
        54.028809824958444,
        162.39999999999998
      ],
      [
        -2.1478208620101213,
        54.0288223978132,
        162.60000000000002
      ],
      [
        -2.1478258073329926,
        54.02886631898582,
        162.60000000000002
      ],
      [
        -2.147849863395095,
        54.02890990488231,
        162.39999999999998
      ],
      [
        -2.147949021309614,
        54.02892951853573,
        162
      ],
      [
        -2.14798204600811,
        54.02893329039216,
        161.79999999999995
      ],
      [
        -2.1481038350611925,
        54.02895474806428,
        161.20000000000005
      ],
      [
        -2.148141050711274,
        54.028972098603845,
        161.39999999999998
      ],
      [
        -2.148143481463194,
        54.02899330481887,
        161.60000000000002
      ],
      [
        -2.148132584989071,
        54.02902557514608,
        161.79999999999995
      ],
      [
        -2.1481447387486696,
        54.02903580106795,
        161.79999999999995
      ],
      [
        -2.148144654929638,
        54.02905063703656,
        161.79999999999995
      ],
      [
        -2.1481516119092703,
        54.02906899340451,
        161.79999999999995
      ],
      [
        -2.148170555010438,
        54.02910662814975,
        161.79999999999995
      ],
      [
        -2.1482159849256277,
        54.0291559137404,
        161.79999999999995
      ],
      [
        -2.1482611633837223,
        54.0292111504823,
        161.79999999999995
      ],
      [
        -2.14831774123013,
        54.02930452488363,
        161.79999999999995
      ],
      [
        -2.148336600512266,
        54.02941223233938,
        162
      ],
      [
        -2.1483542025089264,
        54.02953276410699,
        162.20000000000005
      ],
      [
        -2.148374067619443,
        54.029641142115,
        162.20000000000005
      ],
      [
        -2.1484056673943996,
        54.029764188453555,
        162.20000000000005
      ],
      [
        -2.148394351825118,
        54.02983040548861,
        162.39999999999998
      ],
      [
        -2.148385802283883,
        54.02992168441415,
        162.60000000000002
      ],
      [
        -2.1483795158565044,
        54.03000776655972,
        163
      ],
      [
        -2.1483659371733665,
        54.03010214678943,
        163.39999999999998
      ],
      [
        -2.148357890546322,
        54.03012896887958,
        163.60000000000002
      ],
      [
        -2.14831480756402,
        54.03017967939377,
        163.79999999999995
      ],
      [
        -2.1483169868588448,
        54.03018906712532,
        163.60000000000002
      ],
      [
        -2.1483290567994118,
        54.03022318147123,
        163.79999999999995
      ],
      [
        -2.1482826210558414,
        54.030276238918304,
        163.20000000000005
      ],
      [
        -2.148263342678547,
        54.03028612956405,
        163.20000000000005
      ],
      [
        -2.1482549607753754,
        54.03029476292431,
        163.20000000000005
      ],
      [
        -2.1482504345476627,
        54.03031018562615,
        163.60000000000002
      ],
      [
        -2.1482221875339746,
        54.03036240488291,
        164.60000000000002
      ],
      [
        -2.148218248039484,
        54.03037330135703,
        164.79999999999995
      ],
      [
        -2.1481946110725403,
        54.03042929247022,
        165.20000000000005
      ],
      [
        -2.148189162835479,
        54.03050707653165,
        165.60000000000002
      ],
      [
        -2.1481642685830593,
        54.030569437891245,
        165.60000000000002
      ],
      [
        -2.148160580545664,
        54.03059030883014,
        165.60000000000002
      ],
      [
        -2.1481765899807215,
        54.03067069128156,
        165.60000000000002
      ],
      [
        -2.1481872349977493,
        54.03069416061044,
        165.79999999999995
      ],
      [
        -2.1482083573937416,
        54.03073322027922,
        165.79999999999995
      ],
      [
        -2.148272478953004,
        54.030797174200416,
        165.79999999999995
      ],
      [
        -2.1483340859413147,
        54.03086808510125,
        165.79999999999995
      ],
      [
        -2.148414384573698,
        54.03092483058572,
        165.79999999999995
      ],
      [
        -2.1484157256782055,
        54.03093379922211,
        165.79999999999995
      ],
      [
        -2.148483954370022,
        54.03099087998271,
        166.20000000000005
      ],
      [
        -2.148514296859503,
        54.03102993965149,
        166.60000000000002
      ],
      [
        -2.148536089807749,
        54.0310553368181,
        166.79999999999995
      ],
      [
        -2.1485458966344595,
        54.0310672391206,
        166.79999999999995
      ],
      [
        -2.148604905232787,
        54.0311346296221,
        166.60000000000002
      ],
      [
        -2.1486637461930513,
        54.031245689839125,
        166.39999999999998
      ],
      [
        -2.148719821125269,
        54.031326826661825,
        166.60000000000002
      ],
      [
        -2.14876432903111,
        54.03140771202743,
        166.79999999999995
      ],
      [
        -2.1488233376294374,
        54.0315128210932,
        167
      ],
      [
        -2.1488683484494686,
        54.03160762041807,
        167.20000000000005
      ],
      [
        -2.148886453360319,
        54.031701665371656,
        167.39999999999998
      ],
      [
        -2.148945042863488,
        54.03180727735162,
        167.39999999999998
      ],
      [
        -2.1490035485476255,
        54.03189620934427,
        167.39999999999998
      ],
      [
        -2.1490336395800114,
        54.031986482441425,
        167.39999999999998
      ],
      [
        -2.1490363217890263,
        54.03207742609084,
        167.39999999999998
      ],
      [
        -2.149043194949627,
        54.0321433916688,
        167.39999999999998
      ],
      [
        -2.1490892954170704,
        54.03224581852555,
        167.20000000000005
      ],
      [
        -2.1491154469549656,
        54.03229124844074,
        167.20000000000005
      ],
      [
        -2.14911175891757,
        54.03230776078999,
        167.39999999999998
      ],
      [
        -2.1491538360714912,
        54.03233164921403,
        167.20000000000005
      ],
      [
        -2.1491799876093864,
        54.03239568695426,
        167.39999999999998
      ],
      [
        -2.149230781942606,
        54.032442290335894,
        167.79999999999995
      ],
      [
        -2.149235475808382,
        54.03245151042938,
        167.79999999999995
      ],
      [
        -2.1493077278137207,
        54.03252996504307,
        168
      ],
      [
        -2.14937562122941,
        54.03257539495826,
        168.20000000000005
      ],
      [
        -2.149481065571308,
        54.032614370808005,
        168
      ],
      [
        -2.1495352126657963,
        54.03269190341234,
        167.60000000000002
      ],
      [
        -2.149643925949931,
        54.032778069376945,
        166.79999999999995
      ],
      [
        -2.1496636234223843,
        54.03280598111451,
        166.79999999999995
      ],
      [
        -2.14967904612422,
        54.0328511595726,
        166.79999999999995
      ],
      [
        -2.149680135771632,
        54.032870940864086,
        166.79999999999995
      ],
      [
        -2.149686338379979,
        54.0328736230731,
        166.79999999999995
      ],
      [
        -2.1497469395399094,
        54.0329100843519,
        166.39999999999998
      ],
      [
        -2.149778204038739,
        54.03292525559664,
        166.39999999999998
      ],
      [
        -2.149798320606351,
        54.0329238306731,
        166.39999999999998
      ],
      [
        -2.1498191077262163,
        54.03294679708779,
        166.39999999999998
      ],
      [
        -2.1499189361929893,
        54.032978396862745,
        166.60000000000002
      ],
      [
        -2.1500549744814634,
        54.03303095139563,
        166.79999999999995
      ],
      [
        -2.1501574851572514,
        54.03307822532952,
        166.79999999999995
      ],
      [
        -2.1502163261175156,
        54.03310529887676,
        167
      ],
      [
        -2.150279274210334,
        54.033168414607644,
        167.20000000000005
      ],
      [
        -2.150339875370264,
        54.033242762088776,
        167.39999999999998
      ],
      [
        -2.1504581440240145,
        54.033319959416986,
        167.20000000000005
      ],
      [
        -2.1505422983318567,
        54.03339154087007,
        167.20000000000005
      ],
      [
        -2.1506324876099825,
        54.033461697399616,
        167
      ],
      [
        -2.150728963315487,
        54.03352690860629,
        166.79999999999995
      ],
      [
        -2.1508280374109745,
        54.03359639458358,
        166.60000000000002
      ],
      [
        -2.150935912504792,
        54.03362866491079,
        166.39999999999998
      ],
      [
        -2.1510483138263226,
        54.0336905233562,
        166.20000000000005
      ],
      [
        -2.1510644908994436,
        54.033706448972225,
        166.20000000000005
      ],
      [
        -2.1510651614516973,
        54.03369722887874,
        166.20000000000005
      ],
      [
        -2.15110145509243,
        54.033694211393595,
        166
      ],
      [
        -2.1510971803218126,
        54.033695133402944,
        166.20000000000005
      ],
      [
        -2.1510977670550346,
        54.033695217221975,
        166
      ],
      [
        -2.1510977670550346,
        54.033695217221975,
        166
      ],
      [
        -2.1511289477348328,
        54.033700581640005,
        165.60000000000002
      ],
      [
        -2.1511289477348328,
        54.033700581640005,
        165.39999999999998
      ],
      [
        -2.1511289477348328,
        54.033700581640005,
        165
      ],
      [
        -2.1510943304747343,
        54.03370326384902,
        165
      ],
      [
        -2.1510949172079563,
        54.033702593296766,
        165
      ],
      [
        -2.1510943304747343,
        54.03370326384902,
        165
      ],
      [
        -2.1510943304747343,
        54.03370326384902,
        165
      ],
      [
        -2.1510943304747343,
        54.03370326384902,
        165
      ],
      [
        -2.1510943304747343,
        54.03370326384902,
        165
      ],
      [
        -2.1510943304747343,
        54.03370326384902,
        164.79999999999995
      ],
      [
        -2.1510943304747343,
        54.03370326384902,
        164.79999999999995
      ],
      [
        -2.1510943304747343,
        54.03370326384902,
        164.79999999999995
      ],
      [
        -2.1510943304747343,
        54.03370326384902,
        164.79999999999995
      ],
      [
        -2.1510943304747343,
        54.03370326384902,
        164.79999999999995
      ],
      [
        -2.1510943304747343,
        54.03370326384902,
        164.79999999999995
      ],
      [
        -2.1510943304747343,
        54.03370326384902,
        164.60000000000002
      ],
      [
        -2.1510943304747343,
        54.03370326384902,
        164.60000000000002
      ],
      [
        -2.1510943304747343,
        54.03370326384902,
        164.60000000000002
      ],
      [
        -2.1510943304747343,
        54.03370326384902,
        164.60000000000002
      ],
      [
        -2.1510943304747343,
        54.03370326384902,
        164.60000000000002
      ],
      [
        -2.1510943304747343,
        54.03370326384902,
        164.60000000000002
      ],
      [
        -2.1510943304747343,
        54.03370326384902,
        164.60000000000002
      ],
      [
        -2.1510943304747343,
        54.03370326384902,
        164.79999999999995
      ],
      [
        -2.1511098369956017,
        54.03369731269777,
        164.79999999999995
      ],
      [
        -2.15110975317657,
        54.033697647973895,
        164.79999999999995
      ],
      [
        -2.1510943304747343,
        54.03370326384902,
        164.60000000000002
      ],
      [
        -2.151094079017639,
        54.03370703570545,
        165.39999999999998
      ],
      [
        -2.1510943304747343,
        54.03370326384902,
        165.39999999999998
      ],
      [
        -2.1510943304747343,
        54.03370326384902,
        165.20000000000005
      ],
      [
        -2.1511016227304935,
        54.03369295410812,
        165.60000000000002
      ],
      [
        -2.1511034667491913,
        54.033693205565214,
        165.39999999999998
      ],
      [
        -2.1511037182062864,
        54.03369303792715,
        165.39999999999998
      ],
      [
        -2.1511230804026127,
        54.0336958039552,
        165.20000000000005
      ],
      [
        -2.1511988528072834,
        54.03368859551847,
        165.39999999999998
      ],
      [
        -2.151256101205945,
        54.033727403730154,
        165
      ],
      [
        -2.151282001286745,
        54.03380577452481,
        165
      ],
      [
        -2.1512866113334894,
        54.03382589109242,
        165
      ],
      [
        -2.1513148583471775,
        54.03390208259225,
        165.20000000000005
      ],
      [
        -2.1513463743031025,
        54.034002078697085,
        165.39999999999998
      ],
      [
        -2.151382500305772,
        54.034111043438315,
        165.39999999999998
      ],
      [
        -2.1514165308326483,
        54.03420517221093,
        165.39999999999998
      ],
      [
        -2.1514409221708775,
        54.03430776670575,
        165.60000000000002
      ],
      [
        -2.151446957141161,
        54.03435059823096,
        165.60000000000002
      ],
      [
        -2.151458188891411,
        54.03437356464565,
        165.60000000000002
      ],
      [
        -2.151461625471711,
        54.03441019356251,
        165.60000000000002
      ],
      [
        -2.1514774672687054,
        54.034493425861,
        165.60000000000002
      ],
      [
        -2.151471097022295,
        54.03456509113312,
        165.79999999999995
      ],
      [
        -2.151465564966202,
        54.03466978110373,
        166
      ],
      [
        -2.151463469490409,
        54.03476592153311,
        166
      ],
      [
        -2.1514889504760504,
        54.03486239723861,
        166
      ],
      [
        -2.15153974480927,
        54.03497043997049,
        165.79999999999995
      ],
      [
        -2.151576289907098,
        54.03508267365396,
        166
      ],
      [
        -2.1516140922904015,
        54.03515685349703,
        166.20000000000005
      ],
      [
        -2.151619540527463,
        54.035192811861634,
        166.20000000000005
      ],
      [
        -2.1516541577875614,
        54.0353068895638,
        166.60000000000002
      ],
      [
        -2.151696737855673,
        54.03541359119117,
        166.39999999999998
      ],
      [
        -2.151741161942482,
        54.03550419956446,
        166.20000000000005
      ],
      [
        -2.1517823170870543,
        54.03558986261487,
        166.20000000000005
      ],
      [
        -2.151833698153496,
        54.035677537322044,
        166.39999999999998
      ],
      [
        -2.1518823970109224,
        54.035737719386816,
        166.60000000000002
      ],
      [
        -2.151887509971857,
        54.03575054369867,
        166.60000000000002
      ],
      [
        -2.1519447583705187,
        54.03584450483322,
        166.60000000000002
      ],
      [
        -2.1520060300827026,
        54.03594600968063,
        166.60000000000002
      ],
      [
        -2.152071325108409,
        54.03603267855942,
        166.60000000000002
      ],
      [
        -2.1521197725087404,
        54.036115827038884,
        166.79999999999995
      ],
      [
        -2.1521818824112415,
        54.036200903356075,
        166.79999999999995
      ],
      [
        -2.152248853817582,
        54.03630282729864,
        167
      ],
      [
        -2.152275089174509,
        54.0364050026983,
        167
      ],
      [
        -2.1522861532866955,
        54.036517990753055,
        167
      ],
      [
        -2.1522890869528055,
        54.036600636318326,
        167.20000000000005
      ],
      [
        -2.1522537991404533,
        54.03669183142483,
        167.39999999999998
      ],
      [
        -2.1522484347224236,
        54.03674153611064,
        167.39999999999998
      ],
      [
        -2.152247177436948,
        54.03674061410129,
        167.39999999999998
      ],
      [
        -2.152238544076681,
        54.03674849309027,
        167.39999999999998
      ],
      [
        -2.1522222831845284,
        54.036819487810135,
        167.39999999999998
      ],
      [
        -2.1522001549601555,
        54.03686659410596,
        167.39999999999998
      ],
      [
        -2.1521907672286034,
        54.03687296435237,
        167.60000000000002
      ],
      [
        -2.152177859097719,
        54.03696013614535,
        167.60000000000002
      ],
      [
        -2.1521857380867004,
        54.036984108388424,
        167.60000000000002
      ],
      [
        -2.152184061706066,
        54.037042278796434,
        167.79999999999995
      ],
      [
        -2.152178529649973,
        54.0370715316385,
        167.79999999999995
      ],
      [
        -2.152167549356818,
        54.03708988800645,
        167.79999999999995
      ],
      [
        -2.152184145525098,
        54.037142023444176,
        167.79999999999995
      ],
      [
        -2.152197975665331,
        54.03717504814267,
        167.79999999999995
      ],
      [
        -2.1522054355591536,
        54.037194410339,
        167.79999999999995
      ],
      [
        -2.15225069783628,
        54.03723858296871,
        167.79999999999995
      ],
      [
        -2.1522699762135744,
        54.037300776690245,
        167.79999999999995
      ],
      [
        -2.152283303439617,
        54.03731192462146,
        167.79999999999995
      ],
      [
        -2.152322866022587,
        54.037335980683565,
        167.79999999999995
      ],
      [
        -2.152320183813572,
        54.03734444640577,
        167.79999999999995
      ],
      [
        -2.152331918478012,
        54.03738224878907,
        167.79999999999995
      ],
      [
        -2.1523365285247564,
        54.037401946261525,
        167.79999999999995
      ],
      [
        -2.1523897536098957,
        54.037436563521624,
        167.79999999999995
      ],
      [
        -2.152396459132433,
        54.03747260570526,
        167.79999999999995
      ],
      [
        -2.1523869037628174,
        54.037495236843824,
        167.79999999999995
      ],
      [
        -2.152349939569831,
        54.0375345479697,
        168
      ],
      [
        -2.152335187420249,
        54.03754678554833,
        168
      ],
      [
        -2.1523202676326036,
        54.03759070672095,
        167.79999999999995
      ],
      [
        -2.152294870465994,
        54.03762976638973,
        167.79999999999995
      ],
      [
        -2.1522932779043913,
        54.03763957321644,
        168
      ],
      [
        -2.1522911824285984,
        54.03764594346285,
        168
      ],
      [
        -2.1523091197013855,
        54.03765885159373,
        168
      ],
      [
        -2.1523147355765104,
        54.03765818104148,
        168
      ],
      [
        -2.1522595826536417,
        54.03770176693797,
        168
      ],
      [
        -2.1521786972880363,
        54.03778340667486,
        168.20000000000005
      ],
      [
        -2.1521285735070705,
        54.03784392401576,
        168.20000000000005
      ],
      [
        -2.152068894356489,
        54.03793277218938,
        168.39999999999998
      ],
      [
        -2.152031594887376,
        54.03801835142076,
        168.20000000000005
      ],
      [
        -2.1520082093775272,
        54.038085574284196,
        168.20000000000005
      ],
      [
        -2.1519831474870443,
        54.03812983073294,
        168
      ],
      [
        -2.151975268498063,
        54.038140224292874,
        168
      ],
      [
        -2.15194433927536,
        54.03823904693127,
        168.20000000000005
      ],
      [
        -2.1518803853541613,
        54.03829193674028,
        168.20000000000005
      ],
      [
        -2.151868650689721,
        54.03835706412792,
        168.20000000000005
      ],
      [
        -2.1518643759191036,
        54.03843744657934,
        168.20000000000005
      ],
      [
        -2.151903100311756,
        54.03849922120571,
        168.20000000000005
      ],
      [
        -2.1518702432513237,
        54.038596618920565,
        168.39999999999998
      ],
      [
        -2.1518232207745314,
        54.03870834968984,
        168.39999999999998
      ],
      [
        -2.1517725102603436,
        54.038795521482825,
        168.60000000000002
      ],
      [
        -2.1517406590282917,
        54.03886894695461,
        168.60000000000002
      ],
      [
        -2.1517407428473234,
        54.03890146873891,
        168.79999999999995
      ],
      [
        -2.1517590153962374,
        54.03896818868816,
        168.79999999999995
      ],
      [
        -2.151795895770192,
        54.03904697857797,
        169
      ],
      [
        -2.1517904475331306,
        54.03907539322972,
        169.20000000000005
      ],
      [
        -2.151790112257004,
        54.03908109292388,
        169.20000000000005
      ],
      [
        -2.151791285723448,
        54.039081344380975,
        169.20000000000005
      ],
      [
        -2.1517904475331306,
        54.03907539322972,
        169.20000000000005
      ],
      [
        -2.151729930192232,
        54.039115123450756,
        169.39999999999998
      ],
      [
        -2.15173177421093,
        54.03912417590618,
        169.39999999999998
      ],
      [
        -2.1517510525882244,
        54.039127277210355,
        169.20000000000005
      ],
      [
        -2.15176354162395,
        54.039126858115196,
        169
      ],
      [
        -2.151755578815937,
        54.03912610374391,
        169.20000000000005
      ],
      [
        -2.1517911180853844,
        54.03914865106344,
        169.20000000000005
      ],
      [
        -2.151851300150156,
        54.039175640791655,
        169.20000000000005
      ],
      [
        -2.1518841572105885,
        54.039224088191986,
        169.20000000000005
      ],
      [
        -2.1519310120493174,
        54.039284186437726,
        169
      ],
      [
        -2.151979124173522,
        54.03934537433088,
        169.20000000000005
      ],
      [
        -2.151965629309416,
        54.0393927320838,
        169.20000000000005
      ],
      [
        -2.1519710775464773,
        54.03944964520633,
        169.20000000000005
      ],
      [
        -2.1519827283918858,
        54.0394564345479,
        169.20000000000005
      ],
      [
        -2.152031008154154,
        54.039523992687464,
        169.20000000000005
      ],
      [
        -2.1521118097007275,
        54.03959113173187,
        169.20000000000005
      ],
      [
        -2.1521206945180893,
        54.0396118350327,
        169.20000000000005
      ],
      [
        -2.152118431404233,
        54.03964603319764,
        169.20000000000005
      ],
      [
        -2.1521733328700066,
        54.03973731212318,
        169.39999999999998
      ],
      [
        -2.1522171702235937,
        54.039800260216,
        169.60000000000002
      ],
      [
        -2.152238041162491,
        54.039888605475426,
        169.60000000000002
      ],
      [
        -2.1522255521267653,
        54.03997024521232,
        169.60000000000002
      ],
      [
        -2.152216834947467,
        54.04000360518694,
        169.79999999999995
      ],
      [
        -2.152206525206566,
        54.040038641542196,
        169.79999999999995
      ],
      [
        -2.152154054492712,
        54.04012715443969,
        170
      ],
      [
        -2.1521144919097424,
        54.04018406756222,
        170
      ],
      [
        -2.152085490524769,
        54.04022304341197,
        170.20000000000005
      ],
      [
        -2.152024721726775,
        54.040291691198945,
        170.20000000000005
      ],
      [
        -2.1519762743264437,
        54.04035941697657,
        170.39999999999998
      ],
      [
        -2.15194383636117,
        54.0404374524951,
        170.60000000000002
      ],
      [
        -2.1518964786082506,
        54.04050626792014,
        170.79999999999995
      ],
      [
        -2.151894886046648,
        54.04051473364234,
        170.79999999999995
      ],
      [
        -2.15187544003129,
        54.04059385880828,
        171
      ],
      [
        -2.151825651526451,
        54.040671894326806,
        171
      ],
      [
        -2.151816263794899,
        54.040738362818956,
        171.20000000000005
      ],
      [
        -2.151822717860341,
        54.04080893844366,
        171.39999999999998
      ],
      [
        -2.1518228854984045,
        54.04086492955685,
        171.79999999999995
      ],
      [
        -2.1518270764499903,
        54.040878089144826,
        171.79999999999995
      ],
      [
        -2.1518367156386375,
        54.04095654375851,
        172.20000000000005
      ],
      [
        -2.1518555749207735,
        54.04100934974849,
        172.60000000000002
      ],
      [
        -2.1518862526863813,
        54.04100968502462,
        172.60000000000002
      ],
      [
        -2.1518806368112564,
        54.0410088468343,
        172.60000000000002
      ],
      [
        -2.1518786251544952,
        54.041008930653334,
        172.60000000000002
      ],
      [
        -2.151878708973527,
        54.04101102612913,
        172.79999999999995
      ],
      [
        -2.1518644597381353,
        54.0410194080323,
        172.79999999999995
      ],
      [
        -2.1518594305962324,
        54.04104547575116,
        172.79999999999995
      ],
      [
        -2.151868734508753,
        54.041091995313764,
        173
      ],
      [
        -2.1518823131918907,
        54.041163409128785,
        173
      ],
      [
        -2.1518874261528254,
        54.04124773107469,
        173.20000000000005
      ],
      [
        -2.1518895216286182,
        54.041317300871015,
        173.20000000000005
      ],
      [
        -2.1519300062209368,
        54.04137019068003,
        173.20000000000005
      ],
      [
        -2.151952553540468,
        54.0414042212069,
        173.20000000000005
      ],
      [
        -2.152006449177861,
        54.04150329530239,
        173
      ],
      [
        -2.152065960690379,
        54.041567919775844,
        172.79999999999995
      ],
      [
        -2.1521097980439663,
        54.04164545238018,
        172.79999999999995
      ],
      [
        -2.1521263103932142,
        54.041713681072,
        172.79999999999995
      ],
      [
        -2.1521797869354486,
        54.04181250371039,
        173.20000000000005
      ],
      [
        -2.152181211858988,
        54.04186187312007,
        173.39999999999998
      ],
      [
        -2.152217086404562,
        54.04192800633609,
        173.60000000000002
      ],
      [
        -2.152258576825261,
        54.04198148287833,
        173.60000000000002
      ],
      [
        -2.152313394472003,
        54.04204602353275,
        173.79999999999995
      ],
      [
        -2.152319932356477,
        54.042056165635586,
        173.79999999999995
      ],
      [
        -2.152407104149461,
        54.042146522551775,
        173.79999999999995
      ],
      [
        -2.1524917613714933,
        54.04220410622656,
        173.60000000000002
      ],
      [
        -2.1525532845407724,
        54.04229236766696,
        173.60000000000002
      ],
      [
        -2.1526390314102173,
        54.04238238930702,
        174
      ],
      [
        -2.1526954416185617,
        54.042464112862945,
        174.20000000000005
      ],
      [
        -2.1527662687003613,
        54.04256938956678,
        174
      ],
      [
        -2.152796695008874,
        54.0426495205611,
        174
      ],
      [
        -2.152796695008874,
        54.0426495205611,
        174.20000000000005
      ],
      [
        -2.152796695008874,
        54.0426495205611,
        174.20000000000005
      ],
      [
        -2.152796695008874,
        54.0426495205611,
        174
      ],
      [
        -2.1527961920946836,
        54.0426479279995,
        174.20000000000005
      ],
      [
        -2.152796695008874,
        54.0426476765424,
        174.20000000000005
      ],
      [
        -2.1527967788279057,
        54.04264759272337,
        174.20000000000005
      ],
      [
        -2.152796946465969,
        54.04264750890434,
        174.20000000000005
      ],
      [
        -2.152797030285001,
        54.04264750890434,
        174.20000000000005
      ],
      [
        -2.152797868475318,
        54.04264063574374,
        174.20000000000005
      ],
      [
        -2.1528236009180546,
        54.04269847087562,
        174.20000000000005
      ],
      [
        -2.1528689470142126,
        54.04274867847562,
        174.39999999999998
      ],
      [
        -2.152894511818886,
        54.04278497211635,
        174.20000000000005
      ],
      [
        -2.1529235132038593,
        54.04280785471201,
        174.20000000000005
      ],
      [
        -2.1529665123671293,
        54.04284515418112,
        174.39999999999998
      ],
      [
        -2.1530810091644526,
        54.04292813502252,
        174.20000000000005
      ],
      [
        -2.15313415043056,
        54.043013378977776,
        174.20000000000005
      ],
      [
        -2.1531996969133615,
        54.04308730736375,
        174.39999999999998
      ],
      [
        -2.1532218251377344,
        54.04319333843887,
        174.60000000000002
      ],
      [
        -2.1532458811998367,
        54.04323943890631,
        174.79999999999995
      ],
      [
        -2.153250155970454,
        54.043249916285276,
        174.79999999999995
      ],
      [
        -2.1532815881073475,
        54.04331345111132,
        175
      ],
      [
        -2.1533473022282124,
        54.04339609667659,
        175.20000000000005
      ],
      [
        -2.153408993035555,
        54.04348963871598,
        175.39999999999998
      ],
      [
        -2.1534480527043343,
        54.043565494939685,
        175.39999999999998
      ],
      [
        -2.153483172878623,
        54.04366984963417,
        175.60000000000002
      ],
      [
        -2.153557101264596,
        54.04373589903116,
        175.39999999999998
      ],
      [
        -2.153603620827198,
        54.04380848631263,
        175.20000000000005
      ],
      [
        -2.15361007489264,
        54.04389255680144,
        175.20000000000005
      ],
      [
        -2.1536493860185146,
        54.04398903250694,
        175.60000000000002
      ],
      [
        -2.153673693537712,
        54.04401862062514,
        175.60000000000002
      ],
      [
        -2.1536948159337044,
        54.04405617155135,
        175.60000000000002
      ],
      [
        -2.1537165250629187,
        54.04414686374366,
        175.60000000000002
      ],
      [
        -2.153760278597474,
        54.044210063293576,
        175.39999999999998
      ],
      [
        -2.1538029424846172,
        54.04429438523948,
        175.60000000000002
      ],
      [
        -2.1538198739290237,
        54.04436512850225,
        175.79999999999995
      ],
      [
        -2.153841583058238,
        54.04441365972161,
        175.79999999999995
      ],
      [
        -2.153854575008154,
        54.04443494975567,
        175.79999999999995
      ],
      [
        -2.1538679022341967,
        54.044500244781375,
        176
      ],
      [
        -2.1539194509387016,
        54.044584315270185,
        176.20000000000005
      ],
      [
        -2.1539440099149942,
        54.04465774074197,
        176.20000000000005
      ],
      [
        -2.15397703461349,
        54.04474130831659,
        176.20000000000005
      ],
      [
        -2.154023302718997,
        54.044819343835115,
        176.20000000000005
      ],
      [
        -2.154091279953718,
        54.044923447072506,
        176.20000000000005
      ],
      [
        -2.154122795909643,
        54.045017743483186,
        176
      ],
      [
        -2.1541413199156523,
        54.045103657990694,
        176.20000000000005
      ],
      [
        -2.1541694831103086,
        54.04518001712859,
        176.20000000000005
      ],
      [
        -2.1541984006762505,
        54.04525050893426,
        176.39999999999998
      ],
      [
        -2.1542193554341793,
        54.04533348977566,
        176.39999999999998
      ],
      [
        -2.1542325150221586,
        54.04537850059569,
        176.60000000000002
      ],
      [
        -2.1542419027537107,
        54.045441364869475,
        176.60000000000002
      ],
      [
        -2.1542602591216564,
        54.045543456450105,
        176.79999999999995
      ],
      [
        -2.154265036806464,
        54.04561000876129,
        176.79999999999995
      ],
      [
        -2.1542797051370144,
        54.0456732083112,
        176.79999999999995
      ],
      [
        -2.154293619096279,
        54.04573330655694,
        176.79999999999995
      ],
      [
        -2.1542973071336746,
        54.0457458794117,
        176.79999999999995
      ],
      [
        -2.154318345710635,
        54.045752082020044,
        176.79999999999995
      ],
      [
        -2.15435522608459,
        54.04579189606011,
        177
      ],
      [
        -2.154375175014138,
        54.04587361961603,
        177.20000000000005
      ],
      [
        -2.1543829701840878,
        54.04593673534691,
        177.20000000000005
      ],
      [
        -2.154409121721983,
        54.04601586051285,
        177.60000000000002
      ],
      [
        -2.1544269751757383,
        54.04608165845275,
        178
      ],
      [
        -2.1544321719557047,
        54.046092890203,
        178
      ],
      [
        -2.154449773952365,
        54.04616463929415,
        178.20000000000005
      ],
      [
        -2.1544543839991093,
        54.046181067824364,
        178.20000000000005
      ],
      [
        -2.154438542202115,
        54.046253906562924,
        178.39999999999998
      ],
      [
        -2.1544430684298277,
        54.04626530595124,
        178.79999999999995
      ],
      [
        -2.154459748417139,
        54.04626530595124,
        179
      ],
      [
        -2.154454719275236,
        54.0462638810277,
        179.79999999999995
      ],
      [
        -2.154453629627824,
        54.04626354575157,
        180.20000000000005
      ],
      [
        -2.154443571344018,
        54.046268155798316,
        180.60000000000002
      ],
      [
        -2.1544168330729008,
        54.046322805806994,
        180.20000000000005
      ],
      [
        -2.1543706487864256,
        54.04641299508512,
        180.39999999999998
      ],
      [
        -2.1543135680258274,
        54.04646806418896,
        180.60000000000002
      ],
      [
        -2.154254224151373,
        54.046519696712494,
        180.79999999999995
      ],
      [
        -2.154205944389105,
        54.04655179940164,
        181
      ],
      [
        -2.1541940420866013,
        54.046557918190956,
        181.20000000000005
      ],
      [
        -2.154139894992113,
        54.0465953014791,
        181.60000000000002
      ],
      [
        -2.1541124023497105,
        54.04662027955055,
        181.79999999999995
      ],
      [
        -2.154080970212817,
        54.04664743691683,
        182.20000000000005
      ],
      [
        -2.154069487005472,
        54.04665715992451,
        182.39999999999998
      ],
      [
        -2.154018944129348,
        54.046700075268745,
        182.79999999999995
      ],
      [
        -2.1539542358368635,
        54.04673117212951,
        183.39999999999998
      ],
      [
        -2.1539315208792686,
        54.04674273915589,
        183.79999999999995
      ],
      [
        -2.1538622863590717,
        54.04677056707442,
        184.39999999999998
      ],
      [
        -2.1538420859724283,
        54.04677710495889,
        184.60000000000002
      ],
      [
        -2.1537419222295284,
        54.046812392771244,
        185.39999999999998
      ],
      [
        -2.153714345768094,
        54.046826139092445,
        185.79999999999995
      ],
      [
        -2.1536648087203503,
        54.04684726148844,
        186.39999999999998
      ],
      [
        -2.153565399348736,
        54.04688590206206,
        187
      ],
      [
        -2.153525333851576,
        54.0468905121088,
        187.39999999999998
      ],
      [
        -2.1534509863704443,
        54.04691289179027,
        188
      ],
      [
        -2.153401281684637,
        54.04692068696022,
        188.39999999999998
      ],
      [
        -2.153355097398162,
        54.04692898504436,
        189
      ],
      [
        -2.1533069852739573,
        54.046939043328166,
        189.60000000000002
      ],
      [
        -2.1532568614929914,
        54.04695245437324,
        190.20000000000005
      ],
      [
        -2.1532404329627752,
        54.046959076076746,
        190.39999999999998
      ],
      [
        -2.1531654987484217,
        54.046992687508464,
        191.39999999999998
      ],
      [
        -2.1530750580132008,
        54.04702135361731,
        192.39999999999998
      ],
      [
        -2.1530566178262234,
        54.04702629894018,
        192.39999999999998
      ],
      [
        -2.1529809292405844,
        54.04706041328609,
        193.60000000000002
      ],
      [
        -2.1529127843677998,
        54.0470979642123,
        194.60000000000002
      ],
      [
        -2.1529007144272327,
        54.04710450209677,
        194.79999999999995
      ],
      [
        -2.1528210025280714,
        54.04712822288275,
        195.60000000000002
      ],
      [
        -2.1528121177107096,
        54.04713434167206,
        195.79999999999995
      ],
      [
        -2.1527667716145515,
        54.04717180877924,
        196.79999999999995
      ],
      [
        -2.1527547016739845,
        54.04718077741563,
        197
      ],
      [
        -2.152709774672985,
        54.047219417989254,
        197.79999999999995
      ],
      [
        -2.152653280645609,
        54.0472602378577,
        198.79999999999995
      ],
      [
        -2.1526457369327545,
        54.0472652669996,
        198.79999999999995
      ],
      [
        -2.1525694616138935,
        54.04730684123933,
        200
      ],
      [
        -2.1525567211210728,
        54.047315726056695,
        200.20000000000005
      ],
      [
        -2.1524739917367697,
        54.04735981486738,
        201
      ],
      [
        -2.1524625923484564,
        54.047365011647344,
        201.20000000000005
      ],
      [
        -2.1523932740092278,
        54.04740038327873,
        202
      ],
      [
        -2.1523159090429544,
        54.04744220897555,
        203.20000000000005
      ],
      [
        -2.152247680351138,
        54.04747724533081,
        204.20000000000005
      ],
      [
        -2.1521810442209244,
        54.04751387424767,
        205.20000000000005
      ],
      [
        -2.1521031763404608,
        54.04755821451545,
        206.20000000000005
      ],
      [
        -2.1520072873681784,
        54.04758713208139,
        207.20000000000005
      ],
      [
        -2.1519883442670107,
        54.047589898109436,
        207.39999999999998
      ],
      [
        -2.151918690651655,
        54.047613786533475,
        208.20000000000005
      ],
      [
        -2.1519108954817057,
        54.04761613346636,
        208.39999999999998
      ],
      [
        -2.1518667228519917,
        54.04762962833047,
        209.20000000000005
      ],
      [
        -2.1518397331237793,
        54.04764086008072,
        209.60000000000002
      ],
      [
        -2.1517932135611773,
        54.04767028056085,
        210.20000000000005
      ],
      [
        -2.1517627872526646,
        54.047689558938146,
        210.60000000000002
      ],
      [
        -2.1517198719084263,
        54.047712022438645,
        211
      ],
      [
        -2.1516920439898968,
        54.04773524031043,
        211.79999999999995
      ],
      [
        -2.151675783097744,
        54.047750663012266,
        211.79999999999995
      ],
      [
        -2.151678465306759,
        54.047787291929126,
        212.60000000000002
      ],
      [
        -2.151678465306759,
        54.047787291929126,
        212.60000000000002
      ],
      [
        -2.151678465306759,
        54.047787291929126,
        212.60000000000002
      ],
      [
        -2.151678465306759,
        54.047787291929126,
        212.60000000000002
      ],
      [
        -2.151678465306759,
        54.047787291929126,
        212.60000000000002
      ],
      [
        -2.151672262698412,
        54.047798523679376,
        212.39999999999998
      ],
      [
        -2.1516723465174437,
        54.04779869131744,
        212.39999999999998
      ],
      [
        -2.1516721788793802,
        54.04779877513647,
        212.39999999999998
      ],
      [
        -2.151671927422285,
        54.04779827222228,
        212.39999999999998
      ],
      [
        -2.1516588516533375,
        54.04781092889607,
        212.20000000000005
      ],
      [
        -2.151638735085726,
        54.047833224758506,
        212.39999999999998
      ],
      [
        -2.1516322810202837,
        54.04786868020892,
        212.79999999999995
      ],
      [
        -2.151637142524123,
        54.04788879677653,
        212.79999999999995
      ],
      [
        -2.1516349632292986,
        54.04796356335282,
        213
      ],
      [
        -2.1516406629234552,
        54.048000359907746,
        213
      ],
      [
        -2.1516549959778786,
        54.04805718921125,
        213
      ],
      [
        -2.1516574267297983,
        54.04811527580023,
        213.39999999999998
      ],
      [
        -2.1516529005020857,
        54.048173278570175,
        213.60000000000002
      ],
      [
        -2.151653654873371,
        54.048193730413914,
        213.79999999999995
      ],
      [
        -2.151648625731468,
        54.04825936071575,
        214
      ],
      [
        -2.1516423393040895,
        54.0483395755291,
        214.60000000000002
      ],
      [
        -2.151653068140149,
        54.04839187860489,
        214.79999999999995
      ],
      [
        -2.1516650542616844,
        54.04841350391507,
        215
      ],
      [
        -2.1516650542616844,
        54.048429764807224,
        215.20000000000005
      ],
      [
        -2.151670167222619,
        54.0484431758523,
        215.20000000000005
      ],
      [
        -2.151673100888729,
        54.04846848919988,
        215.60000000000002
      ],
      [
        -2.1516815666109324,
        54.04849707148969,
        215.79999999999995
      ],
      [
        -2.1516839135438204,
        54.04850721359253,
        216
      ],
      [
        -2.151678716763854,
        54.04854208230972,
        216.20000000000005
      ],
      [
        -2.1516835782676935,
        54.04858885332942,
        216.79999999999995
      ],
      [
        -2.1516762021929026,
        54.04860335402191,
        217
      ],
      [
        -2.1516270004212856,
        54.04865280725062,
        217.60000000000002
      ],
      [
        -2.151579223573208,
        54.04866999015212,
        218
      ],
      [
        -2.15155734680593,
        54.048677030950785,
        218.20000000000005
      ],
      [
        -2.1515534911304712,
        54.048685329034925,
        218.39999999999998
      ],
      [
        -2.151580061763525,
        54.04868038371205,
        218.79999999999995
      ],
      [
        -2.1515946462750435,
        54.048678539693356,
        219.20000000000005
      ],
      [
        -2.1515802294015884,
        54.04867921024561,
        219.39999999999998
      ],
      [
        -2.151558520272374,
        54.04868993908167,
        219.20000000000005
      ],
      [
        -2.1515560895204544,
        54.04868708923459,
        219.20000000000005
      ],
      [
        -2.1515548322349787,
        54.04867728240788,
        219.79999999999995
      ],
      [
        -2.1515384037047625,
        54.048702931031585,
        220.20000000000005
      ],
      [
        -2.1515316143631935,
        54.04871307313442,
        220.20000000000005
      ],
      [
        -2.1515430975705385,
        54.048779709264636,
        220.60000000000002
      ],
      [
        -2.151550892740488,
        54.04884651303291,
        221.20000000000005
      ],
      [
        -2.1515549160540104,
        54.04885330237448,
        221.20000000000005
      ],
      [
        -2.151546534150839,
        54.048885656520724,
        221.60000000000002
      ],
      [
        -2.1515213884413242,
        54.04889521189034,
        221.60000000000002
      ],
      [
        -2.1514942310750484,
        54.04892253689468,
        222
      ],
      [
        -2.1514986734837294,
        54.04892697930336,
        222
      ],
      [
        -2.1515031158924103,
        54.04893980361521,
        222.39999999999998
      ],
      [
        -2.1515060495585203,
        54.048976097255945,
        222.79999999999995
      ],
      [
        -2.1515182871371508,
        54.04901649802923,
        223.39999999999998
      ],
      [
        -2.15151677839458,
        54.049056647345424,
        223.79999999999995
      ],
      [
        -2.1515463665127754,
        54.049119260162115,
        224
      ],
      [
        -2.1515686623752117,
        54.04916703701019,
        224.39999999999998
      ],
      [
        -2.151598585769534,
        54.04921757988632,
        225
      ],
      [
        -2.1516155172139406,
        54.049222022295,
        225
      ],
      [
        -2.1515958197414875,
        54.049216071143746,
        225
      ],
      [
        -2.151586851105094,
        54.04921179637313,
        225
      ],
      [
        -2.1515702549368143,
        54.04920257627964,
        225.20000000000005
      ],
      [
        -2.1516102366149426,
        54.04925772920251,
        225.20000000000005
      ],
      [
        -2.151621300727129,
        54.04926552437246,
        225.20000000000005
      ],
      [
        -2.1516382321715355,
        54.04928606003523,
        225.39999999999998
      ],
      [
        -2.151665221899748,
        54.049343978986144,
        225.79999999999995
      ],
      [
        -2.1516980789601803,
        54.04937960207462,
        226.39999999999998
      ],
      [
        -2.151715513318777,
        54.049399215728045,
        226.39999999999998
      ],
      [
        -2.1517277508974075,
        54.04940868727863,
        226.60000000000002
      ],
      [
        -2.151838894933462,
        54.049476496875286,
        226.79999999999995
      ],
      [
        -2.1518649626523256,
        54.0494826156646,
        226.60000000000002
      ],
      [
        -2.1519059501588345,
        54.04951086267829,
        226.39999999999998
      ],
      [
        -2.1520090475678444,
        54.04958571307361,
        226.39999999999998
      ],
      [
        -2.1520773600786924,
        54.049648912623525,
        226.60000000000002
      ],
      [
        -2.1521247178316116,
        54.04972015880048,
        226.60000000000002
      ],
      [
        -2.152172662317753,
        54.04980515129864,
        226.20000000000005
      ],
      [
        -2.1522201877087355,
        54.0498626511544,
        225.79999999999995
      ],
      [
        -2.1522431541234255,
        54.04987723566592,
        225.79999999999995
      ],
      [
        -2.152313394472003,
        54.0499749686569,
        225.79999999999995
      ],
      [
        -2.1523829642683268,
        54.0500489808619,
        225.79999999999995
      ],
      [
        -2.152466783300042,
        54.05013917014003,
        225.60000000000002
      ],
      [
        -2.152498634532094,
        54.05023438856006,
        225.79999999999995
      ],
      [
        -2.1525573916733265,
        54.05030429363251,
        225.79999999999995
      ],
      [
        -2.1525947749614716,
        54.0503962431103,
        226
      ],
      [
        -2.1526310686022043,
        54.05047159641981,
        225.79999999999995
      ],
      [
        -2.152660572901368,
        54.05053404159844,
        225.60000000000002
      ],
      [
        -2.15267825871706,
        54.0505862608552,
        225.39999999999998
      ],
      [
        -2.1526819467544556,
        54.05060017481446,
        225.39999999999998
      ],
      [
        -2.1527101937681437,
        54.05069966800511,
        225.20000000000005
      ],
      [
        -2.1527461521327496,
        54.050789438188076,
        224.60000000000002
      ],
      [
        -2.15274372138083,
        54.05081366188824,
        224.39999999999998
      ],
      [
        -2.152753695845604,
        54.05084735713899,
        224
      ],
      [
        -2.152764592319727,
        54.050883734598756,
        223.60000000000002
      ],
      [
        -2.152776075527072,
        54.050912568345666,
        223.20000000000005
      ],
      [
        -2.1527900733053684,
        54.05097593553364,
        222.20000000000005
      ],
      [
        -2.152790827676654,
        54.050983395427465,
        222
      ],
      [
        -2.1527977846562862,
        54.05099730938673,
        221.60000000000002
      ],
      [
        -2.152819326147437,
        54.05103301629424,
        221
      ],
      [
        -2.152832569554448,
        54.05105011537671,
        220.79999999999995
      ],
      [
        -2.1528233494609594,
        54.05105631798506,
        220.39999999999998
      ],
      [
        -2.152803484350443,
        54.05106914229691,
        220
      ],
      [
        -2.152760149911046,
        54.051099736243486,
        219.60000000000002
      ],
      [
        -2.1526466589421034,
        54.05117701739073,
        218.79999999999995
      ],
      [
        -2.152537191286683,
        54.051250191405416,
        218.20000000000005
      ],
      [
        -2.1524729020893574,
        54.051301488652825,
        217.79999999999995
      ],
      [
        -2.1524417214095592,
        54.051319090649486,
        217.39999999999998
      ],
      [
        -2.152314316481352,
        54.05138036236167,
        216.60000000000002
      ],
      [
        -2.152217421680689,
        54.05142344534397,
        216.39999999999998
      ],
      [
        -2.152145504951477,
        54.05146921053529,
        216
      ],
      [
        -2.152069229632616,
        54.05151472426951,
        215.60000000000002
      ],
      [
        -2.1520207822322845,
        54.051545234397054,
        215.60000000000002
      ],
      [
        -2.1520002465695143,
        54.051556969061494,
        215.60000000000002
      ],
      [
        -2.1520002465695143,
        54.051556969061494,
        215.39999999999998
      ],
      [
        -2.1520002465695143,
        54.051556969061494,
        215.60000000000002
      ],
      [
        -2.151994127780199,
        54.05156308785081,
        215.60000000000002
      ],
      [
        -2.1519942115992308,
        54.05156166292727,
        215.60000000000002
      ],
      [
        -2.1519906911998987,
        54.05156945809722,
        215.60000000000002
      ],
      [
        -2.1518947184085846,
        54.05163332819939,
        215.79999999999995
      ],
      [
        -2.151813330128789,
        54.051689906045794,
        215.79999999999995
      ],
      [
        -2.1517554111778736,
        54.05175310559571,
        215.39999999999998
      ],
      [
        -2.151688188314438,
        54.05180943198502,
        214.79999999999995
      ],
      [
        -2.151662288233638,
        54.051840445026755,
        214.60000000000002
      ],
      [
        -2.1516134217381477,
        54.05189383774996,
        214.39999999999998
      ],
      [
        -2.151560029014945,
        54.05197246000171,
        214.39999999999998
      ],
      [
        -2.151471432298422,
        54.052030043676496,
        213.79999999999995
      ],
      [
        -2.1513973362743855,
        54.052078826352954,
        213.60000000000002
      ],
      [
        -2.1513736993074417,
        54.05210497789085,
        213.39999999999998
      ],
      [
        -2.1513266768306494,
        54.052173709496856,
        213
      ],
      [
        -2.151269931346178,
        54.052228946238756,
        212.39999999999998
      ],
      [
        -2.1512349788099527,
        54.05226088128984,
        212
      ],
      [
        -2.1511728689074516,
        54.052320308983326,
        211.39999999999998
      ],
      [
        -2.151167169213295,
        54.05233229510486,
        211.39999999999998
      ],
      [
        -2.151122745126486,
        54.05238979496062,
        210.60000000000002
      ],
      [
        -2.1511093340814114,
        54.05241544358432,
        210.39999999999998
      ],
      [
        -2.1510845236480236,
        54.05245668254793,
        210
      ],
      [
        -2.1509974356740713,
        54.0525583550334,
        209.20000000000005
      ],
      [
        -2.1509758941829205,
        54.05265709385276,
        208.60000000000002
      ],
      [
        -2.1509602200239897,
        54.05266346409917,
        208.39999999999998
      ],
      [
        -2.1509567834436893,
        54.05267637223005,
        208.20000000000005
      ],
      [
        -2.1509626507759094,
        54.052677880972624,
        208.20000000000005
      ],
      [
        -2.1509561967104673,
        54.0526772942394,
        208
      ],
      [
        -2.150932727381587,
        54.05269078910351,
        208
      ],
      [
        -2.1509037259966135,
        54.05271325260401,
        207.79999999999995
      ],
      [
        -2.1508377604186535,
        54.05275457538664,
        207.79999999999995
      ],
      [
        -2.1508292108774185,
        54.052759101614356,
        207.60000000000002
      ],
      [
        -2.1508292108774185,
        54.052759101614356,
        207.39999999999998
      ],
      [
        -2.1508292108774185,
        54.052759101614356,
        207.39999999999998
      ],
      [
        -2.1508298814296722,
        54.052756587043405,
        207.39999999999998
      ],
      [
        -2.1508310548961163,
        54.0527584310621,
        207.20000000000005
      ],
      [
        -2.1508146263659,
        54.05277041718364,
        207.20000000000005
      ],
      [
        -2.150769280269742,
        54.052814254537225,
        207.20000000000005
      ],
      [
        -2.150697950273752,
        54.052884075790644,
        206.79999999999995
      ],
      [
        -2.1506045758724213,
        54.05297032557428,
        206.60000000000002
      ],
      [
        -2.1505202539265156,
        54.05305774882436,
        206.39999999999998
      ],
      [
        -2.150444397702813,
        54.05312321148813,
        206.60000000000002
      ],
      [
        -2.1503232792019844,
        54.05319906771183,
        206.39999999999998
      ],
      [
        -2.1503006480634212,
        54.053209125995636,
        206.20000000000005
      ],
      [
        -2.15026100166142,
        54.053228152915835,
        205.79999999999995
      ],
      [
        -2.150167878717184,
        54.053242318332195,
        205.79999999999995
      ],
      [
        -2.1500099636614323,
        54.05326444655657,
        205.79999999999995
      ],
      [
        -2.149924384430051,
        54.05326662585139,
        205.79999999999995
      ],
      [
        -2.149827405810356,
        54.053277019411325,
        205.20000000000005
      ],
      [
        -2.1497127413749695,
        54.05329830944538,
        205
      ],
      [
        -2.149666976183653,
        54.05330937355757,
        205
      ],
      [
        -2.149619534611702,
        54.053321527317166,
        205
      ],
      [
        -2.1495260763913393,
        54.05333393253386,
        204.79999999999995
      ],
      [
        -2.149491123855114,
        54.05336427502334,
        204.60000000000002
      ],
      [
        -2.1494669001549482,
        54.05341104604304,
        204.79999999999995
      ],
      [
        -2.149483747780323,
        54.05342420563102,
        204.39999999999998
      ],
      [
        -2.149483747780323,
        54.05342420563102,
        204.39999999999998
      ],
      [
        -2.149483747780323,
        54.05342420563102,
        204
      ],
      [
        -2.149483747780323,
        54.05342420563102,
        203.79999999999995
      ],
      [
        -2.149483747780323,
        54.05342420563102,
        203.79999999999995
      ],
      [
        -2.1494830772280693,
        54.05343200080097,
        203.79999999999995
      ],
      [
        -2.1494835801422596,
        54.05343116261065,
        204
      ],
      [
        -2.149483496323228,
        54.05343065969646,
        203.79999999999995
      ],
      [
        -2.149483412504196,
        54.053431916981936,
        203.79999999999995
      ],
      [
        -2.1494779642671347,
        54.05347089283168,
        203.79999999999995
      ],
      [
        -2.14941568672657,
        54.05352286063135,
        204.60000000000002
      ],
      [
        -2.149424236267805,
        54.053566697984934,
        205
      ],
      [
        -2.1494845021516085,
        54.05362118035555,
        204.79999999999995
      ],
      [
        -2.149553317576647,
        54.05367356725037,
        205
      ],
      [
        -2.149628922343254,
        54.053736347705126,
        204.79999999999995
      ],
      [
        -2.149684326723218,
        54.05381832271814,
        205
      ],
      [
        -2.1497309301048517,
        54.05391538515687,
        204.60000000000002
      ],
      [
        -2.149714082479477,
        54.0539966057986,
        204
      ],
      [
        -2.14971617795527,
        54.05402543954551,
        203.60000000000002
      ],
      [
        -2.149685751646757,
        54.0540225058794,
        203.39999999999998
      ],
      [
        -2.14967954903841,
        54.0540261939168,
        203.20000000000005
      ],
      [
        -2.14967954903841,
        54.0540261939168,
        203.20000000000005
      ],
      [
        -2.14967954903841,
        54.0540261939168,
        203.20000000000005
      ],
      [
        -2.14967954903841,
        54.0540261939168,
        203
      ],
      [
        -2.1496612764894962,
        54.054029043763876,
        203
      ],
      [
        -2.149663371965289,
        54.054034911096096,
        203.20000000000005
      ],
      [
        -2.149663371965289,
        54.054034911096096,
        203
      ],
      [
        -2.1496632043272257,
        54.05403356999159,
        203
      ],
      [
        -2.149663371965289,
        54.054034911096096,
        203
      ],
      [
        -2.149663371965289,
        54.054034911096096,
        202.79999999999995
      ],
      [
        -2.1496712509542704,
        54.054041700437665,
        202.79999999999995
      ],
      [
        -2.14967074804008,
        54.0540417842567,
        202.79999999999995
      ],
      [
        -2.149667479097843,
        54.05403792858124,
        202.79999999999995
      ],
      [
        -2.1496526431292295,
        54.05406751669943,
        202.79999999999995
      ],
      [
        -2.149654319509864,
        54.05407715588808,
        202.60000000000002
      ],
      [
        -2.1496655512601137,
        54.05409920029342,
        202
      ],
      [
        -2.1496848296374083,
        54.05412065796554,
        201.39999999999998
      ],
      [
        -2.1497024316340685,
        54.05413951724768,
        201
      ],
      [
        -2.1496906969696283,
        54.054167261347175,
        200.39999999999998
      ],
      [
        -2.149708718061447,
        54.05418260022998,
        200
      ],
      [
        -2.149700252339244,
        54.05420514754951,
        199.60000000000002
      ],
      [
        -2.149712238460779,
        54.054246889427304,
        198.79999999999995
      ],
      [
        -2.149723721668124,
        54.05427061021328,
        198.39999999999998
      ],
      [
        -2.149737384170294,
        54.05427312478423,
        198.20000000000005
      ],
      [
        -2.1497600991278887,
        54.05428091995418,
        197.60000000000002
      ],
      [
        -2.149772923439741,
        54.05429298989475,
        197.39999999999998
      ],
      [
        -2.1498043555766344,
        54.054324673488736,
        196.60000000000002
      ],
      [
        -2.1498381346464157,
        54.05436700209975,
        196.20000000000005
      ],
      [
        -2.1498603466898203,
        54.05442207120359,
        195.60000000000002
      ],
      [
        -2.149858418852091,
        54.05443078838289,
        195.39999999999998
      ],
      [
        -2.1498552337288857,
        54.05447160825133,
        194.60000000000002
      ],
      [
        -2.1498597599565983,
        54.05451779253781,
        194
      ],
      [
        -2.1498664654791355,
        54.05454897321761,
        193.39999999999998
      ],
      [
        -2.149877864867449,
        54.05458535067737,
        192.60000000000002
      ],
      [
        -2.1498743444681168,
        54.05460303649306,
        192.20000000000005
      ],
      [
        -2.1498585026711226,
        54.05464201234281,
        191.39999999999998
      ],
      [
        -2.1498665492981672,
        54.05468073673546,
        191.20000000000005
      ],
      [
        -2.1498932875692844,
        54.05469071120024,
        190.79999999999995
      ],
      [
        -2.149903681129217,
        54.05470244586468,
        190.39999999999998
      ],
      [
        -2.14989110827446,
        54.054728262126446,
        190
      ],
      [
        -2.1498901024460793,
        54.05473823659122,
        190
      ],
      [
        -2.149931425228715,
        54.05480906367302,
        189.39999999999998
      ],
      [
        -2.149952044710517,
        54.05484929680824,
        189
      ],
      [
        -2.149952044710517,
        54.05484929680824,
        189
      ],
      [
        -2.1499271504580975,
        54.05486220493913,
        189
      ],
      [
        -2.1499203611165285,
        54.05487620271742,
        188.60000000000002
      ],
      [
        -2.1499265637248755,
        54.05489791184664,
        188.20000000000005
      ],
      [
        -2.1499265637248755,
        54.05489791184664,
        188.20000000000005
      ],
      [
        -2.1499210316687822,
        54.05489229597151,
        188.20000000000005
      ],
      [
        -2.1499216184020042,
        54.05489212833345,
        188.20000000000005
      ],
      [
        -2.1499282401055098,
        54.05490486882627,
        188.20000000000005
      ],
      [
        -2.1499786991626024,
        54.054986089468,
        188.20000000000005
      ],
      [
        -2.1499729994684458,
        54.05502372421324,
        188.20000000000005
      ],
      [
        -2.149959923699498,
        54.055047780275345,
        188
      ],
      [
        -2.1499538887292147,
        54.055059095844626,
        187.79999999999995
      ],
      [
        -2.1499422378838062,
        54.055128917098045,
        187.60000000000002
      ],
      [
        -2.1499251388013363,
        54.05520351603627,
        187
      ],
      [
        -2.1499287430197,
        54.0552175976336,
        186.79999999999995
      ],
      [
        -2.1499610133469105,
        54.05527509748936,
        186.39999999999998
      ],
      [
        -2.15001180768013,
        54.05533435754478,
        186.60000000000002
      ],
      [
        -2.1500237938016653,
        54.05533988960087,
        186.60000000000002
      ],
      [
        -2.1500738337635994,
        54.055423121899366,
        186.79999999999995
      ],
      [
        -2.1501290705055,
        54.05549068003893,
        186.39999999999998
      ],
      [
        -2.1501345187425613,
        54.0555233694613,
        186.39999999999998
      ],
      [
        -2.1501492708921432,
        54.05554482713342,
        186.39999999999998
      ],
      [
        -2.1501916833221912,
        54.05561204999685,
        186.60000000000002
      ],
      [
        -2.150245327502489,
        54.05569025315344,
        187
      ],
      [
        -2.1503164060413837,
        54.05577792786062,
        186.79999999999995
      ],
      [
        -2.1503376960754395,
        54.05585671775043,
        187
      ],
      [
        -2.150377929210663,
        54.05590206384659,
        186.79999999999995
      ],
      [
        -2.150411792099476,
        54.05593869276345,
        187
      ],
      [
        -2.150400895625353,
        54.05595201998949,
        187
      ],
      [
        -2.1503936871886253,
        54.055952187627554,
        187
      ],
      [
        -2.150391088798642,
        54.05595285817981,
        187
      ],
      [
        -2.1504028234630823,
        54.055973226204515,
        187
      ],
      [
        -2.150378180667758,
        54.05596945434809,
        187
      ],
      [
        -2.150377929210663,
        54.05601840466261,
        187
      ],
      [
        -2.150402572005987,
        54.05608822591603,
        187.20000000000005
      ],
      [
        -2.150409361347556,
        54.056098368018866,
        187.20000000000005
      ],
      [
        -2.150440374389291,
        54.05617196112871,
        187.39999999999998
      ],
      [
        -2.150468621402979,
        54.05627095140517,
        187.79999999999995
      ],
      [
        -2.1504814457148314,
        54.05632300302386,
        187.79999999999995
      ],
      [
        -2.150481529533863,
        54.05633448623121,
        187.79999999999995
      ],
      [
        -2.1504938509315252,
        54.056374970823526,
        187.79999999999995
      ],
      [
        -2.150525450706482,
        54.05642936937511,
        187.79999999999995
      ],
      [
        -2.1505344193428755,
        54.05644998885691,
        188
      ],
      [
        -2.1505633369088173,
        54.056517546996474,
        188.20000000000005
      ],
      [
        -2.1505951043218374,
        54.05663229525089,
        188.20000000000005
      ],
      [
        -2.1506445575505495,
        54.056720808148384,
        188.39999999999998
      ],
      [
        -2.1506831143051386,
        54.056788785383105,
        188.39999999999998
      ],
      [
        -2.1507270354777575,
        54.056888027116656,
        188.79999999999995
      ],
      [
        -2.150758132338524,
        54.05693496577442,
        189
      ],
      [
        -2.150767268612981,
        54.056955333799124,
        189.20000000000005
      ],
      [
        -2.1507823560386896,
        54.05701518058777,
        189.60000000000002
      ],
      [
        -2.150809932500124,
        54.05707980506122,
        190
      ],
      [
        -2.150819655507803,
        54.05710428021848,
        190.20000000000005
      ],
      [
        -2.150852009654045,
        54.05718415975571,
        190.60000000000002
      ],
      [
        -2.150881849229336,
        54.057247526943684,
        191
      ],
      [
        -2.1509028039872646,
        54.057327238842845,
        191.39999999999998
      ],
      [
        -2.150911772623658,
        54.05740418471396,
        191.60000000000002
      ],
      [
        -2.1509229205548763,
        54.05745707452297,
        192
      ],
      [
        -2.150927446782589,
        54.05745992437005,
        192.20000000000005
      ],
      [
        -2.1509613934904337,
        54.05747258104384,
        192.20000000000005
      ],
      [
        -2.150977151468396,
        54.05748046003282,
        192.60000000000002
      ],
      [
        -2.150976564735174,
        54.05747811309993,
        192.60000000000002
      ],
      [
        -2.151044122874737,
        54.057539300993085,
        192.60000000000002
      ],
      [
        -2.151090307161212,
        54.057614067569375,
        192.60000000000002
      ],
      [
        -2.151163062080741,
        54.057719679549336,
        192.79999999999995
      ],
      [
        -2.1512400917708874,
        54.05784289352596,
        192.79999999999995
      ],
      [
        -2.151283845305443,
        54.05791372060776,
        192.79999999999995
      ],
      [
        -2.1513333823531866,
        54.05799066647887,
        193
      ],
      [
        -2.1513814106583595,
        54.058077251538634,
        193
      ],
      [
        -2.151441592723131,
        54.05815880745649,
        193
      ],
      [
        -2.151496661826968,
        54.05826366506517,
        193
      ],
      [
        -2.151559442281723,
        54.058350920677185,
        193.20000000000005
      ],
      [
        -2.1516252402216196,
        54.05843725427985,
        193
      ],
      [
        -2.151717357337475,
        54.058532137423754,
        193
      ],
      [
        -2.151778545230627,
        54.05861436389387,
        193
      ],
      [
        -2.1518705785274506,
        54.058706145733595,
        192.79999999999995
      ],
      [
        -2.151987422257662,
        54.058824917301536,
        192.79999999999995
      ],
      [
        -2.1520637813955545,
        54.0589130949229,
        192.79999999999995
      ],
      [
        -2.1521679684519768,
        54.05900998972356,
        192.79999999999995
      ],
      [
        -2.15225363150239,
        54.05909590423107,
        192.79999999999995
      ],
      [
        -2.1523465029895306,
        54.05917645432055,
        192.79999999999995
      ],
      [
        -2.1524110436439514,
        54.059274941682816,
        193
      ],
      [
        -2.1524325013160706,
        54.05933571048081,
        193.20000000000005
      ],
      [
        -2.152435937896371,
        54.05935096554458,
        193.20000000000005
      ],
      [
        -2.152458820492029,
        54.05943939462304,
        193.20000000000005
      ],
      [
        -2.152483379468322,
        54.059519190341234,
        193.20000000000005
      ],
      [
        -2.1525191701948643,
        54.059610636904836,
        193.39999999999998
      ],
      [
        -2.15252629481256,
        54.059713650494814,
        193.60000000000002
      ],
      [
        -2.152538364753127,
        54.05980157665908,
        193.79999999999995
      ],
      [
        -2.1525589004158974,
        54.05990903265774,
        194
      ],
      [
        -2.152586141601205,
        54.05995102599263,
        193.79999999999995
      ],
      [
        -2.1525827888399363,
        54.05994021333754,
        193.79999999999995
      ],
      [
        -2.1525954455137253,
        54.059964437037706,
        194
      ],
      [
        -2.1526068449020386,
        54.06000131741166,
        194
      ],
      [
        -2.1526127122342587,
        54.060038197785616,
        194.20000000000005
      ],
      [
        -2.1526213455945253,
        54.060099720954895,
        194.20000000000005
      ],
      [
        -2.1526316553354263,
        54.06018395908177,
        194.20000000000005
      ],
      [
        -2.152670044451952,
        54.06029384583235,
        194.39999999999998
      ],
      [
        -2.152665266767144,
        54.06038235872984,
        194.39999999999998
      ],
      [
        -2.1526486705988646,
        54.060459388419986,
        194.39999999999998
      ],
      [
        -2.1526418812572956,
        54.06047380529344,
        194.60000000000002
      ],
      [
        -2.152590835466981,
        54.06059140339494,
        194.60000000000002
      ],
      [
        -2.152551356703043,
        54.0606935787946,
        194.39999999999998
      ],
      [
        -2.1524882409721613,
        54.06078116968274,
        194.60000000000002
      ],
      [
        -2.152450354769826,
        54.06084428541362,
        194.79999999999995
      ],
      [
        -2.152449181303382,
        54.06085442751646,
        194.79999999999995
      ],
      [
        -2.1524304896593094,
        54.060905892401934,
        195
      ],
      [
        -2.152402577921748,
        54.06096842139959,
        195
      ],
      [
        -2.1523835510015488,
        54.061078894883394,
        194.79999999999995
      ],
      [
        -2.152382880449295,
        54.06112893484533,
        195.20000000000005
      ],
      [
        -2.152384640648961,
        54.061171766370535,
        195.20000000000005
      ],
      [
        -2.1523839700967073,
        54.061242090538144,
        195.60000000000002
      ],
      [
        -2.1523775160312653,
        54.06135516241193,
        196
      ],
      [
        -2.1523833833634853,
        54.061394138261676,
        196.20000000000005
      ],
      [
        -2.1523308288306,
        54.06146580353379,
        196.60000000000002
      ],
      [
        -2.1522634383291006,
        54.061556831002235,
        196.79999999999995
      ],
      [
        -2.15221943333745,
        54.06162212602794,
        197.20000000000005
      ],
      [
        -2.152212979272008,
        54.06163335777819,
        197.20000000000005
      ],
      [
        -2.1521813794970512,
        54.06170510686934,
        198
      ],
      [
        -2.1521698124706745,
        54.061721032485366,
        198.20000000000005
      ],
      [
        -2.1521523781120777,
        54.06175187788904,
        198.60000000000002
      ],
      [
        -2.152120443060994,
        54.06182337552309,
        199.20000000000005
      ],
      [
        -2.1521035116165876,
        54.061848521232605,
        199.60000000000002
      ],
      [
        -2.15213879942894,
        54.06185891479254,
        199.60000000000002
      ],
      [
        -2.1521455887705088,
        54.061879785731435,
        199.60000000000002
      ],
      [
        -2.1521242149174213,
        54.06190283596516,
        199.60000000000002
      ],
      [
        -2.152085155248642,
        54.06192705966532,
        200.20000000000005
      ],
      [
        -2.1520761027932167,
        54.06194105744362,
        200.39999999999998
      ],
      [
        -2.1520758513361216,
        54.06195170246065,
        200.39999999999998
      ],
      [
        -2.152070738375187,
        54.062025882303715,
        200.60000000000002
      ],
      [
        -2.152074258774519,
        54.06203594058752,
        200.79999999999995
      ],
      [
        -2.1521221194416285,
        54.062087489292026,
        201.39999999999998
      ],
      [
        -2.1521398052573204,
        54.06210567802191,
        201.79999999999995
      ],
      [
        -2.1521698124706745,
        54.06214549206197,
        202.39999999999998
      ],
      [
        -2.152177859097719,
        54.06217239797115,
        202.79999999999995
      ],
      [
        -2.1522019151598215,
        54.06222989782691,
        203.60000000000002
      ],
      [
        -2.152220606803894,
        54.062271220609546,
        203.79999999999995
      ],
      [
        -2.1522025018930435,
        54.06233609654009,
        204.39999999999998
      ],
      [
        -2.1521910186856985,
        54.062340622767806,
        204.60000000000002
      ],
      [
        -2.15212756767869,
        54.062385549768806,
        205.20000000000005
      ],
      [
        -2.1521256398409605,
        54.062397284433246,
        205.39999999999998
      ],
      [
        -2.1521277353167534,
        54.06244330108166,
        205.60000000000002
      ],
      [
        -2.152132513001561,
        54.06245553866029,
        205.60000000000002
      ],
      [
        -2.152143493294716,
        54.062476409599185,
        206
      ]
    ]
  }
}
