{
  "type": "Feature",
  "properties": {
    "id": "strava-3900980400",
    "activity": "walking",
    "name": "Crinan",
    "date": "2020-08-11T10:38:38.000Z",
    "distanceKm": 3.22,
    "movingTimeSeconds": 3131,
    "elapsedTimeSeconds": 5320,
    "ascentM": 57,
    "descentM": 58,
    "providers": [
      "Strava"
    ]
  },
  "geometry": {
    "type": "LineString",
    "coordinates": [
      [
        -5.55686074309051,
        56.090966714546084,
        7.199999999999989
      ],
      [
        -5.556855462491512,
        56.09095296822488,
        7
      ],
      [
        -5.556853450834751,
        56.090947687625885,
        6.800000000000011
      ],
      [
        -5.556849846616387,
        56.09093813225627,
        6.600000000000023
      ],
      [
        -5.556846158578992,
        56.090928660705686,
        6.600000000000023
      ],
      [
        -5.556842554360628,
        56.09091902151704,
        6.399999999999977
      ],
      [
        -5.556838950142264,
        56.09090946614742,
        6.199999999999989
      ],
      [
        -5.556835345923901,
        56.090899826958776,
        6
      ],
      [
        -5.556831825524569,
        56.09089018777013,
        6
      ],
      [
        -5.556828388944268,
        56.09088046476245,
        5.800000000000011
      ],
      [
        -5.556825120002031,
        56.09087065793574,
        5.600000000000023
      ],
      [
        -5.556822018697858,
        56.09086059965193,
        5.399999999999977
      ],
      [
        -5.556819001212716,
        56.09085003845394,
        5.399999999999977
      ],
      [
        -5.556816319003701,
        56.09083930961788,
        5.199999999999989
      ],
      [
        -5.556814055889845,
        56.090828413143754,
        5
      ],
      [
        -5.556812128052115,
        56.090817265212536,
        4.800000000000011
      ],
      [
        -5.556810619309545,
        56.090805949643254,
        4.600000000000023
      ],
      [
        -5.556809613481164,
        56.09079438261688,
        4.399999999999977
      ],
      [
        -5.55680894292891,
        56.09078264795244,
        4.399999999999977
      ],
      [
        -5.556808691471815,
        56.09077057801187,
        4.199999999999989
      ],
      [
        -5.55680894292891,
        56.09075842425227,
        4
      ],
      [
        -5.556809529662132,
        56.090745935216546,
        3.8000000000000114
      ],
      [
        -5.556810535490513,
        56.09073327854276,
        3.6000000000000227
      ],
      [
        -5.55681187659502,
        56.090720454230905,
        3.3999999999999773
      ],
      [
        -5.556813552975655,
        56.09070746228099,
        3.3999999999999773
      ],
      [
        -5.556815564632416,
        56.09069421887398,
        3.1999999999999886
      ],
      [
        -5.55681774392724,
        56.09068097546697,
        3
      ],
      [
        -5.556820090860128,
        56.09066756442189,
        2.8000000000000114
      ],
      [
        -5.55682260543108,
        56.090654069557786,
        2.6000000000000227
      ],
      [
        -5.556825203821063,
        56.09064049087465,
        2.6000000000000227
      ],
      [
        -5.556827802211046,
        56.09062691219151,
        2.3999999999999773
      ],
      [
        -5.556830400601029,
        56.09061333350837,
        2.3999999999999773
      ],
      [
        -5.556832831352949,
        56.0905996710062,
        2.1999999999999886
      ],
      [
        -5.556835178285837,
        56.09058600850403,
        2.1999999999999886
      ],
      [
        -5.556837357580662,
        56.09057234600186,
        2
      ],
      [
        -5.556839369237423,
        56.090558683499694,
        2
      ],
      [
        -5.556841129437089,
        56.09054493717849,
        2
      ],
      [
        -5.55684263817966,
        56.09053119085729,
        2
      ],
      [
        -5.556843979284167,
        56.09051744453609,
        2
      ],
      [
        -5.55684506893158,
        56.09050378203392,
        2
      ],
      [
        -5.5568459909409285,
        56.09049003571272,
        2.1999999999999886
      ],
      [
        -5.5568465776741505,
        56.09047645702958,
        2.1999999999999886
      ],
      [
        -5.556846912950277,
        56.09046304598451,
        2.3999999999999773
      ],
      [
        -5.556846829131246,
        56.090449802577496,
        2.3999999999999773
      ],
      [
        -5.556846493855119,
        56.09043689444661,
        2.6000000000000227
      ],
      [
        -5.556845655664802,
        56.090424405410886,
        2.6000000000000227
      ],
      [
        -5.556844482198358,
        56.09041241928935,
        2.8000000000000114
      ],
      [
        -5.556842973455787,
        56.090400852262974,
        2.8000000000000114
      ],
      [
        -5.556841213256121,
        56.09038978815079,
        2.8000000000000114
      ],
      [
        -5.556839117780328,
        56.090379394590855,
        3
      ],
      [
        -5.556836938485503,
        56.09036950394511,
        3
      ],
      [
        -5.556834675371647,
        56.09036011621356,
        3
      ],
      [
        -5.556832412257791,
        56.0903512313962,
        3
      ],
      [
        -5.556830316781998,
        56.090342765673995,
        3
      ],
      [
        -5.556828556582332,
        56.09033463522792,
        3
      ],
      [
        -5.556827047839761,
        56.090326672419906,
        3
      ],
      [
        -5.5568259581923485,
        56.090318877249956,
        3
      ],
      [
        -5.5568253714591265,
        56.090310998260975,
        3
      ],
      [
        -5.556825287640095,
        56.090303119271994,
        3
      ],
      [
        -5.556825790554285,
        56.09029507264495,
        3
      ],
      [
        -5.556826796382666,
        56.090287026017904,
        3
      ],
      [
        -5.556828388944268,
        56.09027889557183,
        3
      ],
      [
        -5.556830484420061,
        56.09027084894478,
        3
      ],
      [
        -5.556833082810044,
        56.09026288613677,
        3.1999999999999886
      ],
      [
        -5.556836184114218,
        56.09025509096682,
        3.1999999999999886
      ],
      [
        -5.556839955970645,
        56.090247547253966,
        3.3999999999999773
      ],
      [
        -5.556844314560294,
        56.09024033881724,
        3.3999999999999773
      ],
      [
        -5.556849259883165,
        56.09023354947567,
        3.6000000000000227
      ],
      [
        -5.556854791939259,
        56.09022717922926,
        3.8000000000000114
      ],
      [
        -5.556860826909542,
        56.090221144258976,
        4
      ],
      [
        -5.556867280974984,
        56.090215696021914,
        4.199999999999989
      ],
      [
        -5.556874070316553,
        56.09021058306098,
        4.399999999999977
      ],
      [
        -5.5568810272961855,
        56.090205889195204,
        4.600000000000023
      ],
      [
        -5.556887984275818,
        56.090201614424586,
        4.800000000000011
      ],
      [
        -5.556894773617387,
        56.090197591111064,
        5
      ],
      [
        -5.556901227682829,
        56.09019381925464,
        5.199999999999989
      ],
      [
        -5.556907095015049,
        56.090190298855305,
        5.399999999999977
      ],
      [
        -5.55691204033792,
        56.090186862275004,
        5.600000000000023
      ],
      [
        -5.556915979832411,
        56.09018359333277,
        5.800000000000011
      ],
      [
        -5.556918578222394,
        56.09018032439053,
        6
      ],
      [
        -5.556919667869806,
        56.090177139267325,
        6.199999999999989
      ],
      [
        -5.556919081136584,
        56.09017387032509,
        6.399999999999977
      ],
      [
        -5.556916734203696,
        56.09017060138285,
        6.399999999999977
      ],
      [
        -5.556912375614047,
        56.09016724862158,
        6.600000000000023
      ],
      [
        -5.556906256824732,
        56.090163895860314,
        6.600000000000023
      ],
      [
        -5.556898210197687,
        56.090160459280014,
        6.800000000000011
      ],
      [
        -5.5568884033709764,
        56.09015693888068,
        6.800000000000011
      ],
      [
        -5.5568768363446,
        56.09015341848135,
        6.800000000000011
      ],
      [
        -5.556863509118557,
        56.09014998190105,
        6.800000000000011
      ],
      [
        -5.55684850551188,
        56.09014654532075,
        6.800000000000011
      ],
      [
        -5.5568319093436,
        56.09014319255948,
        6.800000000000011
      ],
      [
        -5.5568138882517815,
        56.090139923617244,
        6.600000000000023
      ],
      [
        -5.556794609874487,
        56.0901369061321,
        6.600000000000023
      ],
      [
        -5.5567744094878435,
        56.09013388864696,
        6.600000000000023
      ],
      [
        -5.556753538548946,
        56.090131122618914,
        6.600000000000023
      ],
      [
        -5.556732164695859,
        56.0901284404099,
        6.399999999999977
      ],
      [
        -5.55671070702374,
        56.090125842019916,
        6.399999999999977
      ],
      [
        -5.556689081713557,
        56.090123327448964,
        6.399999999999977
      ],
      [
        -5.556667540222406,
        56.090120980516076,
        6.199999999999989
      ],
      [
        -5.556646082550287,
        56.09011871740222,
        6.199999999999989
      ],
      [
        -5.5566247086972,
        56.09011662192643,
        6.199999999999989
      ],
      [
        -5.556603251025081,
        56.09011477790773,
        6.199999999999989
      ],
      [
        -5.5565817933529615,
        56.090113101527095,
        6.199999999999989
      ],
      [
        -5.556560168042779,
        56.090111676603556,
        6.199999999999989
      ],
      [
        -5.556538291275501,
        56.09011058695614,
        6.399999999999977
      ],
      [
        -5.556516330689192,
        56.09011000022292,
        6.399999999999977
      ],
      [
        -5.556494286283851,
        56.090109748765826,
        6.600000000000023
      ],
      [
        -5.5564722418785095,
        56.09011000022292,
        6.800000000000011
      ],
      [
        -5.5564502812922,
        56.09011083841324,
        6.800000000000011
      ],
      [
        -5.556428488343954,
        56.090112095698714,
        7
      ],
      [
        -5.556406946852803,
        56.09011393971741,
        7.199999999999989
      ],
      [
        -5.5563856568187475,
        56.09011637046933,
        7.399999999999977
      ],
      [
        -5.556364618241787,
        56.09011922031641,
        7.600000000000023
      ],
      [
        -5.5563438311219215,
        56.09012257307768,
        7.800000000000011
      ],
      [
        -5.556323379278183,
        56.09012642875314,
        8
      ],
      [
        -5.556303262710571,
        56.09013078734279,
        8.199999999999989
      ],
      [
        -5.556283565238118,
        56.09013548120856,
        8.399999999999977
      ],
      [
        -5.556264370679855,
        56.09014076180756,
        8.800000000000011
      ],
      [
        -5.5562457628548145,
        56.09014646150172,
        9
      ],
      [
        -5.556227657943964,
        56.090152747929096,
        9.199999999999989
      ],
      [
        -5.5562101397663355,
        56.09015945345163,
        9.399999999999977
      ],
      [
        -5.556193124502897,
        56.09016674570739,
        9.600000000000023
      ],
      [
        -5.556176612153649,
        56.09017454087734,
        9.800000000000011
      ],
      [
        -5.556160435080528,
        56.090182922780514,
        10
      ],
      [
        -5.5561447609215975,
        56.090191807597876,
        10.199999999999989
      ],
      [
        -5.556129338219762,
        56.09020119532943,
        10.399999999999977
      ],
      [
        -5.556114166975021,
        56.09021091833711,
        10.600000000000023
      ],
      [
        -5.556099163368344,
        56.090221060439944,
        10.800000000000011
      ],
      [
        -5.556084159761667,
        56.09023145399988,
        11
      ],
      [
        -5.55606915615499,
        56.09024218283594,
        11.199999999999989
      ],
      [
        -5.556053901091218,
        56.09025299549103,
        11.199999999999989
      ],
      [
        -5.556038394570351,
        56.090264059603214,
        11.399999999999977
      ],
      [
        -5.556022552773356,
        56.09027520753443,
        11.600000000000023
      ],
      [
        -5.556006459519267,
        56.09028643928468,
        11.800000000000011
      ],
      [
        -5.555989947170019,
        56.09029767103493,
        11.800000000000011
      ],
      [
        -5.555973099544644,
        56.090308986604214,
        12
      ],
      [
        -5.555956084281206,
        56.090320302173495,
        12.200000000000045
      ],
      [
        -5.555938985198736,
        56.090331533923745,
        12.399999999999977
      ],
      [
        -5.555921886116266,
        56.09034284949303,
        12.399999999999977
      ],
      [
        -5.5559050384908915,
        56.09035408124328,
        12.600000000000023
      ],
      [
        -5.555888442322612,
        56.09036531299353,
        12.600000000000023
      ],
      [
        -5.5558723490685225,
        56.090376544743776,
        12.799999999999955
      ],
      [
        -5.555856758728623,
        56.090387692674994,
        12.799999999999955
      ],
      [
        -5.555841671302915,
        56.090398924425244,
        13
      ],
      [
        -5.555827086791396,
        56.09041007235646,
        13
      ],
      [
        -5.555812921375036,
        56.09042122028768,
        13
      ],
      [
        -5.5557990074157715,
        56.09043228439987,
        13
      ],
      [
        -5.555785428732634,
        56.09044334851205,
        13
      ],
      [
        -5.555771933868527,
        56.09045424498618,
        13
      ],
      [
        -5.555758439004421,
        56.0904651414603,
        13
      ],
      [
        -5.555744776502252,
        56.09047578647733,
        13
      ],
      [
        -5.555730946362019,
        56.090486431494355,
        12.799999999999955
      ],
      [
        -5.55571686476469,
        56.09049682505429,
        12.799999999999955
      ],
      [
        -5.555702447891235,
        56.09050705097616,
        12.600000000000023
      ],
      [
        -5.555687611922622,
        56.09051702544093,
        12.399999999999977
      ],
      [
        -5.5556723568588495,
        56.090526916086674,
        12.399999999999977
      ],
      [
        -5.555656598880887,
        56.09053647145629,
        12.200000000000045
      ],
      [
        -5.555640421807766,
        56.09054594300687,
        12
      ],
      [
        -5.555623658001423,
        56.09055516310036,
        11.800000000000011
      ],
      [
        -5.555606558918953,
        56.09056421555579,
        11.800000000000011
      ],
      [
        -5.555588873103261,
        56.09057301655412,
        11.600000000000023
      ],
      [
        -5.555570852011442,
        56.090581649914384,
        11.399999999999977
      ],
      [
        -5.5555524956434965,
        56.090590031817555,
        11.399999999999977
      ],
      [
        -5.555533803999424,
        56.09059816226363,
        11.199999999999989
      ],
      [
        -5.555514777079225,
        56.090606125071645,
        11.199999999999989
      ],
      [
        -5.5554956663399935,
        56.09061383642256,
        11
      ],
      [
        -5.555476387962699,
        56.090621296316385,
        11
      ],
      [
        -5.555457109585404,
        56.09062850475311,
        11
      ],
      [
        -5.55543783120811,
        56.090635461732745,
        10.800000000000011
      ],
      [
        -5.5554188042879105,
        56.09064216725528,
        10.800000000000011
      ],
      [
        -5.555399861186743,
        56.09064853750169,
        10.800000000000011
      ],
      [
        -5.555381253361702,
        56.09065474011004,
        10.800000000000011
      ],
      [
        -5.555362980812788,
        56.09066060744226,
        10.600000000000023
      ],
      [
        -5.555345211178064,
        56.090666307136416,
        10.600000000000023
      ],
      [
        -5.555328028276563,
        56.090671671554446,
        10.600000000000023
      ],
      [
        -5.555311515927315,
        56.09067670069635,
        10.800000000000011
      ],
      [
        -5.555295757949352,
        56.09068147838116,
        10.800000000000011
      ],
      [
        -5.555280838161707,
        56.09068600460887,
        10.800000000000011
      ],
      [
        -5.5552668403834105,
        56.090690111741424,
        10.800000000000011
      ],
      [
        -5.555253764614463,
        56.09069379977882,
        11
      ],
      [
        -5.555241610854864,
        56.09069715254009,
        11
      ],
      [
        -5.555230462923646,
        56.0907000862062,
        11.199999999999989
      ],
      [
        -5.555220320820808,
        56.09070268459618,
        11.399999999999977
      ],
      [
        -5.555211352184415,
        56.090704780071974,
        11.399999999999977
      ],
      [
        -5.555203473195434,
        56.09070645645261,
        11.600000000000023
      ],
      [
        -5.555196767672896,
        56.090707797557116,
        11.600000000000023
      ],
      [
        -5.5551911517977715,
        56.09070888720453,
        11.800000000000011
      ],
      [
        -5.555186457931995,
        56.09070964157581,
        12
      ],
      [
        -5.5551826022565365,
        56.090710228309035,
        12.200000000000045
      ],
      [
        -5.5551793333143,
        56.090710647404194,
        12.200000000000045
      ],
      [
        -5.555176567286253,
        56.09071081504226,
        12.399999999999977
      ],
      [
        -5.555174136534333,
        56.09071089886129,
        12.399999999999977
      ],
      [
        -5.555171957239509,
        56.09071081504226,
        12.600000000000023
      ],
      [
        -5.555169777944684,
        56.09071056358516,
        12.799999999999955
      ],
      [
        -5.555167598649859,
        56.090710144490004,
        12.799999999999955
      ],
      [
        -5.555165335536003,
        56.09070955775678,
        13
      ],
      [
        -5.555162904784083,
        56.09070888720453,
        13
      ],
      [
        -5.555160474032164,
        56.09070796519518,
        13.200000000000045
      ],
      [
        -5.55515787564218,
        56.0907069593668,
        13.399999999999977
      ],
      [
        -5.5551551934331656,
        56.090705785900354,
        13.399999999999977
      ],
      [
        -5.555152511224151,
        56.09070461243391,
        13.600000000000023
      ],
      [
        -5.555149745196104,
        56.090703355148435,
        13.600000000000023
      ],
      [
        -5.555147146806121,
        56.09070209786296,
        13.799999999999955
      ],
      [
        -5.555144548416138,
        56.09070075675845,
        13.799999999999955
      ],
      [
        -5.555142117664218,
        56.090699499472976,
        14
      ],
      [
        -5.555139854550362,
        56.09069832600653,
        14
      ],
      [
        -5.555137759074569,
        56.09069715254009,
        14.200000000000045
      ],
      [
        -5.555135831236839,
        56.09069614671171,
        14.200000000000045
      ],
      [
        -5.555134071037173,
        56.09069522470236,
        14.399999999999977
      ],
      [
        -5.555132562294602,
        56.09069447033107,
        14.399999999999977
      ],
      [
        -5.555131221190095,
        56.09069379977882,
        14.600000000000023
      ],
      [
        -5.555130047723651,
        56.09069329686463,
        14.600000000000023
      ],
      [
        -5.55512904189527,
        56.09069279395044,
        14.600000000000023
      ],
      [
        -5.555128287523985,
        56.09069245867431,
        14.799999999999955
      ],
      [
        -5.555127700790763,
        56.09069220721722,
        14.799999999999955
      ],
      [
        -5.555127197876573,
        56.09069195576012,
        14.799999999999955
      ],
      [
        -5.555126862600446,
        56.09069187194109,
        14.799999999999955
      ],
      [
        -5.555126611143351,
        56.09069178812206,
        14.799999999999955
      ],
      [
        -5.555126443505287,
        56.090691704303026,
        14.799999999999955
      ],
      [
        -5.5551263596862555,
        56.090691704303026,
        14.799999999999955
      ],
      [
        -5.5551263596862555,
        56.09069178812206,
        14.799999999999955
      ],
      [
        -5.5551263596862555,
        56.09069178812206,
        14.799999999999955
      ],
      [
        -5.555126443505287,
        56.09069187194109,
        14.799999999999955
      ],
      [
        -5.555126527324319,
        56.09069187194109,
        14.799999999999955
      ],
      [
        -5.555126611143351,
        56.09069195576012,
        14.799999999999955
      ],
      [
        -5.555126694962382,
        56.09069203957915,
        14.799999999999955
      ],
      [
        -5.555126778781414,
        56.090692123398185,
        14.799999999999955
      ],
      [
        -5.555126862600446,
        56.09069220721722,
        14.799999999999955
      ],
      [
        -5.5551269464194775,
        56.09069220721722,
        14.799999999999955
      ],
      [
        -5.555127030238509,
        56.09069229103625,
        14.799999999999955
      ],
      [
        -5.555127197876573,
        56.09069245867431,
        14.799999999999955
      ],
      [
        -5.555127197876573,
        56.09069245867431,
        14.799999999999955
      ],
      [
        -5.555127197876573,
        56.09069245867431,
        14.799999999999955
      ],
      [
        -5.555127197876573,
        56.09069245867431,
        14.799999999999955
      ],
      [
        -5.555127197876573,
        56.09069245867431,
        14.799999999999955
      ],
      [
        -5.555127197876573,
        56.09069245867431,
        14.799999999999955
      ],
      [
        -5.555127197876573,
        56.09069245867431,
        14.799999999999955
      ],
      [
        -5.555127197876573,
        56.09069245867431,
        14.799999999999955
      ],
      [
        -5.555127197876573,
        56.09069245867431,
        14.799999999999955
      ],
      [
        -5.555127197876573,
        56.09069245867431,
        14.799999999999955
      ],
      [
        -5.555127197876573,
        56.09069245867431,
        14.799999999999955
      ],
      [
        -5.555127197876573,
        56.09069245867431,
        14.799999999999955
      ],
      [
        -5.555127197876573,
        56.09069245867431,
        14.799999999999955
      ],
      [
        -5.555127197876573,
        56.09069245867431,
        14.799999999999955
      ],
      [
        -5.555127197876573,
        56.09069245867431,
        14.799999999999955
      ],
      [
        -5.555127197876573,
        56.09069245867431,
        14.799999999999955
      ],
      [
        -5.555127197876573,
        56.09069245867431,
        14.799999999999955
      ],
      [
        -5.555127197876573,
        56.09069245867431,
        14.799999999999955
      ],
      [
        -5.555127197876573,
        56.09069245867431,
        14.799999999999955
      ],
      [
        -5.555127197876573,
        56.09069245867431,
        14.799999999999955
      ],
      [
        -5.555127197876573,
        56.09069245867431,
        14.799999999999955
      ],
      [
        -5.555127784609795,
        56.09069614671171,
        14.799999999999955
      ],
      [
        -5.555127952247858,
        56.09069673344493,
        14.799999999999955
      ],
      [
        -5.55512803606689,
        56.09069715254009,
        14.799999999999955
      ],
      [
        -5.555128203704953,
        56.090697571635246,
        14.799999999999955
      ],
      [
        -5.555128287523985,
        56.09069782309234,
        14.799999999999955
      ],
      [
        -5.555128455162048,
        56.09069790691137,
        14.799999999999955
      ],
      [
        -5.55512853898108,
        56.09069782309234,
        14.799999999999955
      ],
      [
        -5.555128622800112,
        56.09069740399718,
        14.799999999999955
      ],
      [
        -5.555128622800112,
        56.09069673344493,
        14.799999999999955
      ],
      [
        -5.55512853898108,
        56.090695559978485,
        14.799999999999955
      ],
      [
        -5.555128455162048,
        56.09069396741688,
        14.799999999999955
      ],
      [
        -5.555128203704953,
        56.090691704303026,
        14.799999999999955
      ],
      [
        -5.555127868428826,
        56.09068885445595,
        14.799999999999955
      ],
      [
        -5.555127365514636,
        56.09068516641855,
        14.799999999999955
      ],
      [
        -5.555126611143351,
        56.09068072400987,
        14.799999999999955
      ],
      [
        -5.5551257729530334,
        56.09067535959184,
        14.799999999999955
      ],
      [
        -5.555124599486589,
        56.09066907316446,
        15
      ],
      [
        -5.55512317456305,
        56.09066169708967,
        15
      ],
      [
        -5.555121498182416,
        56.09065339900553,
        15.200000000000045
      ],
      [
        -5.555119402706623,
        56.090644178912044,
        15.200000000000045
      ],
      [
        -5.555117055773735,
        56.090634036809206,
        15.399999999999977
      ],
      [
        -5.5551085062325,
        56.090622302144766,
        15.799999999999955
      ],
      [
        -5.555098783224821,
        56.0906120762229,
        16.200000000000045
      ],
      [
        -5.555088222026825,
        56.090602772310376,
        16.399999999999977
      ],
      [
        -5.555076822638512,
        56.09059455804527,
        16.799999999999955
      ],
      [
        -5.5550645012408495,
        56.09058743342757,
        17
      ],
      [
        -5.55505134165287,
        56.09058148227632,
        17.399999999999977
      ],
      [
        -5.555037511512637,
        56.090576788410544,
        17.600000000000023
      ],
      [
        -5.55502301082015,
        56.09057326801121,
        18
      ],
      [
        -5.555008007213473,
        56.09057083725929,
        18.200000000000045
      ],
      [
        -5.554992584511638,
        56.09056932851672,
        18.399999999999977
      ],
      [
        -5.554976994171739,
        56.09056882560253,
        18.600000000000023
      ],
      [
        -5.554961320012808,
        56.09056907705963,
        18.799999999999955
      ],
      [
        -5.554945729672909,
        56.090569999068975,
        19
      ],
      [
        -5.554930223152041,
        56.09057134017348,
        19.200000000000045
      ],
      [
        -5.554915051907301,
        56.09057310037315,
        19.399999999999977
      ],
      [
        -5.554899964481592,
        56.09057511202991,
        19.600000000000023
      ],
      [
        -5.5548851285129786,
        56.090577291324735,
        19.799999999999955
      ],
      [
        -5.55487054400146,
        56.09057947061956,
        19.799999999999955
      ],
      [
        -5.554856127128005,
        56.090581649914384,
        20
      ],
      [
        -5.554841961711645,
        56.090583661571145,
        20.200000000000045
      ],
      [
        -5.554827963933349,
        56.09058542177081,
        20.399999999999977
      ],
      [
        -5.554814301431179,
        56.090587014332414,
        20.600000000000023
      ],
      [
        -5.554800974205136,
        56.09058827161789,
        20.799999999999955
      ],
      [
        -5.55478798225522,
        56.09058919362724,
        20.799999999999955
      ],
      [
        -5.554775325581431,
        56.0905896127224,
        21
      ],
      [
        -5.554763088002801,
        56.090589528903365,
        21.200000000000045
      ],
      [
        -5.554751353338361,
        56.09058894217014,
        21.399999999999977
      ],
      [
        -5.554740205407143,
        56.09058768488467,
        21.600000000000023
      ],
      [
        -5.5547296442091465,
        56.09058575704694,
        21.799999999999955
      ],
      [
        -5.554719837382436,
        56.09058324247599,
        21.799999999999955
      ],
      [
        -5.5547107849270105,
        56.09058014117181,
        22
      ],
      [
        -5.554702738299966,
        56.09057653695345,
        22.200000000000045
      ],
      [
        -5.554695529863238,
        56.09057268127799,
        22.399999999999977
      ],
      [
        -5.55468924343586,
        56.09056865796447,
        22.399999999999977
      ],
      [
        -5.55468387901783,
        56.090564550831914,
        22.600000000000023
      ],
      [
        -5.554679436609149,
        56.09056061133742,
        22.799999999999955
      ],
      [
        -5.554675916209817,
        56.090556839480996,
        23
      ],
      [
        -5.554673066362739,
        56.090553402900696,
        23
      ],
      [
        -5.554670970886946,
        56.09055030159652,
        23.200000000000045
      ],
      [
        -5.554669378325343,
        56.09054770320654,
        23.200000000000045
      ],
      [
        -5.554668204858899,
        56.090545523911715,
        23.399999999999977
      ],
      [
        -5.554667366668582,
        56.09054376371205,
        23.399999999999977
      ],
      [
        -5.55466677993536,
        56.09054242260754,
        23.600000000000023
      ],
      [
        -5.554666444659233,
        56.09054150059819,
        23.600000000000023
      ],
      [
        -5.554666193202138,
        56.09054091386497,
        23.799999999999955
      ],
      [
        -5.554666109383106,
        56.09054057858884,
        23.799999999999955
      ],
      [
        -5.5546660255640745,
        56.09054041095078,
        23.799999999999955
      ],
      [
        -5.5546660255640745,
        56.09054041095078,
        23.799999999999955
      ],
      [
        -5.554666109383106,
        56.09054057858884,
        23.799999999999955
      ],
      [
        -5.55466627702117,
        56.09054074622691,
        23.799999999999955
      ],
      [
        -5.554666696116328,
        56.090540997684,
        23.799999999999955
      ],
      [
        -5.55466728284955,
        56.0905412491411,
        23.799999999999955
      ],
      [
        -5.554668121039867,
        56.09054150059819,
        23.799999999999955
      ],
      [
        -5.55466921068728,
        56.09054175205529,
        23.799999999999955
      ],
      [
        -5.554670551791787,
        56.090542087331414,
        23.600000000000023
      ],
      [
        -5.554672060534358,
        56.09054233878851,
        23.600000000000023
      ],
      [
        -5.554673653095961,
        56.090542590245605,
        23.399999999999977
      ],
      [
        -5.554675245657563,
        56.09054292552173,
        23.399999999999977
      ],
      [
        -5.554676670581102,
        56.09054317697883,
        23.200000000000045
      ],
      [
        -5.554677760228515,
        56.09054342843592,
        23.200000000000045
      ],
      [
        -5.554678598418832,
        56.09054376371205,
        23
      ],
      [
        -5.55467901751399,
        56.090544015169144,
        22.799999999999955
      ],
      [
        -5.55467901751399,
        56.09054426662624,
        22.799999999999955
      ],
      [
        -5.554678598418832,
        56.090544601902366,
        22.600000000000023
      ],
      [
        -5.554677760228515,
        56.09054493717849,
        22.600000000000023
      ],
      [
        -5.554676670581102,
        56.09054535627365,
        22.600000000000023
      ],
      [
        -5.554675245657563,
        56.09054569154978,
        22.399999999999977
      ],
      [
        -5.554673569276929,
        56.09054611064494,
        22.399999999999977
      ],
      [
        -5.554671725258231,
        56.090546529740095,
        22.399999999999977
      ],
      [
        -5.554669629782438,
        56.09054686501622,
        22.399999999999977
      ],
      [
        -5.554667450487614,
        56.09054720029235,
        22.399999999999977
      ],
      [
        -5.554665187373757,
        56.090547451749444,
        22.399999999999977
      ],
      [
        -5.554662840440869,
        56.09054770320654,
        22.399999999999977
      ],
      [
        -5.554660493507981,
        56.0905478708446,
        22.399999999999977
      ],
      [
        -5.554658146575093,
        56.090547954663634,
        22.399999999999977
      ],
      [
        -5.554655883461237,
        56.0905481223017,
        22.600000000000023
      ],
      [
        -5.554653704166412,
        56.09054820612073,
        22.600000000000023
      ],
      [
        -5.554651441052556,
        56.09054828993976,
        22.600000000000023
      ],
      [
        -5.554649261757731,
        56.09054837375879,
        22.600000000000023
      ],
      [
        -5.554647082462907,
        56.090548457577825,
        22.600000000000023
      ],
      [
        -5.554644903168082,
        56.090548541396856,
        22.600000000000023
      ],
      [
        -5.554642640054226,
        56.09054862521589,
        22.799999999999955
      ],
      [
        -5.554640293121338,
        56.09054870903492,
        22.799999999999955
      ],
      [
        -5.55463794618845,
        56.09054879285395,
        22.799999999999955
      ],
      [
        -5.5546356830745935,
        56.09054879285395,
        22.799999999999955
      ],
      [
        -5.554633419960737,
        56.09054879285395,
        23
      ],
      [
        -5.554631408303976,
        56.09054879285395,
        23
      ],
      [
        -5.5546298157423735,
        56.09054870903492,
        23.200000000000045
      ],
      [
        -5.5546286422759295,
        56.090548457577825,
        23.200000000000045
      ],
      [
        -5.554628223180771,
        56.09054820612073,
        23.200000000000045
      ],
      [
        -5.554628558456898,
        56.09054778702557,
        23.399999999999977
      ],
      [
        -5.554629731923342,
        56.09054711647332,
        23.399999999999977
      ],
      [
        -5.554631827399135,
        56.09054619446397,
        23.600000000000023
      ],
      [
        -5.554634761065245,
        56.09054493717849,
        23.799999999999955
      ],
      [
        -5.55463844910264,
        56.09054326079786,
        23.799999999999955
      ],
      [
        -5.554642723873258,
        56.090541165322065,
        24
      ],
      [
        -5.554647501558065,
        56.09053856693208,
        24.200000000000045
      ],
      [
        -5.554652614519,
        56.09053546562791,
        24.200000000000045
      ],
      [
        -5.554657643660903,
        56.090531861409545,
        24.399999999999977
      ],
      [
        -5.5546625051647425,
        56.09052775427699,
        24.600000000000023
      ],
      [
        -5.554666947573423,
        56.09052314423025,
        24.799999999999955
      ],
      [
        -5.554670719429851,
        56.090518115088344,
        24.799999999999955
      ],
      [
        -5.554673904553056,
        56.090512834489346,
        25
      ],
      [
        -5.5546763353049755,
        56.09050730243325,
        25.200000000000045
      ],
      [
        -5.5546780955046415,
        56.09050168655813,
        25.200000000000045
      ],
      [
        -5.5546792689710855,
        56.09049598686397,
        25.399999999999977
      ],
      [
        -5.554679939523339,
        56.090490287169814,
        25.399999999999977
      ],
      [
        -5.554680023342371,
        56.09048475511372,
        25.600000000000023
      ],
      [
        -5.554679688066244,
        56.09047947451472,
        25.799999999999955
      ],
      [
        -5.554678933694959,
        56.09047444537282,
        25.799999999999955
      ],
      [
        -5.554677927866578,
        56.090469835326076,
        26
      ],
      [
        -5.554676586762071,
        56.090465476736426,
        26.200000000000045
      ],
      [
        -5.554674994200468,
        56.090461537241936,
        26.200000000000045
      ],
      [
        -5.554673066362739,
        56.090458016842604,
        26.399999999999977
      ],
      [
        -5.554670970886946,
        56.0904548317194,
        26.600000000000023
      ],
      [
        -5.554668540135026,
        56.090452149510384,
        26.799999999999955
      ],
      [
        -5.554665857926011,
        56.090449718758464,
        26.799999999999955
      ],
      [
        -5.554662924259901,
        56.09044753946364,
        27
      ],
      [
        -5.554659571498632,
        56.09044569544494,
        27.200000000000045
      ],
      [
        -5.5546560510993,
        56.090443935245275,
        27.399999999999977
      ],
      [
        -5.5546521954238415,
        56.090442426502705,
        27.600000000000023
      ],
      [
        -5.554648004472256,
        56.0904408339411,
        27.799999999999955
      ],
      [
        -5.5546436458826065,
        56.09043932519853,
        28
      ],
      [
        -5.554639119654894,
        56.09043773263693,
        28.200000000000045
      ],
      [
        -5.554634425789118,
        56.09043597243726,
        28.399999999999977
      ],
      [
        -5.554629564285278,
        56.090434128418565,
        28.799999999999955
      ],
      [
        -5.554624535143375,
        56.09043203294277,
        29
      ],
      [
        -5.5546195060014725,
        56.090429769828916,
        29.399999999999977
      ],
      [
        -5.5546144768595695,
        56.090427255257964,
        29.600000000000023
      ],
      [
        -5.554609363898635,
        56.09042448922992,
        30
      ],
      [
        -5.5546042509377,
        56.09042163938284,
        30.200000000000045
      ],
      [
        -5.554599221795797,
        56.090418538078666,
        30.600000000000023
      ],
      [
        -5.554594360291958,
        56.0904151853174,
        31
      ],
      [
        -5.5545897502452135,
        56.090411664918065,
        31.200000000000045
      ],
      [
        -5.554585391655564,
        56.09040789306164,
        31.600000000000023
      ],
      [
        -5.5545812007039785,
        56.09040395356715,
        31.799999999999955
      ],
      [
        -5.554577261209488,
        56.09039984643459,
        32.200000000000045
      ],
      [
        -5.554573573172092,
        56.090395487844944,
        32.39999999999998
      ],
      [
        -5.554570220410824,
        56.09039096161723,
        32.799999999999955
      ],
      [
        -5.554567202925682,
        56.090386267751455,
        33
      ],
      [
        -5.554564604535699,
        56.090381406247616,
        33.39999999999998
      ],
      [
        -5.554562425240874,
        56.09037637710571,
        33.60000000000002
      ],
      [
        -5.554560665041208,
        56.09037126414478,
        33.799999999999955
      ],
      [
        -5.554559323936701,
        56.09036606736481,
        34.200000000000045
      ],
      [
        -5.554558066651225,
        56.090360786765814,
        34.39999999999998
      ],
      [
        -5.554556809365749,
        56.090355506166816,
        34.60000000000002
      ],
      [
        -5.55455538444221,
        56.09035030938685,
        34.799999999999955
      ],
      [
        -5.5545535404235125,
        56.09034528024495,
        35
      ],
      [
        -5.554551277309656,
        56.09034050256014,
        35.200000000000045
      ],
      [
        -5.554548259824514,
        56.09033614397049,
        35.60000000000002
      ],
      [
        -5.554544487968087,
        56.090332204476,
        35.799999999999955
      ],
      [
        -5.554539710283279,
        56.0903287678957,
        36
      ],
      [
        -5.554534010589123,
        56.09032600186765,
        36.200000000000045
      ],
      [
        -5.5545273050665855,
        56.09032382257283,
        36.39999999999998
      ],
      [
        -5.554519593715668,
        56.09032239764929,
        36.60000000000002
      ],
      [
        -5.554510876536369,
        56.09032155945897,
        36.799999999999955
      ],
      [
        -5.5545014049857855,
        56.09032139182091,
        36.799999999999955
      ],
      [
        -5.55449134670198,
        56.090321810916066,
        37
      ],
      [
        -5.554480869323015,
        56.09032264910638,
        37.200000000000045
      ],
      [
        -5.554470140486956,
        56.09032390639186,
        37.39999999999998
      ],
      [
        -5.554459327831864,
        56.09032549895346,
        37.39999999999998
      ],
      [
        -5.554448515176773,
        56.09032725915313,
        37.60000000000002
      ],
      [
        -5.554437870159745,
        56.09032918699086,
        37.60000000000002
      ],
      [
        -5.5544274765998125,
        56.09033119864762,
        37.799999999999955
      ],
      [
        -5.554417418316007,
        56.09033329412341,
        37.799999999999955
      ],
      [
        -5.554407862946391,
        56.090335389599204,
        38
      ],
      [
        -5.554398810490966,
        56.090337485075,
        38
      ],
      [
        -5.554390428587794,
        56.09033949673176,
        38.200000000000045
      ],
      [
        -5.55438288487494,
        56.09034150838852,
        38.200000000000045
      ],
      [
        -5.554376263171434,
        56.09034335240722,
        38.200000000000045
      ],
      [
        -5.554370563477278,
        56.09034511260688,
        38.200000000000045
      ],
      [
        -5.554365869611502,
        56.090346705168486,
        38.39999999999998
      ],
      [
        -5.554362181574106,
        56.09034804627299,
        38.39999999999998
      ],
      [
        -5.554359499365091,
        56.09034921973944,
        38.39999999999998
      ],
      [
        -5.554357739165425,
        56.090350141748786,
        38.39999999999998
      ],
      [
        -5.554356900975108,
        56.09035089612007,
        38.60000000000002
      ],
      [
        -5.554356733337045,
        56.09035131521523,
        38.60000000000002
      ],
      [
        -5.554357236251235,
        56.09035165049136,
        38.60000000000002
      ],
      [
        -5.554358242079616,
        56.09035181812942,
        38.60000000000002
      ],
      [
        -5.554359667003155,
        56.09035181812942,
        38.60000000000002
      ],
      [
        -5.554361343383789,
        56.09035173431039,
        38.60000000000002
      ],
      [
        -5.554363187402487,
        56.09035165049136,
        38.60000000000002
      ],
      [
        -5.554365115240216,
        56.09035148285329,
        38.39999999999998
      ],
      [
        -5.554366959258914,
        56.09035139903426,
        38.39999999999998
      ],
      [
        -5.554368803277612,
        56.09035131521523,
        38.39999999999998
      ],
      [
        -5.554370312020183,
        56.0903512313962,
        38.39999999999998
      ],
      [
        -5.554371485486627,
        56.0903512313962,
        38.39999999999998
      ],
      [
        -5.554372239857912,
        56.09035114757717,
        38.39999999999998
      ],
      [
        -5.554372239857912,
        56.090351063758135,
        38.39999999999998
      ],
      [
        -5.554371569305658,
        56.0903509799391,
        38.200000000000045
      ],
      [
        -5.5543700605630875,
        56.09035089612007,
        38.200000000000045
      ],
      [
        -5.554367629811168,
        56.09035081230104,
        38.200000000000045
      ],
      [
        -5.554364193230867,
        56.090350644662976,
        38.200000000000045
      ],
      [
        -5.554359834641218,
        56.09035039320588,
        38.200000000000045
      ],
      [
        -5.554354386404157,
        56.090350141748786,
        38.200000000000045
      ],
      [
        -5.554348016157746,
        56.090349638834596,
        38.200000000000045
      ],
      [
        -5.554340723901987,
        56.090349052101374,
        38.200000000000045
      ],
      [
        -5.554332761093974,
        56.09034829773009,
        38.39999999999998
      ],
      [
        -5.554324211552739,
        56.090347208082676,
        38.39999999999998
      ],
      [
        -5.554315326735377,
        56.09034586697817,
        38.39999999999998
      ],
      [
        -5.554306106641889,
        56.090344190597534,
        38.60000000000002
      ],
      [
        -5.5542968865484,
        56.09034209512174,
        38.60000000000002
      ],
      [
        -5.554287750273943,
        56.09033958055079,
        38.799999999999955
      ],
      [
        -5.554278697818518,
        56.09033664688468,
        39
      ],
      [
        -5.554269813001156,
        56.09033321030438,
        39
      ],
      [
        -5.554261179640889,
        56.09032943844795,
        39.200000000000045
      ],
      [
        -5.554252881556749,
        56.09032524749637,
        39.39999999999998
      ],
      [
        -5.554244834929705,
        56.090320721268654,
        39.39999999999998
      ],
      [
        -5.55423729121685,
        56.090315859764814,
        39.60000000000002
      ],
      [
        -5.5542301665991545,
        56.09031083062291,
        39.60000000000002
      ],
      [
        -5.554223544895649,
        56.090305633842945,
        39.60000000000002
      ],
      [
        -5.554217593744397,
        56.090300185605884,
        39.799999999999955
      ],
      [
        -5.554212396964431,
        56.09029456973076,
        39.799999999999955
      ],
      [
        -5.554208038374782,
        56.0902888700366,
        39.799999999999955
      ],
      [
        -5.554204769432545,
        56.09028291888535,
        39.799999999999955
      ],
      [
        -5.554202506318688,
        56.0902769677341,
        40
      ],
      [
        -5.554201500490308,
        56.090270932763815,
        40
      ],
      [
        -5.554201668128371,
        56.09026489779353,
        40
      ],
      [
        -5.554202925413847,
        56.09025886282325,
        40.200000000000045
      ],
      [
        -5.554205356165767,
        56.09025299549103,
        40.200000000000045
      ],
      [
        -5.554208876565099,
        56.09024721197784,
        40.39999999999998
      ],
      [
        -5.554213235154748,
        56.090241679921746,
        40.60000000000002
      ],
      [
        -5.554218515753746,
        56.09023639932275,
        40.60000000000002
      ],
      [
        -5.554224634543061,
        56.09023145399988,
        40.799999999999955
      ],
      [
        -5.554231507703662,
        56.0902267601341,
        40.799999999999955
      ],
      [
        -5.554239051416516,
        56.090222569182515,
        41
      ],
      [
        -5.554247181862593,
        56.09021888114512,
        41
      ],
      [
        -5.554255899041891,
        56.09021561220288,
        41.200000000000045
      ],
      [
        -5.554264867678285,
        56.090212762355804,
        41.200000000000045
      ],
      [
        -5.554274087771773,
        56.090210415422916,
        41.200000000000045
      ],
      [
        -5.554283307865262,
        56.09020848758519,
        41.39999999999998
      ],
      [
        -5.554292444139719,
        56.090206978842616,
        41.39999999999998
      ],
      [
        -5.554301245138049,
        56.09020572155714,
        41.39999999999998
      ],
      [
        -5.554309710860252,
        56.09020471572876,
        41.39999999999998
      ],
      [
        -5.554317589849234,
        56.090203961357474,
        41.39999999999998
      ],
      [
        -5.554324798285961,
        56.09020337462425,
        41.39999999999998
      ],
      [
        -5.554331419989467,
        56.09020287171006,
        41.39999999999998
      ],
      [
        -5.554337287321687,
        56.090202536433935,
        41.39999999999998
      ],
      [
        -5.554342484101653,
        56.09020220115781,
        41.39999999999998
      ],
      [
        -5.554347010329366,
        56.090202033519745,
        41.39999999999998
      ],
      [
        -5.554350782185793,
        56.09020178206265,
        41.39999999999998
      ],
      [
        -5.554353967308998,
        56.090201614424586,
        41.39999999999998
      ],
      [
        -5.554356565698981,
        56.09020144678652,
        41.200000000000045
      ],
      [
        -5.554358661174774,
        56.09020119532943,
        41.200000000000045
      ],
      [
        -5.5543603375554085,
        56.09020094387233,
        41.200000000000045
      ],
      [
        -5.554361594840884,
        56.09020069241524,
        41
      ],
      [
        -5.554362600669265,
        56.09020044095814,
        41
      ],
      [
        -5.554363438859582,
        56.090200105682015,
        41
      ],
      [
        -5.554364193230867,
        56.09019977040589,
        41
      ],
      [
        -5.554364863783121,
        56.09019943512976,
        40.799999999999955
      ],
      [
        -5.5543656181544065,
        56.090199099853635,
        40.799999999999955
      ],
      [
        -5.554366456344724,
        56.09019876457751,
        40.799999999999955
      ],
      [
        -5.554367378354073,
        56.09019842930138,
        40.799999999999955
      ],
      [
        -5.554368468001485,
        56.090198177844286,
        40.799999999999955
      ],
      [
        -5.554369725286961,
        56.09019792638719,
        40.799999999999955
      ],
      [
        -5.554371066391468,
        56.090197674930096,
        40.799999999999955
      ],
      [
        -5.554372575134039,
        56.090197423473,
        40.799999999999955
      ],
      [
        -5.5543741676956415,
        56.09019733965397,
        40.799999999999955
      ],
      [
        -5.554375676438212,
        56.09019725583494,
        40.799999999999955
      ],
      [
        -5.554377268999815,
        56.09019733965397,
        41
      ],
      [
        -5.554378693923354,
        56.090197591111064,
        41
      ],
      [
        -5.554380035027862,
        56.09019792638719,
        41
      ],
      [
        -5.554381124675274,
        56.09019842930138,
        41
      ],
      [
        -5.554382046684623,
        56.090199099853635,
        41
      ],
      [
        -5.5543827172368765,
        56.09019993804395,
        41.200000000000045
      ],
      [
        -5.554383220151067,
        56.0902008600533,
        41.200000000000045
      ],
      [
        -5.55438338778913,
        56.09020194970071,
        41.200000000000045
      ],
      [
        -5.55438338778913,
        56.09020320698619,
        41.200000000000045
      ],
      [
        -5.554383136332035,
        56.090204464271665,
        41.39999999999998
      ],
      [
        -5.554382801055908,
        56.09020580537617,
        41.39999999999998
      ],
      [
        -5.554382465779781,
        56.09020714648068,
        41.39999999999998
      ],
      [
        -5.554382046684623,
        56.09020857140422,
        41.39999999999998
      ],
      [
        -5.554381627589464,
        56.090209912508726,
        41.39999999999998
      ],
      [
        -5.554381208494306,
        56.090211253613234,
        41.60000000000002
      ],
      [
        -5.554380873218179,
        56.09021242707968,
        41.60000000000002
      ],
      [
        -5.55438045412302,
        56.09021360054612,
        41.60000000000002
      ],
      [
        -5.554380035027862,
        56.0902146063745,
        41.60000000000002
      ],
      [
        -5.554379615932703,
        56.09021552838385,
        41.60000000000002
      ],
      [
        -5.554379196837544,
        56.09021636657417,
        41.799999999999955
      ],
      [
        -5.554378693923354,
        56.090217204764485,
        41.799999999999955
      ],
      [
        -5.554378274828196,
        56.09021795913577,
        41.799999999999955
      ],
      [
        -5.554377771914005,
        56.090218713507056,
        41.799999999999955
      ],
      [
        -5.554377352818847,
        56.09021938405931,
        42
      ],
      [
        -5.554376933723688,
        56.090220138430595,
        42
      ],
      [
        -5.554376682266593,
        56.09022089280188,
        42
      ],
      [
        -5.554376430809498,
        56.090221647173166,
        42.200000000000045
      ],
      [
        -5.554376179352403,
        56.09022248536348,
        42.200000000000045
      ],
      [
        -5.554376095533371,
        56.0902233235538,
        42.200000000000045
      ],
      [
        -5.5543759278953075,
        56.09022416174412,
        42.200000000000045
      ],
      [
        -5.554375760257244,
        56.09022508375347,
        42.39999999999998
      ],
      [
        -5.554375592619181,
        56.090225921943784,
        42.39999999999998
      ],
      [
        -5.5543753411620855,
        56.0902267601341,
        42.39999999999998
      ],
      [
        -5.554374922066927,
        56.09022759832442,
        42.39999999999998
      ],
      [
        -5.554374502971768,
        56.0902283526957,
        42.39999999999998
      ],
      [
        -5.55437408387661,
        56.090228939428926,
        42.60000000000002
      ],
      [
        -5.5543735809624195,
        56.09022960998118,
        42.60000000000002
      ],
      [
        -5.554373161867261,
        56.09023011289537,
        42.60000000000002
      ],
      [
        -5.554372742772102,
        56.09023053199053,
        42.60000000000002
      ],
      [
        -5.5543724074959755,
        56.09023095108569,
        42.60000000000002
      ],
      [
        -5.554372072219849,
        56.09023128636181,
        42.60000000000002
      ],
      [
        -5.5543718207627535,
        56.09023153781891,
        42.60000000000002
      ],
      [
        -5.554371569305658,
        56.09023170545697,
        42.60000000000002
      ],
      [
        -5.554371401667595,
        56.090231873095036,
        42.60000000000002
      ],
      [
        -5.5543712340295315,
        56.09023195691407,
        42.60000000000002
      ],
      [
        -5.5543711502105,
        56.0902320407331,
        42.60000000000002
      ],
      [
        -5.554371066391468,
        56.0902320407331,
        42.60000000000002
      ],
      [
        -5.554371066391468,
        56.09023212455213,
        42.60000000000002
      ],
      [
        -5.554370982572436,
        56.09023212455213,
        42.60000000000002
      ],
      [
        -5.554370982572436,
        56.09023212455213,
        42.60000000000002
      ],
      [
        -5.554370982572436,
        56.0902320407331,
        42.60000000000002
      ],
      [
        -5.554370982572436,
        56.0902320407331,
        42.60000000000002
      ],
      [
        -5.554370982572436,
        56.09023195691407,
        42.60000000000002
      ],
      [
        -5.554370982572436,
        56.09023195691407,
        42.60000000000002
      ],
      [
        -5.554371066391468,
        56.090231873095036,
        42.60000000000002
      ],
      [
        -5.554371066391468,
        56.090231873095036,
        42.60000000000002
      ],
      [
        -5.5543711502105,
        56.09023162163794,
        42.60000000000002
      ],
      [
        -5.5543711502105,
        56.09023162163794,
        42.60000000000002
      ],
      [
        -5.5543711502105,
        56.09023162163794,
        42.60000000000002
      ],
      [
        -5.5543711502105,
        56.09023162163794,
        42.60000000000002
      ],
      [
        -5.5543711502105,
        56.09023162163794,
        42.60000000000002
      ],
      [
        -5.5543711502105,
        56.09023162163794,
        42.60000000000002
      ],
      [
        -5.5543711502105,
        56.09023162163794,
        42.60000000000002
      ],
      [
        -5.5543711502105,
        56.09023162163794,
        42.60000000000002
      ],
      [
        -5.5543711502105,
        56.09023162163794,
        42.60000000000002
      ],
      [
        -5.5543711502105,
        56.09023162163794,
        42.60000000000002
      ],
      [
        -5.5543711502105,
        56.09023162163794,
        42.60000000000002
      ],
      [
        -5.5543711502105,
        56.09023162163794,
        42.60000000000002
      ],
      [
        -5.5543711502105,
        56.09023162163794,
        42.60000000000002
      ],
      [
        -5.5543711502105,
        56.09023162163794,
        42.60000000000002
      ],
      [
        -5.5543711502105,
        56.09023162163794,
        42.60000000000002
      ],
      [
        -5.5543711502105,
        56.09023162163794,
        42.60000000000002
      ],
      [
        -5.5543711502105,
        56.09023162163794,
        42.60000000000002
      ],
      [
        -5.5543711502105,
        56.09023162163794,
        42.60000000000002
      ],
      [
        -5.5543711502105,
        56.09023162163794,
        42.60000000000002
      ],
      [
        -5.5543711502105,
        56.09023162163794,
        42.60000000000002
      ],
      [
        -5.5543711502105,
        56.09023162163794,
        42.60000000000002
      ],
      [
        -5.5543711502105,
        56.09023162163794,
        42.60000000000002
      ],
      [
        -5.5543711502105,
        56.09023162163794,
        42.60000000000002
      ],
      [
        -5.5543711502105,
        56.09023162163794,
        42.60000000000002
      ],
      [
        -5.5543711502105,
        56.09023162163794,
        42.60000000000002
      ],
      [
        -5.5543711502105,
        56.09023162163794,
        42.60000000000002
      ],
      [
        -5.5543711502105,
        56.09023162163794,
        42.60000000000002
      ],
      [
        -5.5543711502105,
        56.09023162163794,
        42.60000000000002
      ],
      [
        -5.5543711502105,
        56.09023162163794,
        42.60000000000002
      ],
      [
        -5.5543711502105,
        56.09023162163794,
        42.60000000000002
      ],
      [
        -5.5543711502105,
        56.09023162163794,
        42.60000000000002
      ],
      [
        -5.5543711502105,
        56.09023162163794,
        42.60000000000002
      ],
      [
        -5.5543711502105,
        56.09023162163794,
        42.60000000000002
      ],
      [
        -5.5543711502105,
        56.09023162163794,
        42.60000000000002
      ],
      [
        -5.5543711502105,
        56.09023162163794,
        42.60000000000002
      ],
      [
        -5.5543711502105,
        56.09023162163794,
        42.60000000000002
      ],
      [
        -5.5543711502105,
        56.09023162163794,
        42.60000000000002
      ],
      [
        -5.5543711502105,
        56.09023162163794,
        42.60000000000002
      ],
      [
        -5.5543711502105,
        56.09023162163794,
        42.60000000000002
      ],
      [
        -5.5543711502105,
        56.09023162163794,
        42.60000000000002
      ],
      [
        -5.5543711502105,
        56.09023162163794,
        42.60000000000002
      ],
      [
        -5.5543711502105,
        56.09023162163794,
        42.60000000000002
      ],
      [
        -5.5543711502105,
        56.09023162163794,
        42.60000000000002
      ],
      [
        -5.5543711502105,
        56.09023162163794,
        42.60000000000002
      ],
      [
        -5.5543711502105,
        56.09023162163794,
        42.60000000000002
      ],
      [
        -5.5543711502105,
        56.09023162163794,
        42.60000000000002
      ],
      [
        -5.5543711502105,
        56.09023162163794,
        42.60000000000002
      ],
      [
        -5.5543711502105,
        56.09023162163794,
        42.60000000000002
      ],
      [
        -5.5543711502105,
        56.09023162163794,
        42.60000000000002
      ],
      [
        -5.5543711502105,
        56.09023162163794,
        42.60000000000002
      ],
      [
        -5.5543711502105,
        56.09023162163794,
        42.60000000000002
      ],
      [
        -5.5543711502105,
        56.09023162163794,
        42.60000000000002
      ],
      [
        -5.5543711502105,
        56.09023162163794,
        42.60000000000002
      ],
      [
        -5.5543711502105,
        56.09023162163794,
        42.60000000000002
      ],
      [
        -5.5543711502105,
        56.09023162163794,
        42.60000000000002
      ],
      [
        -5.5543711502105,
        56.09023162163794,
        42.60000000000002
      ],
      [
        -5.5543711502105,
        56.09023162163794,
        42.60000000000002
      ],
      [
        -5.5543711502105,
        56.09023162163794,
        42.60000000000002
      ],
      [
        -5.5543711502105,
        56.09023162163794,
        42.60000000000002
      ],
      [
        -5.5543711502105,
        56.09023162163794,
        42.60000000000002
      ],
      [
        -5.5543711502105,
        56.09023162163794,
        42.60000000000002
      ],
      [
        -5.5543711502105,
        56.09023162163794,
        42.60000000000002
      ],
      [
        -5.5543711502105,
        56.09023162163794,
        42.60000000000002
      ],
      [
        -5.5543724074959755,
        56.09023296274245,
        42.60000000000002
      ],
      [
        -5.554372910410166,
        56.09023313038051,
        42.60000000000002
      ],
      [
        -5.554373329505324,
        56.090233381837606,
        42.60000000000002
      ],
      [
        -5.554373832419515,
        56.09023346565664,
        42.60000000000002
      ],
      [
        -5.554374335333705,
        56.0902336332947,
        42.60000000000002
      ],
      [
        -5.5543747544288635,
        56.0902336332947,
        42.60000000000002
      ],
      [
        -5.554375173524022,
        56.0902336332947,
        42.60000000000002
      ],
      [
        -5.554375508800149,
        56.09023354947567,
        42.60000000000002
      ],
      [
        -5.554375760257244,
        56.090233381837606,
        42.60000000000002
      ],
      [
        -5.554375760257244,
        56.09023304656148,
        42.39999999999998
      ],
      [
        -5.554375592619181,
        56.09023254364729,
        42.39999999999998
      ],
      [
        -5.554375005885959,
        56.090231789276004,
        42.39999999999998
      ],
      [
        -5.55437408387661,
        56.090230867266655,
        42.39999999999998
      ],
      [
        -5.554372658953071,
        56.09022969380021,
        42.39999999999998
      ],
      [
        -5.5543706472963095,
        56.09022818505764,
        42.200000000000045
      ],
      [
        -5.554367797449231,
        56.090226424857974,
        42.200000000000045
      ],
      [
        -5.554364193230867,
        56.09022424556315,
        42.200000000000045
      ],
      [
        -5.554359667003155,
        56.0902217309922,
        42.200000000000045
      ],
      [
        -5.5543541349470615,
        56.09021888114512,
        42.200000000000045
      ],
      [
        -5.554347513243556,
        56.090215696021914,
        42
      ],
      [
        -5.554339801892638,
        56.09021217562258,
        42
      ],
      [
        -5.5543311685323715,
        56.09020831994712,
        42
      ],
      [
        -5.554321529343724,
        56.0902042966336,
        42
      ],
      [
        -5.554311303421855,
        56.09020018950105,
        42
      ],
      [
        -5.554300574585795,
        56.09019599854946,
        42.200000000000045
      ],
      [
        -5.554289678111672,
        56.090191807597876,
        42.200000000000045
      ],
      [
        -5.554278865456581,
        56.09018770046532,
        42.200000000000045
      ],
      [
        -5.554268220439553,
        56.09018359333277,
        42.39999999999998
      ],
      [
        -5.554257910698652,
        56.090179570019245,
        42.39999999999998
      ],
      [
        -5.554247936233878,
        56.090175630524755,
        42.60000000000002
      ],
      [
        -5.554238380864263,
        56.090171774849296,
        42.799999999999955
      ],
      [
        -5.554229076951742,
        56.09016800299287,
        43
      ],
      [
        -5.554220024496317,
        56.09016414731741,
        43.200000000000045
      ],
      [
        -5.554210972040892,
        56.09016037546098,
        43.39999999999998
      ],
      [
        -5.554201919585466,
        56.090156603604555,
        43.60000000000002
      ],
      [
        -5.554192699491978,
        56.090152747929096,
        43.799999999999955
      ],
      [
        -5.554183311760426,
        56.09014889225364,
        43.799999999999955
      ],
      [
        -5.554173672571778,
        56.09014495275915,
        44
      ],
      [
        -5.554164033383131,
        56.090141013264656,
        44.200000000000045
      ],
      [
        -5.55415422655642,
        56.090137073770165,
        44.39999999999998
      ],
      [
        -5.554144335910678,
        56.09013305045664,
        44.60000000000002
      ],
      [
        -5.554134612902999,
        56.09012894332409,
        44.799999999999955
      ],
      [
        -5.55412488989532,
        56.090124836191535,
        45
      ],
      [
        -5.554115418344736,
        56.09012064523995,
        45.200000000000045
      ],
      [
        -5.554106198251247,
        56.09011637046933,
        45.200000000000045
      ],
      [
        -5.554097481071949,
        56.09011201187968,
        45.39999999999998
      ],
      [
        -5.554089182987809,
        56.09010765329003,
        45.60000000000002
      ],
      [
        -5.55408138781786,
        56.09010312706232,
        45.799999999999955
      ],
      [
        -5.554074263200164,
        56.090098433196545,
        46
      ],
      [
        -5.55406772531569,
        56.09009365551174,
        46.200000000000045
      ],
      [
        -5.55406185798347,
        56.0900887940079,
        46.39999999999998
      ],
      [
        -5.554056661203504,
        56.09008368104696,
        46.39999999999998
      ],
      [
        -5.554052134975791,
        56.090078400447965,
        46.60000000000002
      ],
      [
        -5.5540481954813,
        56.09007286839187,
        46.799999999999955
      ],
      [
        -5.5540449265390635,
        56.09006708487868,
        47
      ],
      [
        -5.554042076691985,
        56.0900610499084,
        47.200000000000045
      ],
      [
        -5.554039645940065,
        56.09005467966199,
        47.200000000000045
      ],
      [
        -5.5540375504642725,
        56.09004789032042,
        47.39999999999998
      ],
      [
        -5.554035706445575,
        56.090040765702724,
        47.39999999999998
      ],
      [
        -5.554033862426877,
        56.09003322198987,
        47.39999999999998
      ],
      [
        -5.554031850770116,
        56.090025175362825,
        47.60000000000002
      ],
      [
        -5.554029503837228,
        56.090016793459654,
        47.60000000000002
      ],
      [
        -5.554026821628213,
        56.090007992461324,
        47.39999999999998
      ],
      [
        -5.554023636505008,
        56.08999885618687,
        47.39999999999998
      ],
      [
        -5.554019780829549,
        56.089989552274346,
        47.39999999999998
      ],
      [
        -5.5540154222399,
        56.08997999690473,
        47.200000000000045
      ],
      [
        -5.55401056073606,
        56.08997035771608,
        47
      ],
      [
        -5.554005112498999,
        56.089960634708405,
        46.799999999999955
      ],
      [
        -5.553999245166779,
        56.089950827881694,
        46.60000000000002
      ],
      [
        -5.553992874920368,
        56.089941104874015,
        46.39999999999998
      ],
      [
        -5.553986253216863,
        56.089931381866336,
        46.200000000000045
      ],
      [
        -5.55397929623723,
        56.089921575039625,
        46
      ],
      [
        -5.5539721716195345,
        56.089911852031946,
        45.799999999999955
      ],
      [
        -5.553964963182807,
        56.089902045205235,
        45.60000000000002
      ],
      [
        -5.5539577547460794,
        56.08989232219756,
        45.39999999999998
      ],
      [
        -5.553950630128384,
        56.08988259918988,
        45.200000000000045
      ],
      [
        -5.553943756967783,
        56.08987296000123,
        45
      ],
      [
        -5.553937219083309,
        56.089863404631615,
        44.799999999999955
      ],
      [
        -5.553931184113026,
        56.08985393308103,
        44.60000000000002
      ],
      [
        -5.5539256520569324,
        56.08984462916851,
        44.39999999999998
      ],
      [
        -5.553920706734061,
        56.08983540907502,
        44.39999999999998
      ],
      [
        -5.5539165157824755,
        56.08982644043863,
        44.200000000000045
      ],
      [
        -5.553912911564112,
        56.08981780707836,
        44.200000000000045
      ],
      [
        -5.55390989407897,
        56.08980942517519,
        44.200000000000045
      ],
      [
        -5.553907547146082,
        56.08980146236718,
        44.200000000000045
      ],
      [
        -5.5539056193083525,
        56.08979391865432,
        44.200000000000045
      ],
      [
        -5.553904110565782,
        56.08978679403663,
        44.200000000000045
      ],
      [
        -5.553903020918369,
        56.08978008851409,
        44.39999999999998
      ],
      [
        -5.55390209890902,
        56.08977388590574,
        44.39999999999998
      ],
      [
        -5.553901512175798,
        56.08976801857352,
        44.60000000000002
      ],
      [
        -5.553900925442576,
        56.08976265415549,
        44.60000000000002
      ],
      [
        -5.553900506347418,
        56.08975779265165,
        44.799999999999955
      ],
      [
        -5.5539000034332275,
        56.08975335024297,
        44.799999999999955
      ],
      [
        -5.553899584338069,
        56.08974932692945,
        44.799999999999955
      ],
      [
        -5.553899081423879,
        56.08974580653012,
        45
      ],
      [
        -5.553898494690657,
        56.089742705225945,
        45
      ],
      [
        -5.553897907957435,
        56.08974002301693,
        45
      ],
      [
        -5.553897321224213,
        56.08973767608404,
        45
      ],
      [
        -5.553896734490991,
        56.08973574824631,
        45
      ],
      [
        -5.553896063938737,
        56.08973407186568,
        44.799999999999955
      ],
      [
        -5.553895477205515,
        56.08973264694214,
        44.799999999999955
      ],
      [
        -5.553894890472293,
        56.089731473475695,
        44.60000000000002
      ],
      [
        -5.553894387558103,
        56.08973038382828,
        44.39999999999998
      ],
      [
        -5.553893884643912,
        56.08972946181893,
        44.200000000000045
      ],
      [
        -5.553893381729722,
        56.089728539809585,
        44
      ],
      [
        -5.5538929626345634,
        56.089727617800236,
        43.799999999999955
      ],
      [
        -5.553892543539405,
        56.089726611971855,
        43.60000000000002
      ],
      [
        -5.55389229208231,
        56.089725606143475,
        43.39999999999998
      ],
      [
        -5.553892124444246,
        56.08972443267703,
        43.200000000000045
      ],
      [
        -5.553892124444246,
        56.08972309157252,
        43
      ],
      [
        -5.553892208263278,
        56.089721666648984,
        42.60000000000002
      ],
      [
        -5.553892459720373,
        56.08971999026835,
        42.39999999999998
      ],
      [
        -5.553892711177468,
        56.089718230068684,
        42.200000000000045
      ],
      [
        -5.5538929626345634,
        56.08971621841192,
        42
      ],
      [
        -5.553893046453595,
        56.08971412293613,
        41.799999999999955
      ],
      [
        -5.5538929626345634,
        56.08971185982227,
        41.39999999999998
      ],
      [
        -5.553892543539405,
        56.089709512889385,
        41.200000000000045
      ],
      [
        -5.553891872987151,
        56.089707082137465,
        41
      ],
      [
        -5.553890950977802,
        56.08970448374748,
        40.799999999999955
      ],
      [
        -5.5538896936923265,
        56.08970180153847,
        40.60000000000002
      ],
      [
        -5.553888101130724,
        56.08969903551042,
        40.200000000000045
      ],
      [
        -5.553886340931058,
        56.08969618566334,
        40
      ],
      [
        -5.553884161636233,
        56.0896931681782,
        39.799999999999955
      ],
      [
        -5.553881814703345,
        56.08969015069306,
        39.60000000000002
      ],
      [
        -5.553879048675299,
        56.089686965569854,
        39.39999999999998
      ],
      [
        -5.553875779733062,
        56.08968369662762,
        39.200000000000045
      ],
      [
        -5.553872007876635,
        56.08968026004732,
        39
      ],
      [
        -5.553867733106017,
        56.089676739647985,
        38.799999999999955
      ],
      [
        -5.553862787783146,
        56.08967296779156,
        38.60000000000002
      ],
      [
        -5.553857171908021,
        56.08966902829707,
        38.39999999999998
      ],
      [
        -5.5538511369377375,
        56.08966492116451,
        38.200000000000045
      ],
      [
        -5.553844599053264,
        56.089660646393895,
        38
      ],
      [
        -5.553837725892663,
        56.08965612016618,
        37.799999999999955
      ],
      [
        -5.553830601274967,
        56.089651342481375,
        37.60000000000002
      ],
      [
        -5.553823476657271,
        56.0896463971585,
        37.60000000000002
      ],
      [
        -5.553816352039576,
        56.089641116559505,
        37.39999999999998
      ],
      [
        -5.553809395059943,
        56.08963558450341,
        37.200000000000045
      ],
      [
        -5.553802773356438,
        56.089629800990224,
        37.200000000000045
      ],
      [
        -5.5537966545671225,
        56.08962376601994,
        37
      ],
      [
        -5.553791206330061,
        56.08961747959256,
        37
      ],
      [
        -5.553786596283317,
        56.08961094170809,
        37
      ],
      [
        -5.553782908245921,
        56.08960423618555,
        36.799999999999955
      ],
      [
        -5.553780226036906,
        56.08959744684398,
        36.799999999999955
      ],
      [
        -5.553778549656272,
        56.08959048986435,
        36.60000000000002
      ],
      [
        -5.55377796292305,
        56.08958353288472,
        36.60000000000002
      ],
      [
        -5.553778298199177,
        56.089576575905085,
        36.39999999999998
      ],
      [
        -5.553779639303684,
        56.08956953510642,
        36.39999999999998
      ],
      [
        -5.553781734779477,
        56.08956266194582,
        36.200000000000045
      ],
      [
        -5.553784584626555,
        56.08955578878522,
        36.200000000000045
      ],
      [
        -5.553788021206856,
        56.08954891562462,
        36
      ],
      [
        -5.553791793063283,
        56.08954221010208,
        35.799999999999955
      ],
      [
        -5.553795816376805,
        56.089535588398576,
        35.799999999999955
      ],
      [
        -5.553799923509359,
        56.08952896669507,
        35.60000000000002
      ],
      [
        -5.55380386300385,
        56.089522344991565,
        35.39999999999998
      ],
      [
        -5.553807634860277,
        56.08951580710709,
        35.200000000000045
      ],
      [
        -5.553810987621546,
        56.08950926922262,
        35.200000000000045
      ],
      [
        -5.553813837468624,
        56.08950273133814,
        35
      ],
      [
        -5.553816184401512,
        56.08949610963464,
        34.799999999999955
      ],
      [
        -5.5538178607821465,
        56.089489571750164,
        34.60000000000002
      ],
      [
        -5.553818866610527,
        56.08948286622763,
        34.39999999999998
      ],
      [
        -5.553819118067622,
        56.08947616070509,
        34.200000000000045
      ],
      [
        -5.553818615153432,
        56.08946937136352,
        34
      ],
      [
        -5.55381752550602,
        56.08946249820292,
        33.799999999999955
      ],
      [
        -5.553815849125385,
        56.08945562504232,
        33.60000000000002
      ],
      [
        -5.553813669830561,
        56.08944866806269,
        33.39999999999998
      ],
      [
        -5.5538110714405775,
        56.089441794902086,
        33.200000000000045
      ],
      [
        -5.553808053955436,
        56.089434921741486,
        33.200000000000045
      ],
      [
        -5.553804868832231,
        56.089428048580885,
        33.200000000000045
      ],
      [
        -5.5538013484328985,
        56.08942142687738,
        33
      ],
      [
        -5.553797744214535,
        56.08941497281194,
        33
      ],
      [
        -5.553794139996171,
        56.08940885402262,
        33
      ],
      [
        -5.5537904519587755,
        56.089403154328465,
        33
      ],
      [
        -5.5537869315594435,
        56.089397706091404,
        33
      ],
      [
        -5.553783578798175,
        56.08939276076853,
        33.200000000000045
      ],
      [
        -5.55378039367497,
        56.08938823454082,
        33.200000000000045
      ],
      [
        -5.553777543827891,
        56.089384043589234,
        33.200000000000045
      ],
      [
        -5.553774945437908,
        56.08938035555184,
        33.39999999999998
      ],
      [
        -5.553772682324052,
        56.08937691897154,
        33.39999999999998
      ],
      [
        -5.553770670667291,
        56.0893739014864,
        33.60000000000002
      ],
      [
        -5.553768994286656,
        56.08937113545835,
        33.60000000000002
      ],
      [
        -5.553767653182149,
        56.08936870470643,
        33.799999999999955
      ],
      [
        -5.553766563534737,
        56.089366441592574,
        33.799999999999955
      ],
      [
        -5.5537657253444195,
        56.08936426229775,
        34
      ],
      [
        -5.5537651386111975,
        56.08936225064099,
        34
      ],
      [
        -5.5537645518779755,
        56.08936032280326,
        34.200000000000045
      ],
      [
        -5.5537639651447535,
        56.08935839496553,
        34.200000000000045
      ],
      [
        -5.553763210773468,
        56.0893564671278,
        34.200000000000045
      ],
      [
        -5.553762204945087,
        56.08935453929007,
        34.200000000000045
      ],
      [
        -5.553760780021548,
        56.08935261145234,
        34.200000000000045
      ],
      [
        -5.5537589360028505,
        56.08935068361461,
        34.200000000000045
      ],
      [
        -5.553756505250931,
        56.08934858813882,
        34.200000000000045
      ],
      [
        -5.5537536554038525,
        56.089346408843994,
        34
      ],
      [
        -5.553750218823552,
        56.089344061911106,
        33.799999999999955
      ],
      [
        -5.5537462793290615,
        56.089341547340155,
        33.799999999999955
      ],
      [
        -5.553742004558444,
        56.089338697493076,
        33.60000000000002
      ],
      [
        -5.553737478330731,
        56.08933551236987,
        33.39999999999998
      ],
      [
        -5.553732616826892,
        56.08933199197054,
        33.200000000000045
      ],
      [
        -5.553727671504021,
        56.08932822011411,
        33
      ],
      [
        -5.553722642362118,
        56.089324029162526,
        32.799999999999955
      ],
      [
        -5.553717780858278,
        56.089319586753845,
        32.60000000000002
      ],
      [
        -5.5537130031734705,
        56.08931480906904,
        32.39999999999998
      ],
      [
        -5.553708476945758,
        56.089309863746166,
        32.200000000000045
      ],
      [
        -5.553704118356109,
        56.08930483460426,
        32
      ],
      [
        -5.553700095042586,
        56.08929972164333,
        31.799999999999955
      ],
      [
        -5.553696323186159,
        56.08929452486336,
        31.799999999999955
      ],
      [
        -5.5536929704248905,
        56.08928949572146,
        31.600000000000023
      ],
      [
        -5.553689952939749,
        56.08928446657956,
        31.600000000000023
      ],
      [
        -5.553687270730734,
        56.08927968889475,
        31.600000000000023
      ],
      [
        -5.553684923797846,
        56.089275162667036,
        31.600000000000023
      ],
      [
        -5.553682912141085,
        56.08927097171545,
        31.600000000000023
      ],
      [
        -5.553681151941419,
        56.08926703222096,
        31.600000000000023
      ],
      [
        -5.553679475560784,
        56.089263428002596,
        31.600000000000023
      ],
      [
        -5.553677882999182,
        56.08926024287939,
        31.799999999999955
      ],
      [
        -5.553676458075643,
        56.08925730921328,
        31.799999999999955
      ],
      [
        -5.553675033152103,
        56.0892547108233,
        32
      ],
      [
        -5.553673608228564,
        56.08925244770944,
        32
      ],
      [
        -5.553672183305025,
        56.08925043605268,
        32.200000000000045
      ],
      [
        -5.553670758381486,
        56.089248675853014,
        32.200000000000045
      ],
      [
        -5.553669333457947,
        56.08924708329141,
        32.39999999999998
      ],
      [
        -5.553667908534408,
        56.08924565836787,
        32.39999999999998
      ],
      [
        -5.5536664836108685,
        56.0892444010824,
        32.60000000000002
      ],
      [
        -5.553665058687329,
        56.08924314379692,
        32.60000000000002
      ],
      [
        -5.553663717582822,
        56.08924205414951,
        32.60000000000002
      ],
      [
        -5.553662208840251,
        56.089240964502096,
        32.799999999999955
      ],
      [
        -5.553660783916712,
        56.089239874854684,
        32.799999999999955
      ],
      [
        -5.553659191355109,
        56.0892388690263,
        32.799999999999955
      ],
      [
        -5.553657598793507,
        56.08923777937889,
        33
      ],
      [
        -5.553655838593841,
        56.08923668973148,
        33
      ],
      [
        -5.553653910756111,
        56.089235516265035,
        33
      ],
      [
        -5.553651815280318,
        56.08923425897956,
        33
      ],
      [
        -5.5536493845283985,
        56.08923283405602,
        33
      ],
      [
        -5.553646786138415,
        56.08923124149442,
        33
      ],
      [
        -5.553643852472305,
        56.08922948129475,
        33
      ],
      [
        -5.553640751168132,
        56.08922755345702,
        33
      ],
      [
        -5.553637482225895,
        56.08922554180026,
        33
      ],
      [
        -5.553634213283658,
        56.089223362505436,
        33
      ],
      [
        -5.553630860522389,
        56.08922118321061,
        32.799999999999955
      ],
      [
        -5.553627675399184,
        56.08921900391579,
        32.799999999999955
      ],
      [
        -5.553624574095011,
        56.089216992259026,
        32.799999999999955
      ],
      [
        -5.553621640428901,
        56.089215064421296,
        32.60000000000002
      ],
      [
        -5.5536190420389175,
        56.08921338804066,
        32.60000000000002
      ],
      [
        -5.553616778925061,
        56.08921187929809,
        32.60000000000002
      ],
      [
        -5.5536149349063635,
        56.08921070583165,
        32.60000000000002
      ],
      [
        -5.553613593801856,
        56.0892097838223,
        32.39999999999998
      ],
      [
        -5.553612839430571,
        56.089209113270044,
        32.39999999999998
      ],
      [
        -5.553612755611539,
        56.08920877799392,
        32.39999999999998
      ],
      [
        -5.553613342344761,
        56.089208610355854,
        32.39999999999998
      ],
      [
        -5.553614683449268,
        56.08920877799392,
        32.39999999999998
      ],
      [
        -5.553616611286998,
        56.089209113270044,
        32.39999999999998
      ],
      [
        -5.553619125857949,
        56.0892095323652,
        32.39999999999998
      ],
      [
        -5.553622227162123,
        56.08921020291746,
        32.39999999999998
      ],
      [
        -5.553625747561455,
        56.08921087346971,
        32.39999999999998
      ],
      [
        -5.553629603236914,
        56.08921171166003,
        32.39999999999998
      ],
      [
        -5.5536337941884995,
        56.089212549850345,
        32.39999999999998
      ],
      [
        -5.553637985140085,
        56.08921347185969,
        32.39999999999998
      ],
      [
        -5.553642259910703,
        56.089214477688074,
        32.60000000000002
      ],
      [
        -5.553646367043257,
        56.08921539969742,
        32.60000000000002
      ],
      [
        -5.553650306537747,
        56.089216405525804,
        32.60000000000002
      ],
      [
        -5.553653910756111,
        56.089217411354184,
        32.60000000000002
      ],
      [
        -5.553657179698348,
        56.08921833336353,
        32.60000000000002
      ],
      [
        -5.553660029545426,
        56.08921917155385,
        32.60000000000002
      ],
      [
        -5.553662460297346,
        56.089219842106104,
        32.60000000000002
      ],
      [
        -5.553664471954107,
        56.089220345020294,
        32.60000000000002
      ],
      [
        -5.55366606451571,
        56.08922068029642,
        32.60000000000002
      ],
      [
        -5.5536670703440905,
        56.08922076411545,
        32.60000000000002
      ],
      [
        -5.553667573258281,
        56.08922051265836,
        32.39999999999998
      ],
      [
        -5.553667489439249,
        56.089219842106104,
        32.39999999999998
      ],
      [
        -5.553666818886995,
        56.08921883627772,
        32.39999999999998
      ],
      [
        -5.553665310144424,
        56.089217411354184,
        32.200000000000045
      ],
      [
        -5.553662963211536,
        56.089215483516455,
        32.200000000000045
      ],
      [
        -5.553659610450268,
        56.089213052764535,
        32
      ],
      [
        -5.55365533567965,
        56.089210119098425,
        32
      ],
      [
        -5.553649887442589,
        56.089206682518125,
        31.799999999999955
      ],
      [
        -5.553643349558115,
        56.089202743023634,
        31.799999999999955
      ],
      [
        -5.553635805845261,
        56.08919821679592,
        31.600000000000023
      ],
      [
        -5.553627256304026,
        56.08919327147305,
        31.600000000000023
      ],
      [
        -5.553617952391505,
        56.08918782323599,
        31.399999999999977
      ],
      [
        -5.5536081455647945,
        56.08918187208474,
        31.399999999999977
      ],
      [
        -5.553598087280989,
        56.08917558565736,
        31.200000000000045
      ],
      [
        -5.553587945178151,
        56.08916896395385,
        31.200000000000045
      ],
      [
        -5.553578054532409,
        56.08916192315519,
        31.200000000000045
      ],
      [
        -5.553568582981825,
        56.08915463089943,
        31.200000000000045
      ],
      [
        -5.553559781983495,
        56.089147087186575,
        31.200000000000045
      ],
      [
        -5.553551819175482,
        56.089139292016625,
        31.200000000000045
      ],
      [
        -5.553544694557786,
        56.089131413027644,
        31.200000000000045
      ],
      [
        -5.5535386595875025,
        56.08912345021963,
        31.200000000000045
      ],
      [
        -5.553533714264631,
        56.08911540359259,
        31.399999999999977
      ],
      [
        -5.553529858589172,
        56.08910735696554,
        31.399999999999977
      ],
      [
        -5.5535271763801575,
        56.0890993103385,
        31.600000000000023
      ],
      [
        -5.553525583818555,
        56.08909126371145,
        31.600000000000023
      ],
      [
        -5.553524997085333,
        56.089083133265376,
        31.600000000000023
      ],
      [
        -5.55352533236146,
        56.0890750028193,
        31.799999999999955
      ],
      [
        -5.553526422008872,
        56.08906678855419,
        31.799999999999955
      ],
      [
        -5.55352826602757,
        56.08905849047005,
        31.799999999999955
      ],
      [
        -5.5535306967794895,
        56.08905002474785,
        31.799999999999955
      ],
      [
        -5.5535336304456,
        56.08904130756855,
        31.799999999999955
      ],
      [
        -5.5535368993878365,
        56.08903233893216,
        31.600000000000023
      ],
      [
        -5.5535404197871685,
        56.089023035019636,
        31.600000000000023
      ],
      [
        -5.553544107824564,
        56.08901339583099,
        31.600000000000023
      ],
      [
        -5.553547879680991,
        56.08900325372815,
        31.600000000000023
      ],
      [
        -5.553551567718387,
        56.08899286016822,
        31.399999999999977
      ],
      [
        -5.553555255755782,
        56.088981963694096,
        31.399999999999977
      ],
      [
        -5.553558776155114,
        56.08897081576288,
        31.399999999999977
      ],
      [
        -5.553562128916383,
        56.0889592487365,
        31.200000000000045
      ],
      [
        -5.55356539785862,
        56.08894751407206,
        31.200000000000045
      ],
      [
        -5.553568666800857,
        56.08893561176956,
        31.200000000000045
      ],
      [
        -5.553572019562125,
        56.08892345800996,
        31.200000000000045
      ],
      [
        -5.553575539961457,
        56.08891130425036,
        31
      ],
      [
        -5.5535793118178844,
        56.08889906667173,
        31
      ],
      [
        -5.553583586588502,
        56.0888868290931,
        31
      ],
      [
        -5.553588448092341,
        56.08887459151447,
        31
      ],
      [
        -5.553593980148435,
        56.08886243775487,
        31
      ],
      [
        -5.553600266575813,
        56.0888503678143,
        30.799999999999955
      ],
      [
        -5.553607391193509,
        56.0888384655118,
        30.799999999999955
      ],
      [
        -5.553615437820554,
        56.08882664702833,
        30.799999999999955
      ],
      [
        -5.553624154999852,
        56.08881491236389,
        30.799999999999955
      ],
      [
        -5.553633542731404,
        56.08880334533751,
        30.799999999999955
      ],
      [
        -5.55364360101521,
        56.08879177831113,
        30.799999999999955
      ],
      [
        -5.553654078394175,
        56.08878029510379,
        30.799999999999955
      ],
      [
        -5.553664974868298,
        56.08876872807741,
        30.799999999999955
      ],
      [
        -5.553676122799516,
        56.088757161051035,
        30.799999999999955
      ],
      [
        -5.553687522187829,
        56.088745426386595,
        31
      ],
      [
        -5.553699089214206,
        56.08873360790312,
        31
      ],
      [
        -5.553710823878646,
        56.08872178941965,
        31
      ],
      [
        -5.553722642362118,
        56.088709803298116,
        31.200000000000045
      ],
      [
        -5.553734712302685,
        56.08869773335755,
        31.200000000000045
      ],
      [
        -5.553747033700347,
        56.08868574723601,
        31.399999999999977
      ],
      [
        -5.553759438917041,
        56.08867376111448,
        31.399999999999977
      ],
      [
        -5.553772179409862,
        56.088661858811975,
        31.600000000000023
      ],
      [
        -5.553785087540746,
        56.0886500403285,
        31.799999999999955
      ],
      [
        -5.553798247128725,
        56.088638389483094,
        32
      ],
      [
        -5.5538116581737995,
        56.08862682245672,
        32.200000000000045
      ],
      [
        -5.553825153037906,
        56.088615506887436,
        32.39999999999998
      ],
      [
        -5.553838815540075,
        56.08860444277525,
        32.60000000000002
      ],
      [
        -5.553852394223213,
        56.08859354630113,
        32.799999999999955
      ],
      [
        -5.553865721449256,
        56.08858298510313,
        33
      ],
      [
        -5.553878713399172,
        56.08857275918126,
        33.39999999999998
      ],
      [
        -5.553891118615866,
        56.08856286853552,
        33.60000000000002
      ],
      [
        -5.553902685642242,
        56.088553396984935,
        33.799999999999955
      ],
      [
        -5.553913246840239,
        56.08854442834854,
        34
      ],
      [
        -5.553922718390822,
        56.08853596262634,
        34.200000000000045
      ],
      [
        -5.553931016474962,
        56.08852816745639,
        34.39999999999998
      ],
      [
        -5.553937973454595,
        56.08852104283869,
        34.60000000000002
      ],
      [
        -5.5539435893297195,
        56.088514756411314,
        34.799999999999955
      ],
      [
        -5.553947864100337,
        56.08850914053619,
        35
      ],
      [
        -5.553950713947415,
        56.08850444667041,
        35.200000000000045
      ],
      [
        -5.5539521388709545,
        56.088500674813986,
        35.200000000000045
      ],
      [
        -5.5539521388709545,
        56.088497741147876,
        35.39999999999998
      ],
      [
        -5.553950713947415,
        56.088495729491115,
        35.39999999999998
      ],
      [
        -5.5539480317384005,
        56.08849447220564,
        35.39999999999998
      ],
      [
        -5.55394409224391,
        56.08849388547242,
        35.39999999999998
      ],
      [
        -5.553939063102007,
        56.08849388547242,
        35.39999999999998
      ],
      [
        -5.553933195769787,
        56.08849447220564,
        35.39999999999998
      ],
      [
        -5.553926741704345,
        56.088495310395956,
        35.39999999999998
      ],
      [
        -5.553919868543744,
        56.0884964838624,
        35.39999999999998
      ],
      [
        -5.553912995383143,
        56.08849782496691,
        35.39999999999998
      ],
      [
        -5.553906373679638,
        56.088499166071415,
        35.200000000000045
      ],
      [
        -5.553900171071291,
        56.088500674813986,
        35.200000000000045
      ],
      [
        -5.5538947228342295,
        56.088502099737525,
        35.200000000000045
      ],
      [
        -5.553890112787485,
        56.08850344084203,
        35.200000000000045
      ],
      [
        -5.553886257112026,
        56.08850478194654,
        35.200000000000045
      ],
      [
        -5.553883155807853,
        56.088506039232016,
        35.200000000000045
      ],
      [
        -5.553880808874965,
        56.08850712887943,
        35
      ],
      [
        -5.553879048675299,
        56.08850813470781,
        35
      ],
      [
        -5.553877791389823,
        56.088508972898126,
        35
      ],
      [
        -5.5538770370185375,
        56.08850964345038,
        35
      ],
      [
        -5.553876534104347,
        56.08851031400263,
        35
      ],
      [
        -5.553876366466284,
        56.08851081691682,
        35
      ],
      [
        -5.553876366466284,
        56.08851115219295,
        35
      ],
      [
        -5.553876534104347,
        56.08851148746908,
        35
      ],
      [
        -5.553876869380474,
        56.08851173892617,
        35
      ],
      [
        -5.553877204656601,
        56.088511906564236,
        35
      ],
      [
        -5.553877539932728,
        56.08851199038327,
        35
      ],
      [
        -5.553877875208855,
        56.0885120742023,
        35
      ],
      [
        -5.553878294304013,
        56.0885120742023,
        35
      ],
      [
        -5.55387862958014,
        56.0885120742023,
        35
      ],
      [
        -5.553878964856267,
        56.0885120742023,
        35
      ],
      [
        -5.553879216313362,
        56.0885120742023,
        35
      ],
      [
        -5.553879467770457,
        56.08851199038327,
        35
      ],
      [
        -5.553879719227552,
        56.088511906564236,
        35
      ],
      [
        -5.553879886865616,
        56.088511822745204,
        35
      ],
      [
        -5.553880054503679,
        56.088511822745204,
        35
      ],
      [
        -5.553880054503679,
        56.08851148746908,
        35
      ],
      [
        -5.553880054503679,
        56.08851148746908,
        35
      ],
      [
        -5.553880054503679,
        56.08851148746908,
        35
      ],
      [
        -5.553880054503679,
        56.08851148746908,
        35
      ],
      [
        -5.553880054503679,
        56.08851148746908,
        35
      ],
      [
        -5.553880054503679,
        56.08851148746908,
        35
      ],
      [
        -5.553880054503679,
        56.08851148746908,
        35
      ],
      [
        -5.553880054503679,
        56.08851148746908,
        35
      ],
      [
        -5.553880054503679,
        56.08851148746908,
        35
      ],
      [
        -5.553880054503679,
        56.08851148746908,
        35
      ],
      [
        -5.553880054503679,
        56.08851148746908,
        35
      ],
      [
        -5.553880054503679,
        56.08851148746908,
        35
      ],
      [
        -5.553880054503679,
        56.08851148746908,
        35
      ],
      [
        -5.553880054503679,
        56.08851148746908,
        35
      ],
      [
        -5.553880054503679,
        56.08851148746908,
        35
      ],
      [
        -5.553880054503679,
        56.08851148746908,
        35
      ],
      [
        -5.553880054503679,
        56.08851148746908,
        35
      ],
      [
        -5.553880054503679,
        56.08851148746908,
        35
      ],
      [
        -5.553880054503679,
        56.08851148746908,
        35
      ],
      [
        -5.553880054503679,
        56.08851148746908,
        35
      ],
      [
        -5.553880054503679,
        56.08851148746908,
        35
      ],
      [
        -5.553879970684648,
        56.08851165510714,
        35
      ],
      [
        -5.553880054503679,
        56.08851199038327,
        35
      ],
      [
        -5.553880222141743,
        56.08851224184036,
        35
      ],
      [
        -5.553880389779806,
        56.08851257711649,
        35
      ],
      [
        -5.55388055741787,
        56.08851299621165,
        35
      ],
      [
        -5.553880808874965,
        56.08851341530681,
        35
      ],
      [
        -5.55388106033206,
        56.088513834401965,
        35
      ],
      [
        -5.553881395608187,
        56.088514253497124,
        35
      ],
      [
        -5.553881730884314,
        56.088514756411314,
        35
      ],
      [
        -5.553882149979472,
        56.088515259325504,
        35
      ],
      [
        -5.553882569074631,
        56.088515762239695,
        35
      ],
      [
        -5.553883071988821,
        56.08851618133485,
        35
      ],
      [
        -5.55388349108398,
        56.08851651661098,
        35
      ],
      [
        -5.553883910179138,
        56.088516768068075,
        35
      ],
      [
        -5.553884245455265,
        56.08851685188711,
        35
      ],
      [
        -5.55388449691236,
        56.088516768068075,
        35
      ],
      [
        -5.553884580731392,
        56.08851634897292,
        35
      ],
      [
        -5.55388449691236,
        56.0885155107826,
        35
      ],
      [
        -5.553884077817202,
        56.088514337316155,
        35
      ],
      [
        -5.553883407264948,
        56.08851257711649,
        35
      ],
      [
        -5.553882149979472,
        56.08851014636457,
        35
      ],
      [
        -5.553880389779806,
        56.088506961241364,
        35
      ],
      [
        -5.553878042846918,
        56.088503021746874,
        35
      ],
      [
        -5.553874941542745,
        56.088498160243034,
        35
      ],
      [
        -5.553870918229222,
        56.08849220909178,
        35.200000000000045
      ],
      [
        -5.553866056725383,
        56.08848533593118,
        35.200000000000045
      ],
      [
        -5.553860189393163,
        56.08847737312317,
        35.200000000000045
      ],
      [
        -5.553853316232562,
        56.088468404486775,
        35.39999999999998
      ],
      [
        -5.553845437243581,
        56.08845851384103,
        35.39999999999998
      ],
      [
        -5.553836636245251,
        56.08844795264304,
        35.60000000000002
      ],
      [
        -5.553826997056603,
        56.08843688853085,
        35.799999999999955
      ],
      [
        -5.553816771134734,
        56.08842557296157,
        35.799999999999955
      ],
      [
        -5.553806209936738,
        56.088414173573256,
        36
      ],
      [
        -5.553795481100678,
        56.088402858003974,
        36.200000000000045
      ],
      [
        -5.553784836083651,
        56.08839179389179,
        36.39999999999998
      ],
      [
        -5.55377452634275,
        56.088380897417665,
        36.60000000000002
      ],
      [
        -5.553764635697007,
        56.08837050385773,
        36.799999999999955
      ],
      [
        -5.5537554156035185,
        56.088360445573926,
        37
      ],
      [
        -5.553746949881315,
        56.08835080638528,
        37.200000000000045
      ],
      [
        -5.553739322349429,
        56.08834167011082,
        37.39999999999998
      ],
      [
        -5.553732616826892,
        56.088333036750555,
        37.60000000000002
      ],
      [
        -5.5537268333137035,
        56.08832490630448,
        38
      ],
      [
        -5.553721887990832,
        56.08831727877259,
        38.200000000000045
      ],
      [
        -5.553717780858278,
        56.088310070335865,
        38.39999999999998
      ],
      [
        -5.55371442809701,
        56.088303280994296,
        38.60000000000002
      ],
      [
        -5.553711662068963,
        56.088296910747886,
        38.799999999999955
      ],
      [
        -5.5537094827741385,
        56.088290959596634,
        39
      ],
      [
        -5.553707890212536,
        56.08828542754054,
        39.39999999999998
      ],
      [
        -5.553706800565124,
        56.08828039839864,
        39.60000000000002
      ],
      [
        -5.55370613001287,
        56.08827570453286,
        39.799999999999955
      ],
      [
        -5.553705710917711,
        56.088271513581276,
        39.799999999999955
      ],
      [
        -5.553705375641584,
        56.08826774172485,
        40
      ],
      [
        -5.553705208003521,
        56.08826438896358,
        40.200000000000045
      ],
      [
        -5.553704956546426,
        56.08826137147844,
        40.39999999999998
      ],
      [
        -5.553704621270299,
        56.08825860545039,
        40.60000000000002
      ],
      [
        -5.553704118356109,
        56.08825617469847,
        40.60000000000002
      ],
      [
        -5.553703363984823,
        56.088253827765584,
        40.799999999999955
      ],
      [
        -5.553702441975474,
        56.08825156465173,
        41
      ],
      [
        -5.553701184689999,
        56.08824930153787,
        41.200000000000045
      ],
      [
        -5.553699675947428,
        56.08824687078595,
        41.200000000000045
      ],
      [
        -5.553697915747762,
        56.088244356215,
        41.39999999999998
      ],
      [
        -5.553695820271969,
        56.08824159018695,
        41.60000000000002
      ],
      [
        -5.553693640977144,
        56.08823857270181,
        41.799999999999955
      ],
      [
        -5.5536912102252245,
        56.08823521994054,
        42
      ],
      [
        -5.5536888632923365,
        56.08823161572218,
        42
      ],
      [
        -5.553686432540417,
        56.08822784386575,
        42.200000000000045
      ],
      [
        -5.55368416942656,
        56.08822398819029,
        42.39999999999998
      ],
      [
        -5.553681990131736,
        56.088220132514834,
        42.60000000000002
      ],
      [
        -5.553679810836911,
        56.08821644447744,
        42.799999999999955
      ],
      [
        -5.553677715361118,
        56.08821300789714,
        43
      ],
      [
        -5.553675619885325,
        56.088209990412,
        43
      ],
      [
        -5.5536735244095325,
        56.088207475841045,
        43.200000000000045
      ],
      [
        -5.55367142893374,
        56.088205548003316,
        43.200000000000045
      ],
      [
        -5.553669249638915,
        56.08820412307978,
        43.39999999999998
      ],
      [
        -5.553667237982154,
        56.08820320107043,
        43.39999999999998
      ],
      [
        -5.553665310144424,
        56.08820269815624,
        43.60000000000002
      ],
      [
        -5.55366363376379,
        56.088202530518174,
        43.60000000000002
      ],
      [
        -5.553662208840251,
        56.088202614337206,
        43.60000000000002
      ],
      [
        -5.553661035373807,
        56.08820269815624,
        43.60000000000002
      ],
      [
        -5.5536602810025215,
        56.0882028657943,
        43.60000000000002
      ],
      [
        -5.553659945726395,
        56.0882028657943,
        43.60000000000002
      ],
      [
        -5.553660029545426,
        56.088202614337206,
        43.60000000000002
      ],
      [
        -5.55366070009768,
        56.08820219524205,
        43.60000000000002
      ],
      [
        -5.553661873564124,
        56.08820135705173,
        43.60000000000002
      ],
      [
        -5.553663549944758,
        56.08820001594722,
        43.60000000000002
      ],
      [
        -5.553665813058615,
        56.08819825574756,
        43.60000000000002
      ],
      [
        -5.55366849526763,
        56.08819582499564,
        43.60000000000002
      ],
      [
        -5.5536717642098665,
        56.088192807510495,
        43.60000000000002
      ],
      [
        -5.553675536066294,
        56.088188951835036,
        43.39999999999998
      ],
      [
        -5.553679810836911,
        56.08818434178829,
        43.60000000000002
      ],
      [
        -5.5536844208836555,
        56.08817897737026,
        43.60000000000002
      ],
      [
        -5.553689366206527,
        56.08817269094288,
        43.60000000000002
      ],
      [
        -5.55369439534843,
        56.08816565014422,
        43.60000000000002
      ],
      [
        -5.553699508309364,
        56.0881579387933,
        43.60000000000002
      ],
      [
        -5.553704537451267,
        56.08814955689013,
        43.799999999999955
      ],
      [
        -5.553709147498012,
        56.0881407558918,
        43.799999999999955
      ],
      [
        -5.553713338449597,
        56.08813161961734,
        44
      ],
      [
        -5.553716858848929,
        56.08812231570482,
        44
      ],
      [
        -5.553719541057944,
        56.0881130117923,
        44.200000000000045
      ],
      [
        -5.553721385076642,
        56.08810395933688,
        44.200000000000045
      ],
      [
        -5.553722223266959,
        56.08809524215758,
        44.39999999999998
      ],
      [
        -5.553721971809864,
        56.08808702789247,
        44.39999999999998
      ],
      [
        -5.553720546886325,
        56.08807956799865,
        44.39999999999998
      ],
      [
        -5.553717780858278,
        56.088073030114174,
        44.39999999999998
      ],
      [
        -5.553713673725724,
        56.08806741423905,
        44.39999999999998
      ],
      [
        -5.553708225488663,
        56.08806297183037,
        44.39999999999998
      ],
      [
        -5.553701436147094,
        56.08805970288813,
        44.200000000000045
      ],
      [
        -5.553693473339081,
        56.08805752359331,
        44.200000000000045
      ],
      [
        -5.5536844208836555,
        56.08805660158396,
        44
      ],
      [
        -5.553674530237913,
        56.08805676922202,
        43.799999999999955
      ],
      [
        -5.553663969039917,
        56.08805785886943,
        43.60000000000002
      ],
      [
        -5.553652904927731,
        56.088059870526195,
        43.200000000000045
      ],
      [
        -5.553641505539417,
        56.08806263655424,
        43
      ],
      [
        -5.5536299385130405,
        56.088065821677446,
        42.60000000000002
      ],
      [
        -5.553618287667632,
        56.08806942589581,
        42.39999999999998
      ],
      [
        -5.553606804460287,
        56.08807319775224,
        42
      ],
      [
        -5.553595405071974,
        56.088076969608665,
        41.799999999999955
      ],
      [
        -5.553584173321724,
        56.08808057382703,
        41.39999999999998
      ],
      [
        -5.5535731092095375,
        56.0880839265883,
        41.200000000000045
      ],
      [
        -5.553562380373478,
        56.088086776435375,
        41
      ],
      [
        -5.553551819175482,
        56.088089207187295,
        40.799999999999955
      ],
      [
        -5.553541509434581,
        56.088091135025024,
        40.60000000000002
      ],
      [
        -5.553531534969807,
        56.088092559948564,
        40.39999999999998
      ],
      [
        -5.553521979600191,
        56.08809348195791,
        40.39999999999998
      ],
      [
        -5.553512927144766,
        56.0880939848721,
        40.39999999999998
      ],
      [
        -5.553504377603531,
        56.088094152510166,
        40.200000000000045
      ],
      [
        -5.553496666252613,
        56.0880939848721,
        40.200000000000045
      ],
      [
        -5.553489709272981,
        56.088093565776944,
        40.200000000000045
      ],
      [
        -5.553483841940761,
        56.08809297904372,
        40.39999999999998
      ],
      [
        -5.553478980436921,
        56.08809222467244,
        40.39999999999998
      ],
      [
        -5.553475124761462,
        56.08809138648212,
        40.39999999999998
      ],
      [
        -5.553472358733416,
        56.088090632110834,
        40.39999999999998
      ],
      [
        -5.553470430895686,
        56.08808979392052,
        40.60000000000002
      ],
      [
        -5.553469341248274,
        56.08808912336826,
        40.60000000000002
      ],
      [
        -5.553469005972147,
        56.08808845281601,
        40.799999999999955
      ],
      [
        -5.55346917361021,
        56.08808803372085,
        40.799999999999955
      ],
      [
        -5.553469676524401,
        56.08808761462569,
        40.799999999999955
      ],
      [
        -5.553470514714718,
        56.08808744698763,
        40.799999999999955
      ],
      [
        -5.5534715205430984,
        56.088087279349566,
        41
      ],
      [
        -5.5534726940095425,
        56.088087279349566,
        41
      ],
      [
        -5.553473783656955,
        56.088087279349566,
        41
      ],
      [
        -5.553474789485335,
        56.0880873631686,
        41
      ],
      [
        -5.553475795313716,
        56.08808753080666,
        41.200000000000045
      ],
      [
        -5.553476717323065,
        56.08808761462569,
        41.200000000000045
      ],
      [
        -5.55347747169435,
        56.088087782263756,
        41.200000000000045
      ],
      [
        -5.553478142246604,
        56.08808794990182,
        41.200000000000045
      ],
      [
        -5.553478728979826,
        56.08808811753988,
        41.200000000000045
      ],
      [
        -5.5534791480749846,
        56.088088285177946,
        41.200000000000045
      ],
      [
        -5.553479567170143,
        56.08808845281601,
        41.200000000000045
      ],
      [
        -5.553479818627238,
        56.08808853663504,
        41.200000000000045
      ],
      [
        -5.553480070084333,
        56.088088704273105,
        41.200000000000045
      ],
      [
        -5.553480153903365,
        56.088088788092136,
        41.200000000000045
      ],
      [
        -5.553480237722397,
        56.08808887191117,
        41.200000000000045
      ],
      [
        -5.553480321541429,
        56.0880889557302,
        41.200000000000045
      ],
      [
        -5.553480321541429,
        56.08808903954923,
        41.200000000000045
      ],
      [
        -5.553480321541429,
        56.08808912336826,
        41.200000000000045
      ],
      [
        -5.553480321541429,
        56.08808912336826,
        41.200000000000045
      ],
      [
        -5.553479734808207,
        56.08808903954923,
        41.200000000000045
      ],
      [
        -5.553479650989175,
        56.08808903954923,
        41.200000000000045
      ],
      [
        -5.553479650989175,
        56.08808912336826,
        41.200000000000045
      ],
      [
        -5.553479650989175,
        56.08808912336826,
        41.200000000000045
      ],
      [
        -5.553479650989175,
        56.08808912336826,
        41.200000000000045
      ],
      [
        -5.553479650989175,
        56.08808912336826,
        41.200000000000045
      ],
      [
        -5.553479650989175,
        56.088089207187295,
        41.200000000000045
      ],
      [
        -5.553479650989175,
        56.088089207187295,
        41.200000000000045
      ],
      [
        -5.553479650989175,
        56.088089207187295,
        41.200000000000045
      ],
      [
        -5.553479734808207,
        56.08808929100633,
        41.200000000000045
      ],
      [
        -5.553479818627238,
        56.08808937482536,
        41.200000000000045
      ],
      [
        -5.55347990244627,
        56.08808937482536,
        41.200000000000045
      ],
      [
        -5.553480070084333,
        56.08808945864439,
        41.200000000000045
      ],
      [
        -5.553480237722397,
        56.08808945864439,
        41.200000000000045
      ],
      [
        -5.55348040536046,
        56.08808954246342,
        41.200000000000045
      ],
      [
        -5.553480656817555,
        56.08808962628245,
        41.200000000000045
      ],
      [
        -5.553480992093682,
        56.08808962628245,
        41.200000000000045
      ],
      [
        -5.553481327369809,
        56.088089710101485,
        41.200000000000045
      ],
      [
        -5.553481662645936,
        56.088089710101485,
        41.200000000000045
      ],
      [
        -5.553482081741095,
        56.088089710101485,
        41.200000000000045
      ],
      [
        -5.553482500836253,
        56.088089710101485,
        41.200000000000045
      ],
      [
        -5.5534830037504435,
        56.08808962628245,
        41.200000000000045
      ],
      [
        -5.55348333902657,
        56.08808954246342,
        41.200000000000045
      ],
      [
        -5.553483758121729,
        56.08808937482536,
        41.200000000000045
      ],
      [
        -5.553484009578824,
        56.08808912336826,
        41.200000000000045
      ],
      [
        -5.5534841772168875,
        56.088088788092136,
        41.200000000000045
      ],
      [
        -5.553484093397856,
        56.08808836899698,
        41.200000000000045
      ],
      [
        -5.553483758121729,
        56.08808794990182,
        41.200000000000045
      ],
      [
        -5.553483087569475,
        56.0880873631686,
        41.200000000000045
      ],
      [
        -5.553481997922063,
        56.08808660879731,
        41.200000000000045
      ],
      [
        -5.553480321541429,
        56.088085854426026,
        41.200000000000045
      ],
      [
        -5.5534779746085405,
        56.08808493241668,
        41.200000000000045
      ],
      [
        -5.553474873304367,
        56.0880839265883,
        41.200000000000045
      ],
      [
        -5.553470933809876,
        56.088082836940885,
        41.200000000000045
      ],
      [
        -5.553465988487005,
        56.08808166347444,
        41.200000000000045
      ],
      [
        -5.553460037335753,
        56.088080406188965,
        41
      ],
      [
        -5.553453080356121,
        56.08807923272252,
        41
      ],
      [
        -5.553444949910045,
        56.08807805925608,
        41
      ],
      [
        -5.553435897454619,
        56.088077053427696,
        40.799999999999955
      ],
      [
        -5.553426090627909,
        56.08807629905641,
        40.799999999999955
      ],
      [
        -5.553415613248944,
        56.08807579614222,
        40.60000000000002
      ],
      [
        -5.553404884412885,
        56.08807562850416,
        40.60000000000002
      ],
      [
        -5.553394071757793,
        56.08807579614222,
        40.39999999999998
      ],
      [
        -5.553383426740766,
        56.08807621523738,
        40.39999999999998
      ],
      [
        -5.553373033180833,
        56.08807688578963,
        40.200000000000045
      ],
      [
        -5.5533631425350904,
        56.08807764016092,
        40
      ],
      [
        -5.55335383862257,
        56.08807856217027,
        40
      ],
      [
        -5.553345121443272,
        56.088079484179616,
        39.799999999999955
      ],
      [
        -5.553337074816227,
        56.08808032236993,
        39.799999999999955
      ],
      [
        -5.553329866379499,
        56.08808124437928,
        39.799999999999955
      ],
      [
        -5.553323328495026,
        56.0880820825696,
        39.799999999999955
      ],
      [
        -5.553317628800869,
        56.088082920759916,
        39.60000000000002
      ],
      [
        -5.553312599658966,
        56.0880836751312,
        39.60000000000002
      ],
      [
        -5.553308241069317,
        56.08808442950249,
        39.60000000000002
      ],
      [
        -5.553304385393858,
        56.08808510005474,
        39.60000000000002
      ],
      [
        -5.553300948813558,
        56.08808568678796,
        39.39999999999998
      ],
      [
        -5.553297763690352,
        56.088086273521185,
        39.39999999999998
      ],
      [
        -5.553294913843274,
        56.088086776435375,
        39.39999999999998
      ],
      [
        -5.5532921478152275,
        56.088087195530534,
        39.200000000000045
      ],
      [
        -5.553289549425244,
        56.08808761462569,
        39.200000000000045
      ],
      [
        -5.553286951035261,
        56.08808786608279,
        39
      ],
      [
        -5.553284352645278,
        56.08808811753988,
        39
      ],
      [
        -5.553281754255295,
        56.08808811753988,
        38.799999999999955
      ],
      [
        -5.553279239684343,
        56.08808803372085,
        38.799999999999955
      ],
      [
        -5.55327664129436,
        56.088087782263756,
        38.60000000000002
      ],
      [
        -5.553274126723409,
        56.088087279349566,
        38.39999999999998
      ],
      [
        -5.553271612152457,
        56.08808644115925,
        38.39999999999998
      ],
      [
        -5.553269265219569,
        56.088085351511836,
        38.200000000000045
      ],
      [
        -5.553266918286681,
        56.0880839265883,
        38.200000000000045
      ],
      [
        -5.553264738991857,
        56.08808216638863,
        38
      ],
      [
        -5.553262643516064,
        56.08808007091284,
        38
      ],
      [
        -5.5532606318593025,
        56.08807764016092,
        37.799999999999955
      ],
      [
        -5.553258620202541,
        56.08807487413287,
        37.799999999999955
      ],
      [
        -5.553256692364812,
        56.08807194046676,
        37.799999999999955
      ],
      [
        -5.553254680708051,
        56.088068755343556,
        37.60000000000002
      ],
      [
        -5.553252836689353,
        56.08806540258229,
        37.60000000000002
      ],
      [
        -5.5532509088516235,
        56.08806196600199,
        37.60000000000002
      ],
      [
        -5.553249064832926,
        56.08805827796459,
        37.60000000000002
      ],
      [
        -5.55324730463326,
        56.0880545899272,
        37.39999999999998
      ],
      [
        -5.5532456282526255,
        56.0880509018898,
        37.39999999999998
      ],
      [
        -5.553244035691023,
        56.088047213852406,
        37.39999999999998
      ],
      [
        -5.553242610767484,
        56.08804360963404,
        37.39999999999998
      ],
      [
        -5.553241353482008,
        56.08804017305374,
        37.200000000000045
      ],
      [
        -5.553240347653627,
        56.088036987930536,
        37.200000000000045
      ],
      [
        -5.55323950946331,
        56.088033970445395,
        37.200000000000045
      ],
      [
        -5.553238922730088,
        56.08803128823638,
        37
      ],
      [
        -5.553238671272993,
        56.08802885748446,
        37
      ],
      [
        -5.553238671272993,
        56.088026678189635,
        36.799999999999955
      ],
      [
        -5.553238922730088,
        56.088024750351906,
        36.799999999999955
      ],
      [
        -5.5532394256442785,
        56.08802307397127,
        36.60000000000002
      ],
      [
        -5.553240180015564,
        56.08802164904773,
        36.60000000000002
      ],
      [
        -5.553240934386849,
        56.08802039176226,
        36.39999999999998
      ],
      [
        -5.553241772577167,
        56.088019385933876,
        36.39999999999998
      ],
      [
        -5.553242275491357,
        56.08801854774356,
        36.200000000000045
      ],
      [
        -5.553242526948452,
        56.08801779337227,
        36.200000000000045
      ],
      [
        -5.553242024034262,
        56.08801720663905,
        36
      ],
      [
        -5.553240766748786,
        56.0880165360868,
        36
      ],
      [
        -5.553238419815898,
        56.08801578171551,
        35.799999999999955
      ],
      [
        -5.553234815597534,
        56.08801477588713,
        35.799999999999955
      ],
      [
        -5.553229954093695,
        56.08801360242069,
        35.60000000000002
      ],
      [
        -5.553223583847284,
        56.08801209367812,
        35.60000000000002
      ],
      [
        -5.553215788677335,
        56.08801024965942,
        35.39999999999998
      ],
      [
        -5.553206820040941,
        56.088008070364594,
        35.39999999999998
      ],
      [
        -5.553196594119072,
        56.08800555579364,
        35.39999999999998
      ],
      [
        -5.553185446187854,
        56.088002705946565,
        35.200000000000045
      ],
      [
        -5.55317354388535,
        56.08799960464239,
        35.200000000000045
      ],
      [
        -5.553160971030593,
        56.087996419519186,
        35
      ],
      [
        -5.553148062899709,
        56.087992982938886,
        35
      ],
      [
        -5.553134987130761,
        56.08798937872052,
        34.799999999999955
      ],
      [
        -5.553121995180845,
        56.08798577450216,
        34.799999999999955
      ],
      [
        -5.553109338507056,
        56.08798208646476,
        34.799999999999955
      ],
      [
        -5.553097352385521,
        56.08797839842737,
        34.60000000000002
      ],
      [
        -5.553086455911398,
        56.087974794209,
        34.60000000000002
      ],
      [
        -5.553076900541782,
        56.08797110617161,
        34.60000000000002
      ],
      [
        -5.553069105371833,
        56.087967585772276,
        34.60000000000002
      ],
      [
        -5.553063238039613,
        56.087964065372944,
        34.60000000000002
      ],
      [
        -5.553059466183186,
        56.08796062879264,
        34.60000000000002
      ],
      [
        -5.553057873621583,
        56.08795719221234,
        34.39999999999998
      ],
      [
        -5.553058460354805,
        56.08795375563204,
        34.39999999999998
      ],
      [
        -5.553060891106725,
        56.08795031905174,
        34.60000000000002
      ],
      [
        -5.553064914420247,
        56.087946966290474,
        34.60000000000002
      ],
      [
        -5.553070111200213,
        56.08794369734824,
        34.60000000000002
      ],
      [
        -5.553076062351465,
        56.087940596044064,
        34.60000000000002
      ],
      [
        -5.553082432597876,
        56.087937746196985,
        34.60000000000002
      ],
      [
        -5.553088719025254,
        56.08793506398797,
        34.799999999999955
      ],
      [
        -5.553094502538443,
        56.087932884693146,
        34.799999999999955
      ],
      [
        -5.5530995316803455,
        56.087930956855416,
        34.799999999999955
      ],
      [
        -5.553103387355804,
        56.08792961575091,
        35
      ],
      [
        -5.5531057342886925,
        56.08792869374156,
        35
      ],
      [
        -5.553106656298041,
        56.0879282746464,
        35
      ],
      [
        -5.553105901926756,
        56.0879282746464,
        35
      ],
      [
        -5.553103722631931,
        56.08792869374156,
        35
      ],
      [
        -5.553100453689694,
        56.087929364293814,
        35
      ],
      [
        -5.553096514195204,
        56.08793020248413,
        34.799999999999955
      ],
      [
        -5.553092323243618,
        56.08793112449348,
        34.799999999999955
      ],
      [
        -5.553088383749127,
        56.08793204650283,
        34.60000000000002
      ],
      [
        -5.553085198625922,
        56.087932884693146,
        34.60000000000002
      ],
      [
        -5.553083019331098,
        56.0879335552454,
        34.39999999999998
      ],
      [
        -5.5530821811407804,
        56.08793397434056,
        34.39999999999998
      ],
      [
        -5.553083019331098,
        56.08793405815959,
        34.200000000000045
      ],
      [
        -5.553085617721081,
        56.087933806702495,
        34
      ],
      [
        -5.553090227767825,
        56.08793305233121,
        34
      ],
      [
        -5.553096849471331,
        56.08793179504573,
        33.799999999999955
      ],
      [
        -5.553105482831597,
        56.087929951027036,
        33.60000000000002
      ],
      [
        -5.553116127848625,
        56.087927436456084,
        33.60000000000002
      ],
      [
        -5.553128449246287,
        56.08792425133288,
        33.60000000000002
      ],
      [
        -5.55314227938652,
        56.08792031183839,
        33.60000000000002
      ],
      [
        -5.553157199174166,
        56.087915701791644,
        33.60000000000002
      ],
      [
        -5.5531728733330965,
        56.087910337373614,
        33.60000000000002
      ],
      [
        -5.553188966587186,
        56.0879042185843,
        33.60000000000002
      ],
      [
        -5.553205227479339,
        56.087897596880794,
        33.799999999999955
      ],
      [
        -5.553221236914396,
        56.087890304625034,
        33.799999999999955
      ],
      [
        -5.553236911073327,
        56.08788259327412,
        34
      ],
      [
        -5.5532520823180676,
        56.08787429518998,
        34.200000000000045
      ],
      [
        -5.553266583010554,
        56.08786566182971,
        34.39999999999998
      ],
      [
        -5.553280413150787,
        56.08785669319332,
        34.60000000000002
      ],
      [
        -5.553293405100703,
        56.087847389280796,
        34.799999999999955
      ],
      [
        -5.553305726498365,
        56.08783775009215,
        35
      ],
      [
        -5.55331720970571,
        56.08782802708447,
        35.200000000000045
      ],
      [
        -5.55332793854177,
        56.087817968800664,
        35.39999999999998
      ],
      [
        -5.553337913006544,
        56.087807826697826,
        35.60000000000002
      ],
      [
        -5.553347300738096,
        56.087797433137894,
        35.799999999999955
      ],
      [
        -5.553356101736426,
        56.0877868719399,
        36.200000000000045
      ],
      [
        -5.5533643160015345,
        56.0877763107419,
        36.39999999999998
      ],
      [
        -5.553372278809547,
        56.08776558190584,
        36.60000000000002
      ],
      [
        -5.5533799063414335,
        56.08775485306978,
        36.799999999999955
      ],
      [
        -5.553387450054288,
        56.087744208052754,
        37
      ],
      [
        -5.553394909948111,
        56.087733479216695,
        37.39999999999998
      ],
      [
        -5.553402453660965,
        56.0877229180187,
        37.60000000000002
      ],
      [
        -5.553410081192851,
        56.087712440639734,
        37.799999999999955
      ],
      [
        -5.553418044000864,
        56.08770213089883,
        38
      ],
      [
        -5.553426342085004,
        56.08769207261503,
        38.39999999999998
      ],
      [
        -5.553435059264302,
        56.08768209815025,
        38.60000000000002
      ],
      [
        -5.553444195538759,
        56.087672458961606,
        39
      ],
      [
        -5.553453750908375,
        56.08766290359199,
        39.200000000000045
      ],
      [
        -5.553463893011212,
        56.08765359967947,
        39.60000000000002
      ],
      [
        -5.5534744542092085,
        56.08764446340501,
        39.799999999999955
      ],
      [
        -5.553485518321395,
        56.08763549476862,
        40.200000000000045
      ],
      [
        -5.5534968338906765,
        56.08762669377029,
        40.60000000000002
      ],
      [
        -5.553508568555117,
        56.08761806041002,
        40.799999999999955
      ],
      [
        -5.55352047085762,
        56.08760959468782,
        41.200000000000045
      ],
      [
        -5.553532540798187,
        56.08760121278465,
        41.60000000000002
      ],
      [
        -5.553544778376818,
        56.08759291470051,
        41.799999999999955
      ],
      [
        -5.553557015955448,
        56.0875847004354,
        42.200000000000045
      ],
      [
        -5.553569253534079,
        56.08757648617029,
        42.39999999999998
      ],
      [
        -5.553581323474646,
        56.087568271905184,
        42.799999999999955
      ],
      [
        -5.553593393415213,
        56.087560057640076,
        43
      ],
      [
        -5.553605379536748,
        56.08755184337497,
        43.200000000000045
      ],
      [
        -5.55361719802022,
        56.087543461471796,
        43.39999999999998
      ],
      [
        -5.553629016503692,
        56.087535079568624,
        43.60000000000002
      ],
      [
        -5.553640751168132,
        56.08752669766545,
        43.799999999999955
      ],
      [
        -5.553652485832572,
        56.08751823194325,
        44
      ],
      [
        -5.553664220497012,
        56.087509682402015,
        44.200000000000045
      ],
      [
        -5.553675955161452,
        56.08750113286078,
        44.39999999999998
      ],
      [
        -5.553687606006861,
        56.08749249950051,
        44.60000000000002
      ],
      [
        -5.553699089214206,
        56.087483866140246,
        44.60000000000002
      ],
      [
        -5.553710488602519,
        56.08747514896095,
        44.799999999999955
      ],
      [
        -5.553721636533737,
        56.08746643178165,
        45
      ],
      [
        -5.55373253300786,
        56.08745771460235,
        45.200000000000045
      ],
      [
        -5.5537433456629515,
        56.08744899742305,
        45.200000000000045
      ],
      [
        -5.553754074499011,
        56.087440364062786,
        45.39999999999998
      ],
      [
        -5.553764803335071,
        56.08743173070252,
        45.60000000000002
      ],
      [
        -5.553775699809194,
        56.087423264980316,
        45.799999999999955
      ],
      [
        -5.5537869315594435,
        56.087414966896176,
        46
      ],
      [
        -5.55379849858582,
        56.08740675263107,
        46.200000000000045
      ],
      [
        -5.553810568526387,
        56.08739870600402,
        46.200000000000045
      ],
      [
        -5.55382339283824,
        56.087390910834074,
        46.39999999999998
      ],
      [
        -5.553836803883314,
        56.08738336712122,
        46.60000000000002
      ],
      [
        -5.553851053118706,
        56.08737607486546,
        47
      ],
      [
        -5.553865972906351,
        56.08736886642873,
        47.200000000000045
      ],
      [
        -5.55388156324625,
        56.08736182563007,
        47.39999999999998
      ],
      [
        -5.5538976565003395,
        56.087354784831405,
        47.60000000000002
      ],
      [
        -5.553914168849587,
        56.08734782785177,
        47.799999999999955
      ],
      [
        -5.5539309326559305,
        56.08734070323408,
        48
      ],
      [
        -5.553947864100337,
        56.08733349479735,
        48.39999999999998
      ],
      [
        -5.553964711725712,
        56.08732611872256,
        48.60000000000002
      ],
      [
        -5.553981391713023,
        56.087318575009704,
        48.799999999999955
      ],
      [
        -5.553997820243239,
        56.087310779839754,
        49.200000000000045
      ],
      [
        -5.554013662040234,
        56.08730273321271,
        49.39999999999998
      ],
      [
        -5.5540290009230375,
        56.08729443512857,
        49.799999999999955
      ],
      [
        -5.554043585434556,
        56.087285885587335,
        50
      ],
      [
        -5.554057499393821,
        56.087277084589005,
        50.39999999999998
      ],
      [
        -5.5540706589818,
        56.08726811595261,
        50.60000000000002
      ],
      [
        -5.554082980379462,
        56.087258979678154,
        51
      ],
      [
        -5.554094631224871,
        56.087249675765634,
        51.200000000000045
      ],
      [
        -5.554105527698994,
        56.08724028803408,
        51.60000000000002
      ],
      [
        -5.554115753620863,
        56.0872308164835,
        51.799999999999955
      ],
      [
        -5.554125225171447,
        56.08722117729485,
        52.200000000000045
      ],
      [
        -5.554134109988809,
        56.0872115381062,
        52.39999999999998
      ],
      [
        -5.5541424080729485,
        56.08720173127949,
        52.60000000000002
      ],
      [
        -5.55415028706193,
        56.08719175681472,
        52.799999999999955
      ],
      [
        -5.554157914593816,
        56.087181782349944,
        53
      ],
      [
        -5.554165206849575,
        56.08717164024711,
        53.200000000000045
      ],
      [
        -5.554172331467271,
        56.08716141432524,
        53.200000000000045
      ],
      [
        -5.554179288446903,
        56.087151020765305,
        53.39999999999998
      ],
      [
        -5.554186161607504,
        56.08714062720537,
        53.60000000000002
      ],
      [
        -5.554192950949073,
        56.087129982188344,
        53.799999999999955
      ],
      [
        -5.554199572652578,
        56.087119337171316,
        54
      ],
      [
        -5.554205942898989,
        56.08710844069719,
        54
      ],
      [
        -5.554212145507336,
        56.08709746040404,
        54.200000000000045
      ],
      [
        -5.554218012839556,
        56.08708631247282,
        54.39999999999998
      ],
      [
        -5.554223544895649,
        56.08707499690354,
        54.60000000000002
      ],
      [
        -5.554228657856584,
        56.08706342987716,
        54.799999999999955
      ],
      [
        -5.554233435541391,
        56.08705177903175,
        55
      ],
      [
        -5.554237710312009,
        56.08704004436731,
        55.200000000000045
      ],
      [
        -5.554241733625531,
        56.08702822588384,
        55.39999999999998
      ],
      [
        -5.55424558930099,
        56.08701632358134,
        55.60000000000002
      ],
      [
        -5.554249277338386,
        56.087004505097866,
        55.799999999999955
      ],
      [
        -5.5542531330138445,
        56.086992770433426,
        56
      ],
      [
        -5.554257156327367,
        56.08698111958802,
        56.200000000000045
      ],
      [
        -5.554261598736048,
        56.086969720199704,
        56.39999999999998
      ],
      [
        -5.554266544058919,
        56.08695865608752,
        56.60000000000002
      ],
      [
        -5.554272076115012,
        56.086947759613395,
        56.799999999999955
      ],
      [
        -5.554278362542391,
        56.08693728223443,
        57.200000000000045
      ],
      [
        -5.554285570979118,
        56.08692714013159,
        57.39999999999998
      ],
      [
        -5.554293617606163,
        56.086917417123914,
        57.60000000000002
      ],
      [
        -5.554302670061588,
        56.08690811321139,
        58
      ],
      [
        -5.554312560707331,
        56.08689922839403,
        58.200000000000045
      ],
      [
        -5.55432328954339,
        56.08689084649086,
        58.39999999999998
      ],
      [
        -5.554334605112672,
        56.08688296750188,
        58.799999999999955
      ],
      [
        -5.554346339777112,
        56.08687559142709,
        59
      ],
      [
        -5.554358242079616,
        56.08686880208552,
        59.200000000000045
      ],
      [
        -5.554370144382119,
        56.08686251565814,
        59.39999999999998
      ],
      [
        -5.554381627589464,
        56.08685681596398,
        59.60000000000002
      ],
      [
        -5.554392524063587,
        56.08685170300305,
        59.799999999999955
      ],
      [
        -5.554402582347393,
        56.08684726059437,
        60
      ],
      [
        -5.554411467164755,
        56.08684348873794,
        60
      ],
      [
        -5.554419178515673,
        56.08684038743377,
        60
      ],
      [
        -5.554425548762083,
        56.08683795668185,
        60.200000000000045
      ],
      [
        -5.554430577903986,
        56.08683619648218,
        60.200000000000045
      ],
      [
        -5.5544342659413815,
        56.08683510683477,
        60
      ],
      [
        -5.554436864331365,
        56.08683452010155,
        60
      ],
      [
        -5.554438708350062,
        56.08683426864445,
        59.799999999999955
      ],
      [
        -5.554440217092633,
        56.086834352463484,
        59.799999999999955
      ],
      [
        -5.554441809654236,
        56.08683452010155,
        59.60000000000002
      ],
      [
        -5.554443821310997,
        56.08683460392058,
        59.39999999999998
      ],
      [
        -5.554446587339044,
        56.08683468773961,
        59.39999999999998
      ],
      [
        -5.554450359195471,
        56.086834436282516,
        59.200000000000045
      ],
      [
        -5.554455388337374,
        56.086833933368325,
        59
      ],
      [
        -5.554461674764752,
        56.086833011358976,
        58.799999999999955
      ],
      [
        -5.55446938611567,
        56.08683183789253,
        58.799999999999955
      ],
      [
        -5.554478270933032,
        56.0868301615119,
        58.60000000000002
      ],
      [
        -5.554488245397806,
        56.08682814985514,
        58.60000000000002
      ],
      [
        -5.5544990580528975,
        56.08682588674128,
        58.60000000000002
      ],
      [
        -5.554510205984116,
        56.0868232883513,
        58.60000000000002
      ],
      [
        -5.554521521553397,
        56.08682043850422,
        58.39999999999998
      ],
      [
        -5.554532669484615,
        56.08681750483811,
        58.39999999999998
      ],
      [
        -5.55454314686358,
        56.086814403533936,
        58.39999999999998
      ],
      [
        -5.5545529536902905,
        56.08681130222976,
        58.39999999999998
      ],
      [
        -5.554561838507652,
        56.08680811710656,
        58.39999999999998
      ],
      [
        -5.5545697174966335,
        56.08680493198335,
        58.39999999999998
      ],
      [
        -5.554576674476266,
        56.08680174686015,
        58.39999999999998
      ],
      [
        -5.554582709446549,
        56.08679856173694,
        58.200000000000045
      ],
      [
        -5.5545879900455475,
        56.086795376613736,
        58.200000000000045
      ],
      [
        -5.5545926839113235,
        56.08679219149053,
        58.200000000000045
      ],
      [
        -5.554596874862909,
        56.086789006367326,
        58
      ],
      [
        -5.554600730538368,
        56.08678590506315,
        58
      ],
      [
        -5.554604334756732,
        56.08678297139704,
        57.799999999999955
      ],
      [
        -5.554607938975096,
        56.08678003773093,
        57.799999999999955
      ],
      [
        -5.554611375555396,
        56.086777271702886,
        57.60000000000002
      ],
      [
        -5.554614895954728,
        56.08677458949387,
        57.39999999999998
      ],
      [
        -5.5546183325350285,
        56.08677215874195,
        57.200000000000045
      ],
      [
        -5.5546218529343605,
        56.08676972799003,
        57
      ],
      [
        -5.554625289514661,
        56.08676754869521,
        57
      ],
      [
        -5.554628726094961,
        56.086765453219414,
        56.799999999999955
      ],
      [
        -5.55463207885623,
        56.086763609200716,
        56.60000000000002
      ],
      [
        -5.554635347798467,
        56.08676184900105,
        56.60000000000002
      ],
      [
        -5.55463844910264,
        56.08676025643945,
        56.39999999999998
      ],
      [
        -5.5546412989497185,
        56.08675874769688,
        56.39999999999998
      ],
      [
        -5.554643981158733,
        56.0867574904114,
        56.200000000000045
      ],
      [
        -5.554646328091621,
        56.08675631694496,
        56.200000000000045
      ],
      [
        -5.554648339748383,
        56.086755311116576,
        56.200000000000045
      ],
      [
        -5.554650016129017,
        56.08675438910723,
        56.200000000000045
      ],
      [
        -5.554651357233524,
        56.08675363473594,
        56.200000000000045
      ],
      [
        -5.554652363061905,
        56.08675304800272,
        56.200000000000045
      ],
      [
        -5.55465311743319,
        56.08675254508853,
        56.39999999999998
      ],
      [
        -5.554653620347381,
        56.08675212599337,
        56.39999999999998
      ],
      [
        -5.5546539556235075,
        56.086751874536276,
        56.39999999999998
      ],
      [
        -5.554654123261571,
        56.08675162307918,
        56.39999999999998
      ],
      [
        -5.554654207080603,
        56.08675153926015,
        56.39999999999998
      ],
      [
        -5.554654123261571,
        56.08675145544112,
        56.60000000000002
      ],
      [
        -5.554654039442539,
        56.086751371622086,
        56.60000000000002
      ],
      [
        -5.554653871804476,
        56.08675145544112,
        56.60000000000002
      ],
      [
        -5.554653704166412,
        56.08675145544112,
        56.60000000000002
      ],
      [
        -5.554653536528349,
        56.08675153926015,
        56.60000000000002
      ],
      [
        -5.5546533688902855,
        56.08675162307918,
        56.60000000000002
      ],
      [
        -5.554653201252222,
        56.08675170689821,
        56.799999999999955
      ],
      [
        -5.554653033614159,
        56.086751790717244,
        56.799999999999955
      ],
      [
        -5.554652865976095,
        56.086751874536276,
        56.799999999999955
      ],
      [
        -5.5546527821570635,
        56.08675195835531,
        56.799999999999955
      ],
      [
        -5.554652698338032,
        56.08675204217434,
        56.799999999999955
      ],
      [
        -5.554652614519,
        56.08675212599337,
        56.799999999999955
      ],
      [
        -5.554652530699968,
        56.0867522098124,
        56.799999999999955
      ],
      [
        -5.554652446880937,
        56.086752293631434,
        56.799999999999955
      ],
      [
        -5.554652363061905,
        56.086752377450466,
        56.799999999999955
      ],
      [
        -5.554652363061905,
        56.0867524612695,
        56.799999999999955
      ],
      [
        -5.554652446880937,
        56.0867524612695,
        56.799999999999955
      ],
      [
        -5.554652446880937,
        56.0867524612695,
        56.799999999999955
      ],
      [
        -5.554652446880937,
        56.0867524612695,
        56.799999999999955
      ],
      [
        -5.554652446880937,
        56.0867524612695,
        56.799999999999955
      ],
      [
        -5.554652446880937,
        56.0867524612695,
        56.799999999999955
      ],
      [
        -5.554652446880937,
        56.0867524612695,
        56.799999999999955
      ],
      [
        -5.554652446880937,
        56.0867524612695,
        56.799999999999955
      ],
      [
        -5.554652446880937,
        56.0867524612695,
        56.799999999999955
      ],
      [
        -5.554652446880937,
        56.0867524612695,
        56.799999999999955
      ],
      [
        -5.554652446880937,
        56.0867524612695,
        56.799999999999955
      ],
      [
        -5.554652446880937,
        56.0867524612695,
        56.799999999999955
      ],
      [
        -5.554652446880937,
        56.0867524612695,
        56.799999999999955
      ],
      [
        -5.554652446880937,
        56.0867524612695,
        56.799999999999955
      ],
      [
        -5.554652446880937,
        56.0867524612695,
        56.799999999999955
      ],
      [
        -5.554652446880937,
        56.0867524612695,
        56.799999999999955
      ],
      [
        -5.554652446880937,
        56.0867524612695,
        56.799999999999955
      ],
      [
        -5.554652446880937,
        56.0867524612695,
        56.799999999999955
      ],
      [
        -5.554652446880937,
        56.0867524612695,
        56.799999999999955
      ],
      [
        -5.554652446880937,
        56.0867524612695,
        56.799999999999955
      ],
      [
        -5.554652446880937,
        56.0867524612695,
        56.799999999999955
      ],
      [
        -5.554652446880937,
        56.0867524612695,
        56.799999999999955
      ],
      [
        -5.554652446880937,
        56.0867524612695,
        56.799999999999955
      ],
      [
        -5.554652446880937,
        56.0867524612695,
        56.799999999999955
      ],
      [
        -5.554656134918332,
        56.086747013032436,
        57
      ],
      [
        -5.554660158231854,
        56.08674122951925,
        57.200000000000045
      ],
      [
        -5.5546648520976305,
        56.08673485927284,
        57.39999999999998
      ],
      [
        -5.55467021651566,
        56.08672798611224,
        57.39999999999998
      ],
      [
        -5.554676419124007,
        56.08672044239938,
        57.60000000000002
      ],
      [
        -5.554683208465576,
        56.086712311953306,
        57.799999999999955
      ],
      [
        -5.554690752178431,
        56.086703510954976,
        58
      ],
      [
        -5.554698798805475,
        56.08669429086149,
        58.39999999999998
      ],
      [
        -5.554707096889615,
        56.08668456785381,
        58.60000000000002
      ],
      [
        -5.554715730249882,
        56.08667450957,
        58.799999999999955
      ],
      [
        -5.554724363610148,
        56.08666428364813,
        59
      ],
      [
        -5.554733080789447,
        56.0866538900882,
        59.200000000000045
      ],
      [
        -5.554741797968745,
        56.086643328890204,
        59.39999999999998
      ],
      [
        -5.554750431329012,
        56.08663276769221,
        59.60000000000002
      ],
      [
        -5.554758980870247,
        56.08662220649421,
        59.799999999999955
      ],
      [
        -5.554767530411482,
        56.086611645296216,
        59.799999999999955
      ],
      [
        -5.554775996133685,
        56.08660108409822,
        60
      ],
      [
        -5.554784294217825,
        56.08659069053829,
        60.200000000000045
      ],
      [
        -5.55479234084487,
        56.086580380797386,
        60.200000000000045
      ],
      [
        -5.554800303652883,
        56.08657015487552,
        60.39999999999998
      ],
      [
        -5.554807931184769,
        56.08656009659171,
        60.39999999999998
      ],
      [
        -5.554815223440528,
        56.08655020594597,
        60.39999999999998
      ],
      [
        -5.554822348058224,
        56.08654039911926,
        60.60000000000002
      ],
      [
        -5.554829305037856,
        56.08653084374964,
        60.60000000000002
      ],
      [
        -5.554836094379425,
        56.08652137219906,
        60.60000000000002
      ],
      [
        -5.554842883720994,
        56.08651206828654,
        60.60000000000002
      ],
      [
        -5.554849756881595,
        56.08650284819305,
        60.60000000000002
      ],
      [
        -5.554856713861227,
        56.08649371191859,
        60.60000000000002
      ],
      [
        -5.554863670840859,
        56.086484575644135,
        60.60000000000002
      ],
      [
        -5.554870627820492,
        56.08647543936968,
        60.60000000000002
      ],
      [
        -5.554877584800124,
        56.08646630309522,
        60.60000000000002
      ],
      [
        -5.554884290322661,
        56.08645708300173,
        60.60000000000002
      ],
      [
        -5.5548907443881035,
        56.08644761145115,
        60.60000000000002
      ],
      [
        -5.554897030815482,
        56.0864379722625,
        60.60000000000002
      ],
      [
        -5.554902981966734,
        56.08642816543579,
        60.39999999999998
      ],
      [
        -5.554908849298954,
        56.086418107151985,
        60.39999999999998
      ],
      [
        -5.554914548993111,
        56.086407797411084,
        60.39999999999998
      ],
      [
        -5.554920248687267,
        56.08639723621309,
        60.39999999999998
      ],
      [
        -5.554925948381424,
        56.086386423558,
        60.39999999999998
      ],
      [
        -5.554931815713644,
        56.08637535944581,
        60.39999999999998
      ],
      [
        -5.5549378506839275,
        56.08636412769556,
        60.39999999999998
      ],
      [
        -5.554944220930338,
        56.086352644488215,
        60.39999999999998
      ],
      [
        -5.554950842633843,
        56.08634107746184,
        60.39999999999998
      ],
      [
        -5.554957799613476,
        56.0863293427974,
        60.39999999999998
      ],
      [
        -5.554965175688267,
        56.08631769195199,
        60.39999999999998
      ],
      [
        -5.554973054677248,
        56.08630604110658,
        60.39999999999998
      ],
      [
        -5.5549814365804195,
        56.08629455789924,
        60.39999999999998
      ],
      [
        -5.554990321397781,
        56.086283242329955,
        60.60000000000002
      ],
      [
        -5.554999876767397,
        56.08627217821777,
        60.60000000000002
      ],
      [
        -5.5550100188702345,
        56.086261281743646,
        60.60000000000002
      ],
      [
        -5.555020831525326,
        56.08625080436468,
        60.60000000000002
      ],
      [
        -5.555032230913639,
        56.08624057844281,
        60.39999999999998
      ],
      [
        -5.555044300854206,
        56.08623060397804,
        60.39999999999998
      ],
      [
        -5.555057041347027,
        56.08622096478939,
        60.39999999999998
      ],
      [
        -5.555070284754038,
        56.08621157705784,
        60.39999999999998
      ],
      [
        -5.555084031075239,
        56.08620244078338,
        60.200000000000045
      ],
      [
        -5.555098112672567,
        56.08619347214699,
        60.200000000000045
      ],
      [
        -5.555112445726991,
        56.086184587329626,
        60
      ],
      [
        -5.555126862600446,
        56.086175702512264,
        60
      ],
      [
        -5.555141195654869,
        56.08616673387587,
        59.799999999999955
      ],
      [
        -5.555155277252197,
        56.086157681420445,
        59.799999999999955
      ],
      [
        -5.555168939754367,
        56.08614846132696,
        59.60000000000002
      ],
      [
        -5.555182099342346,
        56.086139073595405,
        59.60000000000002
      ],
      [
        -5.5551946721971035,
        56.08612951822579,
        59.60000000000002
      ],
      [
        -5.555206490680575,
        56.08611979521811,
        59.39999999999998
      ],
      [
        -5.555217554792762,
        56.0861099883914,
        59.39999999999998
      ],
      [
        -5.555227864533663,
        56.08610018156469,
        59.39999999999998
      ],
      [
        -5.555237252265215,
        56.08609037473798,
        59.200000000000045
      ],
      [
        -5.555245717987418,
        56.08608056791127,
        59.200000000000045
      ],
      [
        -5.555253177881241,
        56.08607092872262,
        59.200000000000045
      ],
      [
        -5.5552594643086195,
        56.086061373353004,
        59.200000000000045
      ],
      [
        -5.555264493450522,
        56.08605198562145,
        59
      ],
      [
        -5.555268097668886,
        56.086042765527964,
        59
      ],
      [
        -5.5552703607827425,
        56.08603379689157,
        59
      ],
      [
        -5.555271282792091,
        56.0860251635313,
        59
      ],
      [
        -5.555270863696933,
        56.08601678162813,
        59
      ],
      [
        -5.555269438773394,
        56.086008651182055,
        59
      ],
      [
        -5.555254686623812,
        56.08600345440209,
        59
      ],
      [
        -5.555242616683245,
        56.08600186184049,
        59.200000000000045
      ],
      [
        -5.555230127647519,
        56.08600060455501,
        59.200000000000045
      ],
      [
        -5.5552170518785715,
        56.08599968254566,
        59.39999999999998
      ],
      [
        -5.555203640833497,
        56.08599917963147,
        59.39999999999998
      ],
      [
        -5.555189894512296,
        56.08599901199341,
        59.39999999999998
      ],
      [
        -5.555176064372063,
        56.0859992634505,
        59.60000000000002
      ],
      [
        -5.55516223423183,
        56.085999850183725,
        59.60000000000002
      ],
      [
        -5.5551487393677235,
        56.08600068837404,
        59.799999999999955
      ],
      [
        -5.555135831236839,
        56.086001778021455,
        59.799999999999955
      ],
      [
        -5.555123845115304,
        56.08600303530693,
        60
      ],
      [
        -5.555113032460213,
        56.08600446023047,
        60
      ],
      [
        -5.555103477090597,
        56.08600588515401,
        60.200000000000045
      ],
      [
        -5.555095346644521,
        56.08600731007755,
        60.39999999999998
      ],
      [
        -5.555088557302952,
        56.08600873500109,
        60.39999999999998
      ],
      [
        -5.555083276703954,
        56.086010076105595,
        60.60000000000002
      ],
      [
        -5.5550791695714,
        56.0860114172101,
        60.60000000000002
      ],
      [
        -5.555076319724321,
        56.086012590676546,
        60.799999999999955
      ],
      [
        -5.555074475705624,
        56.08601376414299,
        61
      ],
      [
        -5.555073386058211,
        56.08601476997137,
        61
      ],
      [
        -5.555072966963053,
        56.08601560816169,
        61.200000000000045
      ],
      [
        -5.555072966963053,
        56.086016446352005,
        61.39999999999998
      ],
      [
        -5.55507330223918,
        56.08601703308523,
        61.39999999999998
      ],
      [
        -5.5550736375153065,
        56.08601761981845,
        61.60000000000002
      ],
      [
        -5.555073972791433,
        56.086017955094576,
        61.60000000000002
      ],
      [
        -5.555073888972402,
        56.0860182903707,
        61.799999999999955
      ],
      [
        -5.555073386058211,
        56.086018374189734,
        61.799999999999955
      ],
      [
        -5.555072128772736,
        56.086018374189734,
        62
      ],
      [
        -5.555069949477911,
        56.0860182903707,
        62
      ],
      [
        -5.555066764354706,
        56.086017955094576,
        62.200000000000045
      ],
      [
        -5.555062321946025,
        56.08601753599942,
        62.200000000000045
      ],
      [
        -5.555056454613805,
        56.086016949266195,
        62.200000000000045
      ],
      [
        -5.555049162358046,
        56.08601611107588,
        62.39999999999998
      ],
      [
        -5.5550403613597155,
        56.0860151052475,
        62.60000000000002
      ],
      [
        -5.5550300516188145,
        56.08601376414299,
        62.60000000000002
      ],
      [
        -5.555018316954374,
        56.08601225540042,
        62.799999999999955
      ],
      [
        -5.555005325004458,
        56.08601041138172,
        62.799999999999955
      ],
      [
        -5.554991075769067,
        56.0860082320869,
        63
      ],
      [
        -5.554975820705295,
        56.086005717515945,
        63.200000000000045
      ],
      [
        -5.554959811270237,
        56.0860029514879,
        63.39999999999998
      ],
      [
        -5.554943047463894,
        56.085999850183725,
        63.60000000000002
      ],
      [
        -5.554925864562392,
        56.08599649742246,
        63.799999999999955
      ],
      [
        -5.5549081787467,
        56.08599272556603,
        64
      ],
      [
        -5.554890241473913,
        56.085988618433475,
        64.39999999999998
      ],
      [
        -5.554872136563063,
        56.085984176024795,
        64.60000000000002
      ],
      [
        -5.554854031652212,
        56.08597923070192,
        64.79999999999995
      ],
      [
        -5.554836094379425,
        56.08597403392196,
        65.20000000000005
      ],
      [
        -5.554818324744701,
        56.08596841804683,
        65.60000000000002
      ],
      [
        -5.554800890386105,
        56.085962634533644,
        65.79999999999995
      ],
      [
        -5.554783707484603,
        56.08595651574433,
        66.20000000000005
      ],
      [
        -5.554766776040196,
        56.08595022931695,
        66.39999999999998
      ],
      [
        -5.554750012233853,
        56.08594377525151,
        66.79999999999995
      ],
      [
        -5.554733416065574,
        56.085937153548,
        67
      ],
      [
        -5.554716819897294,
        56.08593036420643,
        67.20000000000005
      ],
      [
        -5.554700307548046,
        56.085923574864864,
        67.39999999999998
      ],
      [
        -5.554683795198798,
        56.08591661788523,
        67.60000000000002
      ],
      [
        -5.554667450487614,
        56.08590957708657,
        67.79999999999995
      ],
      [
        -5.554651189595461,
        56.08590236864984,
        68
      ],
      [
        -5.5546350963413715,
        56.08589516021311,
        68
      ],
      [
        -5.554619254544377,
        56.08588778413832,
        68.20000000000005
      ],
      [
        -5.554603664204478,
        56.0858803242445,
        68.20000000000005
      ],
      [
        -5.554588409140706,
        56.085872780531645,
        68.20000000000005
      ],
      [
        -5.554573573172092,
        56.08586506918073,
        68.20000000000005
      ],
      [
        -5.554558988660574,
        56.08585727401078,
        68.20000000000005
      ],
      [
        -5.554544823244214,
        56.08584956265986,
        68.39999999999998
      ],
      [
        -5.554530993103981,
        56.08584176748991,
        68.39999999999998
      ],
      [
        -5.554517498239875,
        56.08583405613899,
        68.39999999999998
      ],
      [
        -5.554504506289959,
        56.085826428607106,
        68.39999999999998
      ],
      [
        -5.554492017254233,
        56.08581888489425,
        68.39999999999998
      ],
      [
        -5.5544801987707615,
        56.08581150881946,
        68.39999999999998
      ],
      [
        -5.554469050839543,
        56.08580413274467,
        68.39999999999998
      ],
      [
        -5.554458741098642,
        56.08579675666988,
        68.39999999999998
      ],
      [
        -5.554449101909995,
        56.08578954823315,
        68.60000000000002
      ],
      [
        -5.554440217092633,
        56.085782423615456,
        68.60000000000002
      ],
      [
        -5.554431835189462,
        56.08577538281679,
        68.79999999999995
      ],
      [
        -5.554424040019512,
        56.08576834201813,
        68.79999999999995
      ],
      [
        -5.554416496306658,
        56.08576155267656,
        69
      ],
      [
        -5.5544092040508986,
        56.08575476333499,
        69.20000000000005
      ],
      [
        -5.554401995614171,
        56.085748141631484,
        69.39999999999998
      ],
      [
        -5.5543947871774435,
        56.08574160374701,
        69.60000000000002
      ],
      [
        -5.554387494921684,
        56.0857352335006,
        69.79999999999995
      ],
      [
        -5.554380118846893,
        56.08572894707322,
        69.79999999999995
      ],
      [
        -5.554372658953071,
        56.085722828283906,
        70
      ],
      [
        -5.5543650314211845,
        56.085716960951686,
        70.20000000000005
      ],
      [
        -5.554357403889298,
        56.0857111774385,
        70.39999999999998
      ],
      [
        -5.554349692538381,
        56.085705645382404,
        70.60000000000002
      ],
      [
        -5.5543420650064945,
        56.085700280964375,
        70.79999999999995
      ],
      [
        -5.554334437474608,
        56.08569500036538,
        71
      ],
      [
        -5.554326893761754,
        56.08568997122347,
        71.20000000000005
      ],
      [
        -5.554319266229868,
        56.0856850259006,
        71.39999999999998
      ],
      [
        -5.554311471059918,
        56.085680248215795,
        71.60000000000002
      ],
      [
        -5.554303508251905,
        56.08567555435002,
        71.60000000000002
      ],
      [
        -5.554295293986797,
        56.085670944303274,
        71.79999999999995
      ],
      [
        -5.554286912083626,
        56.08566650189459,
        72
      ],
      [
        -5.554278194904327,
        56.08566205948591,
        72
      ],
      [
        -5.554269310086966,
        56.08565770089626,
        72.20000000000005
      ],
      [
        -5.554260089993477,
        56.085653426125646,
        72.39999999999998
      ],
      [
        -5.554250702261925,
        56.08564923517406,
        72.39999999999998
      ],
      [
        -5.554241146892309,
        56.08564496040344,
        72.60000000000002
      ],
      [
        -5.554231256246567,
        56.08564076945186,
        72.60000000000002
      ],
      [
        -5.554221197962761,
        56.08563657850027,
        72.79999999999995
      ],
      [
        -5.55421088822186,
        56.08563230372965,
        73
      ],
      [
        -5.554200494661927,
        56.085628028959036,
        73
      ],
      [
        -5.554189933463931,
        56.08562367036939,
        73.20000000000005
      ],
      [
        -5.554179372265935,
        56.085619227960706,
        73.39999999999998
      ],
      [
        -5.554168727248907,
        56.08561461791396,
        73.60000000000002
      ],
      [
        -5.554158082231879,
        56.08561000786722,
        73.79999999999995
      ],
      [
        -5.554147269576788,
        56.08560531400144,
        74
      ],
      [
        -5.554136373102665,
        56.08560053631663,
        74.39999999999998
      ],
      [
        -5.55412539280951,
        56.08559584245086,
        74.60000000000002
      ],
      [
        -5.55411416105926,
        56.08559106476605,
        74.79999999999995
      ],
      [
        -5.554102845489979,
        56.08558620326221,
        75.20000000000005
      ],
      [
        -5.5540914461016655,
        56.0855814255774,
        75.39999999999998
      ],
      [
        -5.5540799628943205,
        56.08557656407356,
        75.60000000000002
      ],
      [
        -5.554068395867944,
        56.08557161875069,
        75.79999999999995
      ],
      [
        -5.554056828841567,
        56.08556667342782,
        75.79999999999995
      ],
      [
        -5.554045345634222,
        56.085561560466886,
        76
      ],
      [
        -5.554033946245909,
        56.08555644750595,
        76
      ],
      [
        -5.554022798314691,
        56.085551250725985,
        76.20000000000005
      ],
      [
        -5.554011985659599,
        56.08554597012699,
        76.39999999999998
      ],
      [
        -5.554001592099667,
        56.085540521889925,
        76.39999999999998
      ],
      [
        -5.553991701453924,
        56.08553507365286,
        76.60000000000002
      ],
      [
        -5.553982397541404,
        56.08552954159677,
        76.79999999999995
      ],
      [
        -5.553973596543074,
        56.085523925721645,
        77
      ],
      [
        -5.553965298458934,
        56.08551839366555,
        77.20000000000005
      ],
      [
        -5.553957419469953,
        56.08551302924752,
        77.39999999999998
      ],
      [
        -5.553949875757098,
        56.085507748648524,
        77.60000000000002
      ],
      [
        -5.553942583501339,
        56.08550280332565,
        77.79999999999995
      ],
      [
        -5.553935542702675,
        56.08549810945988,
        78.20000000000005
      ],
      [
        -5.553928501904011,
        56.085493667051196,
        78.39999999999998
      ],
      [
        -5.553921544924378,
        56.08548955991864,
        78.60000000000002
      ],
      [
        -5.553914504125714,
        56.08548570424318,
        78.79999999999995
      ],
      [
        -5.553907128050923,
        56.08548210002482,
        79
      ],
      [
        -5.5538994167000055,
        56.08547883108258,
        79.20000000000005
      ],
      [
        -5.553891118615866,
        56.08547564595938,
        79.39999999999998
      ],
      [
        -5.553882233798504,
        56.08547271229327,
        79.60000000000002
      ],
      [
        -5.553872594609857,
        56.08546994626522,
        79.79999999999995
      ],
      [
        -5.553862284868956,
        56.085467264056206,
        79.79999999999995
      ],
      [
        -5.553851220756769,
        56.08546466566622,
        80
      ],
      [
        -5.553839486092329,
        56.0854622349143,
        80.20000000000005
      ],
      [
        -5.553827164694667,
        56.08545980416238,
        80.39999999999998
      ],
      [
        -5.553814172744751,
        56.08545754104853,
        80.60000000000002
      ],
      [
        -5.553800594061613,
        56.0854553617537,
        80.79999999999995
      ],
      [
        -5.553786596283317,
        56.08545326627791,
        80.79999999999995
      ],
      [
        -5.55377209559083,
        56.08545133844018,
        81
      ],
      [
        -5.553757259622216,
        56.08544949442148,
        81.20000000000005
      ],
      [
        -5.553742088377476,
        56.085447734221816,
        81.39999999999998
      ],
      [
        -5.553726917132735,
        56.08544597402215,
        81.60000000000002
      ],
      [
        -5.5537118297070265,
        56.085444297641516,
        81.60000000000002
      ],
      [
        -5.553697077557445,
        56.08544262126088,
        81.79999999999995
      ],
      [
        -5.553682912141085,
        56.08544094488025,
        81.79999999999995
      ],
      [
        -5.553669333457947,
        56.08543926849961,
        82
      ],
      [
        -5.5536567606031895,
        56.08543759211898,
        82
      ],
      [
        -5.553645109757781,
        56.08543583191931,
        82.20000000000005
      ],
      [
        -5.553634632378817,
        56.08543415553868,
        82.20000000000005
      ],
      [
        -5.553625328466296,
        56.08543239533901,
        82.20000000000005
      ],
      [
        -5.55361719802022,
        56.085430635139346,
        82.20000000000005
      ],
      [
        -5.553610241040587,
        56.08542887493968,
        82.39999999999998
      ],
      [
        -5.553604289889336,
        56.085427114740014,
        82.39999999999998
      ],
      [
        -5.553599176928401,
        56.08542535454035,
        82.39999999999998
      ],
      [
        -5.553594818338752,
        56.085423678159714,
        82.60000000000002
      ],
      [
        -5.553590878844261,
        56.08542200177908,
        82.60000000000002
      ],
      [
        -5.553587358444929,
        56.08542040921748,
        82.60000000000002
      ],
      [
        -5.553583921864629,
        56.08541898429394,
        82.79999999999995
      ],
      [
        -5.553580401465297,
        56.08541764318943,
        82.79999999999995
      ],
      [
        -5.553576713427901,
        56.08541655354202,
        83
      ],
      [
        -5.553572606295347,
        56.08541563153267,
        83.20000000000005
      ],
      [
        -5.553567912429571,
        56.085414877161384,
        83.39999999999998
      ],
      [
        -5.553562548011541,
        56.085414458066225,
        83.39999999999998
      ],
      [
        -5.553556513041258,
        56.08541429042816,
        83.60000000000002
      ],
      [
        -5.553549723699689,
        56.085414458066225,
        83.79999999999995
      ],
      [
        -5.5535421799868345,
        56.085414960980415,
        84
      ],
      [
        -5.55353413335979,
        56.08541579917073,
        84.20000000000005
      ],
      [
        -5.553525667637587,
        56.08541697263718,
        84.60000000000002
      ],
      [
        -5.5535168666392565,
        56.085418397560716,
        84.79999999999995
      ],
      [
        -5.553508065640926,
        56.08542024157941,
        85
      ],
      [
        -5.55349943228066,
        56.085422337055206,
        85.20000000000005
      ],
      [
        -5.553491218015552,
        56.085424767807126,
        85.39999999999998
      ],
      [
        -5.5534835904836655,
        56.08542753383517,
        85.60000000000002
      ],
      [
        -5.553476717323065,
        56.085430551320314,
        85.79999999999995
      ],
      [
        -5.553470933809876,
        56.08543390408158,
        85.79999999999995
      ],
      [
        -5.5534662399441,
        56.085437424480915,
        86
      ],
      [
        -5.553462719544768,
        56.08544119633734,
        86.20000000000005
      ],
      [
        -5.553460540249944,
        56.08544513583183,
        86.39999999999998
      ],
      [
        -5.553459618240595,
        56.08544924296439,
        86.39999999999998
      ],
      [
        -5.55345986969769,
        56.08545343391597,
        86.60000000000002
      ],
      [
        -5.5534612108021975,
        56.08545762486756,
        86.79999999999995
      ],
      [
        -5.553463473916054,
        56.08546198345721,
        86.79999999999995
      ],
      [
        -5.5534664914011955,
        56.085466258227825,
        87
      ],
      [
        -5.553470095619559,
        56.085470616817474,
        87
      ],
      [
        -5.553474118933082,
        56.085475059226155,
        87.20000000000005
      ],
      [
        -5.553478309884667,
        56.085479417815804,
        87.20000000000005
      ],
      [
        -5.553482500836253,
        56.08548369258642,
        87.39999999999998
      ],
      [
        -5.5534865241497755,
        56.08548805117607,
        87.39999999999998
      ],
      [
        -5.553490296006203,
        56.08549224212766,
        87.60000000000002
      ],
      [
        -5.55349356494844,
        56.085496516898274,
        87.60000000000002
      ],
      [
        -5.553496414795518,
        56.08550062403083,
        87.60000000000002
      ],
      [
        -5.5534985940903425,
        56.08550464734435,
        87.79999999999995
      ],
      [
        -5.553500186651945,
        56.08550867065787,
        87.79999999999995
      ],
      [
        -5.553501108661294,
        56.0855124425143,
        88
      ],
      [
        -5.553501527756453,
        56.085516130551696,
        88
      ],
      [
        -5.553501443937421,
        56.08551965095103,
        88.20000000000005
      ],
      [
        -5.553500857204199,
        56.0855230037123,
        88.20000000000005
      ],
      [
        -5.5534997675567865,
        56.08552610501647,
        88.39999999999998
      ],
      [
        -5.553498426452279,
        56.08552903868258,
        88.39999999999998
      ],
      [
        -5.5534968338906765,
        56.08553180471063,
        88.60000000000002
      ],
      [
        -5.5534950736910105,
        56.08553431928158,
        88.60000000000002
      ],
      [
        -5.5534933134913445,
        56.0855367500335,
        88.79999999999995
      ],
      [
        -5.553491469472647,
        56.08553884550929,
        88.79999999999995
      ],
      [
        -5.553489709272981,
        56.08554085716605,
        89
      ],
      [
        -5.553488116711378,
        56.08554261736572,
        89
      ],
      [
        -5.553486607968807,
        56.08554429374635,
        89.20000000000005
      ],
      [
        -5.5534852668643,
        56.085545886307955,
        89.20000000000005
      ],
      [
        -5.5534841772168875,
        56.085547311231494,
        89.39999999999998
      ],
      [
        -5.553483171388507,
        56.08554873615503,
        89.39999999999998
      ],
      [
        -5.553482500836253,
        56.085550244897604,
        89.60000000000002
      ],
      [
        -5.553482081741095,
        56.085551753640175,
        89.79999999999995
      ],
      [
        -5.553481997922063,
        56.08555334620178,
        89.79999999999995
      ],
      [
        -5.55348233319819,
        56.085555190220475,
        90
      ],
      [
        -5.553483171388507,
        56.085557201877236,
        90.20000000000005
      ],
      [
        -5.553484512493014,
        56.08555946499109,
        90.39999999999998
      ],
      [
        -5.553486440330744,
        56.08556214720011,
        90.60000000000002
      ],
      [
        -5.553488954901695,
        56.08556516468525,
        90.60000000000002
      ],
      [
        -5.5534921400249,
        56.08556860126555,
        90.79999999999995
      ],
      [
        -5.553495911881328,
        56.08557254076004,
        91
      ],
      [
        -5.553500270470977,
        56.08557689934969,
        91.20000000000005
      ],
      [
        -5.553505131974816,
        56.08558184467256,
        91.39999999999998
      ],
      [
        -5.553510412573814,
        56.08558712527156,
        91.60000000000002
      ],
      [
        -5.553516028448939,
        56.08559299260378,
        91.79999999999995
      ],
      [
        -5.553521811962128,
        56.08559927903116,
        92
      ],
      [
        -5.553527679294348,
        56.08560590073466,
        92.20000000000005
      ],
      [
        -5.553533211350441,
        56.08561302535236,
        92.39999999999998
      ],
      [
        -5.553538491949439,
        56.08562048524618,
        92.60000000000002
      ],
      [
        -5.553543018177152,
        56.08562828041613,
        92.60000000000002
      ],
      [
        -5.553546790033579,
        56.08563641086221,
        92.79999999999995
      ],
      [
        -5.5535495560616255,
        56.08564479276538,
        93
      ],
      [
        -5.553551148623228,
        56.08565350994468,
        93.20000000000005
      ],
      [
        -5.553551567718387,
        56.08566247858107,
        93.20000000000005
      ],
      [
        -5.553550813347101,
        56.08567161485553,
        93.39999999999998
      ],
      [
        -5.5535489693284035,
        56.08568091876805,
        93.39999999999998
      ],
      [
        -5.553546119481325,
        56.08569039031863,
        93.60000000000002
      ],
      [
        -5.553542515262961,
        56.08569994568825,
        93.60000000000002
      ],
      [
        -5.553538240492344,
        56.08570950105786,
        93.79999999999995
      ],
      [
        -5.5535336304456,
        56.08571914024651,
        93.79999999999995
      ],
      [
        -5.553528685122728,
        56.08572886325419,
        93.79999999999995
      ],
      [
        -5.553523655980825,
        56.0857386700809,
        94
      ],
      [
        -5.5535186268389225,
        56.08574856072664,
        94
      ],
      [
        -5.553513681516051,
        56.085758451372385,
        94
      ],
      [
        -5.5535089038312435,
        56.08576842583716,
        94
      ],
      [
        -5.553504377603531,
        56.0857783164829,
        94
      ],
      [
        -5.553500102832913,
        56.085788290947676,
        94
      ],
      [
        -5.553495911881328,
        56.08579818159342,
        94
      ],
      [
        -5.553491888567805,
        56.08580807223916,
        94
      ],
      [
        -5.553487865254283,
        56.0858179628849,
        94
      ],
      [
        -5.553483674302697,
        56.085827769711614,
        94
      ],
      [
        -5.553479231894016,
        56.085837576538324,
        93.79999999999995
      ],
      [
        -5.5534744542092085,
        56.085847383365035,
        93.79999999999995
      ],
      [
        -5.55346917361021,
        56.085857190191746,
        93.79999999999995
      ],
      [
        -5.553463222458959,
        56.085866913199425,
        93.79999999999995
      ],
      [
        -5.553456516936421,
        56.08587646856904,
        93.79999999999995
      ],
      [
        -5.55344914086163,
        56.08588585630059,
        93.79999999999995
      ],
      [
        -5.553441010415554,
        56.08589507639408,
        93.79999999999995
      ],
      [
        -5.553432209417224,
        56.08590396121144,
        93.79999999999995
      ],
      [
        -5.55342273786664,
        56.085912426933646,
        93.79999999999995
      ],
      [
        -5.553412847220898,
        56.08592055737972,
        93.79999999999995
      ],
      [
        -5.553402621299028,
        56.08592826873064,
        94
      ],
      [
        -5.553392227739096,
        56.08593547716737,
        94
      ],
      [
        -5.553381917998195,
        56.08594226650894,
        94.20000000000005
      ],
      [
        -5.553371775895357,
        56.085948469117284,
        94.20000000000005
      ],
      [
        -5.55336213670671,
        56.08595408499241,
        94.39999999999998
      ],
      [
        -5.553353000432253,
        56.08595911413431,
        94.60000000000002
      ],
      [
        -5.55334453471005,
        56.08596355654299,
        94.79999999999995
      ],
      [
        -5.553336823359132,
        56.08596741221845,
        94.79999999999995
      ],
      [
        -5.553329782560468,
        56.08597068116069,
        95
      ],
      [
        -5.553323328495026,
        56.08597327955067,
        95.20000000000005
      ],
      [
        -5.553317461162806,
        56.08597529120743,
        95.39999999999998
      ],
      [
        -5.5533121805638075,
        56.085976883769035,
        95.60000000000002
      ],
      [
        -5.553307486698031,
        56.08597797341645,
        95.79999999999995
      ],
      [
        -5.553303379565477,
        56.0859786439687,
        96
      ],
      [
        -5.553299859166145,
        56.0859788954258,
        96.20000000000005
      ],
      [
        -5.553296841681004,
        56.0859788954258,
        96.39999999999998
      ],
      [
        -5.553294410929084,
        56.0859786439687,
        96.60000000000002
      ],
      [
        -5.553292483091354,
        56.08597822487354,
        96.79999999999995
      ],
      [
        -5.553291141986847,
        56.08597763814032,
        96.79999999999995
      ],
      [
        -5.553290219977498,
        56.085976883769035,
        97
      ],
      [
        -5.553289884701371,
        56.08597621321678,
        97
      ],
      [
        -5.553289884701371,
        56.085975458845496,
        97.20000000000005
      ],
      [
        -5.5532903876155615,
        56.08597470447421,
        97.20000000000005
      ],
      [
        -5.553291225805879,
        56.08597403392196,
        97.20000000000005
      ],
      [
        -5.553292399272323,
        56.0859733633697,
        97.39999999999998
      ],
      [
        -5.5532939080148935,
        56.08597286045551,
        97.39999999999998
      ],
      [
        -5.5532956682145596,
        56.085972525179386,
        97.39999999999998
      ],
      [
        -5.553297679871321,
        56.08597227372229,
        97.39999999999998
      ],
      [
        -5.553299859166145,
        56.08597227372229,
        97.39999999999998
      ],
      [
        -5.553302122280002,
        56.08597235754132,
        97.39999999999998
      ],
      [
        -5.553304385393858,
        56.08597277663648,
        97.39999999999998
      ],
      [
        -5.553306564688683,
        56.0859733633697,
        97.39999999999998
      ],
      [
        -5.553308492526412,
        56.08597420156002,
        97.39999999999998
      ],
      [
        -5.553310168907046,
        56.085975375026464,
        97.39999999999998
      ],
      [
        -5.553311426192522,
        56.08597696758807,
        97.39999999999998
      ],
      [
        -5.553312012925744,
        56.08597897924483,
        97.20000000000005
      ],
      [
        -5.553311929106712,
        56.08598140999675,
        97.20000000000005
      ],
      [
        -5.5533108394593,
        56.08598451130092,
        97.20000000000005
      ],
      [
        -5.553308576345444,
        56.08598819933832,
        97.20000000000005
      ],
      [
        -5.553305139765143,
        56.08599272556603,
        97.20000000000005
      ],
      [
        -5.553300278261304,
        56.08599800616503,
        97.20000000000005
      ],
      [
        -5.553293824195862,
        56.08600412495434,
        97.20000000000005
      ],
      [
        -5.553285777568817,
        56.08601124957204,
        97.20000000000005
      ],
      [
        -5.55327613838017,
        56.08601929619908,
        97.20000000000005
      ],
      [
        -5.55326490662992,
        56.08602834865451,
        97.20000000000005
      ],
      [
        -5.553252333775163,
        56.08603823930025,
        97.20000000000005
      ],
      [
        -5.553238587453961,
        56.08604880049825,
        97.20000000000005
      ],
      [
        -5.553224254399538,
        56.086059948429465,
        97
      ],
      [
        -5.553209753707051,
        56.08607151545584,
        97
      ],
      [
        -5.553195336833596,
        56.08608316630125,
        97
      ],
      [
        -5.553181506693363,
        56.08609481714666,
        97
      ],
      [
        -5.553168430924416,
        56.086106300354004,
        97
      ],
      [
        -5.55315644480288,
        56.08611744828522,
        97
      ],
      [
        -5.553145715966821,
        56.08612826094031,
        97
      ],
      [
        -5.553136328235269,
        56.086138570681214,
        97
      ],
      [
        -5.553128449246287,
        56.08614829368889,
        97
      ],
      [
        -5.553122078999877,
        56.08615734614432,
        97
      ],
      [
        -5.5531172174960375,
        56.08616556040943,
        96.79999999999995
      ],
      [
        -5.553113697096705,
        56.08617302030325,
        96.79999999999995
      ],
      [
        -5.553111433982849,
        56.08617955818772,
        96.79999999999995
      ],
      [
        -5.553110344335437,
        56.08618525788188,
        96.79999999999995
      ],
      [
        -5.553110092878342,
        56.086189951747656,
        96.79999999999995
      ],
      [
        -5.553110679611564,
        56.08619389124215,
        96.79999999999995
      ],
      [
        -5.553111853078008,
        56.08619690872729,
        96.79999999999995
      ],
      [
        -5.55311344563961,
        56.086199255660176,
        96.79999999999995
      ],
      [
        -5.55311537347734,
        56.08620093204081,
        96.79999999999995
      ],
      [
        -5.553117552772164,
        56.08620193786919,
        97
      ],
      [
        -5.553119732066989,
        56.08620252460241,
        97
      ],
      [
        -5.553121827542782,
        56.086202608421445,
        97
      ],
      [
        -5.553123839199543,
        56.08620235696435,
        97
      ],
      [
        -5.553125599399209,
        56.08620177023113,
        97
      ],
      [
        -5.553127024322748,
        56.086201099678874,
        97.20000000000005
      ],
      [
        -5.553128197789192,
        56.08620026148856,
        97.20000000000005
      ],
      [
        -5.553129035979509,
        56.08619942329824,
        97.20000000000005
      ],
      [
        -5.5531295388937,
        56.08619850128889,
        97.20000000000005
      ],
      [
        -5.553129790350795,
        56.08619757927954,
        97.20000000000005
      ],
      [
        -5.5531298741698265,
        56.086196741089225,
        97.39999999999998
      ],
      [
        -5.553129790350795,
        56.08619598671794,
        97.39999999999998
      ],
      [
        -5.5531295388937,
        56.086195316165686,
        97.39999999999998
      ],
      [
        -5.553129203617573,
        56.08619464561343,
        97.39999999999998
      ],
      [
        -5.553128784522414,
        56.08619414269924,
        97.60000000000002
      ],
      [
        -5.553128449246287,
        56.08619363978505,
        97.60000000000002
      ],
      [
        -5.553128030151129,
        56.086193304508924,
        97.60000000000002
      ],
      [
        -5.553127694875002,
        56.0861929692328,
        97.60000000000002
      ],
      [
        -5.553127443417907,
        56.086192801594734,
        97.60000000000002
      ],
      [
        -5.553127275779843,
        56.08619263395667,
        97.79999999999995
      ],
      [
        -5.55312710814178,
        56.08619255013764,
        97.79999999999995
      ],
      [
        -5.553127024322748,
        56.08619255013764,
        97.79999999999995
      ],
      [
        -5.5531269405037165,
        56.08619255013764,
        97.79999999999995
      ],
      [
        -5.553127024322748,
        56.08619263395667,
        97.79999999999995
      ],
      [
        -5.553127024322748,
        56.086192801594734,
        98
      ],
      [
        -5.55312710814178,
        56.0861929692328,
        98
      ],
      [
        -5.553127191960812,
        56.08619313687086,
        98
      ],
      [
        -5.553127359598875,
        56.086193388327956,
        98
      ],
      [
        -5.553127443417907,
        56.08619363978505,
        98
      ],
      [
        -5.55312761105597,
        56.086193807423115,
        98
      ],
      [
        -5.553127694875002,
        56.08619405888021,
        98
      ],
      [
        -5.553127778694034,
        56.08619422651827,
        98
      ],
      [
        -5.553127946332097,
        56.08619439415634,
        98
      ],
      [
        -5.553128030151129,
        56.0861945617944,
        98
      ],
      [
        -5.5531281139701605,
        56.086194729432464,
        98
      ],
      [
        -5.5531281139701605,
        56.086194813251495,
        98
      ],
      [
        -5.553128197789192,
        56.08619489707053,
        98
      ],
      [
        -5.553128197789192,
        56.08619498088956,
        98
      ],
      [
        -5.553128281608224,
        56.08619506470859,
        98
      ],
      [
        -5.553128281608224,
        56.08619514852762,
        98
      ],
      [
        -5.553128281608224,
        56.08619514852762,
        98
      ],
      [
        -5.553128281608224,
        56.08619514852762,
        98
      ],
      [
        -5.553128365427256,
        56.086195232346654,
        98
      ],
      [
        -5.553128365427256,
        56.086195232346654,
        98
      ],
      [
        -5.553128365427256,
        56.086195232346654,
        98
      ],
      [
        -5.553128365427256,
        56.086195232346654,
        98
      ],
      [
        -5.553128365427256,
        56.086195232346654,
        98
      ],
      [
        -5.553128281608224,
        56.08619514852762,
        98
      ],
      [
        -5.553128281608224,
        56.08619514852762,
        98
      ],
      [
        -5.553128281608224,
        56.08619506470859,
        98
      ],
      [
        -5.553128281608224,
        56.08619506470859,
        98
      ],
      [
        -5.553128281608224,
        56.08619506470859,
        98
      ],
      [
        -5.553128281608224,
        56.08619506470859,
        98
      ],
      [
        -5.553128281608224,
        56.08619506470859,
        98
      ],
      [
        -5.553128281608224,
        56.08619506470859,
        98
      ],
      [
        -5.553128281608224,
        56.08619506470859,
        98
      ],
      [
        -5.553128281608224,
        56.08619506470859,
        98
      ],
      [
        -5.553128281608224,
        56.08619506470859,
        98
      ],
      [
        -5.553128281608224,
        56.08619506470859,
        98
      ],
      [
        -5.553128281608224,
        56.08619506470859,
        98
      ],
      [
        -5.553128281608224,
        56.08619506470859,
        98
      ],
      [
        -5.553128281608224,
        56.08619506470859,
        98
      ],
      [
        -5.553128281608224,
        56.08619506470859,
        98
      ],
      [
        -5.553128281608224,
        56.08619506470859,
        98
      ],
      [
        -5.553128281608224,
        56.08619506470859,
        98
      ],
      [
        -5.553128281608224,
        56.08619506470859,
        98
      ],
      [
        -5.553128281608224,
        56.08619506470859,
        98
      ],
      [
        -5.553128281608224,
        56.08619506470859,
        98
      ],
      [
        -5.553128281608224,
        56.08619506470859,
        98
      ],
      [
        -5.553128281608224,
        56.08619506470859,
        98
      ],
      [
        -5.553128281608224,
        56.08619506470859,
        98
      ],
      [
        -5.553128281608224,
        56.08619506470859,
        98
      ],
      [
        -5.553128281608224,
        56.08619506470859,
        98
      ],
      [
        -5.553128281608224,
        56.08619506470859,
        98
      ],
      [
        -5.553128281608224,
        56.08619506470859,
        98
      ],
      [
        -5.553128281608224,
        56.08619506470859,
        98
      ],
      [
        -5.553128281608224,
        56.08619506470859,
        98
      ],
      [
        -5.553128281608224,
        56.08619506470859,
        98
      ],
      [
        -5.553128281608224,
        56.08619506470859,
        98
      ],
      [
        -5.553128281608224,
        56.08619506470859,
        98
      ],
      [
        -5.553128281608224,
        56.08619506470859,
        98
      ],
      [
        -5.553128281608224,
        56.08619506470859,
        98
      ],
      [
        -5.553128281608224,
        56.08619506470859,
        98
      ],
      [
        -5.553128281608224,
        56.08619506470859,
        98
      ],
      [
        -5.553128281608224,
        56.08619506470859,
        98
      ],
      [
        -5.553128281608224,
        56.08619506470859,
        98
      ],
      [
        -5.553128281608224,
        56.08619506470859,
        98
      ],
      [
        -5.553128281608224,
        56.08619506470859,
        98
      ],
      [
        -5.553128281608224,
        56.08619506470859,
        98
      ],
      [
        -5.553128281608224,
        56.08619506470859,
        98
      ],
      [
        -5.553128281608224,
        56.08619506470859,
        98
      ],
      [
        -5.553128197789192,
        56.08619514852762,
        98
      ],
      [
        -5.553128197789192,
        56.08619514852762,
        98
      ],
      [
        -5.553128281608224,
        56.08619506470859,
        98
      ],
      [
        -5.553128365427256,
        56.08619498088956,
        98
      ],
      [
        -5.553128449246287,
        56.08619489707053,
        98
      ],
      [
        -5.553128533065319,
        56.086194813251495,
        98
      ],
      [
        -5.5531287007033825,
        56.08619464561343,
        98
      ],
      [
        -5.553128868341446,
        56.08619447797537,
        98
      ],
      [
        -5.553129119798541,
        56.086194310337305,
        98
      ],
      [
        -5.553129371255636,
        56.08619414269924,
        98
      ],
      [
        -5.553129622712731,
        56.08619397506118,
        98
      ],
      [
        -5.553129957988858,
        56.08619372360408,
        98
      ],
      [
        -5.553130209445953,
        56.08619347214699,
        98
      ],
      [
        -5.55313054472208,
        56.08619322068989,
        98
      ],
      [
        -5.553130796179175,
        56.08619305305183,
        98
      ],
      [
        -5.5531310476362705,
        56.086192885413766,
        98
      ],
      [
        -5.553131215274334,
        56.0861927177757,
        98
      ],
      [
        -5.553131215274334,
        56.08619263395667,
        98
      ],
      [
        -5.5531310476362705,
        56.08619263395667,
        98
      ],
      [
        -5.553130628541112,
        56.0861927177757,
        98
      ],
      [
        -5.553129957988858,
        56.0861929692328,
        98
      ],
      [
        -5.553128868341446,
        56.08619347214699,
        97.79999999999995
      ],
      [
        -5.553127359598875,
        56.08619414269924,
        97.79999999999995
      ],
      [
        -5.553125347942114,
        56.08619506470859,
        97.60000000000002
      ],
      [
        -5.553122665733099,
        56.086196321994066,
        97.60000000000002
      ],
      [
        -5.55311931297183,
        56.08619791455567,
        97.39999999999998
      ],
      [
        -5.553115289658308,
        56.08619992621243,
        97.20000000000005
      ],
      [
        -5.5531105119735,
        56.08620227314532,
        97
      ],
      [
        -5.553104979917407,
        56.086205122992396,
        96.79999999999995
      ],
      [
        -5.553098693490028,
        56.086208475753665,
        96.39999999999998
      ],
      [
        -5.553091904148459,
        56.08621224761009,
        96.20000000000005
      ],
      [
        -5.553084863349795,
        56.086216354742646,
        95.79999999999995
      ],
      [
        -5.553077571094036,
        56.08622088097036,
        95.39999999999998
      ],
      [
        -5.55307044647634,
        56.0862257424742,
        95.20000000000005
      ],
      [
        -5.553063489496708,
        56.08623085543513,
        94.79999999999995
      ],
      [
        -5.553056700155139,
        56.086236303672194,
        94.39999999999998
      ],
      [
        -5.55304991081357,
        56.08624191954732,
        94.20000000000005
      ],
      [
        -5.553043205291033,
        56.08624770306051,
        93.79999999999995
      ],
      [
        -5.5530362483114,
        56.08625373803079,
        93.60000000000002
      ],
      [
        -5.553028956055641,
        56.08625994063914,
        93.39999999999998
      ],
      [
        -5.553021244704723,
        56.08626631088555,
        93
      ],
      [
        -5.553013114258647,
        56.08627276495099,
        92.79999999999995
      ],
      [
        -5.55300448089838,
        56.08627921901643,
        92.60000000000002
      ],
      [
        -5.552995260804892,
        56.08628575690091,
        92.39999999999998
      ],
      [
        -5.552985453978181,
        56.08629221096635,
        92.20000000000005
      ],
      [
        -5.552975228056312,
        56.08629866503179,
        91.79999999999995
      ],
      [
        -5.552964583039284,
        56.08630486764014,
        91.60000000000002
      ],
      [
        -5.552953602746129,
        56.08631081879139,
        91.60000000000002
      ],
      [
        -5.552942538633943,
        56.086316518485546,
        91.39999999999998
      ],
      [
        -5.5529313907027245,
        56.086321799084544,
        91.20000000000005
      ],
      [
        -5.55292041040957,
        56.086326744407415,
        91.20000000000005
      ],
      [
        -5.5529095977544785,
        56.08633127063513,
        91
      ],
      [
        -5.552899120375514,
        56.08633537776768,
        91
      ],
      [
        -5.5528889782726765,
        56.086338981986046,
        91
      ],
      [
        -5.5528792552649975,
        56.08634216710925,
        91
      ],
      [
        -5.552869867533445,
        56.0863449331373,
        91
      ],
      [
        -5.552860898897052,
        56.086347280070186,
        91
      ],
      [
        -5.552852097898722,
        56.08634929172695,
        91
      ],
      [
        -5.552843632176518,
        56.086351135745645,
        91
      ],
      [
        -5.55283541791141,
        56.08635272830725,
        91.20000000000005
      ],
      [
        -5.552827455103397,
        56.086354153230786,
        91.20000000000005
      ],
      [
        -5.552819827571511,
        56.086355578154325,
        91.20000000000005
      ],
      [
        -5.552812367677689,
        56.08635691925883,
        91.20000000000005
      ],
      [
        -5.5528053268790245,
        56.08635826036334,
        91.39999999999998
      ],
      [
        -5.552798453718424,
        56.08635976910591,
        91.39999999999998
      ],
      [
        -5.552791832014918,
        56.086361361667514,
        91.39999999999998
      ],
      [
        -5.552785377949476,
        56.08636320568621,
        91.39999999999998
      ],
      [
        -5.552779007703066,
        56.086365301162004,
        91.20000000000005
      ],
      [
        -5.5527726374566555,
        56.08636764809489,
        91.20000000000005
      ],
      [
        -5.552766099572182,
        56.086370246484876,
        91
      ],
      [
        -5.5527593940496445,
        56.08637326397002,
        91
      ],
      [
        -5.552752185612917,
        56.086376532912254,
        90.79999999999995
      ],
      [
        -5.552744474261999,
        56.086380053311586,
        90.60000000000002
      ],
      [
        -5.552736092358828,
        56.086383825168014,
        90.39999999999998
      ],
      [
        -5.552726872265339,
        56.086387764662504,
        90
      ],
      [
        -5.552716897800565,
        56.08639195561409,
        89.79999999999995
      ],
      [
        -5.5527060851454735,
        56.08639631420374,
        89.60000000000002
      ],
      [
        -5.5526946019381285,
        56.08640084043145,
        89.20000000000005
      ],
      [
        -5.55268244817853,
        56.086405450478196,
        89
      ],
      [
        -5.552669791504741,
        56.086410228163004,
        88.60000000000002
      ],
      [
        -5.552656967192888,
        56.08641508966684,
        88.20000000000005
      ],
      [
        -5.552643891423941,
        56.086420034989715,
        88
      ],
      [
        -5.552630815654993,
        56.08642506413162,
        87.60000000000002
      ],
      [
        -5.552617823705077,
        56.086430260911584,
        87.39999999999998
      ],
      [
        -5.552604831755161,
        56.08643554151058,
        87
      ],
      [
        -5.5525920912623405,
        56.08644098974764,
        86.79999999999995
      ],
      [
        -5.5525794345885515,
        56.086446437984705,
        86.39999999999998
      ],
      [
        -5.552567197009921,
        56.08645188622177,
        86.20000000000005
      ],
      [
        -5.5525552947074175,
        56.08645733445883,
        86
      ],
      [
        -5.552543979138136,
        56.08646269887686,
        85.60000000000002
      ],
      [
        -5.552533166483045,
        56.086467979475856,
        85.39999999999998
      ],
      [
        -5.552523024380207,
        56.08647317625582,
        85.20000000000005
      ],
      [
        -5.552513552829623,
        56.08647812157869,
        85.20000000000005
      ],
      [
        -5.552504751831293,
        56.08648281544447,
        85
      ],
      [
        -5.552496621385217,
        56.08648734167218,
        85
      ],
      [
        -5.552489077672362,
        56.0864916164428,
        84.79999999999995
      ],
      [
        -5.55248212069273,
        56.08649555593729,
        84.79999999999995
      ],
      [
        -5.552475498989224,
        56.08649932779372,
        84.79999999999995
      ],
      [
        -5.5524692963808775,
        56.08650276437402,
        84.79999999999995
      ],
      [
        -5.552463429048657,
        56.08650594949722,
        84.79999999999995
      ],
      [
        -5.552457980811596,
        56.08650888316333,
        84.79999999999995
      ],
      [
        -5.552452867850661,
        56.08651156537235,
        84.79999999999995
      ],
      [
        -5.552448173984885,
        56.086513912305236,
        84.79999999999995
      ],
      [
        -5.552444066852331,
        56.08651609160006,
        85
      ],
      [
        -5.552440378814936,
        56.08651793561876,
        85
      ],
      [
        -5.552437445148826,
        56.086519695818424,
        85
      ],
      [
        -5.552435098215938,
        56.08652112074196,
        85
      ],
      [
        -5.552433505654335,
        56.08652246184647,
        85
      ],
      [
        -5.552432583644986,
        56.08652355149388,
        85
      ],
      [
        -5.552432416006923,
        56.086524557322264,
        85
      ],
      [
        -5.552432835102081,
        56.08652539551258,
        85.20000000000005
      ],
      [
        -5.552433924749494,
        56.086526066064835,
        85.20000000000005
      ],
      [
        -5.552435517311096,
        56.086526568979025,
        85.20000000000005
      ],
      [
        -5.552437528967857,
        56.08652698807418,
        85
      ],
      [
        -5.552439875900745,
        56.08652715571225,
        85
      ],
      [
        -5.552442306652665,
        56.08652723953128,
        85
      ],
      [
        -5.552444737404585,
        56.086527071893215,
        85
      ],
      [
        -5.552447000518441,
        56.08652673661709,
        85
      ],
      [
        -5.552449012175202,
        56.0865262337029,
        85
      ],
      [
        -5.552450688555837,
        56.086525646969676,
        85
      ],
      [
        -5.552451945841312,
        56.086525060236454,
        85
      ],
      [
        -5.552452867850661,
        56.08652447350323,
        85
      ],
      [
        -5.552453370764852,
        56.08652388677001,
        85
      ],
      [
        -5.552453706040978,
        56.08652338385582,
        85
      ],
      [
        -5.55245378986001,
        56.08652304857969,
        85
      ],
      [
        -5.552453706040978,
        56.0865227971226,
        85
      ],
      [
        -5.552453622221947,
        56.0865227971226,
        85
      ],
      [
        -5.552453454583883,
        56.08652296476066,
        85
      ],
      [
        -5.55245328694582,
        56.08652330003679,
        85
      ],
      [
        -5.552453119307756,
        56.08652388677001,
        85
      ],
      [
        -5.552453035488725,
        56.086524641141295,
        85
      ],
      [
        -5.552453119307756,
        56.086525646969676,
        85
      ],
      [
        -5.552453370764852,
        56.08652682043612,
        85.20000000000005
      ],
      [
        -5.552453873679042,
        56.08652816154063,
        85.20000000000005
      ],
      [
        -5.552454628050327,
        56.08652983792126,
        85.20000000000005
      ],
      [
        -5.552455633878708,
        56.08653159812093,
        85.20000000000005
      ],
      [
        -5.552456891164184,
        56.08653352595866,
        85.39999999999998
      ],
      [
        -5.552458483725786,
        56.08653562143445,
        85.39999999999998
      ],
      [
        -5.5524601601064205,
        56.08653788454831,
        85.60000000000002
      ],
      [
        -5.55246208794415,
        56.08654014766216,
        85.60000000000002
      ],
      [
        -5.552464099600911,
        56.08654249459505,
        85.60000000000002
      ],
      [
        -5.552466278895736,
        56.08654475770891,
        85.60000000000002
      ],
      [
        -5.552468625828624,
        56.08654702082276,
        85.60000000000002
      ],
      [
        -5.552470972761512,
        56.08654920011759,
        85.79999999999995
      ],
      [
        -5.5524733196944,
        56.08655121177435,
        85.79999999999995
      ],
      [
        -5.55247575044632,
        56.08655313961208,
        85.60000000000002
      ],
      [
        -5.552478097379208,
        56.086554899811745,
        85.60000000000002
      ],
      [
        -5.552480528131127,
        56.08655657619238,
        85.60000000000002
      ],
      [
        -5.552482958883047,
        56.08655800111592,
        85.60000000000002
      ],
      [
        -5.552485389634967,
        56.086559258401394,
        85.60000000000002
      ],
      [
        -5.552487736567855,
        56.08656043186784,
        85.60000000000002
      ],
      [
        -5.552490083500743,
        56.08656135387719,
        85.39999999999998
      ],
      [
        -5.552492178976536,
        56.086562192067504,
        85.39999999999998
      ],
      [
        -5.5524940229952335,
        56.08656286261976,
        85.39999999999998
      ],
      [
        -5.552495615556836,
        56.08656336553395,
        85.39999999999998
      ],
      [
        -5.552496956661344,
        56.086563700810075,
        85.39999999999998
      ],
      [
        -5.552498130127788,
        56.08656395226717,
        85.20000000000005
      ],
      [
        -5.5524990521371365,
        56.08656411990523,
        85.20000000000005
      ],
      [
        -5.552499806508422,
        56.08656411990523,
        85.20000000000005
      ],
      [
        -5.552500477060676,
        56.08656395226717,
        85.20000000000005
      ],
      [
        -5.552501063793898,
        56.08656378462911,
        85.20000000000005
      ],
      [
        -5.552501482889056,
        56.08656353317201,
        85.20000000000005
      ],
      [
        -5.552501901984215,
        56.086563197895885,
        85.20000000000005
      ],
      [
        -5.552502237260342,
        56.08656286261976,
        85.20000000000005
      ],
      [
        -5.5525025725364685,
        56.0865624435246,
        85.20000000000005
      ],
      [
        -5.552502823993564,
        56.08656210824847,
        85.20000000000005
      ],
      [
        -5.552502991631627,
        56.08656185679138,
        85.20000000000005
      ],
      [
        -5.552503075450659,
        56.08656160533428,
        85.20000000000005
      ],
      [
        -5.5525031592696905,
        56.08656152151525,
        85.20000000000005
      ],
      [
        -5.552502991631627,
        56.08656152151525,
        85.20000000000005
      ],
      [
        -5.552502740174532,
        56.086561772972345,
        85.20000000000005
      ],
      [
        -5.552502237260342,
        56.086562192067504,
        85.20000000000005
      ],
      [
        -5.552501482889056,
        56.08656294643879,
        85
      ],
      [
        -5.552500393241644,
        56.0865640360862,
        85
      ],
      [
        -5.552498884499073,
        56.08656554482877,
        84.79999999999995
      ],
      [
        -5.552496956661344,
        56.086567556485534,
        84.79999999999995
      ],
      [
        -5.552494442090392,
        56.086570071056485,
        84.60000000000002
      ],
      [
        -5.552491340786219,
        56.08657308854163,
        84.39999999999998
      ],
      [
        -5.5524875689297915,
        56.08657677657902,
        84
      ],
      [
        -5.552483042702079,
        56.08658113516867,
        83.79999999999995
      ],
      [
        -5.552477929741144,
        56.08658599667251,
        83.39999999999998
      ],
      [
        -5.552472062408924,
        56.086591528728604,
        83.20000000000005
      ],
      [
        -5.552465692162514,
        56.08659756369889,
        82.79999999999995
      ],
      [
        -5.552458902820945,
        56.08660401776433,
        82.39999999999998
      ],
      [
        -5.552451778203249,
        56.08661072328687,
        82
      ],
      [
        -5.552444402128458,
        56.08661759644747,
        81.60000000000002
      ],
      [
        -5.552436774596572,
        56.08662463724613,
        81.20000000000005
      ],
      [
        -5.552428979426622,
        56.086631678044796,
        81
      ],
      [
        -5.552421016618609,
        56.08663871884346,
        80.60000000000002
      ],
      [
        -5.5524130538105965,
        56.08664567582309,
        80.20000000000005
      ],
      [
        -5.55240492336452,
        56.086652632802725,
        80
      ],
      [
        -5.552396876737475,
        56.086659422144294,
        79.60000000000002
      ],
      [
        -5.552388913929462,
        56.08666621148586,
        79.20000000000005
      ],
      [
        -5.552381034940481,
        56.08667283318937,
        79
      ],
      [
        -5.552373323589563,
        56.08667937107384,
        78.79999999999995
      ],
      [
        -5.5523656122386456,
        56.086685908958316,
        78.39999999999998
      ],
      [
        -5.552358068525791,
        56.08669236302376,
        78.20000000000005
      ],
      [
        -5.552350524812937,
        56.08669873327017,
        78
      ],
      [
        -5.552342981100082,
        56.08670510351658,
        77.79999999999995
      ],
      [
        -5.552335437387228,
        56.08671138994396,
        77.39999999999998
      ],
      [
        -5.552327809855342,
        56.08671776019037,
        77.20000000000005
      ],
      [
        -5.552320098504424,
        56.086723962798715,
        77
      ],
      [
        -5.552312051877379,
        56.08673016540706,
        76.79999999999995
      ],
      [
        -5.55230375379324,
        56.086736200377345,
        76.60000000000002
      ],
      [
        -5.552295036613941,
        56.0867421515286,
        76.39999999999998
      ],
      [
        -5.5522858165204525,
        56.08674776740372,
        76.20000000000005
      ],
      [
        -5.552276261150837,
        56.08675313182175,
        76
      ],
      [
        -5.552266286686063,
        56.08675807714462,
        75.79999999999995
      ],
      [
        -5.552255976945162,
        56.086762603372335,
        75.60000000000002
      ],
      [
        -5.552245331928134,
        56.08676662668586,
        75.39999999999998
      ],
      [
        -5.552234686911106,
        56.08677014708519,
        75.20000000000005
      ],
      [
        -5.5522239580750465,
        56.0867730807513,
        74.79999999999995
      ],
      [
        -5.55221339687705,
        56.08677551150322,
        74.60000000000002
      ],
      [
        -5.552202919498086,
        56.08677743934095,
        74.39999999999998
      ],
      [
        -5.552192693576217,
        56.08677911572158,
        74.20000000000005
      ],
      [
        -5.552182635292411,
        56.08678045682609,
        74
      ],
      [
        -5.552172660827637,
        56.08678171411157,
        73.79999999999995
      ],
      [
        -5.552162854000926,
        56.086783055216074,
        73.60000000000002
      ],
      [
        -5.552153214812279,
        56.086784563958645,
        73.39999999999998
      ],
      [
        -5.552143659442663,
        56.08678632415831,
        73.20000000000005
      ],
      [
        -5.552134271711111,
        56.086788503453135,
        73
      ],
      [
        -5.552125051617622,
        56.08679110184312,
        72.79999999999995
      ],
      [
        -5.552116082981229,
        56.08679420314729,
        72.60000000000002
      ],
      [
        -5.55210736580193,
        56.086797807365656,
        72.39999999999998
      ],
      [
        -5.552099067717791,
        56.08680183067918,
        72.20000000000005
      ],
      [
        -5.552091188728809,
        56.08680618926883,
        72.20000000000005
      ],
      [
        -5.55208389647305,
        56.0868108831346,
        72
      ],
      [
        -5.552077190950513,
        56.086815828457475,
        72
      ],
      [
        -5.552071323618293,
        56.08682094141841,
        71.79999999999995
      ],
      [
        -5.55206629447639,
        56.08682630583644,
        71.79999999999995
      ],
      [
        -5.552062354981899,
        56.08683183789253,
        71.60000000000002
      ],
      [
        -5.5520593374967575,
        56.08683753758669,
        71.60000000000002
      ],
      [
        -5.55205749347806,
        56.08684332109988,
        71.60000000000002
      ],
      [
        -5.552056655287743,
        56.08684927225113,
        71.60000000000002
      ],
      [
        -5.552056906744838,
        56.086855391040444,
        71.60000000000002
      ],
      [
        -5.552058080211282,
        56.08686159364879,
        71.60000000000002
      ],
      [
        -5.552060091868043,
        56.08686804771423,
        71.60000000000002
      ],
      [
        -5.5520628578960896,
        56.08687475323677,
        71.60000000000002
      ],
      [
        -5.5520661268383265,
        56.08688162639737,
        71.60000000000002
      ],
      [
        -5.55206973105669,
        56.08688875101507,
        71.60000000000002
      ],
      [
        -5.552073419094086,
        56.08689621090889,
        71.60000000000002
      ],
      [
        -5.552076939493418,
        56.08690392225981,
        71.60000000000002
      ],
      [
        -5.552080124616623,
        56.086912052705884,
        71.60000000000002
      ],
      [
        -5.552082639187574,
        56.08692051842809,
        71.60000000000002
      ],
      [
        -5.552084483206272,
        56.086929235607386,
        71.60000000000002
      ],
      [
        -5.552085572853684,
        56.08693837188184,
        71.60000000000002
      ],
      [
        -5.552085908129811,
        56.08694767579436,
        71.39999999999998
      ],
      [
        -5.552085489034653,
        56.08695731498301,
        71.39999999999998
      ],
      [
        -5.552084483206272,
        56.08696703799069,
        71.39999999999998
      ],
      [
        -5.552083058282733,
        56.08697692863643,
        71.20000000000005
      ],
      [
        -5.552081298083067,
        56.086986903101206,
        71.20000000000005
      ],
      [
        -5.5520793702453375,
        56.08699687756598,
        71
      ],
      [
        -5.55207752622664,
        56.08700676821172,
        71
      ],
      [
        -5.552075849846005,
        56.08701657503843,
        70.79999999999995
      ],
      [
        -5.552074508741498,
        56.08702621422708,
        70.79999999999995
      ],
      [
        -5.5520737543702126,
        56.087035685777664,
        70.60000000000002
      ],
      [
        -5.552073586732149,
        56.08704490587115,
        70.60000000000002
      ],
      [
        -5.552074089646339,
        56.087053790688515,
        70.39999999999998
      ],
      [
        -5.552075430750847,
        56.08706234022975,
        70.20000000000005
      ],
      [
        -5.552077442407608,
        56.08707055449486,
        70.20000000000005
      ],
      [
        -5.552080040797591,
        56.08707843348384,
        70
      ],
      [
        -5.552082974463701,
        56.08708597719669,
        70
      ],
      [
        -5.552085991948843,
        56.08709318563342,
        70
      ],
      [
        -5.552089009433985,
        56.08710005879402,
        69.79999999999995
      ],
      [
        -5.552091607823968,
        56.087106596678495,
        69.79999999999995
      ],
      [
        -5.5520937871187925,
        56.087112883105874,
        69.79999999999995
      ],
      [
        -5.552095295861363,
        56.087118750438094,
        69.79999999999995
      ],
      [
        -5.552096217870712,
        56.08712428249419,
        69.79999999999995
      ],
      [
        -5.552096553146839,
        56.08712931163609,
        69.79999999999995
      ],
      [
        -5.552096217870712,
        56.0871338378638,
        69.79999999999995
      ],
      [
        -5.552095547318459,
        56.087137861177325,
        69.79999999999995
      ],
      [
        -5.552094457671046,
        56.08714138157666,
        69.79999999999995
      ],
      [
        -5.5520932003855705,
        56.0871443990618,
        69.79999999999995
      ],
      [
        -5.552091691643,
        56.08714691363275,
        70
      ],
      [
        -5.552090182900429,
        56.08714900910854,
        70
      ],
      [
        -5.5520885065197945,
        56.08715076930821,
        70
      ],
      [
        -5.55208683013916,
        56.08715219423175,
        70
      ],
      [
        -5.552085153758526,
        56.08715336769819,
        70.20000000000005
      ],
      [
        -5.5520834773778915,
        56.08715420588851,
        70.20000000000005
      ],
      [
        -5.552081884816289,
        56.087154960259795,
        70.20000000000005
      ],
      [
        -5.552080376073718,
        56.087155463173985,
        70.20000000000005
      ],
      [
        -5.552078951150179,
        56.087155882269144,
        70.20000000000005
      ],
      [
        -5.55207752622664,
        56.08715621754527,
        70.20000000000005
      ],
      [
        -5.552076352760196,
        56.0871565528214,
        70.20000000000005
      ],
      [
        -5.552075179293752,
        56.08715680427849,
        70.39999999999998
      ],
      [
        -5.552074173465371,
        56.08715705573559,
        70.39999999999998
      ],
      [
        -5.552073335275054,
        56.087157391011715,
        70.39999999999998
      ],
      [
        -5.552072497084737,
        56.08715781010687,
        70.39999999999998
      ],
      [
        -5.552071742713451,
        56.087158313021064,
        70.39999999999998
      ],
      [
        -5.552070988342166,
        56.08715898357332,
        70.39999999999998
      ],
      [
        -5.5520702339708805,
        56.08715965412557,
        70.39999999999998
      ],
      [
        -5.552069479599595,
        56.08716049231589,
        70.39999999999998
      ],
      [
        -5.552068641409278,
        56.08716141432524,
        70.39999999999998
      ],
      [
        -5.552067803218961,
        56.08716250397265,
        70.39999999999998
      ],
      [
        -5.552066965028644,
        56.08716359362006,
        70.60000000000002
      ],
      [
        -5.5520661268383265,
        56.08716485090554,
        70.60000000000002
      ],
      [
        -5.552065288648009,
        56.08716610819101,
        70.60000000000002
      ],
      [
        -5.552064450457692,
        56.08716744929552,
        70.60000000000002
      ],
      [
        -5.552063528448343,
        56.08716887421906,
        70.60000000000002
      ],
      [
        -5.552062606438994,
        56.08717038296163,
        70.60000000000002
      ],
      [
        -5.552061516791582,
        56.08717197552323,
        70.39999999999998
      ],
      [
        -5.552060091868043,
        56.0871737357229,
        70.39999999999998
      ],
      [
        -5.552058247849345,
        56.08717574737966,
        70.39999999999998
      ],
      [
        -5.552055900916457,
        56.087177926674485,
        70.39999999999998
      ],
      [
        -5.552052799612284,
        56.087180357426405,
        70.39999999999998
      ],
      [
        -5.552048943936825,
        56.08718303963542,
        70.20000000000005
      ],
      [
        -5.5520443338900805,
        56.08718605712056,
        70.20000000000005
      ],
      [
        -5.552038801833987,
        56.0871893260628,
        70
      ],
      [
        -5.552032515406609,
        56.08719293028116,
        70
      ],
      [
        -5.552025223150849,
        56.08719678595662,
        69.79999999999995
      ],
      [
        -5.552017176523805,
        56.087200893089175,
        69.60000000000002
      ],
      [
        -5.552008291706443,
        56.08720516785979,
        69.60000000000002
      ],
      [
        -5.551998736336827,
        56.08720977790654,
        69.39999999999998
      ],
      [
        -5.551988510414958,
        56.08721463941038,
        69.20000000000005
      ],
      [
        -5.551977697759867,
        56.08721958473325,
        69
      ],
      [
        -5.551966466009617,
        56.087224781513214,
        69
      ],
      [
        -5.551954982802272,
        56.087230145931244,
        68.79999999999995
      ],
      [
        -5.551943248137832,
        56.087235594168305,
        68.60000000000002
      ],
      [
        -5.5519315134733915,
        56.08724121004343,
        68.60000000000002
      ],
      [
        -5.551919862627983,
        56.08724699355662,
        68.39999999999998
      ],
      [
        -5.551908379420638,
        56.08725286088884,
        68.39999999999998
      ],
      [
        -5.551897315308452,
        56.08725881204009,
        68.20000000000005
      ],
      [
        -5.5518867541104555,
        56.087264930829406,
        68.20000000000005
      ],
      [
        -5.55187669582665,
        56.08727113343775,
        68
      ],
      [
        -5.5518673080950975,
        56.08727725222707,
        68
      ],
      [
        -5.551858674734831,
        56.08728337101638,
        67.79999999999995
      ],
      [
        -5.551850879564881,
        56.0872892383486,
        67.79999999999995
      ],
      [
        -5.551843922585249,
        56.08729493804276,
        67.79999999999995
      ],
      [
        -5.551837719976902,
        56.08730021864176,
        67.60000000000002
      ],
      [
        -5.551832355558872,
        56.08730516396463,
        67.60000000000002
      ],
      [
        -5.551827745512128,
        56.08730952255428,
        67.60000000000002
      ],
      [
        -5.551823889836669,
        56.08731346204877,
        67.60000000000002
      ],
      [
        -5.551820620894432,
        56.08731689862907,
        67.60000000000002
      ],
      [
        -5.5518178548663855,
        56.08731983229518,
        67.60000000000002
      ],
      [
        -5.551815591752529,
        56.08732234686613,
        67.60000000000002
      ],
      [
        -5.5518136639148,
        56.087324442341924,
        67.60000000000002
      ],
      [
        -5.551811987534165,
        56.08732611872256,
        67.60000000000002
      ],
      [
        -5.551810646429658,
        56.0873275436461,
        67.60000000000002
      ],
      [
        -5.551809389144182,
        56.08732863329351,
        67.60000000000002
      ],
      [
        -5.55180829949677,
        56.08732955530286,
        67.60000000000002
      ],
      [
        -5.551807293668389,
        56.08733022585511,
        67.60000000000002
      ],
      [
        -5.5518063716590405,
        56.0873307287693,
        67.60000000000002
      ],
      [
        -5.551805533468723,
        56.08733114786446,
        67.60000000000002
      ],
      [
        -5.551804779097438,
        56.08733148314059,
        67.60000000000002
      ],
      [
        -5.551804024726152,
        56.08733165077865,
        67.60000000000002
      ],
      [
        -5.55180343799293,
        56.087331902235746,
        67.60000000000002
      ],
      [
        -5.551802851259708,
        56.08733198605478,
        67.60000000000002
      ],
      [
        -5.55180243216455,
        56.08733206987381,
        67.39999999999998
      ],
      [
        -5.551802096888423,
        56.08733215369284,
        67.39999999999998
      ],
      [
        -5.551801845431328,
        56.08733215369284,
        67.39999999999998
      ],
      [
        -5.551801593974233,
        56.08733223751187,
        67.39999999999998
      ],
      [
        -5.551801510155201,
        56.08733215369284,
        67.39999999999998
      ],
      [
        -5.551801426336169,
        56.08733215369284,
        67.39999999999998
      ],
      [
        -5.551801426336169,
        56.08733215369284,
        67.39999999999998
      ],
      [
        -5.551801426336169,
        56.08733206987381,
        67.39999999999998
      ],
      [
        -5.551801510155201,
        56.08733198605478,
        67.39999999999998
      ],
      [
        -5.551801677793264,
        56.087331902235746,
        67.39999999999998
      ],
      [
        -5.551801845431328,
        56.087331818416715,
        67.39999999999998
      ],
      [
        -5.551802180707455,
        56.08733165077865,
        67.39999999999998
      ],
      [
        -5.5518025159835815,
        56.08733148314059,
        67.39999999999998
      ],
      [
        -5.55180293507874,
        56.087331315502524,
        67.60000000000002
      ],
      [
        -5.55180343799293,
        56.08733114786446,
        67.60000000000002
      ],
      [
        -5.551804024726152,
        56.0873309802264,
        67.60000000000002
      ],
      [
        -5.551804695278406,
        56.087330812588334,
        67.79999999999995
      ],
      [
        -5.551805533468723,
        56.08733064495027,
        68
      ],
      [
        -5.551806455478072,
        56.08733047731221,
        68
      ],
      [
        -5.551807377487421,
        56.087330393493176,
        68.20000000000005
      ],
      [
        -5.551808467134833,
        56.087330309674144,
        68.39999999999998
      ],
      [
        -5.551809472963214,
        56.08733022585511,
        68.60000000000002
      ],
      [
        -5.551810562610626,
        56.087330309674144,
        68.79999999999995
      ],
      [
        -5.551811484619975,
        56.08733047731221,
        69
      ],
      [
        -5.551812322810292,
        56.087330812588334,
        69.20000000000005
      ],
      [
        -5.551812993362546,
        56.087331315502524,
        69.39999999999998
      ],
      [
        -5.551813496276736,
        56.08733198605478,
        69.39999999999998
      ],
      [
        -5.551813831552863,
        56.08733290806413,
        69.60000000000002
      ],
      [
        -5.5518139991909266,
        56.08733399771154,
        69.79999999999995
      ],
      [
        -5.5518139991909266,
        56.08733533881605,
        69.79999999999995
      ],
      [
        -5.551813747733831,
        56.08733701519668,
        69.79999999999995
      ],
      [
        -5.551813328638673,
        56.08733894303441,
        69.79999999999995
      ],
      [
        -5.551812574267387,
        56.08734120614827,
        69.79999999999995
      ],
      [
        -5.551811568439007,
        56.08734372071922,
        69.79999999999995
      ],
      [
        -5.551810227334499,
        56.087346486747265,
        69.79999999999995
      ],
      [
        -5.551808467134833,
        56.08734958805144,
        69.60000000000002
      ],
      [
        -5.551806204020977,
        56.08735294081271,
        69.60000000000002
      ],
      [
        -5.551803354173899,
        56.0873566288501,
        69.39999999999998
      ],
      [
        -5.551799833774567,
        56.08736040070653,
        69.20000000000005
      ],
      [
        -5.551795642822981,
        56.08736442402005,
        69
      ],
      [
        -5.551790613681078,
        56.087368531152606,
        68.79999999999995
      ],
      [
        -5.551784913986921,
        56.08737280592322,
        68.60000000000002
      ],
      [
        -5.551778543740511,
        56.08737699687481,
        68.39999999999998
      ],
      [
        -5.551771502941847,
        56.087381187826395,
        68.20000000000005
      ],
      [
        -5.551764126867056,
        56.08738521113992,
        68
      ],
      [
        -5.551756415516138,
        56.087388982996345,
        68
      ],
      [
        -5.5517486203461885,
        56.08739258721471,
        67.79999999999995
      ],
      [
        -5.551740908995271,
        56.087395856156945,
        67.60000000000002
      ],
      [
        -5.551733365282416,
        56.08739887364209,
        67.60000000000002
      ],
      [
        -5.5517262406647205,
        56.087401639670134,
        67.39999999999998
      ],
      [
        -5.551719451323152,
        56.08740423806012,
        67.39999999999998
      ],
      [
        -5.551713081076741,
        56.08740666881204,
        67.20000000000005
      ],
      [
        -5.551706962287426,
        56.087409099563956,
        67.20000000000005
      ],
      [
        -5.551701094955206,
        56.087411446496844,
        67
      ],
      [
        -5.551695227622986,
        56.08741379342973,
        67
      ],
      [
        -5.551689360290766,
        56.08741614036262,
        66.79999999999995
      ],
      [
        -5.551683325320482,
        56.08741865493357,
        66.79999999999995
      ],
      [
        -5.551676955074072,
        56.087421253323555,
        66.60000000000002
      ],
      [
        -5.551670333370566,
        56.0874240193516,
        66.60000000000002
      ],
      [
        -5.551663460209966,
        56.08742695301771,
        66.39999999999998
      ],
      [
        -5.55165633559227,
        56.08743013814092,
        66.20000000000005
      ],
      [
        -5.551649127155542,
        56.087433490902185,
        66
      ],
      [
        -5.551641834899783,
        56.08743701130152,
        66
      ],
      [
        -5.551634458824992,
        56.087440783157945,
        65.79999999999995
      ],
      [
        -5.551627166569233,
        56.087444722652435,
        65.60000000000002
      ],
      [
        -5.551619874313474,
        56.08744882978499,
        65.39999999999998
      ],
      [
        -5.551612665876746,
        56.08745310455561,
        65.20000000000005
      ],
      [
        -5.551605373620987,
        56.08745754696429,
        65
      ],
      [
        -5.551598081365228,
        56.08746198937297,
        65
      ],
      [
        -5.5515908729285,
        56.08746651560068,
        64.79999999999995
      ],
      [
        -5.551583580672741,
        56.087471041828394,
        64.60000000000002
      ],
      [
        -5.551576288416982,
        56.08747565187514,
        64.39999999999998
      ],
      [
        -5.551568912342191,
        56.08748026192188,
        64.39999999999998
      ],
      [
        -5.5515616200864315,
        56.08748487196863,
        64.20000000000005
      ],
      [
        -5.5515542440116405,
        56.08748939819634,
        64
      ],
      [
        -5.55154686793685,
        56.087494008243084,
        63.799999999999955
      ],
      [
        -5.551539491862059,
        56.087498450651765,
        63.60000000000002
      ],
      [
        -5.551532115787268,
        56.087502893060446,
        63.60000000000002
      ],
      [
        -5.551524739712477,
        56.087507251650095,
        63.39999999999998
      ],
      [
        -5.5515174474567175,
        56.087511610239744,
        63.200000000000045
      ],
      [
        -5.551510155200958,
        56.08751596882939,
        63
      ],
      [
        -5.551502862945199,
        56.087520411238074,
        62.799999999999955
      ],
      [
        -5.5514956545084715,
        56.08752493746579,
        62.60000000000002
      ],
      [
        -5.551488362252712,
        56.08752963133156,
        62.39999999999998
      ],
      [
        -5.55148090235889,
        56.0875344928354,
        62
      ],
      [
        -5.551473191007972,
        56.08753960579634,
        61.799999999999955
      ],
      [
        -5.551465060561895,
        56.08754497021437,
        61.60000000000002
      ],
      [
        -5.551456594839692,
        56.08755050227046,
        61.39999999999998
      ],
      [
        -5.551447542384267,
        56.08755636960268,
        61.200000000000045
      ],
      [
        -5.551438070833683,
        56.087562488391995,
        61
      ],
      [
        -5.551428264006972,
        56.087568774819374,
        60.799999999999955
      ],
      [
        -5.551418038085103,
        56.08757539652288,
        60.39999999999998
      ],
      [
        -5.55140764452517,
        56.08758218586445,
        60.200000000000045
      ],
      [
        -5.5513969995081425,
        56.087589310482144,
        60
      ],
      [
        -5.551386270672083,
        56.087596602737904,
        59.799999999999955
      ],
      [
        -5.551375541836023,
        56.08760414645076,
        59.60000000000002
      ],
      [
        -5.551364812999964,
        56.087611857801676,
        59.39999999999998
      ],
      [
        -5.5513540003448725,
        56.08761982060969,
        59.200000000000045
      ],
      [
        -5.551343271508813,
        56.0876280348748,
        59
      ],
      [
        -5.551332542672753,
        56.08763641677797,
        58.799999999999955
      ],
      [
        -5.551321813836694,
        56.08764488250017,
        58.60000000000002
      ],
      [
        -5.551311085000634,
        56.08765343204141,
        58.60000000000002
      ],
      [
        -5.551300439983606,
        56.08766206540167,
        58.39999999999998
      ],
      [
        -5.551289962604642,
        56.08767061494291,
        58.200000000000045
      ],
      [
        -5.551279569044709,
        56.08767908066511,
        58
      ],
      [
        -5.55126934312284,
        56.08768729493022,
        58
      ],
      [
        -5.5512594524770975,
        56.087695341557264,
        57.799999999999955
      ],
      [
        -5.551249897107482,
        56.08770305290818,
        57.799999999999955
      ],
      [
        -5.5512405931949615,
        56.08771042898297,
        57.799999999999955
      ],
      [
        -5.551231540739536,
        56.087717385962605,
        57.60000000000002
      ],
      [
        -5.5512226559221745,
        56.08772392384708,
        57.60000000000002
      ],
      [
        -5.551213854923844,
        56.087730042636395,
        57.60000000000002
      ],
      [
        -5.551205137744546,
        56.08773574233055,
        57.60000000000002
      ],
      [
        -5.5511964205652475,
        56.08774093911052,
        57.39999999999998
      ],
      [
        -5.551187703385949,
        56.087745716795325,
        57.39999999999998
      ],
      [
        -5.5511790700256824,
        56.08774999156594,
        57.39999999999998
      ],
      [
        -5.551170604303479,
        56.08775376342237,
        57.39999999999998
      ],
      [
        -5.551162222400308,
        56.08775703236461,
        57.39999999999998
      ],
      [
        -5.551154175773263,
        56.087759882211685,
        57.39999999999998
      ],
      [
        -5.551146464422345,
        56.087762312963605,
        57.39999999999998
      ],
      [
        -5.551139088347554,
        56.087764324620366,
        57.200000000000045
      ],
      [
        -5.55113204754889,
        56.08776591718197,
        57.200000000000045
      ],
      [
        -5.551125342026353,
        56.08776709064841,
        57.200000000000045
      ],
      [
        -5.551118720322847,
        56.08776792883873,
        57.200000000000045
      ],
      [
        -5.551112266257405,
        56.08776843175292,
        57
      ],
      [
        -5.551105812191963,
        56.08776851557195,
        57
      ],
      [
        -5.551099106669426,
        56.08776826411486,
        56.799999999999955
      ],
      [
        -5.551092233508825,
        56.087767677381635,
        56.799999999999955
      ],
      [
        -5.551085025072098,
        56.087766671553254,
        56.60000000000002
      ],
      [
        -5.55107731372118,
        56.087765246629715,
        56.60000000000002
      ],
      [
        -5.551069350913167,
        56.08776348643005,
        56.39999999999998
      ],
      [
        -5.551060885190964,
        56.087761307135224,
        56.200000000000045
      ],
      [
        -5.551052168011665,
        56.08775862492621,
        56
      ],
      [
        -5.55104311555624,
        56.08775560744107,
        55.799999999999955
      ],
      [
        -5.551033644005656,
        56.087752087041736,
        55.60000000000002
      ],
      [
        -5.551023753359914,
        56.08774806372821,
        55.39999999999998
      ],
      [
        -5.551013275980949,
        56.08774362131953,
        55.200000000000045
      ],
      [
        -5.551002211868763,
        56.08773867599666,
        55
      ],
      [
        -5.5509905610233545,
        56.0877332277596,
        54.799999999999955
      ],
      [
        -5.550978323444724,
        56.08772736042738,
        54.60000000000002
      ],
      [
        -5.550965582951903,
        56.08772099018097,
        54.39999999999998
      ],
      [
        -5.550952339544892,
        56.0877142008394,
        54.200000000000045
      ],
      [
        -5.550938844680786,
        56.08770699240267,
        54
      ],
      [
        -5.5509251821786165,
        56.08769936487079,
        53.799999999999955
      ],
      [
        -5.55091168731451,
        56.087691402062774,
        53.60000000000002
      ],
      [
        -5.550898360088468,
        56.087683103978634,
        53.39999999999998
      ],
      [
        -5.550885535776615,
        56.08767447061837,
        53.200000000000045
      ],
      [
        -5.550873382017016,
        56.08766566962004,
        53.200000000000045
      ],
      [
        -5.550861898809671,
        56.08765653334558,
        53
      ],
      [
        -5.550851421430707,
        56.08764731325209,
        52.799999999999955
      ],
      [
        -5.550841866061091,
        56.0876380931586,
        52.799999999999955
      ],
      [
        -5.550833400338888,
        56.087628956884146,
        52.60000000000002
      ],
      [
        -5.5508259404450655,
        56.08761998824775,
        52.60000000000002
      ],
      [
        -5.550819486379623,
        56.087611354887486,
        52.60000000000002
      ],
      [
        -5.5508138705044985,
        56.08760314062238,
        52.39999999999998
      ],
      [
        -5.550808925181627,
        56.08759542927146,
        52.39999999999998
      ],
      [
        -5.550804566591978,
        56.087588388472795,
        52.39999999999998
      ],
      [
        -5.550800543278456,
        56.087582018226385,
        52.39999999999998
      ],
      [
        -5.550796687602997,
        56.08757631853223,
        52.39999999999998
      ],
      [
        -5.55079291574657,
        56.08757145702839,
        52.39999999999998
      ],
      [
        -5.550789143890142,
        56.0875672660768,
        52.39999999999998
      ],
      [
        -5.550785455852747,
        56.08756374567747,
        52.200000000000045
      ],
      [
        -5.550781851634383,
        56.087560979649425,
        52.200000000000045
      ],
      [
        -5.550778415054083,
        56.08755888417363,
        52.200000000000045
      ],
      [
        -5.550775062292814,
        56.08755729161203,
        52.200000000000045
      ],
      [
        -5.550771960988641,
        56.087556118145585,
        52.200000000000045
      ],
      [
        -5.5507691111415625,
        56.08755544759333,
        52
      ],
      [
        -5.550766428932548,
        56.087555196136236,
        52
      ],
      [
        -5.550764165818691,
        56.087555112317204,
        52
      ],
      [
        -5.55076215416193,
        56.08755527995527,
        52
      ],
      [
        -5.550760477781296,
        56.087555615231395,
        52
      ],
      [
        -5.550759136676788,
        56.08755603432655,
        52
      ],
      [
        -5.550758047029376,
        56.087556537240744,
        51.799999999999955
      ],
      [
        -5.550757208839059,
        56.087557040154934,
        51.799999999999955
      ],
      [
        -5.550756622105837,
        56.087557626888156,
        51.799999999999955
      ],
      [
        -5.550756203010678,
        56.087558129802346,
        51.799999999999955
      ],
      [
        -5.550755951553583,
        56.08755863271654,
        51.799999999999955
      ],
      [
        -5.55075578391552,
        56.087559051811695,
        51.799999999999955
      ],
      [
        -5.55075578391552,
        56.087559554725885,
        51.799999999999955
      ],
      [
        -5.55075578391552,
        56.08755989000201,
        51.799999999999955
      ],
      [
        -5.550755867734551,
        56.08756022527814,
        51.799999999999955
      ],
      [
        -5.550755951553583,
        56.087560560554266,
        51.799999999999955
      ],
      [
        -5.550756119191647,
        56.08756081201136,
        51.799999999999955
      ],
      [
        -5.55075628682971,
        56.087560979649425,
        51.799999999999955
      ],
      [
        -5.550756454467773,
        56.08756114728749,
        51.799999999999955
      ],
      [
        -5.550756622105837,
        56.08756131492555,
        51.799999999999955
      ],
      [
        -5.550756705924869,
        56.087561482563615,
        51.799999999999955
      ],
      [
        -5.550756873562932,
        56.08756156638265,
        51.799999999999955
      ],
      [
        -5.550757208839059,
        56.08756131492555,
        51.799999999999955
      ],
      [
        -5.550757208839059,
        56.08756131492555,
        51.799999999999955
      ],
      [
        -5.550757208839059,
        56.08756131492555,
        51.799999999999955
      ],
      [
        -5.550757208839059,
        56.08756131492555,
        51.799999999999955
      ],
      [
        -5.550757208839059,
        56.08756131492555,
        51.799999999999955
      ],
      [
        -5.550757208839059,
        56.08756131492555,
        51.799999999999955
      ],
      [
        -5.550757208839059,
        56.08756131492555,
        51.799999999999955
      ],
      [
        -5.550757208839059,
        56.08756131492555,
        51.799999999999955
      ],
      [
        -5.550757208839059,
        56.08756131492555,
        51.799999999999955
      ],
      [
        -5.550757208839059,
        56.08756131492555,
        51.799999999999955
      ],
      [
        -5.550757208839059,
        56.08756131492555,
        51.799999999999955
      ],
      [
        -5.550757208839059,
        56.08756131492555,
        51.799999999999955
      ],
      [
        -5.550757208839059,
        56.08756131492555,
        51.799999999999955
      ],
      [
        -5.550757208839059,
        56.08756131492555,
        51.799999999999955
      ],
      [
        -5.550757208839059,
        56.08756131492555,
        51.799999999999955
      ],
      [
        -5.550757208839059,
        56.08756131492555,
        51.799999999999955
      ],
      [
        -5.550757208839059,
        56.08756131492555,
        51.799999999999955
      ],
      [
        -5.550757208839059,
        56.08756131492555,
        51.799999999999955
      ],
      [
        -5.550757208839059,
        56.08756131492555,
        51.799999999999955
      ],
      [
        -5.550757208839059,
        56.08756131492555,
        51.799999999999955
      ],
      [
        -5.550757208839059,
        56.08756131492555,
        51.799999999999955
      ],
      [
        -5.550757208839059,
        56.08756131492555,
        51.799999999999955
      ],
      [
        -5.550757208839059,
        56.08756131492555,
        51.799999999999955
      ],
      [
        -5.550757208839059,
        56.08756131492555,
        51.799999999999955
      ],
      [
        -5.550757208839059,
        56.08756131492555,
        51.799999999999955
      ],
      [
        -5.550757208839059,
        56.08756131492555,
        51.799999999999955
      ],
      [
        -5.550757208839059,
        56.08756131492555,
        51.799999999999955
      ],
      [
        -5.550757208839059,
        56.08756131492555,
        51.799999999999955
      ],
      [
        -5.550757208839059,
        56.08756131492555,
        51.799999999999955
      ],
      [
        -5.550757208839059,
        56.08756131492555,
        51.799999999999955
      ],
      [
        -5.550757208839059,
        56.08756131492555,
        51.799999999999955
      ],
      [
        -5.550757208839059,
        56.08756131492555,
        51.799999999999955
      ],
      [
        -5.550757208839059,
        56.08756131492555,
        51.799999999999955
      ],
      [
        -5.550757208839059,
        56.08756131492555,
        51.799999999999955
      ],
      [
        -5.550757208839059,
        56.08756131492555,
        51.799999999999955
      ],
      [
        -5.550757208839059,
        56.08756131492555,
        51.799999999999955
      ],
      [
        -5.550757208839059,
        56.08756131492555,
        51.799999999999955
      ],
      [
        -5.550757208839059,
        56.08756131492555,
        51.799999999999955
      ],
      [
        -5.550757208839059,
        56.08756131492555,
        51.799999999999955
      ],
      [
        -5.550757208839059,
        56.08756131492555,
        51.799999999999955
      ],
      [
        -5.550757208839059,
        56.08756131492555,
        51.799999999999955
      ],
      [
        -5.550757208839059,
        56.08756131492555,
        51.799999999999955
      ],
      [
        -5.550757208839059,
        56.08756114728749,
        51.799999999999955
      ],
      [
        -5.550757292658091,
        56.08756114728749,
        51.799999999999955
      ],
      [
        -5.550757292658091,
        56.08756123110652,
        52
      ],
      [
        -5.550757292658091,
        56.08756131492555,
        52
      ],
      [
        -5.550757292658091,
        56.08756131492555,
        52
      ],
      [
        -5.550757292658091,
        56.08756139874458,
        52
      ],
      [
        -5.550757292658091,
        56.08756156638265,
        52
      ],
      [
        -5.550757292658091,
        56.08756165020168,
        52
      ],
      [
        -5.550757292658091,
        56.08756181783974,
        52
      ],
      [
        -5.550757208839059,
        56.087561985477805,
        52
      ],
      [
        -5.550757208839059,
        56.08756215311587,
        52
      ],
      [
        -5.550757125020027,
        56.087562404572964,
        52
      ],
      [
        -5.5507570412009954,
        56.08756265603006,
        52
      ],
      [
        -5.550756957381964,
        56.087562907487154,
        52
      ],
      [
        -5.550756873562932,
        56.08756315894425,
        52
      ],
      [
        -5.5507567897439,
        56.087563494220376,
        52
      ],
      [
        -5.550756622105837,
        56.08756374567747,
        52
      ],
      [
        -5.550756454467773,
        56.087563997134566,
        52
      ],
      [
        -5.55075628682971,
        56.08756424859166,
        52
      ],
      [
        -5.550756035372615,
        56.087564416229725,
        52
      ],
      [
        -5.550755867734551,
        56.08756458386779,
        52
      ],
      [
        -5.550755700096488,
        56.08756458386779,
        52
      ],
      [
        -5.550755532458425,
        56.08756450004876,
        52
      ],
      [
        -5.550755448639393,
        56.08756416477263,
        51.799999999999955
      ],
      [
        -5.550755448639393,
        56.08756374567747,
        51.799999999999955
      ],
      [
        -5.550755532458425,
        56.087562991306186,
        51.799999999999955
      ],
      [
        -5.55075578391552,
        56.08756190165877,
        51.799999999999955
      ],
      [
        -5.550756203010678,
        56.087560476735234,
        51.799999999999955
      ],
      [
        -5.5507567897439,
        56.08755863271654,
        51.799999999999955
      ],
      [
        -5.550757711753249,
        56.08755628578365,
        51.60000000000002
      ],
      [
        -5.550758969038725,
        56.0875535197556,
        51.60000000000002
      ],
      [
        -5.5507605616003275,
        56.0875500831753,
        51.60000000000002
      ],
      [
        -5.550762573257089,
        56.08754614368081,
        51.60000000000002
      ],
      [
        -5.550765004009008,
        56.08754153363407,
        51.60000000000002
      ],
      [
        -5.550767853856087,
        56.0875363368541,
        51.39999999999998
      ],
      [
        -5.550771206617355,
        56.08753055334091,
        51.39999999999998
      ],
      [
        -5.550774894654751,
        56.087524350732565,
        51.39999999999998
      ],
      [
        -5.5507788341492414,
        56.08751772902906,
        51.39999999999998
      ],
      [
        -5.5507829412817955,
        56.08751085586846,
        51.200000000000045
      ],
      [
        -5.550786964595318,
        56.087503898888826,
        51.200000000000045
      ],
      [
        -5.550790820270777,
        56.08749719336629,
        51.200000000000045
      ],
      [
        -5.550794508308172,
        56.08749073930085,
        51
      ],
      [
        -5.550797861069441,
        56.08748470433056,
        51
      ],
      [
        -5.550801046192646,
        56.08747917227447,
        51
      ],
      [
        -5.550803979858756,
        56.08747414313257,
        51
      ],
      [
        -5.550806745886803,
        56.087469616904855,
        50.799999999999955
      ],
      [
        -5.550809260457754,
        56.08746559359133,
        50.799999999999955
      ],
      [
        -5.550811439752579,
        56.087462073192,
        50.799999999999955
      ],
      [
        -5.550813367590308,
        56.08745897188783,
        50.799999999999955
      ],
      [
        -5.550814960151911,
        56.08745628967881,
        50.799999999999955
      ],
      [
        -5.550816133618355,
        56.08745385892689,
        50.799999999999955
      ],
      [
        -5.55081688798964,
        56.0874517634511,
        50.799999999999955
      ],
      [
        -5.550817307084799,
        56.0874499194324,
        51
      ],
      [
        -5.5508173909038305,
        56.08744824305177,
        51
      ],
      [
        -5.550817055627704,
        56.0874467343092,
        51.200000000000045
      ],
      [
        -5.550816552713513,
        56.08744547702372,
        51.200000000000045
      ],
      [
        -5.55081588216126,
        56.087444219738245,
        51.39999999999998
      ],
      [
        -5.5508150439709425,
        56.087443213909864,
        51.39999999999998
      ],
      [
        -5.550814121961594,
        56.087442291900516,
        51.60000000000002
      ],
      [
        -5.550813199952245,
        56.08744153752923,
        51.60000000000002
      ],
      [
        -5.550812445580959,
        56.087440866976976,
        51.60000000000002
      ],
      [
        -5.550811691209674,
        56.087440280243754,
        51.60000000000002
      ],
      [
        -5.55081102065742,
        56.087439777329564,
        51.799999999999955
      ],
      [
        -5.550810433924198,
        56.087439274415374,
        51.799999999999955
      ],
      [
        -5.55081001482904,
        56.087438855320215,
        51.799999999999955
      ],
      [
        -5.550809595733881,
        56.08743843622506,
        51.60000000000002
      ],
      [
        -5.550809344276786,
        56.08743810094893,
        51.60000000000002
      ],
      [
        -5.550809092819691,
        56.0874377656728,
        51.60000000000002
      ],
      [
        -5.550809009000659,
        56.08743759803474,
        51.60000000000002
      ],
      [
        -5.550809009000659,
        56.087437430396676,
        51.60000000000002
      ],
      [
        -5.550809092819691,
        56.087437430396676,
        51.60000000000002
      ],
      [
        -5.550809344276786,
        56.08743751421571,
        51.60000000000002
      ],
      [
        -5.550809595733881,
        56.08743768185377,
        51.39999999999998
      ],
      [
        -5.550809931010008,
        56.0874380171299,
        51.39999999999998
      ],
      [
        -5.550810350105166,
        56.08743843622506,
        51.39999999999998
      ],
      [
        -5.550810853019357,
        56.087438855320215,
        51.39999999999998
      ],
      [
        -5.550811355933547,
        56.08743944205344,
        51.200000000000045
      ],
      [
        -5.550811858847737,
        56.08744002878666,
        51.200000000000045
      ],
      [
        -5.550812445580959,
        56.08744069933891,
        51.200000000000045
      ],
      [
        -5.550813116133213,
        56.08744153752923,
        51
      ],
      [
        -5.550813786685467,
        56.08744245953858,
        51
      ],
      [
        -5.550814373418689,
        56.08744346536696,
        51
      ],
      [
        -5.550814876332879,
        56.087444638833404,
        50.799999999999955
      ],
      [
        -5.550815127789974,
        56.087445728480816,
        50.799999999999955
      ],
      [
        -5.550815127789974,
        56.08744690194726,
        50.60000000000002
      ],
      [
        -5.550814792513847,
        56.08744799159467,
        50.60000000000002
      ],
      [
        -5.550814205780625,
        56.08744891360402,
        50.39999999999998
      ],
      [
        -5.5508132837712765,
        56.08744975179434,
        50.39999999999998
      ],
      [
        -5.550812194123864,
        56.08745033852756,
        50.200000000000045
      ],
      [
        -5.550810936838388,
        56.08745067380369,
        50.200000000000045
      ],
      [
        -5.550809511914849,
        56.08745075762272,
        50.200000000000045
      ],
      [
        -5.55080808699131,
        56.087450589984655,
        50
      ],
      [
        -5.550806578248739,
        56.08745000325143,
        50
      ],
      [
        -5.550805069506168,
        56.087449081242085,
        49.799999999999955
      ],
      [
        -5.550803644582629,
        56.08744782395661,
        49.60000000000002
      ],
      [
        -5.5508023872971535,
        56.08744606375694,
        49.60000000000002
      ],
      [
        -5.550801381468773,
        56.08744396828115,
        49.39999999999998
      ],
      [
        -5.550800543278456,
        56.0874414537102,
        49.39999999999998
      ],
      [
        -5.550800040364265,
        56.08743852004409,
        49.200000000000045
      ],
      [
        -5.550799872726202,
        56.08743516728282,
        49
      ],
      [
        -5.550799956545234,
        56.087431563064456,
        49
      ],
      [
        -5.550800375640392,
        56.087427623569965,
        48.799999999999955
      ],
      [
        -5.550801046192646,
        56.08742351643741,
        48.799999999999955
      ],
      [
        -5.550801884382963,
        56.08741915784776,
        48.60000000000002
      ],
      [
        -5.5508029740303755,
        56.08741471543908,
        48.60000000000002
      ],
      [
        -5.550804231315851,
        56.08741018921137,
        48.60000000000002
      ],
      [
        -5.55080565623939,
        56.087405662983656,
        48.39999999999998
      ],
      [
        -5.550807164981961,
        56.087401220574975,
        48.39999999999998
      ],
      [
        -5.5508085899055,
        56.087396861985326,
        48.39999999999998
      ],
      [
        -5.550809931010008,
        56.08739267103374,
        48.39999999999998
      ],
      [
        -5.55081102065742,
        56.08738864772022,
        48.39999999999998
      ],
      [
        -5.550811691209674,
        56.08738479204476,
        48.39999999999998
      ],
      [
        -5.550811942666769,
        56.08738127164543,
        48.39999999999998
      ],
      [
        -5.550811691209674,
        56.08737800270319,
        48.39999999999998
      ],
      [
        -5.55081102065742,
        56.08737515285611,
        48.39999999999998
      ],
      [
        -5.550809847190976,
        56.08737263828516,
        48.39999999999998
      ],
      [
        -5.5508082546293736,
        56.087370458990335,
        48.200000000000045
      ],
      [
        -5.550806326791644,
        56.08736869879067,
        48.200000000000045
      ],
      [
        -5.5508041474968195,
        56.0873671900481,
        48.200000000000045
      ],
      [
        -5.550801968201995,
        56.087366100400686,
        48.200000000000045
      ],
      [
        -5.550799705088139,
        56.08736517839134,
        48.200000000000045
      ],
      [
        -5.550797441974282,
        56.087364507839084,
        48.200000000000045
      ],
      [
        -5.550795346498489,
        56.08736392110586,
        48.200000000000045
      ],
      [
        -5.55079341866076,
        56.087363585829735,
        48.200000000000045
      ],
      [
        -5.550791574642062,
        56.08736325055361,
        48.200000000000045
      ],
      [
        -5.550789898261428,
        56.08736299909651,
        48.200000000000045
      ],
      [
        -5.550788305699825,
        56.08736283145845,
        48
      ],
      [
        -5.550786880776286,
        56.087362663820386,
        48
      ],
      [
        -5.550785455852747,
        56.087362580001354,
        48
      ],
      [
        -5.5507841147482395,
        56.08736241236329,
        48
      ],
      [
        -5.550782773643732,
        56.08736232854426,
        48
      ],
      [
        -5.550781348720193,
        56.08736224472523,
        48
      ],
      [
        -5.550779923796654,
        56.087362077087164,
        48
      ],
      [
        -5.550778415054083,
        56.0873619094491,
        48
      ],
      [
        -5.550776906311512,
        56.08736174181104,
        48
      ],
      [
        -5.550775313749909,
        56.087361574172974,
        48
      ],
      [
        -5.5507738050073385,
        56.08736132271588,
        48
      ],
      [
        -5.550772380083799,
        56.087361155077815,
        48
      ],
      [
        -5.55077095516026,
        56.08736090362072,
        48
      ],
      [
        -5.550769781693816,
        56.08736073598266,
        48
      ],
      [
        -5.550768692046404,
        56.08736056834459,
        48
      ],
      [
        -5.550767770037055,
        56.0873603168875,
        48.200000000000045
      ],
      [
        -5.55076701566577,
        56.087360149249434,
        48.200000000000045
      ],
      [
        -5.550766428932548,
        56.0873600654304,
        48.200000000000045
      ],
      [
        -5.550765926018357,
        56.08735989779234,
        48.200000000000045
      ],
      [
        -5.55076559074223,
        56.08735981397331,
        48.200000000000045
      ],
      [
        -5.550765339285135,
        56.087359730154276,
        48.200000000000045
      ],
      [
        -5.55076508782804,
        56.087359646335244,
        48.200000000000045
      ],
      [
        -5.550765004009008,
        56.08735956251621,
        48.200000000000045
      ],
      [
        -5.550764920189977,
        56.08735956251621,
        48.200000000000045
      ],
      [
        -5.550764920189977,
        56.08735956251621,
        48.200000000000045
      ],
      [
        -5.550764920189977,
        56.08735947869718,
        48.200000000000045
      ],
      [
        -5.550765004009008,
        56.08735947869718,
        48.200000000000045
      ],
      [
        -5.550765004009008,
        56.08735947869718,
        48.200000000000045
      ],
      [
        -5.55076508782804,
        56.08735947869718,
        48.200000000000045
      ],
      [
        -5.550765171647072,
        56.08735947869718,
        48.200000000000045
      ],
      [
        -5.5507652554661036,
        56.08735947869718,
        48.200000000000045
      ],
      [
        -5.550765339285135,
        56.08735947869718,
        48.200000000000045
      ],
      [
        -5.550764417275786,
        56.087359730154276,
        48.200000000000045
      ],
      [
        -5.550764165818691,
        56.087359730154276,
        48.200000000000045
      ],
      [
        -5.550763914361596,
        56.087359730154276,
        48.200000000000045
      ],
      [
        -5.550763746723533,
        56.087359730154276,
        48.200000000000045
      ],
      [
        -5.550763662904501,
        56.087359730154276,
        48.200000000000045
      ],
      [
        -5.550763579085469,
        56.087359730154276,
        48.200000000000045
      ],
      [
        -5.550763662904501,
        56.087359730154276,
        48.200000000000045
      ],
      [
        -5.550763830542564,
        56.087359730154276,
        48.200000000000045
      ],
      [
        -5.550764165818691,
        56.087359730154276,
        48.200000000000045
      ],
      [
        -5.550764752551913,
        56.087359730154276,
        48.200000000000045
      ],
      [
        -5.55076559074223,
        56.087359646335244,
        48.200000000000045
      ],
      [
        -5.550766680389643,
        56.08735956251621,
        48
      ],
      [
        -5.550768105313182,
        56.08735947869718,
        48
      ],
      [
        -5.550770033150911,
        56.08735939487815,
        48
      ],
      [
        -5.550772296264768,
        56.087359227240086,
        48
      ],
      [
        -5.550775062292814,
        56.08735905960202,
        48
      ],
      [
        -5.550778247416019,
        56.08735889196396,
        48
      ],
      [
        -5.550781935453415,
        56.087358640506864,
        48
      ],
      [
        -5.550786042585969,
        56.08735838904977,
        48
      ],
      [
        -5.55079048499465,
        56.08735805377364,
        48
      ],
      [
        -5.550795095041394,
        56.08735763467848,
        48
      ],
      [
        -5.55079978890717,
        56.087357299402356,
        48
      ],
      [
        -5.550804398953915,
        56.0873568803072,
        48
      ],
      [
        -5.550808506086469,
        56.08735637739301,
        48
      ],
      [
        -5.550812194123864,
        56.08735595829785,
        48
      ],
      [
        -5.550815295428038,
        56.08735553920269,
        48
      ],
      [
        -5.550817726179957,
        56.08735512010753,
        48.200000000000045
      ],
      [
        -5.550819570198655,
        56.087354868650436,
        48.200000000000045
      ],
      [
        -5.550820827484131,
        56.08735461719334,
        48.39999999999998
      ],
      [
        -5.55082174949348,
        56.08735444955528,
        48.39999999999998
      ],
      [
        -5.55082225240767,
        56.087354365736246,
        48.60000000000002
      ],
      [
        -5.550822503864765,
        56.087354281917214,
        48.799999999999955
      ],
      [
        -5.550822671502829,
        56.087354281917214,
        49
      ],
      [
        -5.550822839140892,
        56.087354281917214,
        49.200000000000045
      ],
      [
        -5.550823090597987,
        56.087354281917214,
        49.39999999999998
      ],
      [
        -5.550823509693146,
        56.087354281917214,
        49.60000000000002
      ],
      [
        -5.5508241802453995,
        56.08735419809818,
        50
      ],
      [
        -5.550825102254748,
        56.08735411427915,
        50.200000000000045
      ],
      [
        -5.550826359540224,
        56.08735394664109,
        50.60000000000002
      ],
      [
        -5.550827868282795,
        56.08735369518399,
        50.799999999999955
      ],
      [
        -5.550829712301493,
        56.08735352754593,
        51.200000000000045
      ],
      [
        -5.550831891596317,
        56.087353276088834,
        51.60000000000002
      ],
      [
        -5.550834238529205,
        56.08735310845077,
        51.799999999999955
      ],
      [
        -5.550836753100157,
        56.08735302463174,
        52
      ],
      [
        -5.550839267671108,
        56.087352856993675,
        52.200000000000045
      ],
      [
        -5.55084178224206,
        56.087352856993675,
        52.39999999999998
      ],
      [
        -5.5508442129939795,
        56.08735277317464,
        52.60000000000002
      ],
      [
        -5.550846476107836,
        56.08735277317464,
        52.60000000000002
      ],
      [
        -5.550848571583629,
        56.08735277317464,
        52.60000000000002
      ],
      [
        -5.550850331783295,
        56.08735268935561,
        52.799999999999955
      ],
      [
        -5.5508518405258656,
        56.08735260553658,
        52.60000000000002
      ],
      [
        -5.55085301399231,
        56.08735252171755,
        52.60000000000002
      ],
      [
        -5.550853852182627,
        56.08735227026045,
        52.60000000000002
      ],
      [
        -5.550854271277785,
        56.08735201880336,
        52.39999999999998
      ],
      [
        -5.550854438915849,
        56.08735176734626,
        52.39999999999998
      ],
      [
        -5.550854187458754,
        56.087351348251104,
        52.200000000000045
      ],
      [
        -5.550853768363595,
        56.08735101297498,
        52.200000000000045
      ],
      [
        -5.550853181630373,
        56.08735059387982,
        52
      ],
      [
        -5.550852343440056,
        56.08735017478466,
        52
      ],
      [
        -5.550851505249739,
        56.08734983950853,
        52
      ],
      [
        -5.55085058324039,
        56.08734958805144,
        51.799999999999955
      ],
      [
        -5.550849745050073,
        56.087349420413375,
        51.799999999999955
      ],
      [
        -5.550848823040724,
        56.08734933659434,
        51.799999999999955
      ],
      [
        -5.550848068669438,
        56.087349420413375,
        51.60000000000002
      ],
      [
        -5.550847314298153,
        56.08734958805144,
        51.60000000000002
      ],
      [
        -5.550846643745899,
        56.08734983950853,
        51.60000000000002
      ],
      [
        -5.5508459731936455,
        56.08735025860369,
        51.60000000000002
      ],
      [
        -5.550845470279455,
        56.08735076151788,
        51.39999999999998
      ],
      [
        -5.550844883546233,
        56.087351348251104,
        51.39999999999998
      ],
      [
        -5.550844380632043,
        56.08735201880336,
        51.39999999999998
      ],
      [
        -5.550843793898821,
        56.08735277317464,
        51.39999999999998
      ],
      [
        -5.550843123346567,
        56.08735361136496,
        51.39999999999998
      ],
      [
        -5.550842368975282,
        56.08735444955528,
        51.39999999999998
      ],
      [
        -5.550841530784965,
        56.08735537156463,
        51.39999999999998
      ],
      [
        -5.550840692594647,
        56.087356293573976,
        51.39999999999998
      ],
      [
        -5.55083985440433,
        56.087357215583324,
        51.39999999999998
      ],
      [
        -5.550839016214013,
        56.08735813759267,
        51.39999999999998
      ],
      [
        -5.550838261842728,
        56.08735905960202,
        51.39999999999998
      ],
      [
        -5.550837675109506,
        56.08735989779234,
        51.39999999999998
      ],
      [
        -5.550837339833379,
        56.087360652163625,
        51.39999999999998
      ],
      [
        -5.550837172195315,
        56.08736132271588,
        51.39999999999998
      ],
      [
        -5.550837172195315,
        56.0873619094491,
        51.60000000000002
      ],
      [
        -5.550837507471442,
        56.08736232854426,
        51.60000000000002
      ],
      [
        -5.5508380103856325,
        56.087362580001354,
        51.60000000000002
      ],
      [
        -5.550838764756918,
        56.08736274763942,
        51.60000000000002
      ],
      [
        -5.550839686766267,
        56.08736274763942,
        51.799999999999955
      ],
      [
        -5.550840776413679,
        56.087362663820386,
        51.799999999999955
      ],
      [
        -5.550841949880123,
        56.08736241236329,
        51.799999999999955
      ],
      [
        -5.550843290984631,
        56.087362160906196,
        52
      ],
      [
        -5.5508447997272015,
        56.0873619094491,
        52
      ],
      [
        -5.550846392288804,
        56.08736174181104,
        52
      ],
      [
        -5.55084815248847,
        56.087361657992005,
        52.200000000000045
      ],
      [
        -5.550849912688136,
        56.08736174181104,
        52.200000000000045
      ],
      [
        -5.550851756706834,
        56.0873619094491,
        52.200000000000045
      ],
      [
        -5.550853600725532,
        56.08736224472523,
        52.200000000000045
      ],
      [
        -5.550855360925198,
        56.08736274763942,
        52.200000000000045
      ],
      [
        -5.550857121124864,
        56.08736341819167,
        52.200000000000045
      ],
      [
        -5.550858797505498,
        56.08736417256296,
        52.200000000000045
      ],
      [
        -5.550860306248069,
        56.087365010753274,
        52.200000000000045
      ],
      [
        -5.550861731171608,
        56.08736593276262,
        52.200000000000045
      ],
      [
        -5.550863072276115,
        56.087366938591,
        52.200000000000045
      ],
      [
        -5.550864245742559,
        56.08736786060035,
        52.200000000000045
      ],
      [
        -5.550865335389972,
        56.08736886642873,
        52.39999999999998
      ],
      [
        -5.550866341218352,
        56.08736987225711,
        52.39999999999998
      ],
      [
        -5.550867347046733,
        56.08737079426646,
        52.39999999999998
      ],
      [
        -5.550868269056082,
        56.08737163245678,
        52.39999999999998
      ],
      [
        -5.550869191065431,
        56.0873724706471,
        52.39999999999998
      ],
      [
        -5.550870029255748,
        56.08737314119935,
        52.39999999999998
      ],
      [
        -5.550870867446065,
        56.087373811751604,
        52.39999999999998
      ],
      [
        -5.550871705636382,
        56.087374398484826,
        52.39999999999998
      ],
      [
        -5.5508724600076675,
        56.087374901399016,
        52.39999999999998
      ],
      [
        -5.550873130559921,
        56.087375320494175,
        52.60000000000002
      ],
      [
        -5.550873801112175,
        56.0873756557703,
        52.60000000000002
      ],
      [
        -5.550874304026365,
        56.08737599104643,
        52.60000000000002
      ],
      [
        -5.550874723121524,
        56.087376242503524,
        52.60000000000002
      ],
      [
        -5.550875142216682,
        56.08737641014159,
        52.60000000000002
      ],
      [
        -5.550875393673778,
        56.08737657777965,
        52.60000000000002
      ],
      [
        -5.550875645130873,
        56.08737666159868,
        52.60000000000002
      ],
      [
        -5.550875812768936,
        56.087376745417714,
        52.60000000000002
      ],
      [
        -5.550875896587968,
        56.087376745417714,
        52.60000000000002
      ],
      [
        -5.550875980407,
        56.087376829236746,
        52.60000000000002
      ],
      [
        -5.550876064226031,
        56.087376829236746,
        52.60000000000002
      ],
      [
        -5.550876064226031,
        56.087376745417714,
        52.60000000000002
      ],
      [
        -5.550876064226031,
        56.087376745417714,
        52.60000000000002
      ],
      [
        -5.550876064226031,
        56.087376745417714,
        52.60000000000002
      ],
      [
        -5.550875980407,
        56.08737666159868,
        52.60000000000002
      ],
      [
        -5.550875980407,
        56.08737666159868,
        52.60000000000002
      ],
      [
        -5.550875896587968,
        56.08737666159868,
        52.60000000000002
      ],
      [
        -5.550875896587968,
        56.08737657777965,
        52.60000000000002
      ],
      [
        -5.550875812768936,
        56.08737657777965,
        52.60000000000002
      ],
      [
        -5.550875812768936,
        56.08737649396062,
        52.60000000000002
      ],
      [
        -5.550875645130873,
        56.087376326322556,
        52.60000000000002
      ],
      [
        -5.550875645130873,
        56.08737641014159,
        52.60000000000002
      ],
      [
        -5.550875645130873,
        56.08737641014159,
        52.60000000000002
      ],
      [
        -5.550875645130873,
        56.08737641014159,
        52.60000000000002
      ],
      [
        -5.550875645130873,
        56.08737649396062,
        52.60000000000002
      ],
      [
        -5.550875645130873,
        56.08737657777965,
        52.60000000000002
      ],
      [
        -5.550875645130873,
        56.08737657777965,
        52.60000000000002
      ],
      [
        -5.550875645130873,
        56.08737666159868,
        52.60000000000002
      ],
      [
        -5.550875728949904,
        56.087376745417714,
        52.60000000000002
      ],
      [
        -5.550875728949904,
        56.087376829236746,
        52.60000000000002
      ],
      [
        -5.550875728949904,
        56.08737691305578,
        52.60000000000002
      ],
      [
        -5.550875812768936,
        56.08737699687481,
        52.60000000000002
      ],
      [
        -5.550875812768936,
        56.08737708069384,
        52.60000000000002
      ],
      [
        -5.550875896587968,
        56.08737716451287,
        52.60000000000002
      ],
      [
        -5.550875980407,
        56.087377248331904,
        52.60000000000002
      ],
      [
        -5.550875980407,
        56.087377332150936,
        52.60000000000002
      ],
      [
        -5.550876064226031,
        56.08737741596997,
        52.60000000000002
      ],
      [
        -5.550876148045063,
        56.08737741596997,
        52.60000000000002
      ],
      [
        -5.550876231864095,
        56.08737741596997,
        52.60000000000002
      ],
      [
        -5.5508763156831264,
        56.08737741596997,
        52.60000000000002
      ],
      [
        -5.550876399502158,
        56.087377332150936,
        52.60000000000002
      ],
      [
        -5.550876399502158,
        56.08737716451287,
        52.60000000000002
      ],
      [
        -5.55087648332119,
        56.08737691305578,
        52.60000000000002
      ],
      [
        -5.550876399502158,
        56.08737657777965,
        52.60000000000002
      ],
      [
        -5.550876399502158,
        56.08737607486546,
        52.60000000000002
      ],
      [
        -5.550876231864095,
        56.08737548813224,
        52.60000000000002
      ],
      [
        -5.550876064226031,
        56.08737473376095,
        52.60000000000002
      ],
      [
        -5.550875728949904,
        56.087373895570636,
        52.60000000000002
      ],
      [
        -5.550875393673778,
        56.08737280592322,
        52.39999999999998
      ],
      [
        -5.550874806940556,
        56.08737154863775,
        52.39999999999998
      ],
      [
        -5.550874136388302,
        56.08737003989518,
        52.39999999999998
      ],
      [
        -5.550873298197985,
        56.087368447333574,
        52.39999999999998
      ],
      [
        -5.550872208550572,
        56.08736668713391,
        52.200000000000045
      ],
      [
        -5.550871035084128,
        56.08736475929618,
        52.200000000000045
      ],
      [
        -5.550869610160589,
        56.087362663820386,
        52.200000000000045
      ],
      [
        -5.550868017598987,
        56.087360652163625,
        52
      ],
      [
        -5.550866257399321,
        56.087358640506864,
        52
      ],
      [
        -5.550864329561591,
        56.087356796488166,
        51.799999999999955
      ],
      [
        -5.550862401723862,
        56.087355287745595,
        51.799999999999955
      ],
      [
        -5.550860306248069,
        56.08735403046012,
        51.799999999999955
      ],
      [
        -5.550858210772276,
        56.087353276088834,
        51.60000000000002
      ],
      [
        -5.550855863839388,
        56.087352856993675,
        51.60000000000002
      ],
      [
        -5.550853349268436,
        56.08735277317464,
        51.39999999999998
      ],
      [
        -5.55085058324039,
        56.08735310845077,
        51.39999999999998
      ],
      [
        -5.550847565755248,
        56.08735361136496,
        51.39999999999998
      ],
      [
        -5.550844296813011,
        56.087354365736246,
        51.200000000000045
      ],
      [
        -5.550840692594647,
        56.087355287745595,
        51.200000000000045
      ],
      [
        -5.5508368369191885,
        56.087356209754944,
        51.200000000000045
      ],
      [
        -5.550832562148571,
        56.087357215583324,
        51.200000000000045
      ],
      [
        -5.550827952101827,
        56.08735813759267,
        51.200000000000045
      ],
      [
        -5.5508230067789555,
        56.08735889196396,
        51.200000000000045
      ],
      [
        -5.550817893818021,
        56.08735956251621,
        51
      ],
      [
        -5.550812529399991,
        56.0873600654304,
        51
      ],
      [
        -5.550807164981961,
        56.0873603168875,
        51
      ],
      [
        -5.5508017167449,
        56.0873603168875,
        51
      ],
      [
        -5.550796519964933,
        56.0873600654304,
        51
      ],
      [
        -5.550791574642062,
        56.087359646335244,
        50.799999999999955
      ],
      [
        -5.55078704841435,
        56.08735905960202,
        50.799999999999955
      ],
      [
        -5.550783192738891,
        56.08735830523074,
        50.799999999999955
      ],
      [
        -5.550780091434717,
        56.08735746704042,
        50.799999999999955
      ],
      [
        -5.550777995958924,
        56.0873566288501,
        50.60000000000002
      ],
      [
        -5.550776990130544,
        56.08735587447882,
        50.60000000000002
      ],
      [
        -5.550777073949575,
        56.08735512010753,
        50.60000000000002
      ],
      [
        -5.550778415054083,
        56.08735461719334,
        50.39999999999998
      ],
      [
        -5.550780845806003,
        56.08735419809818,
        50.39999999999998
      ],
      [
        -5.550784366205335,
        56.08735394664109,
        50.39999999999998
      ],
      [
        -5.550788724794984,
        56.08735394664109,
        50.39999999999998
      ],
      [
        -5.550793670117855,
        56.08735394664109,
        50.39999999999998
      ],
      [
        -5.550799034535885,
        56.08735411427915,
        50.39999999999998
      ],
      [
        -5.550804398953915,
        56.08735419809818,
        50.39999999999998
      ],
      [
        -5.550809679552913,
        56.087354365736246,
        50.39999999999998
      ],
      [
        -5.550814541056752,
        56.087354365736246,
        50.39999999999998
      ],
      [
        -5.550819067284465,
        56.087354365736246,
        50.39999999999998
      ],
      [
        -5.5508230067789555,
        56.087354281917214,
        50.39999999999998
      ],
      [
        -5.550826359540224,
        56.08735411427915,
        50.39999999999998
      ],
      [
        -5.550829293206334,
        56.08735394664109,
        50.39999999999998
      ],
      [
        -5.550831807777286,
        56.08735369518399,
        50.39999999999998
      ],
      [
        -5.550834070891142,
        56.08735352754593,
        50.60000000000002
      ],
      [
        -5.550835998728871,
        56.087353276088834,
        50.60000000000002
      ],
      [
        -5.550837758928537,
        56.08735310845077,
        50.60000000000002
      ],
      [
        -5.550839267671108,
        56.08735294081271,
        50.60000000000002
      ],
      [
        -5.550840692594647,
        56.08735277317464,
        50.60000000000002
      ],
      [
        -5.550841949880123,
        56.08735268935561,
        50.60000000000002
      ],
      [
        -5.550842955708504,
        56.08735260553658,
        50.60000000000002
      ],
      [
        -5.550843793898821,
        56.08735260553658,
        50.60000000000002
      ],
      [
        -5.550844380632043,
        56.08735260553658,
        50.39999999999998
      ],
      [
        -5.5508447997272015,
        56.08735260553658,
        50.39999999999998
      ],
      [
        -5.550844967365265,
        56.08735268935561,
        50.39999999999998
      ],
      [
        -5.550844967365265,
        56.087352856993675,
        50.39999999999998
      ],
      [
        -5.5508447997272015,
        56.08735294081271,
        50.39999999999998
      ],
      [
        -5.550844464451075,
        56.08735310845077,
        50.39999999999998
      ],
      [
        -5.550844129174948,
        56.087353276088834,
        50.39999999999998
      ],
      [
        -5.550843793898821,
        56.0873534437269,
        50.200000000000045
      ],
      [
        -5.550843374803662,
        56.08735352754593,
        50.200000000000045
      ],
      [
        -5.550843039527535,
        56.08735369518399,
        50.200000000000045
      ],
      [
        -5.550842704251409,
        56.087353779003024,
        50.200000000000045
      ],
      [
        -5.550842368975282,
        56.087353862822056,
        50.200000000000045
      ],
      [
        -5.550842117518187,
        56.08735394664109,
        50.200000000000045
      ],
      [
        -5.550841866061091,
        56.08735403046012,
        50.200000000000045
      ],
      [
        -5.550841698423028,
        56.08735411427915,
        50.200000000000045
      ],
      [
        -5.550841530784965,
        56.08735411427915,
        50.200000000000045
      ],
      [
        -5.550841363146901,
        56.08735419809818,
        50.200000000000045
      ],
      [
        -5.550841279327869,
        56.08735419809818,
        50.200000000000045
      ],
      [
        -5.550841195508838,
        56.08735419809818,
        50.200000000000045
      ],
      [
        -5.550841195508838,
        56.087354281917214,
        50.200000000000045
      ],
      [
        -5.550841111689806,
        56.087354281917214,
        50.200000000000045
      ],
      [
        -5.550841111689806,
        56.087354281917214,
        50.200000000000045
      ],
      [
        -5.550841111689806,
        56.087354281917214,
        50.200000000000045
      ],
      [
        -5.550841111689806,
        56.087354281917214,
        50.200000000000045
      ],
      [
        -5.550841111689806,
        56.087354281917214,
        50.200000000000045
      ],
      [
        -5.550841279327869,
        56.08735419809818,
        50.200000000000045
      ],
      [
        -5.550841279327869,
        56.08735419809818,
        50.200000000000045
      ],
      [
        -5.550841279327869,
        56.08735419809818,
        50.200000000000045
      ],
      [
        -5.550841279327869,
        56.08735419809818,
        50.200000000000045
      ],
      [
        -5.550841279327869,
        56.08735419809818,
        50.200000000000045
      ],
      [
        -5.550841279327869,
        56.08735419809818,
        50.200000000000045
      ],
      [
        -5.550841279327869,
        56.08735419809818,
        50.200000000000045
      ],
      [
        -5.550841279327869,
        56.08735419809818,
        50.200000000000045
      ],
      [
        -5.550841279327869,
        56.08735419809818,
        50.200000000000045
      ],
      [
        -5.550841279327869,
        56.08735419809818,
        50.200000000000045
      ],
      [
        -5.550841279327869,
        56.08735419809818,
        50.200000000000045
      ],
      [
        -5.550841279327869,
        56.08735419809818,
        50.200000000000045
      ],
      [
        -5.550841279327869,
        56.08735419809818,
        50.200000000000045
      ],
      [
        -5.550841279327869,
        56.08735419809818,
        50.200000000000045
      ],
      [
        -5.550841279327869,
        56.08735419809818,
        50.200000000000045
      ],
      [
        -5.550841279327869,
        56.08735419809818,
        50.200000000000045
      ],
      [
        -5.550841279327869,
        56.08735419809818,
        50.200000000000045
      ],
      [
        -5.550841279327869,
        56.08735419809818,
        50.200000000000045
      ],
      [
        -5.550841279327869,
        56.08735419809818,
        50.200000000000045
      ],
      [
        -5.550841279327869,
        56.08735419809818,
        50.200000000000045
      ],
      [
        -5.550841279327869,
        56.08735419809818,
        50.200000000000045
      ],
      [
        -5.550841279327869,
        56.08735419809818,
        50.200000000000045
      ],
      [
        -5.550841279327869,
        56.08735419809818,
        50.200000000000045
      ],
      [
        -5.550841279327869,
        56.08735419809818,
        50.200000000000045
      ],
      [
        -5.550841279327869,
        56.08735419809818,
        50.200000000000045
      ],
      [
        -5.550841279327869,
        56.08735419809818,
        50.200000000000045
      ],
      [
        -5.550841279327869,
        56.08735419809818,
        50.200000000000045
      ],
      [
        -5.550841279327869,
        56.08735419809818,
        50.200000000000045
      ],
      [
        -5.550841279327869,
        56.08735419809818,
        50.200000000000045
      ],
      [
        -5.550841279327869,
        56.08735419809818,
        50.200000000000045
      ],
      [
        -5.550841279327869,
        56.08735419809818,
        50.200000000000045
      ],
      [
        -5.550841279327869,
        56.08735419809818,
        50.200000000000045
      ],
      [
        -5.550841279327869,
        56.08735419809818,
        50.200000000000045
      ],
      [
        -5.550841279327869,
        56.08735419809818,
        50.200000000000045
      ],
      [
        -5.550841279327869,
        56.08735419809818,
        50.200000000000045
      ],
      [
        -5.550841279327869,
        56.08735419809818,
        50.200000000000045
      ],
      [
        -5.550841279327869,
        56.08735419809818,
        50.200000000000045
      ],
      [
        -5.550841279327869,
        56.08735419809818,
        50.200000000000045
      ],
      [
        -5.550841279327869,
        56.08735419809818,
        50.200000000000045
      ],
      [
        -5.550841279327869,
        56.08735419809818,
        50.200000000000045
      ],
      [
        -5.550841279327869,
        56.08735419809818,
        50.200000000000045
      ],
      [
        -5.550841279327869,
        56.08735419809818,
        50.200000000000045
      ],
      [
        -5.550841195508838,
        56.08735419809818,
        50.200000000000045
      ],
      [
        -5.550841279327869,
        56.08735419809818,
        50.200000000000045
      ],
      [
        -5.550841279327869,
        56.08735419809818,
        50.200000000000045
      ],
      [
        -5.550841279327869,
        56.087354281917214,
        50.200000000000045
      ],
      [
        -5.550841363146901,
        56.087354281917214,
        50.200000000000045
      ],
      [
        -5.550841446965933,
        56.087354281917214,
        50.200000000000045
      ],
      [
        -5.550841530784965,
        56.087354281917214,
        50.200000000000045
      ],
      [
        -5.550841614603996,
        56.087354281917214,
        50.200000000000045
      ],
      [
        -5.550841698423028,
        56.087354281917214,
        50.200000000000045
      ],
      [
        -5.55084178224206,
        56.087354281917214,
        50.200000000000045
      ],
      [
        -5.550841866061091,
        56.087354281917214,
        50.200000000000045
      ],
      [
        -5.550842033699155,
        56.087354281917214,
        50.200000000000045
      ],
      [
        -5.550842201337218,
        56.087354365736246,
        50.200000000000045
      ],
      [
        -5.55084228515625,
        56.087354365736246,
        50.200000000000045
      ],
      [
        -5.550842452794313,
        56.087354365736246,
        50.200000000000045
      ],
      [
        -5.550842536613345,
        56.087354365736246,
        50.200000000000045
      ],
      [
        -5.550842536613345,
        56.087354281917214,
        50.200000000000045
      ],
      [
        -5.550842536613345,
        56.087354281917214,
        50
      ],
      [
        -5.550842452794313,
        56.087354281917214,
        50
      ],
      [
        -5.55084228515625,
        56.087354281917214,
        50
      ],
      [
        -5.550842033699155,
        56.08735419809818,
        50
      ],
      [
        -5.550841530784965,
        56.08735419809818,
        50
      ],
      [
        -5.550840860232711,
        56.08735411427915,
        49.799999999999955
      ],
      [
        -5.550840022042394,
        56.08735403046012,
        49.799999999999955
      ],
      [
        -5.55083884857595,
        56.08735394664109,
        49.799999999999955
      ],
      [
        -5.5508374236524105,
        56.087353779003024,
        49.799999999999955
      ],
      [
        -5.5508356634527445,
        56.08735361136496,
        49.60000000000002
      ],
      [
        -5.550833651795983,
        56.0873534437269,
        49.60000000000002
      ],
      [
        -5.550831388682127,
        56.0873531922698,
        49.60000000000002
      ],
      [
        -5.550828957930207,
        56.08735294081271,
        49.39999999999998
      ],
      [
        -5.550826443359256,
        56.08735252171755,
        49.39999999999998
      ],
      [
        -5.550824096426368,
        56.08735210262239,
        49.39999999999998
      ],
      [
        -5.5508218333125114,
        56.0873515997082,
        49.39999999999998
      ],
      [
        -5.55081982165575,
        56.08735101297498,
        49.200000000000045
      ],
      [
        -5.550818061456084,
        56.08735025860369,
        49.200000000000045
      ],
      [
        -5.550816552713513,
        56.08734950423241,
        49.200000000000045
      ],
      [
        -5.550815379247069,
        56.08734866604209,
        49
      ],
      [
        -5.550814541056752,
        56.08734782785177,
        49
      ],
      [
        -5.550814038142562,
        56.087346989661455,
        49
      ],
      [
        -5.550813786685467,
        56.08734623529017,
        49
      ],
      [
        -5.550813702866435,
        56.08734539709985,
        48.799999999999955
      ],
      [
        -5.5508138705044985,
        56.0873447265476,
        48.799999999999955
      ],
      [
        -5.550814205780625,
        56.087344055995345,
        48.799999999999955
      ],
      [
        -5.550814708694816,
        56.087343553081155,
        48.799999999999955
      ],
      [
        -5.550815379247069,
        56.087343050166965,
        48.60000000000002
      ],
      [
        -5.5508162174373865,
        56.08734271489084,
        48.60000000000002
      ],
      [
        -5.550817223265767,
        56.08734237961471,
        48.60000000000002
      ],
      [
        -5.550818229094148,
        56.08734221197665,
        48.60000000000002
      ],
      [
        -5.550819402560592,
        56.08734221197665,
        48.60000000000002
      ],
      [
        -5.550820659846067,
        56.08734221197665,
        48.60000000000002
      ],
      [
        -5.5508218333125114,
        56.08734229579568,
        48.60000000000002
      ],
      [
        -5.550822922959924,
        56.08734237961471,
        48.60000000000002
      ],
      [
        -5.550823844969273,
        56.08734246343374,
        48.60000000000002
      ],
      [
        -5.550824431702495,
        56.087342547252774,
        48.60000000000002
      ],
      [
        -5.550824515521526,
        56.087342547252774,
        48.60000000000002
      ],
      [
        -5.550824096426368,
        56.08734246343374,
        48.60000000000002
      ],
      [
        -5.550823090597987,
        56.08734221197665,
        48.60000000000002
      ],
      [
        -5.550821498036385,
        56.08734196051955,
        48.799999999999955
      ],
      [
        -5.550819234922528,
        56.08734145760536,
        48.799999999999955
      ],
      [
        -5.55081638507545,
        56.08734095469117,
        48.799999999999955
      ],
      [
        -5.55081294849515,
        56.08734036795795,
        48.799999999999955
      ],
      [
        -5.550808925181627,
        56.08733978122473,
        48.799999999999955
      ],
      [
        -5.550804482772946,
        56.087339110672474,
        48.799999999999955
      ],
      [
        -5.550799537450075,
        56.087338607758284,
        48.799999999999955
      ],
      [
        -5.550794173032045,
        56.087338188663125,
        48.799999999999955
      ],
      [
        -5.55078855715692,
        56.087337853387,
        48.799999999999955
      ],
      [
        -5.550782606005669,
        56.08733776956797,
        48.799999999999955
      ],
      [
        -5.550776487216353,
        56.08733776956797,
        48.799999999999955
      ],
      [
        -5.550770368427038,
        56.08733802102506,
        48.799999999999955
      ],
      [
        -5.550764249637723,
        56.08733835630119,
        48.799999999999955
      ],
      [
        -5.550758298486471,
        56.08733885921538,
        48.799999999999955
      ],
      [
        -5.550752766430378,
        56.08733952976763,
        49
      ],
      [
        -5.550747821107507,
        56.08734028413892,
        49
      ],
      [
        -5.550743378698826,
        56.0873410385102,
        49
      ],
      [
        -5.550739774480462,
        56.08734196051955,
        49
      ],
      [
        -5.550736840814352,
        56.08734279870987,
        49
      ],
      [
        -5.550734829157591,
        56.08734363690019,
        49
      ],
      [
        -5.550733488053083,
        56.087344475090504,
        49.200000000000045
      ],
      [
        -5.550732985138893,
        56.08734514564276,
        49.200000000000045
      ],
      [
        -5.550733236595988,
        56.08734581619501,
        49.200000000000045
      ],
      [
        -5.550734158605337,
        56.08734623529017,
        49.200000000000045
      ],
      [
        -5.550735667347908,
        56.08734665438533,
        49.200000000000045
      ],
      [
        -5.550737679004669,
        56.08734690584242,
        49.39999999999998
      ],
      [
        -5.550740109756589,
        56.08734707348049,
        49.39999999999998
      ],
      [
        -5.5507428757846355,
        56.08734715729952,
        49.39999999999998
      ],
      [
        -5.550745641812682,
        56.08734715729952,
        49.39999999999998
      ],
      [
        -5.5507484916597605,
        56.08734707348049,
        49.39999999999998
      ],
      [
        -5.550751257687807,
        56.08734690584242,
        49.39999999999998
      ],
      [
        -5.550753939896822,
        56.08734673820436,
        49.39999999999998
      ],
      [
        -5.55075628682971,
        56.087346486747265,
        49.39999999999998
      ],
      [
        -5.550758466124535,
        56.08734623529017,
        49.39999999999998
      ],
      [
        -5.550760393962264,
        56.08734581619501,
        49.39999999999998
      ],
      [
        -5.55076215416193,
        56.08734539709985,
        49.39999999999998
      ],
      [
        -5.550763662904501,
        56.08734489418566,
        49.39999999999998
      ],
      [
        -5.550764920189977,
        56.08734430745244,
        49.39999999999998
      ],
      [
        -5.550765926018357,
        56.08734372071922,
        49.39999999999998
      ],
      [
        -5.550766680389643,
        56.087343050166965,
        49.39999999999998
      ],
      [
        -5.550767183303833,
        56.08734229579568,
        49.39999999999998
      ],
      [
        -5.55076751857996,
        56.087341541424394,
        49.39999999999998
      ],
      [
        -5.55076751857996,
        56.08734070323408,
        49.200000000000045
      ],
      [
        -5.550767267122865,
        56.08733986504376,
        49.200000000000045
      ],
      [
        -5.550766848027706,
        56.08733902685344,
        49.200000000000045
      ],
      [
        -5.550766177475452,
        56.087338188663125,
        49.200000000000045
      ],
      [
        -5.5507652554661036,
        56.08733743429184,
        49
      ],
      [
        -5.550764249637723,
        56.087336763739586,
        49
      ],
      [
        -5.550763159990311,
        56.087336177006364,
        49
      ],
      [
        -5.550762070342898,
        56.087335757911205,
        49
      ],
      [
        -5.550760896876454,
        56.08733542263508,
        49
      ],
      [
        -5.550759639590979,
        56.08733533881605,
        48.799999999999955
      ],
      [
        -5.550758466124535,
        56.08733533881605,
        48.799999999999955
      ],
      [
        -5.550757208839059,
        56.08733550645411,
        48.799999999999955
      ],
      [
        -5.550756035372615,
        56.087335757911205,
        48.799999999999955
      ],
      [
        -5.550754861906171,
        56.087336260825396,
        48.799999999999955
      ],
      [
        -5.55075385607779,
        56.087336763739586,
        48.799999999999955
      ],
      [
        -5.550752934068441,
        56.08733743429184,
        48.799999999999955
      ],
      [
        -5.550752179697156,
        56.087338188663125,
        48.799999999999955
      ],
      [
        -5.550751592963934,
        56.08733894303441,
        48.799999999999955
      ],
      [
        -5.550751090049744,
        56.087339697405696,
        48.799999999999955
      ],
      [
        -5.550750754773617,
        56.08734045177698,
        48.799999999999955
      ],
      [
        -5.550750587135553,
        56.08734120614827,
        48.799999999999955
      ],
      [
        -5.550750503316522,
        56.08734187670052,
        48.799999999999955
      ],
      [
        -5.550750587135553,
        56.08734246343374,
        48.799999999999955
      ],
      [
        -5.550750670954585,
        56.08734296634793,
        48.799999999999955
      ],
      [
        -5.5507508385926485,
        56.08734338544309,
        48.799999999999955
      ],
      [
        -5.550751006230712,
        56.08734372071922,
        48.799999999999955
      ],
      [
        -5.550751257687807,
        56.08734388835728,
        48.799999999999955
      ],
      [
        -5.5507514253258705,
        56.08734397217631,
        48.799999999999955
      ],
      [
        -5.550751509144902,
        56.08734380453825,
        48.799999999999955
      ],
      [
        -5.550751509144902,
        56.087343553081155,
        48.60000000000002
      ],
      [
        -5.550751341506839,
        56.08734296634793,
        48.60000000000002
      ],
      [
        -5.55075092241168,
        56.08734221197665,
        48.60000000000002
      ],
      [
        -5.5507502518594265,
        56.087341122329235,
        48.39999999999998
      ],
      [
        -5.550749246031046,
        56.08733978122473,
        48.39999999999998
      ],
      [
        -5.550747737288475,
        56.08733810484409,
        48.200000000000045
      ],
      [
        -5.550745893269777,
        56.0873360093683,
        48.200000000000045
      ],
      [
        -5.550743378698826,
        56.08733357861638,
        48
      ],
      [
        -5.550740361213684,
        56.0873307287693,
        47.799999999999955
      ],
      [
        -5.55073675699532,
        56.087327459827065,
        47.60000000000002
      ],
      [
        -5.550732398405671,
        56.0873238556087,
        47.39999999999998
      ],
      [
        -5.550727536901832,
        56.08731991611421,
        47.200000000000045
      ],
      [
        -5.55072208866477,
        56.087315641343594,
        47
      ],
      [
        -5.55071622133255,
        56.08731119893491,
        46.799999999999955
      ],
      [
        -5.550710018724203,
        56.0873066727072,
        46.39999999999998
      ],
      [
        -5.5507037322968245,
        56.08730214647949,
        46.200000000000045
      ],
      [
        -5.550697445869446,
        56.08729778788984,
        46
      ],
      [
        -5.550691327080131,
        56.087293680757284,
        45.799999999999955
      ],
      [
        -5.550685543566942,
        56.087289825081825,
        45.39999999999998
      ],
      [
        -5.550680262967944,
        56.08728630468249,
        45.200000000000045
      ],
      [
        -5.550675485283136,
        56.087283035740256,
        45
      ],
      [
        -5.550671294331551,
        56.08728018589318,
        44.799999999999955
      ],
      [
        -5.5506677739322186,
        56.08727767132223,
        44.60000000000002
      ],
      [
        -5.550664756447077,
        56.0872754920274,
        44.39999999999998
      ],
      [
        -5.550662241876125,
        56.087273648008704,
        44.200000000000045
      ],
      [
        -5.550659978762269,
        56.08727197162807,
        44
      ],
      [
        -5.550657883286476,
        56.08727063052356,
        43.799999999999955
      ],
      [
        -5.550655787810683,
        56.08726937323809,
        43.60000000000002
      ],
      [
        -5.55065369233489,
        56.087268367409706,
        43.39999999999998
      ],
      [
        -5.550651513040066,
        56.08726744540036,
        43.200000000000045
      ],
      [
        -5.550649166107178,
        56.08726669102907,
        43.200000000000045
      ],
      [
        -5.550646735355258,
        56.08726602047682,
        43
      ],
      [
        -5.550644136965275,
        56.087265349924564,
        43
      ],
      [
        -5.550641370937228,
        56.08726476319134,
        42.799999999999955
      ],
      [
        -5.55063852109015,
        56.08726400882006,
        42.799999999999955
      ],
      [
        -5.55063558742404,
        56.08726317062974,
        42.60000000000002
      ],
      [
        -5.55063265375793,
        56.08726216480136,
        42.60000000000002
      ],
      [
        -5.55062972009182,
        56.08726090751588,
        42.60000000000002
      ],
      [
        -5.550626954063773,
        56.08725931495428,
        42.39999999999998
      ],
      [
        -5.550624271854758,
        56.08725738711655,
        42.39999999999998
      ],
      [
        -5.550621673464775,
        56.0872548725456,
        42.39999999999998
      ],
      [
        -5.550619410350919,
        56.08725193887949,
        42.39999999999998
      ],
      [
        -5.550617398694158,
        56.087248334661126,
        42.39999999999998
      ],
      [
        -5.550615722313523,
        56.08724405989051,
        42.39999999999998
      ],
      [
        -5.550614465028048,
        56.087238946929574,
        42.39999999999998
      ],
      [
        -5.550613794475794,
        56.087233079597354,
        42.39999999999998
      ],
      [
        -5.550613710656762,
        56.08722637407482,
        42.39999999999998
      ],
      [
        -5.550614465028048,
        56.08721874654293,
        42.60000000000002
      ],
      [
        -5.550615973770618,
        56.08721028082073,
        42.60000000000002
      ],
      [
        -5.55061848834157,
        56.08720097690821,
        42.60000000000002
      ],
      [
        -5.5506218411028385,
        56.08719100244343,
        42.799999999999955
      ],
      [
        -5.550626032054424,
        56.08718044124544,
        42.799999999999955
      ],
      [
        -5.550630809739232,
        56.08716929331422,
        43
      ],
      [
        -5.550636174157262,
        56.08715772628784,
        43.200000000000045
      ],
      [
        -5.55064195767045,
        56.08714590780437,
        43.200000000000045
      ],
      [
        -5.550648076459765,
        56.0871338378638,
        43.39999999999998
      ],
      [
        -5.550654614344239,
        56.08712160028517,
        43.60000000000002
      ],
      [
        -5.550661403685808,
        56.08710927888751,
        43.799999999999955
      ],
      [
        -5.550668695941567,
        56.087096873670816,
        44
      ],
      [
        -5.5506763234734535,
        56.087084636092186,
        44.200000000000045
      ],
      [
        -5.550684370100498,
        56.087072398513556,
        44.39999999999998
      ],
      [
        -5.550692919641733,
        56.08706041239202,
        44.60000000000002
      ],
      [
        -5.550701888278127,
        56.08704867772758,
        44.799999999999955
      ],
      [
        -5.550711108371615,
        56.087037194520235,
        45
      ],
      [
        -5.5507204961031675,
        56.08702587895095,
        45.200000000000045
      ],
      [
        -5.55072988383472,
        56.0870148986578,
        45.39999999999998
      ],
      [
        -5.550739020109177,
        56.08700416982174,
        45.39999999999998
      ],
      [
        -5.550747821107507,
        56.086993692442775,
        45.60000000000002
      ],
      [
        -5.55075578391552,
        56.086983382701874,
        45.799999999999955
      ],
      [
        -5.5507629085332155,
        56.08697332441807,
        46
      ],
      [
        -5.550768859684467,
        56.086963433772326,
        46.200000000000045
      ],
      [
        -5.550773469731212,
        56.08695379458368,
        46.39999999999998
      ],
      [
        -5.550776654854417,
        56.08694449067116,
        46.39999999999998
      ],
      [
        -5.550778247416019,
        56.08693543821573,
        46.60000000000002
      ],
      [
        -5.550778163596988,
        56.086926804855466,
        46.799999999999955
      ],
      [
        -5.550776403397322,
        56.086918506771326,
        47
      ],
      [
        -5.55077288299799,
        56.086910627782345,
        47.200000000000045
      ],
      [
        -5.550767686218023,
        56.08690316788852,
        47.200000000000045
      ],
      [
        -5.550760980695486,
        56.08689621090889,
        47.39999999999998
      ],
      [
        -5.55075285024941,
        56.08688975684345,
        47.60000000000002
      ],
      [
        -5.5507434625178576,
        56.08688363805413,
        47.799999999999955
      ],
      [
        -5.550733068957925,
        56.086877938359976,
        48
      ],
      [
        -5.5507216695696115,
        56.086872573941946,
        48.200000000000045
      ],
      [
        -5.5507095996290445,
        56.08686746098101,
        48.39999999999998
      ],
      [
        -5.550696859136224,
        56.08686251565814,
        48.60000000000002
      ],
      [
        -5.5506836995482445,
        56.08685757033527,
        48.799999999999955
      ],
      [
        -5.5506704561412334,
        56.0868526250124,
        49
      ],
      [
        -5.550657296553254,
        56.08684767968953,
        49.200000000000045
      ],
      [
        -5.55064438842237,
        56.08684256672859,
        49.39999999999998
      ],
      [
        -5.550631899386644,
        56.08683745376766,
        49.60000000000002
      ],
      [
        -5.550620164722204,
        56.08683208934963,
        50
      ],
      [
        -5.550609100610018,
        56.086826641112566,
        50.200000000000045
      ],
      [
        -5.55059895850718,
        56.08682110905647,
        50.39999999999998
      ],
      [
        -5.550589570775628,
        56.086815409362316,
        50.60000000000002
      ],
      [
        -5.550580937415361,
        56.08680970966816,
        50.799999999999955
      ],
      [
        -5.550572974607348,
        56.08680392615497,
        51.200000000000045
      ],
      [
        -5.550565514713526,
        56.08679814264178,
        51.39999999999998
      ],
      [
        -5.5505582224577665,
        56.086792442947626,
        51.60000000000002
      ],
      [
        -5.550550846382976,
        56.0867868270725,
        51.799999999999955
      ],
      [
        -5.5505432188510895,
        56.08678129501641,
        52
      ],
      [
        -5.550534836947918,
        56.08677593059838,
        52.200000000000045
      ],
      [
        -5.550525616854429,
        56.086770901456475,
        52.200000000000045
      ],
      [
        -5.550515307113528,
        56.08676629140973,
        52.39999999999998
      ],
      [
        -5.55050365626812,
        56.08676201663911,
        52.39999999999998
      ],
      [
        -5.550490748137236,
        56.086758244782686,
        52.39999999999998
      ],
      [
        -5.5504766665399075,
        56.08675505965948,
        52.39999999999998
      ],
      [
        -5.550461495295167,
        56.086752293631434,
        52.39999999999998
      ],
      [
        -5.550445402041078,
        56.08675011433661,
        52.39999999999998
      ],
      [
        -5.5504286382347345,
        56.08674852177501,
        52.39999999999998
      ],
      [
        -5.550411371514201,
        56.08674751594663,
        52.200000000000045
      ],
      [
        -5.550393853336573,
        56.08674709685147,
        52.200000000000045
      ],
      [
        -5.550376167520881,
        56.086747432127595,
        52
      ],
      [
        -5.550358649343252,
        56.08674852177501,
        51.799999999999955
      ],
      [
        -5.550341298803687,
        56.086750365793705,
        51.799999999999955
      ],
      [
        -5.550324451178312,
        56.08675304800272,
        51.60000000000002
      ],
      [
        -5.5503081902861595,
        56.08675656840205,
        51.39999999999998
      ],
      [
        -5.5502925999462605,
        56.08676084317267,
        51.200000000000045
      ],
      [
        -5.550277763977647,
        56.08676587231457,
        51
      ],
      [
        -5.550263682380319,
        56.08677157200873,
        50.799999999999955
      ],
      [
        -5.550250271335244,
        56.086777774617076,
        50.60000000000002
      ],
      [
        -5.550237614661455,
        56.086784563958645,
        50.39999999999998
      ],
      [
        -5.550225460901856,
        56.08679160475731,
        50.200000000000045
      ],
      [
        -5.55021389387548,
        56.08679906465113,
        50
      ],
      [
        -5.5502027459442616,
        56.086806608363986,
        49.799999999999955
      ],
      [
        -5.55019193328917,
        56.086814319714904,
        49.60000000000002
      ],
      [
        -5.550181288272142,
        56.08682203106582,
        49.39999999999998
      ],
      [
        -5.550170727074146,
        56.08682965859771,
        49
      ],
      [
        -5.55016016587615,
        56.08683711849153,
        48.799999999999955
      ],
      [
        -5.550149520859122,
        56.08684441074729,
        48.60000000000002
      ],
      [
        -5.550138792023063,
        56.086851451545954,
        48.39999999999998
      ],
      [
        -5.550127811729908,
        56.08685815706849,
        48
      ],
      [
        -5.550116579979658,
        56.0868645273149,
        47.799999999999955
      ],
      [
        -5.550105180591345,
        56.08687047846615,
        47.39999999999998
      ],
      [
        -5.550093445926905,
        56.08687609434128,
        47
      ],
      [
        -5.550081375986338,
        56.08688112348318,
        46.799999999999955
      ],
      [
        -5.550069138407707,
        56.086885733529925,
        46.39999999999998
      ],
      [
        -5.550056649371982,
        56.08688975684345,
        46
      ],
      [
        -5.550043908879161,
        56.08689319342375,
        45.60000000000002
      ],
      [
        -5.550031000748277,
        56.086896043270826,
        45.200000000000045
      ],
      [
        -5.550017924979329,
        56.08689830638468,
        44.799999999999955
      ],
      [
        -5.5500048492103815,
        56.086899898946285,
        44.39999999999998
      ],
      [
        -5.549991773441434,
        56.086900904774666,
        44
      ],
      [
        -5.549978781491518,
        56.086901407688856,
        43.60000000000002
      ],
      [
        -5.549966208636761,
        56.08690124005079,
        43.200000000000045
      ],
      [
        -5.54995397105813,
        56.086900401860476,
        43
      ],
      [
        -5.54994223639369,
        56.086898893117905,
        42.60000000000002
      ],
      [
        -5.549931256100535,
        56.08689671382308,
        42.200000000000045
      ],
      [
        -5.549920946359634,
        56.086893863976,
        41.799999999999955
      ],
      [
        -5.549911390990019,
        56.08689025975764,
        41.60000000000002
      ],
      [
        -5.54990267381072,
        56.08688590116799,
        41.39999999999998
      ],
      [
        -5.549894794821739,
        56.086880872026086,
        41
      ],
      [
        -5.549887586385012,
        56.08687517233193,
        41
      ],
      [
        -5.549881216138601,
        56.08686871826649,
        40.799999999999955
      ],
      [
        -5.549875516444445,
        56.08686150982976,
        40.60000000000002
      ],
      [
        -5.549870487302542,
        56.08685371465981,
        40.60000000000002
      ],
      [
        -5.5498661287128925,
        56.08684533275664,
        40.60000000000002
      ],
      [
        -5.549862440675497,
        56.086836364120245,
        40.39999999999998
      ],
      [
        -5.549859255552292,
        56.08682697638869,
        40.39999999999998
      ],
      [
        -5.5498564057052135,
        56.08681716956198,
        40.60000000000002
      ],
      [
        -5.54985380731523,
        56.086807111278176,
        40.60000000000002
      ],
      [
        -5.549851376563311,
        56.08679688535631,
        40.60000000000002
      ],
      [
        -5.549848694354296,
        56.08678665943444,
        40.60000000000002
      ],
      [
        -5.549845844507217,
        56.0867765173316,
        40.799999999999955
      ],
      [
        -5.5498425755649805,
        56.08676662668586,
        40.799999999999955
      ],
      [
        -5.549838803708553,
        56.08675698749721,
        40.799999999999955
      ],
      [
        -5.549834361299872,
        56.08674785122275,
        40.799999999999955
      ],
      [
        -5.549829248338938,
        56.08673930168152,
        41
      ],
      [
        -5.549823464825749,
        56.086731338873506,
        41
      ],
      [
        -5.549817094579339,
        56.086724046617746,
        41
      ],
      [
        -5.549810137599707,
        56.08671750873327,
        41
      ],
      [
        -5.549802761524916,
        56.086711725220084,
        41
      ],
      [
        -5.549795050173998,
        56.08670677989721,
        41.200000000000045
      ],
      [
        -5.549787255004048,
        56.08670267276466,
        41.200000000000045
      ],
      [
        -5.549779376015067,
        56.08669932000339,
        41.200000000000045
      ],
      [
        -5.549771580845118,
        56.086696637794375,
        41.200000000000045
      ],
      [
        -5.5497639533132315,
        56.086694709956646,
        41.200000000000045
      ],
      [
        -5.549756409600377,
        56.08669336885214,
        41.200000000000045
      ],
      [
        -5.549749033525586,
        56.08669253066182,
        41.200000000000045
      ],
      [
        -5.549741741269827,
        56.086692195385695,
        41.200000000000045
      ],
      [
        -5.549734616652131,
        56.08669236302376,
        41
      ],
      [
        -5.549727492034435,
        56.08669286593795,
        41
      ],
      [
        -5.549720283597708,
        56.086693704128265,
        41
      ],
      [
        -5.549712907522917,
        56.08669487759471,
        40.799999999999955
      ],
      [
        -5.549705279991031,
        56.08669638633728,
        40.60000000000002
      ],
      [
        -5.549697233363986,
        56.08669797889888,
        40.60000000000002
      ],
      [
        -5.549688683822751,
        56.08669990673661,
        40.39999999999998
      ],
      [
        -5.5496797151863575,
        56.08670183457434,
        40.200000000000045
      ],
      [
        -5.54967007599771,
        56.086703930050135,
        40
      ],
      [
        -5.549660017713904,
        56.08670610934496,
        39.60000000000002
      ],
      [
        -5.54964954033494,
        56.08670820482075,
        39.39999999999998
      ],
      [
        -5.549638727679849,
        56.086710300296545,
        39.200000000000045
      ],
      [
        -5.549627663567662,
        56.086712228134274,
        39
      ],
      [
        -5.549616515636444,
        56.08671407215297,
        38.799999999999955
      ],
      [
        -5.549605283886194,
        56.08671583235264,
        38.799999999999955
      ],
      [
        -5.549594219774008,
        56.08671742491424,
        38.60000000000002
      ],
      [
        -5.549583323299885,
        56.08671884983778,
        38.39999999999998
      ],
      [
        -5.54957284592092,
        56.08672019094229,
        38.39999999999998
      ],
      [
        -5.5495627876371145,
        56.08672144822776,
        38.200000000000045
      ],
      [
        -5.549553483724594,
        56.086722537875175,
        38.200000000000045
      ],
      [
        -5.549544850364327,
        56.086723459884524,
        38.200000000000045
      ],
      [
        -5.549537055194378,
        56.08672429807484,
        38
      ],
      [
        -5.549530265852809,
        56.086724968627095,
        38
      ],
      [
        -5.549524230882525,
        56.08672555536032,
        38
      ],
      [
        -5.549519117921591,
        56.08672605827451,
        38
      ],
      [
        -5.549514843150973,
        56.086726393550634,
        37.799999999999955
      ],
      [
        -5.549511322751641,
        56.08672681264579,
        37.799999999999955
      ],
      [
        -5.549508389085531,
        56.08672714792192,
        37.799999999999955
      ],
      [
        -5.549506042152643,
        56.08672748319805,
        37.799999999999955
      ],
      [
        -5.549504114314914,
        56.086727902293205,
        37.799999999999955
      ],
      [
        -5.549502689391375,
        56.08672823756933,
        37.799999999999955
      ],
      [
        -5.549501515924931,
        56.08672865666449,
        37.799999999999955
      ],
      [
        -5.549500677734613,
        56.08672907575965,
        37.799999999999955
      ],
      [
        -5.549500174820423,
        56.086729327216744,
        37.799999999999955
      ],
      [
        -5.549499839544296,
        56.08672949485481,
        37.799999999999955
      ],
      [
        -5.549499671906233,
        56.08672957867384,
        37.799999999999955
      ],
      [
        -5.549499671906233,
        56.08672957867384,
        37.799999999999955
      ],
      [
        -5.549499588087201,
        56.086729411035776,
        37.799999999999955
      ],
      [
        -5.549499420449138,
        56.08672915957868,
        37.799999999999955
      ],
      [
        -5.549499085173011,
        56.086728824302554,
        38
      ],
      [
        -5.5494985822588205,
        56.086728405207396,
        38
      ],
      [
        -5.549497744068503,
        56.08672798611224,
        38
      ],
      [
        -5.549496654421091,
        56.08672748319805,
        38
      ],
      [
        -5.549495313316584,
        56.08672706410289,
        38
      ],
      [
        -5.549493720754981,
        56.08672664500773,
        38
      ],
      [
        -5.549491876736283,
        56.08672622591257,
        38
      ],
      [
        -5.549489865079522,
        56.086725890636444,
        38
      ],
      [
        -5.549487853422761,
        56.08672555536032,
        38
      ],
      [
        -5.549485674127936,
        56.08672530390322,
        38
      ],
      [
        -5.549483494833112,
        56.08672513626516,
        38
      ],
      [
        -5.549481399357319,
        56.086724968627095,
        38
      ],
      [
        -5.549479220062494,
        56.08672480098903,
        38
      ],
      [
        -5.54947704076767,
        56.08672471717,
        37.799999999999955
      ],
      [
        -5.549474945291877,
        56.08672471717,
        37.799999999999955
      ],
      [
        -5.549472849816084,
        56.08672463335097,
        37.799999999999955
      ],
      [
        -5.5494709219783545,
        56.08672454953194,
        37.799999999999955
      ],
      [
        -5.549469077959657,
        56.08672454953194,
        37.799999999999955
      ],
      [
        -5.549467401579022,
        56.086724465712905,
        37.799999999999955
      ],
      [
        -5.54946580901742,
        56.08672438189387,
        37.799999999999955
      ],
      [
        -5.549464384093881,
        56.08672421425581,
        37.799999999999955
      ],
      [
        -5.549463210627437,
        56.08672413043678,
        37.799999999999955
      ],
      [
        -5.549462037160993,
        56.08672387897968,
        37.799999999999955
      ],
      [
        -5.549461115151644,
        56.08672371134162,
        37.799999999999955
      ],
      [
        -5.549460276961327,
        56.086723543703556,
        37.799999999999955
      ],
      [
        -5.549459522590041,
        56.08672329224646,
        37.799999999999955
      ],
      [
        -5.549458852037787,
        56.086723040789366,
        38
      ],
      [
        -5.549458265304565,
        56.0867228731513,
        38
      ],
      [
        -5.549457762390375,
        56.08672262169421,
        38
      ],
      [
        -5.549457427114248,
        56.086722454056144,
        38
      ],
      [
        -5.549457091838121,
        56.08672228641808,
        38
      ],
      [
        -5.549456840381026,
        56.08672211878002,
        38
      ],
      [
        -5.549456672742963,
        56.08672195114195,
        38.200000000000045
      ],
      [
        -5.549456505104899,
        56.08672186732292,
        38.200000000000045
      ],
      [
        -5.549456421285868,
        56.08672178350389,
        38.200000000000045
      ],
      [
        -5.549456421285868,
        56.08672169968486,
        38.200000000000045
      ],
      [
        -5.549456337466836,
        56.08672161586583,
        38.200000000000045
      ],
      [
        -5.549456337466836,
        56.08672161586583,
        38.200000000000045
      ],
      [
        -5.549456421285868,
        56.086721532046795,
        38.200000000000045
      ],
      [
        -5.549456421285868,
        56.086721532046795,
        38.200000000000045
      ],
      [
        -5.549456421285868,
        56.086721532046795,
        38.200000000000045
      ],
      [
        -5.549456505104899,
        56.086721532046795,
        38.200000000000045
      ],
      [
        -5.549456505104899,
        56.086721532046795,
        38.200000000000045
      ],
      [
        -5.549456588923931,
        56.086721532046795,
        38.200000000000045
      ],
      [
        -5.549456588923931,
        56.086721532046795,
        38.200000000000045
      ],
      [
        -5.549456588923931,
        56.086721532046795,
        38.200000000000045
      ],
      [
        -5.549456672742963,
        56.08672161586583,
        38.200000000000045
      ],
      [
        -5.5494567565619946,
        56.08672169968486,
        38.200000000000045
      ],
      [
        -5.5494567565619946,
        56.08672169968486,
        38.200000000000045
      ],
      [
        -5.5494567565619946,
        56.08672169968486,
        38.200000000000045
      ],
      [
        -5.5494567565619946,
        56.08672169968486,
        38.200000000000045
      ],
      [
        -5.5494567565619946,
        56.08672169968486,
        38.200000000000045
      ],
      [
        -5.5494567565619946,
        56.08672169968486,
        38.200000000000045
      ],
      [
        -5.5494567565619946,
        56.08672169968486,
        38.200000000000045
      ],
      [
        -5.5494567565619946,
        56.08672169968486,
        38.200000000000045
      ],
      [
        -5.5494567565619946,
        56.08672169968486,
        38.200000000000045
      ],
      [
        -5.5494567565619946,
        56.08672169968486,
        38.200000000000045
      ],
      [
        -5.5494567565619946,
        56.08672169968486,
        38.200000000000045
      ],
      [
        -5.5494567565619946,
        56.08672169968486,
        38.200000000000045
      ],
      [
        -5.5494567565619946,
        56.08672169968486,
        38.200000000000045
      ],
      [
        -5.5494567565619946,
        56.08672169968486,
        38.200000000000045
      ],
      [
        -5.5494567565619946,
        56.08672169968486,
        38.200000000000045
      ],
      [
        -5.5494567565619946,
        56.08672169968486,
        38.200000000000045
      ],
      [
        -5.5494567565619946,
        56.08672169968486,
        38.200000000000045
      ],
      [
        -5.5494567565619946,
        56.08672169968486,
        38.200000000000045
      ],
      [
        -5.5494567565619946,
        56.08672169968486,
        38.200000000000045
      ],
      [
        -5.5494567565619946,
        56.08672169968486,
        38.200000000000045
      ],
      [
        -5.5494567565619946,
        56.08672169968486,
        38.200000000000045
      ],
      [
        -5.5494567565619946,
        56.08672169968486,
        38.200000000000045
      ],
      [
        -5.5494567565619946,
        56.08672169968486,
        38.200000000000045
      ],
      [
        -5.5494567565619946,
        56.08672169968486,
        38.200000000000045
      ],
      [
        -5.5494567565619946,
        56.08672169968486,
        38.200000000000045
      ],
      [
        -5.5494567565619946,
        56.08672169968486,
        38.200000000000045
      ],
      [
        -5.5494567565619946,
        56.08672169968486,
        38.200000000000045
      ],
      [
        -5.5494567565619946,
        56.08672169968486,
        38.200000000000045
      ],
      [
        -5.5494567565619946,
        56.08672169968486,
        38.200000000000045
      ],
      [
        -5.5494567565619946,
        56.08672169968486,
        38.200000000000045
      ],
      [
        -5.5494567565619946,
        56.08672169968486,
        38.200000000000045
      ],
      [
        -5.5494567565619946,
        56.08672169968486,
        38.200000000000045
      ],
      [
        -5.5494567565619946,
        56.08672169968486,
        38.200000000000045
      ],
      [
        -5.5494567565619946,
        56.08672169968486,
        38.200000000000045
      ],
      [
        -5.5494567565619946,
        56.08672169968486,
        38.200000000000045
      ],
      [
        -5.5494567565619946,
        56.08672169968486,
        38.200000000000045
      ],
      [
        -5.5494567565619946,
        56.08672169968486,
        38.200000000000045
      ],
      [
        -5.5494567565619946,
        56.08672169968486,
        38.200000000000045
      ],
      [
        -5.5494567565619946,
        56.08672169968486,
        38.200000000000045
      ],
      [
        -5.5494567565619946,
        56.08672169968486,
        38.200000000000045
      ],
      [
        -5.5494567565619946,
        56.08672169968486,
        38.200000000000045
      ],
      [
        -5.5494567565619946,
        56.08672169968486,
        38.200000000000045
      ],
      [
        -5.5494567565619946,
        56.08672169968486,
        38.200000000000045
      ],
      [
        -5.5494567565619946,
        56.08672169968486,
        38.200000000000045
      ],
      [
        -5.5494567565619946,
        56.08672169968486,
        38.200000000000045
      ],
      [
        -5.5494567565619946,
        56.08672169968486,
        38.200000000000045
      ],
      [
        -5.5494567565619946,
        56.08672169968486,
        38.200000000000045
      ],
      [
        -5.5494567565619946,
        56.08672169968486,
        38.200000000000045
      ],
      [
        -5.5494567565619946,
        56.08672169968486,
        38.200000000000045
      ],
      [
        -5.5494567565619946,
        56.08672169968486,
        38.200000000000045
      ],
      [
        -5.5494567565619946,
        56.08672169968486,
        38.200000000000045
      ],
      [
        -5.5494567565619946,
        56.08672169968486,
        38.200000000000045
      ],
      [
        -5.5494567565619946,
        56.08672169968486,
        38.200000000000045
      ],
      [
        -5.5494567565619946,
        56.08672169968486,
        38.200000000000045
      ],
      [
        -5.5494567565619946,
        56.08672169968486,
        38.200000000000045
      ],
      [
        -5.5494567565619946,
        56.08672169968486,
        38.200000000000045
      ],
      [
        -5.5494567565619946,
        56.08672169968486,
        38.200000000000045
      ],
      [
        -5.5494567565619946,
        56.08672169968486,
        38.200000000000045
      ],
      [
        -5.5494567565619946,
        56.08672169968486,
        38.200000000000045
      ],
      [
        -5.5494567565619946,
        56.08672169968486,
        38.200000000000045
      ],
      [
        -5.5494567565619946,
        56.08672169968486,
        38.200000000000045
      ],
      [
        -5.5494567565619946,
        56.08672169968486,
        38.200000000000045
      ],
      [
        -5.5494567565619946,
        56.08672169968486,
        38.200000000000045
      ],
      [
        -5.5494567565619946,
        56.08672169968486,
        38.200000000000045
      ],
      [
        -5.5494567565619946,
        56.08672169968486,
        38.200000000000045
      ],
      [
        -5.5494567565619946,
        56.08672169968486,
        38.200000000000045
      ],
      [
        -5.5494567565619946,
        56.08672169968486,
        38.200000000000045
      ],
      [
        -5.5494567565619946,
        56.08672169968486,
        38.200000000000045
      ],
      [
        -5.5494567565619946,
        56.08672169968486,
        38.200000000000045
      ],
      [
        -5.5494567565619946,
        56.08672169968486,
        38.200000000000045
      ],
      [
        -5.5494567565619946,
        56.08672169968486,
        38.200000000000045
      ],
      [
        -5.5494567565619946,
        56.08672169968486,
        38.200000000000045
      ],
      [
        -5.5494567565619946,
        56.08672169968486,
        38.200000000000045
      ],
      [
        -5.5494567565619946,
        56.08672169968486,
        38.200000000000045
      ],
      [
        -5.5494567565619946,
        56.08672169968486,
        38.200000000000045
      ],
      [
        -5.5494567565619946,
        56.08672169968486,
        38.200000000000045
      ],
      [
        -5.5494567565619946,
        56.08672169968486,
        38.200000000000045
      ],
      [
        -5.5494567565619946,
        56.08672169968486,
        38.200000000000045
      ],
      [
        -5.5494567565619946,
        56.08672169968486,
        38.200000000000045
      ],
      [
        -5.5494567565619946,
        56.08672169968486,
        38.200000000000045
      ],
      [
        -5.5494567565619946,
        56.08672169968486,
        38.200000000000045
      ],
      [
        -5.5494567565619946,
        56.08672169968486,
        38.200000000000045
      ],
      [
        -5.5494567565619946,
        56.08672169968486,
        38.200000000000045
      ],
      [
        -5.5494567565619946,
        56.08672169968486,
        38.200000000000045
      ],
      [
        -5.5494567565619946,
        56.08672169968486,
        38.200000000000045
      ],
      [
        -5.5494567565619946,
        56.08672169968486,
        38.200000000000045
      ],
      [
        -5.5494567565619946,
        56.08672169968486,
        38.200000000000045
      ],
      [
        -5.5494567565619946,
        56.08672169968486,
        38.200000000000045
      ],
      [
        -5.5494567565619946,
        56.08672169968486,
        38.200000000000045
      ],
      [
        -5.5494567565619946,
        56.08672169968486,
        38.200000000000045
      ],
      [
        -5.5494567565619946,
        56.08672169968486,
        38.200000000000045
      ],
      [
        -5.5494567565619946,
        56.08672169968486,
        38.200000000000045
      ],
      [
        -5.5494567565619946,
        56.08672169968486,
        38.200000000000045
      ],
      [
        -5.5494567565619946,
        56.08672169968486,
        38.200000000000045
      ],
      [
        -5.5494567565619946,
        56.08672169968486,
        38.200000000000045
      ],
      [
        -5.5494567565619946,
        56.08672169968486,
        38.200000000000045
      ],
      [
        -5.5494567565619946,
        56.08672169968486,
        38.200000000000045
      ],
      [
        -5.5494567565619946,
        56.08672169968486,
        38.200000000000045
      ],
      [
        -5.5494567565619946,
        56.08672169968486,
        38.200000000000045
      ],
      [
        -5.5494567565619946,
        56.08672169968486,
        38.200000000000045
      ],
      [
        -5.5494567565619946,
        56.08672169968486,
        38.200000000000045
      ],
      [
        -5.5494567565619946,
        56.08672169968486,
        38.200000000000045
      ],
      [
        -5.5494567565619946,
        56.08672169968486,
        38.200000000000045
      ],
      [
        -5.5494567565619946,
        56.08672169968486,
        38.200000000000045
      ],
      [
        -5.5494567565619946,
        56.08672169968486,
        38.200000000000045
      ],
      [
        -5.5494567565619946,
        56.08672169968486,
        38.200000000000045
      ],
      [
        -5.5494567565619946,
        56.08672169968486,
        38.200000000000045
      ],
      [
        -5.5494567565619946,
        56.08672169968486,
        38.200000000000045
      ],
      [
        -5.5494567565619946,
        56.08672169968486,
        38.200000000000045
      ],
      [
        -5.5494567565619946,
        56.08672169968486,
        38.200000000000045
      ],
      [
        -5.5494567565619946,
        56.08672169968486,
        38.200000000000045
      ],
      [
        -5.5494567565619946,
        56.08672169968486,
        38.200000000000045
      ],
      [
        -5.5494567565619946,
        56.08672169968486,
        38.200000000000045
      ],
      [
        -5.5494567565619946,
        56.08672169968486,
        38.200000000000045
      ],
      [
        -5.5494567565619946,
        56.08672169968486,
        38.200000000000045
      ],
      [
        -5.5494567565619946,
        56.08672169968486,
        38.200000000000045
      ],
      [
        -5.5494567565619946,
        56.08672169968486,
        38.200000000000045
      ],
      [
        -5.5494567565619946,
        56.08672169968486,
        38.200000000000045
      ],
      [
        -5.5494567565619946,
        56.08672169968486,
        38.200000000000045
      ],
      [
        -5.5494567565619946,
        56.08672169968486,
        38.200000000000045
      ],
      [
        -5.5494567565619946,
        56.08672169968486,
        38.200000000000045
      ],
      [
        -5.5494567565619946,
        56.08672169968486,
        38.200000000000045
      ],
      [
        -5.5494567565619946,
        56.08672169968486,
        38.200000000000045
      ],
      [
        -5.5494567565619946,
        56.08672169968486,
        38.200000000000045
      ],
      [
        -5.5494567565619946,
        56.08672169968486,
        38.200000000000045
      ],
      [
        -5.5494567565619946,
        56.08672169968486,
        38.200000000000045
      ],
      [
        -5.5494567565619946,
        56.08672169968486,
        38.200000000000045
      ],
      [
        -5.5494567565619946,
        56.08672169968486,
        38.200000000000045
      ],
      [
        -5.5494567565619946,
        56.08672169968486,
        38.200000000000045
      ],
      [
        -5.5494567565619946,
        56.08672169968486,
        38.200000000000045
      ],
      [
        -5.5494567565619946,
        56.08672169968486,
        38.200000000000045
      ],
      [
        -5.5494567565619946,
        56.08672169968486,
        38.200000000000045
      ],
      [
        -5.5494567565619946,
        56.08672169968486,
        38.200000000000045
      ],
      [
        -5.5494567565619946,
        56.08672169968486,
        38.200000000000045
      ],
      [
        -5.5494567565619946,
        56.08672169968486,
        38.200000000000045
      ],
      [
        -5.5494567565619946,
        56.08672169968486,
        38.200000000000045
      ],
      [
        -5.5494567565619946,
        56.08672169968486,
        38.200000000000045
      ],
      [
        -5.5494567565619946,
        56.08672169968486,
        38.200000000000045
      ],
      [
        -5.5494567565619946,
        56.08672169968486,
        38.200000000000045
      ],
      [
        -5.5494567565619946,
        56.08672169968486,
        38.200000000000045
      ],
      [
        -5.5494567565619946,
        56.08672169968486,
        38.200000000000045
      ],
      [
        -5.5494567565619946,
        56.08672169968486,
        38.200000000000045
      ],
      [
        -5.5494567565619946,
        56.08672169968486,
        38.200000000000045
      ],
      [
        -5.5494567565619946,
        56.08672169968486,
        38.200000000000045
      ],
      [
        -5.5494567565619946,
        56.08672169968486,
        38.200000000000045
      ],
      [
        -5.5494567565619946,
        56.08672169968486,
        38.200000000000045
      ],
      [
        -5.5494567565619946,
        56.08672169968486,
        38.200000000000045
      ],
      [
        -5.5494567565619946,
        56.08672169968486,
        38.200000000000045
      ],
      [
        -5.5494567565619946,
        56.08672169968486,
        38.200000000000045
      ],
      [
        -5.5494567565619946,
        56.08672169968486,
        38.200000000000045
      ],
      [
        -5.5494567565619946,
        56.08672169968486,
        38.200000000000045
      ],
      [
        -5.5494567565619946,
        56.08672169968486,
        38.200000000000045
      ],
      [
        -5.5494567565619946,
        56.08672169968486,
        38.200000000000045
      ],
      [
        -5.5494567565619946,
        56.08672169968486,
        38.200000000000045
      ],
      [
        -5.5494567565619946,
        56.08672169968486,
        38.200000000000045
      ],
      [
        -5.5494567565619946,
        56.08672169968486,
        38.200000000000045
      ],
      [
        -5.5494567565619946,
        56.08672169968486,
        38.200000000000045
      ],
      [
        -5.5494567565619946,
        56.08672169968486,
        38.200000000000045
      ],
      [
        -5.5494567565619946,
        56.08672169968486,
        38.200000000000045
      ],
      [
        -5.5494567565619946,
        56.08672169968486,
        38.200000000000045
      ],
      [
        -5.5494567565619946,
        56.08672169968486,
        38.200000000000045
      ],
      [
        -5.5494567565619946,
        56.08672169968486,
        38.200000000000045
      ],
      [
        -5.5494567565619946,
        56.08672169968486,
        38.200000000000045
      ],
      [
        -5.5494567565619946,
        56.08672169968486,
        38.200000000000045
      ],
      [
        -5.5494567565619946,
        56.08672169968486,
        38.200000000000045
      ],
      [
        -5.5494567565619946,
        56.08672169968486,
        38.200000000000045
      ],
      [
        -5.5494567565619946,
        56.08672169968486,
        38.200000000000045
      ],
      [
        -5.5494567565619946,
        56.08672169968486,
        38.200000000000045
      ],
      [
        -5.5494567565619946,
        56.08672169968486,
        38.200000000000045
      ],
      [
        -5.5494567565619946,
        56.08672169968486,
        38.200000000000045
      ],
      [
        -5.5494567565619946,
        56.08672169968486,
        38.200000000000045
      ],
      [
        -5.5494567565619946,
        56.08672169968486,
        38.200000000000045
      ],
      [
        -5.5494567565619946,
        56.08672169968486,
        38.200000000000045
      ],
      [
        -5.5494567565619946,
        56.08672169968486,
        38.200000000000045
      ],
      [
        -5.5494567565619946,
        56.08672169968486,
        38.200000000000045
      ],
      [
        -5.5494567565619946,
        56.08672169968486,
        38.200000000000045
      ],
      [
        -5.5494567565619946,
        56.08672169968486,
        38.200000000000045
      ],
      [
        -5.5494567565619946,
        56.08672169968486,
        38.200000000000045
      ],
      [
        -5.5494567565619946,
        56.08672169968486,
        38.200000000000045
      ],
      [
        -5.5494567565619946,
        56.08672169968486,
        38.200000000000045
      ],
      [
        -5.5494567565619946,
        56.08672169968486,
        38.200000000000045
      ],
      [
        -5.5494567565619946,
        56.08672169968486,
        38.200000000000045
      ],
      [
        -5.5494567565619946,
        56.08672169968486,
        38.200000000000045
      ],
      [
        -5.5494567565619946,
        56.08672169968486,
        38.200000000000045
      ],
      [
        -5.5494567565619946,
        56.08672169968486,
        38.200000000000045
      ],
      [
        -5.5494567565619946,
        56.08672169968486,
        38.200000000000045
      ],
      [
        -5.5494567565619946,
        56.08672169968486,
        38.200000000000045
      ],
      [
        -5.5494567565619946,
        56.08672169968486,
        38.200000000000045
      ],
      [
        -5.5494567565619946,
        56.08672169968486,
        38.200000000000045
      ],
      [
        -5.5494567565619946,
        56.08672169968486,
        38.200000000000045
      ],
      [
        -5.5494567565619946,
        56.08672169968486,
        38.200000000000045
      ],
      [
        -5.5494567565619946,
        56.08672169968486,
        38.200000000000045
      ],
      [
        -5.5494567565619946,
        56.08672169968486,
        38.200000000000045
      ],
      [
        -5.5494567565619946,
        56.08672169968486,
        38.200000000000045
      ],
      [
        -5.5494567565619946,
        56.08672169968486,
        38.200000000000045
      ],
      [
        -5.5494567565619946,
        56.08672169968486,
        38.200000000000045
      ],
      [
        -5.5494567565619946,
        56.08672169968486,
        38.200000000000045
      ],
      [
        -5.5494567565619946,
        56.08672169968486,
        38.200000000000045
      ],
      [
        -5.5494567565619946,
        56.08672169968486,
        38.200000000000045
      ],
      [
        -5.5494567565619946,
        56.08672169968486,
        38.200000000000045
      ],
      [
        -5.5494567565619946,
        56.08672169968486,
        38.200000000000045
      ],
      [
        -5.5494567565619946,
        56.08672169968486,
        38.200000000000045
      ],
      [
        -5.5494567565619946,
        56.08672169968486,
        38.200000000000045
      ],
      [
        -5.5494567565619946,
        56.08672169968486,
        38.200000000000045
      ],
      [
        -5.5494567565619946,
        56.08672169968486,
        38.200000000000045
      ],
      [
        -5.5494567565619946,
        56.08672169968486,
        38.200000000000045
      ],
      [
        -5.5494567565619946,
        56.08672169968486,
        38.200000000000045
      ],
      [
        -5.5494567565619946,
        56.08672169968486,
        38.200000000000045
      ],
      [
        -5.5494567565619946,
        56.08672169968486,
        38.200000000000045
      ],
      [
        -5.5494567565619946,
        56.08672169968486,
        38.200000000000045
      ],
      [
        -5.5494567565619946,
        56.08672169968486,
        38.200000000000045
      ],
      [
        -5.5494567565619946,
        56.08672169968486,
        38.200000000000045
      ],
      [
        -5.5494567565619946,
        56.08672169968486,
        38.200000000000045
      ],
      [
        -5.5494567565619946,
        56.08672169968486,
        38.200000000000045
      ],
      [
        -5.5494567565619946,
        56.08672169968486,
        38.200000000000045
      ],
      [
        -5.5494567565619946,
        56.08672169968486,
        38.200000000000045
      ],
      [
        -5.5494567565619946,
        56.08672169968486,
        38.200000000000045
      ],
      [
        -5.5494567565619946,
        56.08672169968486,
        38.200000000000045
      ],
      [
        -5.5494567565619946,
        56.08672169968486,
        38.200000000000045
      ],
      [
        -5.5494567565619946,
        56.08672169968486,
        38.200000000000045
      ],
      [
        -5.5494567565619946,
        56.08672169968486,
        38.200000000000045
      ],
      [
        -5.5494567565619946,
        56.08672169968486,
        38.200000000000045
      ],
      [
        -5.5494567565619946,
        56.08672169968486,
        38.200000000000045
      ],
      [
        -5.5494567565619946,
        56.08672169968486,
        38.200000000000045
      ],
      [
        -5.5494567565619946,
        56.08672169968486,
        38.200000000000045
      ],
      [
        -5.5494567565619946,
        56.08672169968486,
        38.200000000000045
      ],
      [
        -5.5494567565619946,
        56.08672169968486,
        38.200000000000045
      ],
      [
        -5.5494567565619946,
        56.08672169968486,
        38.200000000000045
      ],
      [
        -5.5494567565619946,
        56.08672169968486,
        38.200000000000045
      ],
      [
        -5.5494567565619946,
        56.08672169968486,
        38.200000000000045
      ],
      [
        -5.5494567565619946,
        56.08672169968486,
        38.200000000000045
      ],
      [
        -5.5494567565619946,
        56.08672169968486,
        38.200000000000045
      ],
      [
        -5.5494567565619946,
        56.08672169968486,
        38.200000000000045
      ],
      [
        -5.5494567565619946,
        56.08672169968486,
        38.200000000000045
      ],
      [
        -5.5494567565619946,
        56.08672169968486,
        38.200000000000045
      ],
      [
        -5.5494567565619946,
        56.08672169968486,
        38.200000000000045
      ],
      [
        -5.5494567565619946,
        56.08672169968486,
        38.200000000000045
      ],
      [
        -5.5494567565619946,
        56.08672169968486,
        38.200000000000045
      ],
      [
        -5.5494567565619946,
        56.08672169968486,
        38.200000000000045
      ],
      [
        -5.5494567565619946,
        56.08672169968486,
        38.200000000000045
      ],
      [
        -5.5494567565619946,
        56.08672169968486,
        38.200000000000045
      ],
      [
        -5.5494567565619946,
        56.08672169968486,
        38.200000000000045
      ],
      [
        -5.5494567565619946,
        56.08672169968486,
        38.200000000000045
      ],
      [
        -5.5494567565619946,
        56.08672169968486,
        38.200000000000045
      ],
      [
        -5.5494567565619946,
        56.08672169968486,
        38.200000000000045
      ],
      [
        -5.5494567565619946,
        56.08672169968486,
        38.200000000000045
      ],
      [
        -5.5494567565619946,
        56.08672169968486,
        38.200000000000045
      ],
      [
        -5.5494567565619946,
        56.08672169968486,
        38.200000000000045
      ],
      [
        -5.5494567565619946,
        56.08672169968486,
        38.200000000000045
      ],
      [
        -5.5494567565619946,
        56.08672169968486,
        38.200000000000045
      ],
      [
        -5.5494567565619946,
        56.08672169968486,
        38.200000000000045
      ],
      [
        -5.5494567565619946,
        56.08672169968486,
        38.200000000000045
      ],
      [
        -5.5494567565619946,
        56.08672169968486,
        38.200000000000045
      ],
      [
        -5.5494567565619946,
        56.08672169968486,
        38.200000000000045
      ],
      [
        -5.5494567565619946,
        56.08672169968486,
        38.200000000000045
      ],
      [
        -5.5494567565619946,
        56.08672169968486,
        38.200000000000045
      ],
      [
        -5.5494567565619946,
        56.08672169968486,
        38.200000000000045
      ],
      [
        -5.5494567565619946,
        56.08672169968486,
        38.200000000000045
      ],
      [
        -5.5494567565619946,
        56.08672169968486,
        38.200000000000045
      ],
      [
        -5.5494567565619946,
        56.08672169968486,
        38.200000000000045
      ],
      [
        -5.5494567565619946,
        56.08672169968486,
        38.200000000000045
      ],
      [
        -5.5494567565619946,
        56.08672169968486,
        38.200000000000045
      ],
      [
        -5.5494567565619946,
        56.08672169968486,
        38.200000000000045
      ],
      [
        -5.5494567565619946,
        56.08672169968486,
        38.200000000000045
      ],
      [
        -5.5494567565619946,
        56.08672169968486,
        38.200000000000045
      ],
      [
        -5.5494567565619946,
        56.08672169968486,
        38.200000000000045
      ],
      [
        -5.5494567565619946,
        56.08672169968486,
        38.200000000000045
      ],
      [
        -5.5494567565619946,
        56.08672169968486,
        38.200000000000045
      ],
      [
        -5.5494567565619946,
        56.08672169968486,
        38.200000000000045
      ],
      [
        -5.5494567565619946,
        56.08672169968486,
        38.200000000000045
      ],
      [
        -5.5494567565619946,
        56.08672169968486,
        38.200000000000045
      ],
      [
        -5.5494567565619946,
        56.08672169968486,
        38.200000000000045
      ],
      [
        -5.5494567565619946,
        56.08672169968486,
        38.200000000000045
      ],
      [
        -5.5494567565619946,
        56.08672169968486,
        38.200000000000045
      ],
      [
        -5.5494567565619946,
        56.08672169968486,
        38.200000000000045
      ],
      [
        -5.5494567565619946,
        56.08672169968486,
        38.200000000000045
      ],
      [
        -5.5494567565619946,
        56.08672169968486,
        38.200000000000045
      ],
      [
        -5.5494567565619946,
        56.08672169968486,
        38.200000000000045
      ],
      [
        -5.5494567565619946,
        56.08672169968486,
        38.200000000000045
      ],
      [
        -5.5494567565619946,
        56.08672169968486,
        38.200000000000045
      ],
      [
        -5.5494567565619946,
        56.08672169968486,
        38.200000000000045
      ],
      [
        -5.5494567565619946,
        56.08672169968486,
        38.200000000000045
      ],
      [
        -5.5494567565619946,
        56.08672169968486,
        38.200000000000045
      ],
      [
        -5.5494567565619946,
        56.08672169968486,
        38.200000000000045
      ],
      [
        -5.5494567565619946,
        56.08672169968486,
        38.200000000000045
      ],
      [
        -5.5494567565619946,
        56.08672169968486,
        38.200000000000045
      ],
      [
        -5.5494567565619946,
        56.08672169968486,
        38.200000000000045
      ],
      [
        -5.5494567565619946,
        56.08672169968486,
        38.200000000000045
      ],
      [
        -5.5494567565619946,
        56.08672169968486,
        38.200000000000045
      ],
      [
        -5.5494567565619946,
        56.08672169968486,
        38.200000000000045
      ],
      [
        -5.5494567565619946,
        56.08672169968486,
        38.200000000000045
      ],
      [
        -5.5494567565619946,
        56.08672169968486,
        38.200000000000045
      ],
      [
        -5.5494567565619946,
        56.08672169968486,
        38.200000000000045
      ],
      [
        -5.5494567565619946,
        56.08672169968486,
        38.200000000000045
      ],
      [
        -5.5494567565619946,
        56.08672169968486,
        38.200000000000045
      ],
      [
        -5.5494567565619946,
        56.08672169968486,
        38.200000000000045
      ],
      [
        -5.5494567565619946,
        56.08672169968486,
        38.200000000000045
      ],
      [
        -5.5494567565619946,
        56.08672169968486,
        38.200000000000045
      ],
      [
        -5.5494567565619946,
        56.08672169968486,
        38.200000000000045
      ],
      [
        -5.5494567565619946,
        56.08672169968486,
        38.200000000000045
      ],
      [
        -5.5494567565619946,
        56.08672169968486,
        38.200000000000045
      ],
      [
        -5.5494567565619946,
        56.08672169968486,
        38.200000000000045
      ],
      [
        -5.5494567565619946,
        56.08672169968486,
        38.200000000000045
      ],
      [
        -5.5494567565619946,
        56.08672169968486,
        38.200000000000045
      ],
      [
        -5.5494567565619946,
        56.08672169968486,
        38.200000000000045
      ],
      [
        -5.5494567565619946,
        56.08672169968486,
        38.200000000000045
      ],
      [
        -5.5494567565619946,
        56.08672169968486,
        38.200000000000045
      ],
      [
        -5.5494567565619946,
        56.08672169968486,
        38.200000000000045
      ],
      [
        -5.5494567565619946,
        56.08672169968486,
        38.200000000000045
      ],
      [
        -5.5494567565619946,
        56.08672169968486,
        38.200000000000045
      ],
      [
        -5.5494567565619946,
        56.08672169968486,
        38.200000000000045
      ],
      [
        -5.5494567565619946,
        56.08672169968486,
        38.200000000000045
      ],
      [
        -5.5494567565619946,
        56.08672169968486,
        38.200000000000045
      ],
      [
        -5.5494567565619946,
        56.08672169968486,
        38.200000000000045
      ],
      [
        -5.5494567565619946,
        56.08672169968486,
        38.200000000000045
      ],
      [
        -5.5494567565619946,
        56.08672169968486,
        38.200000000000045
      ],
      [
        -5.5494567565619946,
        56.08672169968486,
        38.200000000000045
      ],
      [
        -5.5494567565619946,
        56.08672169968486,
        38.200000000000045
      ],
      [
        -5.5494567565619946,
        56.08672169968486,
        38.200000000000045
      ],
      [
        -5.5494567565619946,
        56.08672169968486,
        38.200000000000045
      ],
      [
        -5.5494567565619946,
        56.08672169968486,
        38.200000000000045
      ],
      [
        -5.5494567565619946,
        56.08672169968486,
        38.200000000000045
      ],
      [
        -5.5494567565619946,
        56.08672169968486,
        38.200000000000045
      ],
      [
        -5.5494567565619946,
        56.08672169968486,
        38.200000000000045
      ],
      [
        -5.5494567565619946,
        56.08672169968486,
        38.200000000000045
      ],
      [
        -5.5494567565619946,
        56.08672169968486,
        38.200000000000045
      ],
      [
        -5.5494567565619946,
        56.08672169968486,
        38.200000000000045
      ],
      [
        -5.5494567565619946,
        56.08672169968486,
        38.200000000000045
      ],
      [
        -5.5494567565619946,
        56.08672169968486,
        38.200000000000045
      ],
      [
        -5.5494567565619946,
        56.08672169968486,
        38.200000000000045
      ],
      [
        -5.5494567565619946,
        56.08672169968486,
        38.200000000000045
      ],
      [
        -5.5494567565619946,
        56.08672169968486,
        38.200000000000045
      ],
      [
        -5.5494567565619946,
        56.08672169968486,
        38.200000000000045
      ],
      [
        -5.5494567565619946,
        56.08672169968486,
        38.200000000000045
      ],
      [
        -5.5494567565619946,
        56.08672169968486,
        38.200000000000045
      ],
      [
        -5.5494567565619946,
        56.08672169968486,
        38.200000000000045
      ],
      [
        -5.549456672742963,
        56.08672144822776,
        38.200000000000045
      ],
      [
        -5.549456588923931,
        56.086721532046795,
        38.200000000000045
      ],
      [
        -5.549456505104899,
        56.08672169968486,
        38.200000000000045
      ],
      [
        -5.549456505104899,
        56.08672178350389,
        38.39999999999998
      ],
      [
        -5.549456421285868,
        56.08672195114195,
        38.39999999999998
      ],
      [
        -5.549456337466836,
        56.08672211878002,
        38.39999999999998
      ],
      [
        -5.549456253647804,
        56.08672228641808,
        38.39999999999998
      ],
      [
        -5.5494561698287725,
        56.086722537875175,
        38.39999999999998
      ],
      [
        -5.549456086009741,
        56.0867228731513,
        38.39999999999998
      ],
      [
        -5.549456086009741,
        56.0867231246084,
        38.39999999999998
      ],
      [
        -5.549456002190709,
        56.086723543703556,
        38.39999999999998
      ],
      [
        -5.549456002190709,
        56.086723962798715,
        38.39999999999998
      ],
      [
        -5.549456002190709,
        56.08672438189387,
        38.39999999999998
      ],
      [
        -5.549456086009741,
        56.08672480098903,
        38.39999999999998
      ],
      [
        -5.5494561698287725,
        56.08672530390322,
        38.200000000000045
      ],
      [
        -5.549456337466836,
        56.08672580681741,
        38.200000000000045
      ],
      [
        -5.549456672742963,
        56.08672622591257,
        38.200000000000045
      ],
      [
        -5.549457091838121,
        56.08672664500773,
        38
      ],
      [
        -5.549457678571343,
        56.086726980283856,
        38
      ],
      [
        -5.549458432942629,
        56.08672723174095,
        37.799999999999955
      ],
      [
        -5.549459354951978,
        56.08672731555998,
        37.799999999999955
      ],
      [
        -5.54946044459939,
        56.08672714792192,
        37.60000000000002
      ],
      [
        -5.549461869522929,
        56.08672664500773,
        37.39999999999998
      ],
      [
        -5.5494633782655,
        56.08672580681741,
        37.39999999999998
      ],
      [
        -5.549465138465166,
        56.08672454953194,
        37.200000000000045
      ],
      [
        -5.549467150121927,
        56.08672270551324,
        37
      ],
      [
        -5.54946924559772,
        56.08672019094229,
        36.799999999999955
      ],
      [
        -5.549471424892545,
        56.08671700581908,
        36.60000000000002
      ],
      [
        -5.549473604187369,
        56.08671315014362,
        36.39999999999998
      ],
      [
        -5.549475783482194,
        56.08670854009688,
        36.200000000000045
      ],
      [
        -5.549477711319923,
        56.08670325949788,
        36
      ],
      [
        -5.549479303881526,
        56.08669739216566,
        36
      ],
      [
        -5.549480561167002,
        56.08669102191925,
        35.799999999999955
      ],
      [
        -5.5494812317192554,
        56.08668431639671,
        35.799999999999955
      ],
      [
        -5.549481315538287,
        56.08667727559805,
        35.799999999999955
      ],
      [
        -5.549480812624097,
        56.08667006716132,
        35.799999999999955
      ],
      [
        -5.549479555338621,
        56.086662942543626,
        35.60000000000002
      ],
      [
        -5.549477627500892,
        56.08665590174496,
        35.60000000000002
      ],
      [
        -5.549474861472845,
        56.08664911240339,
        35.60000000000002
      ],
      [
        -5.549471341073513,
        56.08664265833795,
        35.60000000000002
      ],
      [
        -5.549466898664832,
        56.086636539548635,
        35.799999999999955
      ],
      [
        -5.549461450427771,
        56.08663100749254,
        35.799999999999955
      ],
      [
        -5.549454912543297,
        56.08662597835064,
        35.799999999999955
      ],
      [
        -5.549447117373347,
        56.08662153594196,
        35.799999999999955
      ],
      [
        -5.54943798109889,
        56.0866176802665,
        35.799999999999955
      ],
      [
        -5.549427503719926,
        56.086614495143294,
        35.799999999999955
      ],
      [
        -5.549415685236454,
        56.08661198057234,
        35.799999999999955
      ],
      [
        -5.54940277710557,
        56.08661022037268,
        35.799999999999955
      ],
      [
        -5.549388695508242,
        56.08660904690623,
        35.799999999999955
      ],
      [
        -5.549373859539628,
        56.086608627811074,
        35.60000000000002
      ],
      [
        -5.549358353018761,
        56.08660879544914,
        35.60000000000002
      ],
      [
        -5.549342427402735,
        56.08660946600139,
        35.60000000000002
      ],
      [
        -5.549326166510582,
        56.086610639467835,
        35.60000000000002
      ],
      [
        -5.5493098217993975,
        56.086612148210406,
        35.39999999999998
      ],
      [
        -5.549293477088213,
        56.08661390841007,
        35.39999999999998
      ],
      [
        -5.5492771323770285,
        56.08661575242877,
        35.200000000000045
      ],
      [
        -5.549260703846812,
        56.08661776408553,
        35.200000000000045
      ],
      [
        -5.549244359135628,
        56.08661969192326,
        35
      ],
      [
        -5.5492279306054115,
        56.08662153594196,
        34.799999999999955
      ],
      [
        -5.549211502075195,
        56.08662321232259,
        34.799999999999955
      ],
      [
        -5.549195157364011,
        56.0866245534271,
        34.60000000000002
      ],
      [
        -5.549178812652826,
        56.086625726893544,
        34.39999999999998
      ],
      [
        -5.5491625517606735,
        56.08662648126483,
        34.200000000000045
      ],
      [
        -5.549146458506584,
        56.08662690035999,
        34
      ],
      [
        -5.5491304490715265,
        56.08662681654096,
        33.799999999999955
      ],
      [
        -5.549114607274532,
        56.086626313626766,
        33.60000000000002
      ],
      [
        -5.5490989331156015,
        56.086625307798386,
        33.39999999999998
      ],
      [
        -5.549083426594734,
        56.08662388287485,
        33
      ],
      [
        -5.54906808771193,
        56.086621871218085,
        32.799999999999955
      ],
      [
        -5.54905291646719,
        56.086619440466166,
        32.60000000000002
      ],
      [
        -5.549038080498576,
        56.086616422981024,
        32.200000000000045
      ],
      [
        -5.549023579806089,
        56.086613070219755,
        32
      ],
      [
        -5.5490094143897295,
        56.086609130725265,
        31.600000000000023
      ],
      [
        -5.548995668068528,
        56.08660485595465,
        31.200000000000045
      ],
      [
        -5.548982340842485,
        56.08659999445081,
        31
      ],
      [
        -5.548969516530633,
        56.08659479767084,
        30.600000000000023
      ],
      [
        -5.5489572789520025,
        56.086589097976685,
        30.399999999999977
      ],
      [
        -5.548945544287562,
        56.0865830630064,
        30
      ],
      [
        -5.548934396356344,
        56.08657660894096,
        29.799999999999955
      ],
      [
        -5.5489240027964115,
        56.08656990341842,
        29.600000000000023
      ],
      [
        -5.5489142797887325,
        56.08656286261976,
        29.399999999999977
      ],
      [
        -5.548905227333307,
        56.086555570364,
        29.200000000000045
      ],
      [
        -5.548897096887231,
        56.086548110470176,
        29.200000000000045
      ],
      [
        -5.54888972081244,
        56.08654056675732,
        29
      ],
      [
        -5.548883099108934,
        56.086532939225435,
        28.799999999999955
      ],
      [
        -5.548877399414778,
        56.08652531169355,
        28.799999999999955
      ],
      [
        -5.548872286453843,
        56.08651768416166,
        28.799999999999955
      ],
      [
        -5.548867844045162,
        56.08651022426784,
        28.799999999999955
      ],
      [
        -5.54886382073164,
        56.08650284819305,
        28.799999999999955
      ],
      [
        -5.548860216513276,
        56.086495723575354,
        28.799999999999955
      ],
      [
        -5.548856696113944,
        56.08648876659572,
        28.799999999999955
      ],
      [
        -5.548853343352675,
        56.08648222871125,
        28.799999999999955
      ],
      [
        -5.5488500744104385,
        56.08647610992193,
        29
      ],
      [
        -5.548846805468202,
        56.086470410227776,
        29
      ],
      [
        -5.548843536525965,
        56.08646521344781,
        29
      ],
      [
        -5.548840435221791,
        56.08646051958203,
        29.200000000000045
      ],
      [
        -5.548837333917618,
        56.08645632863045,
        29.200000000000045
      ],
      [
        -5.548834232613444,
        56.08645264059305,
        29.200000000000045
      ],
      [
        -5.548831298947334,
        56.08644945546985,
        29.200000000000045
      ],
      [
        -5.5488282814621925,
        56.08644677326083,
        29.200000000000045
      ],
      [
        -5.5488253477960825,
        56.086444510146976,
        29.399999999999977
      ],
      [
        -5.548822330310941,
        56.08644266612828,
        29.200000000000045
      ],
      [
        -5.548819312825799,
        56.08644132502377,
        29.200000000000045
      ],
      [
        -5.5488162115216255,
        56.08644023537636,
        29.200000000000045
      ],
      [
        -5.548813110217452,
        56.086439564824104,
        29.200000000000045
      ],
      [
        -5.548809841275215,
        56.086439061909914,
        29
      ],
      [
        -5.54880665615201,
        56.08643881045282,
        29
      ],
      [
        -5.548803471028805,
        56.08643881045282,
        29
      ],
      [
        -5.548800369724631,
        56.08643881045282,
        28.799999999999955
      ],
      [
        -5.548797436058521,
        56.08643889427185,
        28.600000000000023
      ],
      [
        -5.548794670030475,
        56.08643897809088,
        28.600000000000023
      ],
      [
        -5.548792323097587,
        56.08643897809088,
        28.399999999999977
      ],
      [
        -5.548790227621794,
        56.086439061909914,
        28.399999999999977
      ],
      [
        -5.548788551241159,
        56.08643897809088,
        28.200000000000045
      ],
      [
        -5.548787210136652,
        56.08643881045282,
        28
      ],
      [
        -5.548786204308271,
        56.086438558995724,
        28
      ],
      [
        -5.548785366117954,
        56.0864382237196,
        27.799999999999955
      ],
      [
        -5.548784863203764,
        56.08643780462444,
        27.799999999999955
      ],
      [
        -5.548784360289574,
        56.08643738552928,
        27.600000000000023
      ],
      [
        -5.548784025013447,
        56.08643688261509,
        27.600000000000023
      ],
      [
        -5.54878368973732,
        56.08643629588187,
        27.399999999999977
      ],
      [
        -5.548783354461193,
        56.08643579296768,
        27.399999999999977
      ],
      [
        -5.5487829353660345,
        56.086435206234455,
        27.399999999999977
      ],
      [
        -5.548782432451844,
        56.08643461950123,
        27.200000000000045
      ],
      [
        -5.548781845718622,
        56.08643403276801,
        27.200000000000045
      ],
      [
        -5.548781091347337,
        56.08643344603479,
        27.200000000000045
      ],
      [
        -5.54878025315702,
        56.0864329431206,
        27.200000000000045
      ],
      [
        -5.548779331147671,
        56.08643244020641,
        27.200000000000045
      ],
      [
        -5.5487782415002584,
        56.08643193729222,
        27.200000000000045
      ],
      [
        -5.548777068033814,
        56.08643151819706,
        27.200000000000045
      ],
      [
        -5.548775810748339,
        56.0864310991019,
        27.200000000000045
      ],
      [
        -5.548774469643831,
        56.086430763825774,
        27.200000000000045
      ],
      [
        -5.548773128539324,
        56.08643042854965,
        27.200000000000045
      ],
      [
        -5.548771703615785,
        56.08643017709255,
        27.399999999999977
      ],
      [
        -5.5487702786922455,
        56.08642992563546,
        27.399999999999977
      ],
      [
        -5.548768937587738,
        56.08642967417836,
        27.399999999999977
      ],
      [
        -5.548767596483231,
        56.0864295065403,
        27.600000000000023
      ],
      [
        -5.548766255378723,
        56.086429338902235,
        27.600000000000023
      ],
      [
        -5.548764998093247,
        56.08642917126417,
        27.600000000000023
      ],
      [
        -5.548763740807772,
        56.08642900362611,
        27.799999999999955
      ],
      [
        -5.548762483522296,
        56.086428835988045,
        27.799999999999955
      ],
      [
        -5.54876122623682,
        56.08642866834998,
        28
      ],
      [
        -5.5487599689513445,
        56.08642850071192,
        28
      ],
      [
        -5.548758711665869,
        56.086428416892886,
        28.200000000000045
      ],
      [
        -5.548757538199425,
        56.08642824925482,
        28.200000000000045
      ],
      [
        -5.548756448552012,
        56.08642816543579,
        28.399999999999977
      ],
      [
        -5.548755442723632,
        56.08642816543579,
        28.399999999999977
      ],
      [
        -5.548754520714283,
        56.08642816543579,
        28.399999999999977
      ],
      [
        -5.5487537663429976,
        56.08642824925482,
        28.600000000000023
      ],
      [
        -5.5487531796097755,
        56.08642824925482,
        28.600000000000023
      ],
      [
        -5.548752676695585,
        56.086428333073854,
        28.799999999999955
      ],
      [
        -5.548752257600427,
        56.08642850071192,
        28.799999999999955
      ],
      [
        -5.5487520061433315,
        56.08642858453095,
        28.799999999999955
      ],
      [
        -5.548751838505268,
        56.08642875216901,
        29
      ],
      [
        -5.548751670867205,
        56.086428835988045,
        29
      ],
      [
        -5.548751670867205,
        56.08642891980708,
        29
      ],
      [
        -5.548751670867205,
        56.08642908744514,
        29
      ],
      [
        -5.548751670867205,
        56.08642917126417,
        29
      ],
      [
        -5.548751670867205,
        56.0864292550832,
        29.200000000000045
      ],
      [
        -5.548751754686236,
        56.086429338902235,
        29.200000000000045
      ],
      [
        -5.548751838505268,
        56.08642942272127,
        29.200000000000045
      ],
      [
        -5.548751838505268,
        56.0864295065403,
        29.200000000000045
      ],
      [
        -5.5487519223243,
        56.0864295065403,
        29.200000000000045
      ],
      [
        -5.5487520061433315,
        56.08642959035933,
        29.200000000000045
      ],
      [
        -5.548752089962363,
        56.08642959035933,
        29.200000000000045
      ],
      [
        -5.548752089962363,
        56.08642967417836,
        29.200000000000045
      ],
      [
        -5.548752173781395,
        56.08642967417836,
        29.200000000000045
      ],
      [
        -5.548752173781395,
        56.08642967417836,
        29.200000000000045
      ],
      [
        -5.548752257600427,
        56.08642967417836,
        29.200000000000045
      ],
      [
        -5.548752257600427,
        56.086429757997394,
        29.200000000000045
      ],
      [
        -5.548752257600427,
        56.086429757997394,
        29.200000000000045
      ],
      [
        -5.548752257600427,
        56.08642959035933,
        29.200000000000045
      ],
      [
        -5.548752257600427,
        56.08642959035933,
        29.200000000000045
      ],
      [
        -5.548752257600427,
        56.08642959035933,
        29.200000000000045
      ],
      [
        -5.548752257600427,
        56.08642959035933,
        29.200000000000045
      ],
      [
        -5.548752257600427,
        56.08642959035933,
        29.200000000000045
      ],
      [
        -5.548752257600427,
        56.08642959035933,
        29.200000000000045
      ],
      [
        -5.548752257600427,
        56.08642959035933,
        29.200000000000045
      ],
      [
        -5.548752257600427,
        56.08642959035933,
        29.200000000000045
      ],
      [
        -5.548752257600427,
        56.08642959035933,
        29.200000000000045
      ],
      [
        -5.548752257600427,
        56.08642959035933,
        29.200000000000045
      ],
      [
        -5.548752257600427,
        56.08642959035933,
        29.200000000000045
      ],
      [
        -5.548752257600427,
        56.08642959035933,
        29.200000000000045
      ],
      [
        -5.548752257600427,
        56.08642959035933,
        29.200000000000045
      ],
      [
        -5.548752257600427,
        56.08642959035933,
        29.200000000000045
      ],
      [
        -5.548752257600427,
        56.08642959035933,
        29.200000000000045
      ],
      [
        -5.548752257600427,
        56.08642959035933,
        29.200000000000045
      ],
      [
        -5.548752257600427,
        56.08642959035933,
        29.200000000000045
      ],
      [
        -5.548752257600427,
        56.08642959035933,
        29.200000000000045
      ],
      [
        -5.548752257600427,
        56.08642959035933,
        29.200000000000045
      ],
      [
        -5.548752257600427,
        56.08642959035933,
        29.200000000000045
      ],
      [
        -5.548752257600427,
        56.08642959035933,
        29.200000000000045
      ],
      [
        -5.548752257600427,
        56.08642959035933,
        29.200000000000045
      ],
      [
        -5.548752257600427,
        56.08642959035933,
        29.200000000000045
      ],
      [
        -5.548752257600427,
        56.08642959035933,
        29.200000000000045
      ],
      [
        -5.548752257600427,
        56.08642959035933,
        29.200000000000045
      ],
      [
        -5.548752257600427,
        56.08642959035933,
        29.200000000000045
      ],
      [
        -5.548752257600427,
        56.08642959035933,
        29.200000000000045
      ],
      [
        -5.548752257600427,
        56.08642959035933,
        29.200000000000045
      ],
      [
        -5.548752257600427,
        56.08642959035933,
        29.200000000000045
      ],
      [
        -5.548752257600427,
        56.08642959035933,
        29.200000000000045
      ],
      [
        -5.548752257600427,
        56.08642959035933,
        29.200000000000045
      ],
      [
        -5.548752257600427,
        56.08642959035933,
        29.200000000000045
      ],
      [
        -5.548752257600427,
        56.08642959035933,
        29.200000000000045
      ],
      [
        -5.548752257600427,
        56.08642959035933,
        29.200000000000045
      ],
      [
        -5.548752257600427,
        56.08642959035933,
        29.200000000000045
      ],
      [
        -5.548752257600427,
        56.08642959035933,
        29.200000000000045
      ],
      [
        -5.548752257600427,
        56.08642959035933,
        29.200000000000045
      ],
      [
        -5.548752257600427,
        56.08642959035933,
        29.200000000000045
      ],
      [
        -5.548752257600427,
        56.08642959035933,
        29.200000000000045
      ],
      [
        -5.548752257600427,
        56.08642959035933,
        29.200000000000045
      ],
      [
        -5.548752257600427,
        56.08642959035933,
        29.200000000000045
      ],
      [
        -5.548752257600427,
        56.08642959035933,
        29.200000000000045
      ],
      [
        -5.548752089962363,
        56.08643042854965,
        29.200000000000045
      ],
      [
        -5.5487520061433315,
        56.08643059618771,
        29.200000000000045
      ],
      [
        -5.5487520061433315,
        56.08643068000674,
        29.200000000000045
      ],
      [
        -5.5487519223243,
        56.086430847644806,
        29.200000000000045
      ],
      [
        -5.5487519223243,
        56.08643093146384,
        29.200000000000045
      ],
      [
        -5.548751838505268,
        56.08643101528287,
        29.200000000000045
      ],
      [
        -5.548751838505268,
        56.08643101528287,
        29.200000000000045
      ],
      [
        -5.548751838505268,
        56.08643101528287,
        29.200000000000045
      ],
      [
        -5.548751838505268,
        56.08643101528287,
        29.200000000000045
      ],
      [
        -5.5487519223243,
        56.086430847644806,
        29.200000000000045
      ],
      [
        -5.5487520061433315,
        56.08643068000674,
        29.200000000000045
      ],
      [
        -5.548752173781395,
        56.086430344730616,
        29
      ],
      [
        -5.54875242523849,
        56.08642992563546,
        29
      ],
      [
        -5.548752760514617,
        56.086429338902235,
        29
      ],
      [
        -5.548753095790744,
        56.08642866834998,
        28.799999999999955
      ],
      [
        -5.548753598704934,
        56.08642774634063,
        28.799999999999955
      ],
      [
        -5.548754269257188,
        56.08642657287419,
        28.600000000000023
      ],
      [
        -5.548754939809442,
        56.08642523176968,
        28.600000000000023
      ],
      [
        -5.54875586181879,
        56.08642363920808,
        28.399999999999977
      ],
      [
        -5.548756783828139,
        56.08642179518938,
        28.200000000000045
      ],
      [
        -5.54875778965652,
        56.08641969971359,
        28
      ],
      [
        -5.548758879303932,
        56.0864173527807,
        27.799999999999955
      ],
      [
        -5.548760052770376,
        56.08641483820975,
        27.600000000000023
      ],
      [
        -5.548761058598757,
        56.0864120721817,
        27.399999999999977
      ],
      [
        -5.548761980608106,
        56.08640922233462,
        27.200000000000045
      ],
      [
        -5.548762734979391,
        56.08640620484948,
        27
      ],
      [
        -5.548763321712613,
        56.08640327118337,
        27
      ],
      [
        -5.548763740807772,
        56.08640025369823,
        26.799999999999955
      ],
      [
        -5.5487640760838985,
        56.08639723621309,
        26.600000000000023
      ],
      [
        -5.548764243721962,
        56.08639438636601,
        26.600000000000023
      ],
      [
        -5.548764327540994,
        56.0863914526999,
        26.399999999999977
      ],
      [
        -5.548764411360025,
        56.08638860285282,
        26.399999999999977
      ],
      [
        -5.548764578998089,
        56.08638575300574,
        26.200000000000045
      ],
      [
        -5.548764830455184,
        56.086382903158665,
        26.200000000000045
      ],
      [
        -5.548765249550343,
        56.08637980185449,
        26.200000000000045
      ],
      [
        -5.548765836283565,
        56.086376532912254,
        26
      ],
      [
        -5.548766674473882,
        56.086373096331954,
        26
      ],
      [
        -5.548767847940326,
        56.086369240656495,
        25.799999999999955
      ],
      [
        -5.548769356682897,
        56.08636504970491,
        25.799999999999955
      ],
      [
        -5.548771200701594,
        56.0863605234772,
        25.600000000000023
      ],
      [
        -5.548773296177387,
        56.086355494335294,
        25.600000000000023
      ],
      [
        -5.548775643110275,
        56.08635004609823,
        25.600000000000023
      ],
      [
        -5.548778073862195,
        56.086344262585044,
        25.399999999999977
      ],
      [
        -5.548780420795083,
        56.08633814379573,
        25.399999999999977
      ],
      [
        -5.548782600089908,
        56.08633177354932,
        25.399999999999977
      ],
      [
        -5.548784360289574,
        56.08632515184581,
        25.399999999999977
      ],
      [
        -5.548785785213113,
        56.086318446323276,
        25.600000000000023
      ],
      [
        -5.548786707222462,
        56.08631174080074,
        25.600000000000023
      ],
      [
        -5.548787377774715,
        56.08630511909723,
        25.799999999999955
      ],
      [
        -5.548787796869874,
        56.08629849739373,
        25.799999999999955
      ],
      [
        -5.548788132146001,
        56.08629212714732,
        26
      ],
      [
        -5.548788467422128,
        56.086286008358,
        26.200000000000045
      ],
      [
        -5.548788886517286,
        56.08628014102578,
        26.399999999999977
      ],
      [
        -5.54878955706954,
        56.08627469278872,
        26.399999999999977
      ],
      [
        -5.548790562897921,
        56.086269579827785,
        26.600000000000023
      ],
      [
        -5.548791904002428,
        56.08626496978104,
        26.799999999999955
      ],
      [
        -5.548793580383062,
        56.086260695010424,
        27
      ],
      [
        -5.548795508220792,
        56.0862566716969,
        27
      ],
      [
        -5.548797519877553,
        56.086252983659506,
        27.200000000000045
      ],
      [
        -5.548799615353346,
        56.086249463260174,
        27.200000000000045
      ],
      [
        -5.548801543191075,
        56.08624602667987,
        27.399999999999977
      ],
      [
        -5.54880321957171,
        56.08624259009957,
        27.399999999999977
      ],
      [
        -5.548804644495249,
        56.08623906970024,
        27.399999999999977
      ],
      [
        -5.548805734142661,
        56.086235381662846,
        27.399999999999977
      ],
      [
        -5.548806404694915,
        56.086231442168355,
        27.399999999999977
      ],
      [
        -5.548806572332978,
        56.08622716739774,
        27.399999999999977
      ],
      [
        -5.548806404694915,
        56.08622247353196,
        27.200000000000045
      ],
      [
        -5.548805817961693,
        56.086217276751995,
        27.200000000000045
      ],
      [
        -5.548804979771376,
        56.08621149323881,
        27.200000000000045
      ],
      [
        -5.5488041415810585,
        56.086205122992396,
        27
      ],
      [
        -5.548803471028805,
        56.086198166012764,
        26.799999999999955
      ],
      [
        -5.548803051933646,
        56.08619053848088,
        26.799999999999955
      ],
      [
        -5.5488029681146145,
        56.08618224039674,
        26.600000000000023
      ],
      [
        -5.548803303390741,
        56.08617343939841,
        26.600000000000023
      ],
      [
        -5.548803973942995,
        56.08616421930492,
        26.399999999999977
      ],
      [
        -5.5488047283142805,
        56.08615449629724,
        26.399999999999977
      ],
      [
        -5.548805650323629,
        56.086144438013434,
        26.200000000000045
      ],
      [
        -5.548806404694915,
        56.08613412827253,
        26.200000000000045
      ],
      [
        -5.548806991428137,
        56.08612365089357,
        26
      ],
      [
        -5.548807326704264,
        56.086113173514605,
        26
      ],
      [
        -5.548807326704264,
        56.08610269613564,
        26
      ],
      [
        -5.5488070752471685,
        56.08609238639474,
        26
      ],
      [
        -5.54880665615201,
        56.08608216047287,
        25.799999999999955
      ],
      [
        -5.548806237056851,
        56.086072186008096,
        25.799999999999955
      ],
      [
        -5.5488059017807245,
        56.086062379181385,
        25.799999999999955
      ],
      [
        -5.548805985599756,
        56.08605282381177,
        25.799999999999955
      ],
      [
        -5.548806572332978,
        56.086043352261186,
        25.799999999999955
      ],
      [
        -5.548807997256517,
        56.0860341321677,
        25.799999999999955
      ],
      [
        -5.548810176551342,
        56.08602499589324,
        25.799999999999955
      ],
      [
        -5.548813361674547,
        56.08601585961878,
        25.799999999999955
      ],
      [
        -5.548817552626133,
        56.08600689098239,
        25.799999999999955
      ],
      [
        -5.548822497949004,
        56.08599800616503,
        25.799999999999955
      ],
      [
        -5.5488282814621925,
        56.085989121347666,
        26
      ],
      [
        -5.548834567889571,
        56.085980320349336,
        26
      ],
      [
        -5.54884135723114,
        56.085971519351006,
        26
      ],
      [
        -5.548848398029804,
        56.08596280217171,
        26.200000000000045
      ],
      [
        -5.548855606466532,
        56.08595416881144,
        26.200000000000045
      ],
      [
        -5.548862898722291,
        56.085945619270205,
        26.399999999999977
      ],
      [
        -5.548870442435145,
        56.085937237367034,
        26.399999999999977
      ],
      [
        -5.5488780699670315,
        56.085928939282894,
        26.600000000000023
      ],
      [
        -5.548885865136981,
        56.085920725017786,
        26.600000000000023
      ],
      [
        -5.5488936603069305,
        56.08591259457171,
        26.799999999999955
      ],
      [
        -5.548901539295912,
        56.085904547944665,
        26.799999999999955
      ],
      [
        -5.548909334465861,
        56.08589658513665,
        27
      ],
      [
        -5.548916961997747,
        56.08588862232864,
        27.200000000000045
      ],
      [
        -5.548924505710602,
        56.08588074333966,
        27.200000000000045
      ],
      [
        -5.548931714147329,
        56.085872780531645,
        27.399999999999977
      ],
      [
        -5.54893858730793,
        56.085864901542664,
        27.600000000000023
      ],
      [
        -5.548944873735309,
        56.08585702255368,
        27.600000000000023
      ],
      [
        -5.548950573429465,
        56.0858491435647,
        27.799999999999955
      ],
      [
        -5.548955602571368,
        56.08584118075669,
        28
      ],
      [
        -5.548959877341986,
        56.085833217948675,
        28
      ],
      [
        -5.548963230103254,
        56.08582517132163,
        28
      ],
      [
        -5.548965744674206,
        56.08581720851362,
        28.200000000000045
      ],
      [
        -5.548967169597745,
        56.08580916188657,
        28.200000000000045
      ],
      [
        -5.548967504873872,
        56.08580119907856,
        28.200000000000045
      ],
      [
        -5.548966750502586,
        56.085793152451515,
        28.200000000000045
      ],
      [
        -5.54896499030292,
        56.0857851896435,
        28.200000000000045
      ],
      [
        -5.548962391912937,
        56.08577714301646,
        28.200000000000045
      ],
      [
        -5.548959206789732,
        56.08576901257038,
        28
      ],
      [
        -5.5489556863904,
        56.08576079830527,
        28
      ],
      [
        -5.5489522498101,
        56.08575250022113,
        27.799999999999955
      ],
      [
        -5.548949148505926,
        56.0857439506799,
        27.600000000000023
      ],
      [
        -5.548946633934975,
        56.0857352335006,
        27.600000000000023
      ],
      [
        -5.54894495755434,
        56.085726264864206,
        27.399999999999977
      ],
      [
        -5.548944287002087,
        56.08571721240878,
        27.200000000000045
      ],
      [
        -5.548944538459182,
        56.08570790849626,
        27
      ],
      [
        -5.548945963382721,
        56.08569852076471,
        26.799999999999955
      ],
      [
        -5.548948394134641,
        56.08568896539509,
        26.799999999999955
      ],
      [
        -5.548951830714941,
        56.08567941002548,
        26.600000000000023
      ],
      [
        -5.5489561054855585,
        56.0856696870178,
        26.399999999999977
      ],
      [
        -5.548961218446493,
        56.08565988019109,
        26.200000000000045
      ],
      [
        -5.548966834321618,
        56.085649989545345,
        26
      ],
      [
        -5.548972953110933,
        56.08564001508057,
        25.799999999999955
      ],
      [
        -5.548979239538312,
        56.085629956796765,
        25.799999999999955
      ],
      [
        -5.548985693603754,
        56.08561981469393,
        25.600000000000023
      ],
      [
        -5.548991980031133,
        56.08560958877206,
        25.399999999999977
      ],
      [
        -5.548998098820448,
        56.08559936285019,
        25.200000000000045
      ],
      [
        -5.549003966152668,
        56.08558905310929,
        25
      ],
      [
        -5.549009498208761,
        56.08557882718742,
        24.799999999999955
      ],
      [
        -5.549014946445823,
        56.08556868508458,
        24.600000000000023
      ],
      [
        -5.549020143225789,
        56.085558626800776,
        24.600000000000023
      ],
      [
        -5.549025256186724,
        56.08554873615503,
        24.399999999999977
      ],
      [
        -5.549030369147658,
        56.085539096966386,
        24.200000000000045
      ],
      [
        -5.549035482108593,
        56.085529709234834,
        24.200000000000045
      ],
      [
        -5.549040762707591,
        56.08552065677941,
        24
      ],
      [
        -5.549046043306589,
        56.08551193960011,
        24
      ],
      [
        -5.549051575362682,
        56.08550355769694,
        24
      ],
      [
        -5.549057191237807,
        56.08549567870796,
        23.799999999999955
      ],
      [
        -5.549062974750996,
        56.0854881349951,
        23.799999999999955
      ],
      [
        -5.549068758264184,
        56.08548109419644,
        23.799999999999955
      ],
      [
        -5.549074709415436,
        56.085474556311965,
        23.799999999999955
      ],
      [
        -5.549080660566688,
        56.08546852134168,
        24
      ],
      [
        -5.549086695536971,
        56.08546298928559,
        24
      ],
      [
        -5.549092730507255,
        56.085457960143685,
        24
      ],
      [
        -5.54909884929657,
        56.08545343391597,
        24
      ],
      [
        -5.549104968085885,
        56.08544941060245,
        24.200000000000045
      ],
      [
        -5.5491110868752,
        56.08544589020312,
        24.200000000000045
      ],
      [
        -5.5491172056645155,
        56.08544287271798,
        24.200000000000045
      ],
      [
        -5.549123324453831,
        56.08544019050896,
        24.399999999999977
      ],
      [
        -5.549129610881209,
        56.08543801121414,
        24.399999999999977
      ],
      [
        -5.549135897308588,
        56.08543625101447,
        24.399999999999977
      ],
      [
        -5.54914235137403,
        56.0854347422719,
        24.600000000000023
      ],
      [
        -5.549148973077536,
        56.085433568805456,
        24.600000000000023
      ],
      [
        -5.549155762419105,
        56.085432562977076,
        24.600000000000023
      ],
      [
        -5.549162803217769,
        56.08543172478676,
        24.799999999999955
      ],
      [
        -5.549170011654496,
        56.085431054234505,
        24.799999999999955
      ],
      [
        -5.549177303910255,
        56.08543038368225,
        24.799999999999955
      ],
      [
        -5.549184596166015,
        56.08542979694903,
        24.799999999999955
      ],
      [
        -5.549191888421774,
        56.085429126396775,
        25
      ],
      [
        -5.549198929220438,
        56.08542837202549,
        25
      ],
      [
        -5.549205802381039,
        56.08542745001614,
        25
      ],
      [
        -5.5492123402655125,
        56.08542644418776,
        25
      ],
      [
        -5.549218542873859,
        56.085425186902285,
        25
      ],
      [
        -5.5492244102060795,
        56.085423761978745,
        25
      ],
      [
        -5.549229858443141,
        56.08542208559811,
        25.200000000000045
      ],
      [
        -5.549234803766012,
        56.08542015776038,
        25.200000000000045
      ],
      [
        -5.549239162355661,
        56.08541806228459,
        25.200000000000045
      ],
      [
        -5.549242850393057,
        56.08541579917073,
        25.200000000000045
      ],
      [
        -5.549245867878199,
        56.085413452237844,
        25.200000000000045
      ],
      [
        -5.549248130992055,
        56.085411021485925,
        25.200000000000045
      ],
      [
        -5.549249472096562,
        56.08540850691497,
        25.200000000000045
      ],
      [
        -5.549249891191721,
        56.08540590852499,
        25.399999999999977
      ],
      [
        -5.549249472096562,
        56.08540347777307,
        25.399999999999977
      ],
      [
        -5.549248214811087,
        56.08540104702115,
        25.399999999999977
      ],
      [
        -5.549246119335294,
        56.085398783907294,
        25.399999999999977
      ],
      [
        -5.549243353307247,
        56.08539660461247,
        25.399999999999977
      ],
      [
        -5.549239916726947,
        56.08539467677474,
        25.399999999999977
      ],
      [
        -5.549235977232456,
        56.085393000394106,
        25.200000000000045
      ],
      [
        -5.549231702461839,
        56.08539157547057,
        25.200000000000045
      ],
      [
        -5.549227260053158,
        56.08539031818509,
        25.200000000000045
      ],
      [
        -5.5492226500064135,
        56.08538939617574,
        25.200000000000045
      ],
      [
        -5.549218123778701,
        56.085388557985425,
        25.200000000000045
      ],
      [
        -5.549213765189052,
        56.08538788743317,
        25.200000000000045
      ],
      [
        -5.549209741875529,
        56.08538721688092,
        25.200000000000045
      ],
      [
        -5.549205970019102,
        56.085386630147696,
        25.200000000000045
      ],
      [
        -5.549202701076865,
        56.08538604341447,
        25.200000000000045
      ],
      [
        -5.549199851229787,
        56.08538545668125,
        25.200000000000045
      ],
      [
        -5.549197588115931,
        56.085384702309966,
        25.200000000000045
      ],
      [
        -5.549195744097233,
        56.08538394793868,
        25.399999999999977
      ],
      [
        -5.549194319173694,
        56.08538310974836,
        25.399999999999977
      ],
      [
        -5.549193313345313,
        56.085382271558046,
        25.399999999999977
      ],
      [
        -5.549192558974028,
        56.0853813495487,
        25.399999999999977
      ],
      [
        -5.549191888421774,
        56.08538034372032,
        25.600000000000023
      ],
      [
        -5.549191385507584,
        56.08537942171097,
        25.600000000000023
      ],
      [
        -5.54919071495533,
        56.08537841588259,
        25.600000000000023
      ],
      [
        -5.549190044403076,
        56.08537749387324,
        25.799999999999955
      ],
      [
        -5.549189290031791,
        56.08537657186389,
        25.799999999999955
      ],
      [
        -5.549188451841474,
        56.08537564985454,
        25.799999999999955
      ],
      [
        -5.549187529832125,
        56.085374811664224,
        26
      ],
      [
        -5.549186691641808,
        56.08537397347391,
        26
      ],
      [
        -5.549185937270522,
        56.08537330292165,
        26
      ],
      [
        -5.549185182899237,
        56.0853726323694,
        26.200000000000045
      ],
      [
        -5.549184596166015,
        56.08537212945521,
        26.200000000000045
      ],
      [
        -5.549184009432793,
        56.08537171036005,
        26.200000000000045
      ],
      [
        -5.549183590337634,
        56.08537129126489,
        26.200000000000045
      ],
      [
        -5.5491831712424755,
        56.085370955988765,
        26.200000000000045
      ],
      [
        -5.54918291978538,
        56.08537070453167,
        26.200000000000045
      ],
      [
        -5.549182668328285,
        56.085370536893606,
        26.399999999999977
      ],
      [
        -5.549182500690222,
        56.085370453074574,
        26.399999999999977
      ],
      [
        -5.54918241687119,
        56.08537036925554,
        26.399999999999977
      ],
      [
        -5.549182333052158,
        56.08537028543651,
        26.399999999999977
      ],
      [
        -5.549182249233127,
        56.08537028543651,
        26.399999999999977
      ],
      [
        -5.549182249233127,
        56.08537028543651,
        26.399999999999977
      ],
      [
        -5.549182249233127,
        56.08537028543651,
        26.399999999999977
      ],
      [
        -5.549182249233127,
        56.08537028543651,
        26.399999999999977
      ],
      [
        -5.549182249233127,
        56.08537028543651,
        26.399999999999977
      ],
      [
        -5.549182333052158,
        56.08537036925554,
        26.399999999999977
      ],
      [
        -5.549182333052158,
        56.085370453074574,
        26.399999999999977
      ],
      [
        -5.54918241687119,
        56.085370453074574,
        26.399999999999977
      ],
      [
        -5.549182500690222,
        56.08537070453167,
        26.399999999999977
      ],
      [
        -5.549182500690222,
        56.08537070453167,
        26.399999999999977
      ],
      [
        -5.549182500690222,
        56.08537070453167,
        26.399999999999977
      ],
      [
        -5.5491825845092535,
        56.0853707883507,
        26.399999999999977
      ],
      [
        -5.5491825845092535,
        56.0853707883507,
        26.399999999999977
      ],
      [
        -5.5491825845092535,
        56.0853707883507,
        26.399999999999977
      ],
      [
        -5.5491825845092535,
        56.0853707883507,
        26.399999999999977
      ],
      [
        -5.549182668328285,
        56.08537087216973,
        26.399999999999977
      ],
      [
        -5.549182752147317,
        56.08537087216973,
        26.399999999999977
      ],
      [
        -5.549182835966349,
        56.08537087216973,
        26.399999999999977
      ],
      [
        -5.54918291978538,
        56.085370955988765,
        26.399999999999977
      ],
      [
        -5.549183087423444,
        56.085370955988765,
        26.600000000000023
      ],
      [
        -5.5491831712424755,
        56.0853710398078,
        26.600000000000023
      ],
      [
        -5.549183338880539,
        56.0853710398078,
        26.600000000000023
      ],
      [
        -5.549183506518602,
        56.08537112362683,
        26.600000000000023
      ],
      [
        -5.5491837579756975,
        56.08537120744586,
        26.600000000000023
      ],
      [
        -5.549183925613761,
        56.08537129126489,
        26.600000000000023
      ],
      [
        -5.549184093251824,
        56.08537137508392,
        26.600000000000023
      ],
      [
        -5.549184177070856,
        56.085371458902955,
        26.600000000000023
      ],
      [
        -5.549184260889888,
        56.08537154272199,
        26.399999999999977
      ],
      [
        -5.549184260889888,
        56.08537171036005,
        26.399999999999977
      ],
      [
        -5.549184177070856,
        56.08537179417908,
        26.399999999999977
      ],
      [
        -5.549183925613761,
        56.085371961817145,
        26.200000000000045
      ],
      [
        -5.549183590337634,
        56.08537212945521,
        26.200000000000045
      ],
      [
        -5.54918291978538,
        56.08537221327424,
        26
      ],
      [
        -5.549182081595063,
        56.085372380912304,
        25.799999999999955
      ],
      [
        -5.549180908128619,
        56.08537254855037,
        25.600000000000023
      ],
      [
        -5.549179399386048,
        56.0853726323694,
        25.399999999999977
      ],
      [
        -5.549177471548319,
        56.08537271618843,
        25
      ],
      [
        -5.5491752084344625,
        56.08537271618843,
        24.799999999999955
      ],
      [
        -5.549172442406416,
        56.0853726323694,
        24.399999999999977
      ],
      [
        -5.5491693411022425,
        56.085372464731336,
        24
      ],
      [
        -5.549165904521942,
        56.08537212945521,
        23.600000000000023
      ],
      [
        -5.549162132665515,
        56.08537162654102,
        23.200000000000045
      ],
      [
        -5.549158276990056,
        56.0853707883507,
        22.600000000000023
      ],
      [
        -5.549154421314597,
        56.08536969870329,
        22.200000000000045
      ],
      [
        -5.549150817096233,
        56.08536827377975,
        21.799999999999955
      ],
      [
        -5.549147380515933,
        56.08536634594202,
        21.399999999999977
      ],
      [
        -5.549144446849823,
        56.08536399900913,
        21
      ],
      [
        -5.549142016097903,
        56.085361232981086,
        20.600000000000023
      ],
      [
        -5.549140255898237,
        56.08535796403885,
        20.399999999999977
      ],
      [
        -5.5491389986127615,
        56.08535427600145,
        20.200000000000045
      ],
      [
        -5.5491384118795395,
        56.08535008504987,
        19.799999999999955
      ],
      [
        -5.549138328060508,
        56.08534564264119,
        19.799999999999955
      ],
      [
        -5.549138663336635,
        56.08534086495638,
        19.600000000000023
      ],
      [
        -5.549139333888888,
        56.085335835814476,
        19.399999999999977
      ],
      [
        -5.549140255898237,
        56.08533072285354,
        19.399999999999977
      ],
      [
        -5.5491413455456495,
        56.085325526073575,
        19.200000000000045
      ],
      [
        -5.549142267554998,
        56.08532024547458,
        19.200000000000045
      ],
      [
        -5.549143021926284,
        56.08531504869461,
        19.200000000000045
      ],
      [
        -5.549143441021442,
        56.08531001955271,
        19.200000000000045
      ],
      [
        -5.549143357202411,
        56.085304990410805,
        19.200000000000045
      ],
      [
        -5.54914285428822,
        56.085300212726,
        19.200000000000045
      ],
      [
        -5.5491419322788715,
        56.085295686498284,
        19.200000000000045
      ],
      [
        -5.549140507355332,
        56.08529141172767,
        19.399999999999977
      ],
      [
        -5.549138663336635,
        56.085287388414145,
        19.399999999999977
      ],
      [
        -5.549136567860842,
        56.08528370037675,
        19.399999999999977
      ],
      [
        -5.549134304746985,
        56.08528026379645,
        19.399999999999977
      ],
      [
        -5.549131873995066,
        56.08527707867324,
        19.399999999999977
      ],
      [
        -5.549129443243146,
        56.085274228826165,
        19.399999999999977
      ],
      [
        -5.549127012491226,
        56.08527146279812,
        19.399999999999977
      ],
      [
        -5.5491245817393064,
        56.085268864408135,
        19.399999999999977
      ],
      [
        -5.549122234806418,
        56.085266349837184,
        19.399999999999977
      ],
      [
        -5.549119804054499,
        56.085263919085264,
        19.399999999999977
      ],
      [
        -5.549117373302579,
        56.08526140451431,
        19.399999999999977
      ],
      [
        -5.5491148587316275,
        56.08525888994336,
        19.399999999999977
      ],
      [
        -5.549112176522613,
        56.085256207734346,
        19.399999999999977
      ],
      [
        -5.549109410494566,
        56.0852534417063,
        19.200000000000045
      ],
      [
        -5.5491063091903925,
        56.08525059185922,
        19.200000000000045
      ],
      [
        -5.549103040248156,
        56.08524765819311,
        19.200000000000045
      ],
      [
        -5.5490995198488235,
        56.08524464070797,
        19.200000000000045
      ],
      [
        -5.549095747992396,
        56.08524162322283,
        19.200000000000045
      ],
      [
        -5.549091976135969,
        56.085238605737686,
        19.200000000000045
      ],
      [
        -5.549088288098574,
        56.085235588252544,
        19.200000000000045
      ],
      [
        -5.54908468388021,
        56.085232654586434,
        19
      ],
      [
        -5.549081498757005,
        56.085229720920324,
        19
      ],
      [
        -5.549078648909926,
        56.08522703871131,
        19
      ],
      [
        -5.54907638579607,
        56.085224440321326,
        19
      ],
      [
        -5.549074709415436,
        56.08522200956941,
        19
      ],
      [
        -5.549073703587055,
        56.08521983027458,
        19
      ],
      [
        -5.549073368310928,
        56.08521781861782,
        19
      ],
      [
        -5.549073703587055,
        56.085216142237186,
        18.799999999999955
      ],
      [
        -5.5490747932344675,
        56.08521471731365,
        18.799999999999955
      ],
      [
        -5.549076637253165,
        56.085213627666235,
        18.799999999999955
      ],
      [
        -5.549079151824117,
        56.085212705656886,
        18.799999999999955
      ],
      [
        -5.549082504585385,
        56.085212202742696,
        18.600000000000023
      ],
      [
        -5.549086611717939,
        56.08521186746657,
        18.600000000000023
      ],
      [
        -5.549091640859842,
        56.085211699828506,
        18.600000000000023
      ],
      [
        -5.549097508192062,
        56.08521178364754,
        18.600000000000023
      ],
      [
        -5.549104129895568,
        56.08521186746657,
        18.600000000000023
      ],
      [
        -5.549111589789391,
        56.085212118923664,
        18.600000000000023
      ],
      [
        -5.549119804054499,
        56.08521245419979,
        18.600000000000023
      ],
      [
        -5.549128521233797,
        56.08521287329495,
        18.600000000000023
      ],
      [
        -5.549137573689222,
        56.08521337620914,
        18.600000000000023
      ],
      [
        -5.549146793782711,
        56.08521396294236,
        18.799999999999955
      ],
      [
        -5.549156097695231,
        56.085214633494616,
        18.799999999999955
      ],
      [
        -5.549165233969688,
        56.0852153878659,
        18.799999999999955
      ],
      [
        -5.5491740349680185,
        56.08521622605622,
        18.799999999999955
      ],
      [
        -5.549182333052158,
        56.0852172318846,
        18.799999999999955
      ],
      [
        -5.549190044403076,
        56.08521840535104,
        18.799999999999955
      ],
      [
        -5.5491970013827085,
        56.08521974645555,
        18.799999999999955
      ],
      [
        -5.54920295253396,
        56.08522133901715,
        18.799999999999955
      ],
      [
        -5.549207981675863,
        56.08522301539779,
        18.799999999999955
      ],
      [
        -5.549212088808417,
        56.085224859416485,
        18.799999999999955
      ],
      [
        -5.549215190112591,
        56.08522695489228,
        18.600000000000023
      ],
      [
        -5.549217285588384,
        56.08522905036807,
        18.600000000000023
      ],
      [
        -5.549218542873859,
        56.08523131348193,
        18.399999999999977
      ],
      [
        -5.54921904578805,
        56.08523357659578,
        18.399999999999977
      ],
      [
        -5.549218961969018,
        56.08523575589061,
        18.200000000000045
      ],
      [
        -5.549218291416764,
        56.0852378513664,
        18.200000000000045
      ],
      [
        -5.549217369407415,
        56.08523977920413,
        18
      ],
      [
        -5.549216279760003,
        56.085241539403796,
        18
      ],
      [
        -5.5492152739316225,
        56.08524304814637,
        17.799999999999955
      ],
      [
        -5.549214435741305,
        56.08524422161281,
        17.600000000000023
      ],
      [
        -5.549214016646147,
        56.08524505980313,
        17.399999999999977
      ],
      [
        -5.5492141004651785,
        56.08524556271732,
        17.200000000000045
      ],
      [
        -5.5492146871984005,
        56.08524573035538,
        17
      ],
      [
        -5.549215693026781,
        56.085245395079255,
        16.799999999999955
      ],
      [
        -5.54921711795032,
        56.085244724527,
        16.600000000000023
      ],
      [
        -5.549218710511923,
        56.08524363487959,
        16.399999999999977
      ],
      [
        -5.549220470711589,
        56.08524212613702,
        16.200000000000045
      ],
      [
        -5.549222147092223,
        56.08524036593735,
        16
      ],
      [
        -5.549223404377699,
        56.08523827046156,
        15.799999999999955
      ],
      [
        -5.549224158748984,
        56.08523592352867,
        15.399999999999977
      ],
      [
        -5.549224074929953,
        56.08523332513869,
        15.200000000000045
      ],
      [
        -5.54922298528254,
        56.08523055911064,
        15
      ],
      [
        -5.549220722168684,
        56.085227793082595,
        14.799999999999955
      ],
      [
        -5.549217201769352,
        56.085224859416485,
        14.600000000000023
      ],
      [
        -5.549212507903576,
        56.085221925750375,
        14.399999999999977
      ],
      [
        -5.549206640571356,
        56.08521890826523,
        14.200000000000045
      ],
      [
        -5.549199935048819,
        56.08521589078009,
        13.799999999999955
      ],
      [
        -5.549192558974028,
        56.08521287329495,
        13.600000000000023
      ],
      [
        -5.549184763804078,
        56.085209771990776,
        13.200000000000045
      ],
      [
        -5.549176800996065,
        56.08520650304854,
        13
      ],
      [
        -5.549168670549989,
        56.0852032341063,
        12.600000000000023
      ],
      [
        -5.549160707741976,
        56.085199881345034,
        12.200000000000045
      ],
      [
        -5.549152912572026,
        56.08519627712667,
        11.800000000000011
      ],
      [
        -5.549145201221108,
        56.085192672908306,
        11.399999999999977
      ],
      [
        -5.549137406051159,
        56.08518890105188,
        11
      ],
      [
        -5.549129359424114,
        56.08518504537642,
        10.600000000000023
      ],
      [
        -5.549120893701911,
        56.08518110588193,
        10
      ],
      [
        -5.549111757427454,
        56.08517725020647,
        9.600000000000023
      ],
      [
        -5.549102034419775,
        56.08517339453101,
        9.199999999999989
      ],
      [
        -5.549091724678874,
        56.085169706493616,
        8.800000000000011
      ],
      [
        -5.5490809958428144,
        56.085166269913316,
        8.399999999999977
      ],
      [
        -5.549070183187723,
        56.08516308479011,
        8.199999999999989
      ],
      [
        -5.549059454351664,
        56.085160151124,
        7.800000000000011
      ],
      [
        -5.549049060791731,
        56.08515763655305,
        7.600000000000023
      ],
      [
        -5.54903925396502,
        56.085155457258224,
        7.399999999999977
      ],
      [
        -5.5490300338715315,
        56.08515361323953,
        7.199999999999989
      ],
      [
        -5.549021568149328,
        56.085152104496956,
        7
      ],
      [
        -5.549014024436474,
        56.085151014849544,
        6.800000000000011
      ],
      [
        -5.549007486552,
        56.085150092840195,
        6.800000000000011
      ],
      [
        -5.549002289772034,
        56.08514942228794,
        6.800000000000011
      ],
      [
        -5.54899868555367,
        56.08514900319278,
        6.800000000000011
      ],
      [
        -5.548996841534972,
        56.08514875173569,
        6.800000000000011
      ],
      [
        -5.548996925354004,
        56.085148667916656,
        6.800000000000011
      ],
      [
        -5.548998937010765,
        56.085148667916656,
        6.800000000000011
      ],
      [
        -5.549002876505256,
        56.08514883555472,
        7
      ],
      [
        -5.549008576199412,
        56.085149170830846,
        7.199999999999989
      ],
      [
        -5.549015868455172,
        56.08514942228794,
        7.199999999999989
      ],
      [
        -5.54902458563447,
        56.08514975756407,
        7.399999999999977
      ],
      [
        -5.549034308642149,
        56.085150092840195,
        7.600000000000023
      ],
      [
        -5.549044702202082,
        56.08515042811632,
        7.800000000000011
      ],
      [
        -5.5490553472191095,
        56.08515076339245,
        8
      ],
      [
        -5.549065992236137,
        56.085151014849544,
        8.199999999999989
      ],
      [
        -5.549076134338975,
        56.08515126630664,
        8.399999999999977
      ],
      [
        -5.549085438251495,
        56.085151517763734,
        8.600000000000023
      ],
      [
        -5.5490936525166035,
        56.08515176922083,
        8.800000000000011
      ],
      [
        -5.549100274220109,
        56.085152020677924,
        9
      ],
      [
        -5.549105051904917,
        56.08515235595405,
        9.199999999999989
      ],
      [
        -5.549107734113932,
        56.08515269123018,
        9.399999999999977
      ],
      [
        -5.549107901751995,
        56.085153026506305,
        9.600000000000023
      ],
      [
        -5.549105471000075,
        56.08515344560146,
        9.600000000000023
      ],
      [
        -5.549100274220109,
        56.085154032334685,
        9.800000000000011
      ],
      [
        -5.549092311412096,
        56.08515478670597,
        9.800000000000011
      ],
      [
        -5.5490815825760365,
        56.08515587635338,
        9.800000000000011
      ],
      [
        -5.549068422988057,
        56.08515721745789,
        9.800000000000011
      ],
      [
        -5.5490530002862215,
        56.08515906147659,
        9.800000000000011
      ],
      [
        -5.549035565927625,
        56.08516149222851,
        9.800000000000011
      ],
      [
        -5.549016622826457,
        56.08516450971365,
        9.600000000000023
      ],
      [
        -5.548996673896909,
        56.08516828157008,
        9.600000000000023
      ],
      [
        -5.548976305872202,
        56.08517280779779,
        9.399999999999977
      ],
      [
        -5.5489561054855585,
        56.08517808839679,
        9.399999999999977
      ],
      [
        -5.548936491832137,
        56.0851842071861,
        9.199999999999989
      ],
      [
        -5.548917800188065,
        56.08519099652767,
        9.199999999999989
      ],
      [
        -5.548900114372373,
        56.08519862405956,
        9
      ],
      [
        -5.548883434385061,
        56.085206838324666,
        9
      ],
      [
        -5.548867927864194,
        56.085215639322996,
        8.800000000000011
      ],
      [
        -5.548853427171707,
        56.08522502705455,
        8.800000000000011
      ],
      [
        -5.548839848488569,
        56.08523483388126,
        8.600000000000023
      ],
      [
        -5.548827275633812,
        56.08524505980313,
        8.600000000000023
      ],
      [
        -5.548815373331308,
        56.085255704820156,
        8.600000000000023
      ],
      [
        -5.54880422540009,
        56.08526660129428,
        8.600000000000023
      ],
      [
        -5.548793664202094,
        56.0852777492255,
        8.600000000000023
      ],
      [
        -5.5487835220992565,
        56.08528906479478,
        8.600000000000023
      ],
      [
        -5.5487737990915775,
        56.085300548002124,
        8.600000000000023
      ],
      [
        -5.548764327540994,
        56.08531194739044,
        8.800000000000011
      ],
      [
        -5.548754939809442,
        56.08532334677875,
        8.800000000000011
      ],
      [
        -5.548745468258858,
        56.085334746167064,
        8.800000000000011
      ],
      [
        -5.5487358290702105,
        56.08534589409828,
        8.800000000000011
      ],
      [
        -5.548725854605436,
        56.08535687439144,
        9
      ],
      [
        -5.548715377226472,
        56.085367519408464,
        9
      ],
      [
        -5.548704145476222,
        56.0853779129684,
        9
      ],
      [
        -5.548692075535655,
        56.0853879712522,
        9
      ],
      [
        -5.548679167404771,
        56.08539769425988,
        9
      ],
      [
        -5.548665169626474,
        56.0854069981724,
        9.199999999999989
      ],
      [
        -5.548650166019797,
        56.08541605062783,
        9.199999999999989
      ],
      [
        -5.548634072765708,
        56.085424683988094,
        9.199999999999989
      ],
      [
        -5.548616889864206,
        56.085432982072234,
        9.199999999999989
      ],
      [
        -5.548598701134324,
        56.08544094488025,
        9.199999999999989
      ],
      [
        -5.548573639243841,
        56.08544094488025,
        9
      ],
      [
        -5.548550756648183,
        56.08544094488025,
        9
      ],
      [
        -5.548527957871556,
        56.08544052578509,
        8.800000000000011
      ],
      [
        -5.548505410552025,
        56.08543960377574,
        8.800000000000011
      ],
      [
        -5.5484831146895885,
        56.08543826267123,
        8.800000000000011
      ],
      [
        -5.548461237922311,
        56.085436502471566,
        8.800000000000011
      ],
      [
        -5.548439947888255,
        56.08543432317674,
        8.800000000000011
      ],
      [
        -5.548419076949358,
        56.08543180860579,
        8.800000000000011
      ],
      [
        -5.548398625105619,
        56.08542904257774,
        8.800000000000011
      ],
      [
        -5.548378759995103,
        56.0854260250926,
        8.800000000000011
      ],
      [
        -5.548359230160713,
        56.08542292378843,
        8.800000000000011
      ],
      [
        -5.54834003560245,
        56.085419822484255,
        8.800000000000011
      ],
      [
        -5.548321260139346,
        56.08541680499911,
        8.800000000000011
      ],
      [
        -5.548302736133337,
        56.085413871333,
        8.800000000000011
      ],
      [
        -5.548284547403455,
        56.085411105304956,
        8.600000000000023
      ],
      [
        -5.548266610130668,
        56.08540875837207,
        8.600000000000023
      ],
      [
        -5.548248756676912,
        56.085406662896276,
        8.600000000000023
      ],
      [
        -5.548230987042189,
        56.08540498651564,
        8.399999999999977
      ],
      [
        -5.548213385045528,
        56.085403729230165,
        8.399999999999977
      ],
      [
        -5.5481956992298365,
        56.08540289103985,
        8.199999999999989
      ],
      [
        -5.5481780134141445,
        56.08540238812566,
        8.199999999999989
      ],
      [
        -5.548160411417484,
        56.08540238812566,
        8
      ],
      [
        -5.548150017857552,
        56.08540875837207,
        7.600000000000023
      ],
      [
        -5.548136942088604,
        56.08541705645621,
        7.399999999999977
      ],
      [
        -5.54812453687191,
        56.085425689816475,
        7.199999999999989
      ],
      [
        -5.548112718388438,
        56.08543482609093,
        7.199999999999989
      ],
      [
        -5.548101654276252,
        56.085444297641516,
        7
      ],
      [
        -5.548091176897287,
        56.08545427210629,
        6.800000000000011
      ],
      [
        -5.548081202432513,
        56.08546458184719,
        6.800000000000011
      ],
      [
        -5.548071563243866,
        56.08547522686422,
        6.600000000000023
      ],
      [
        -5.548062175512314,
        56.08548612333834,
        6.399999999999977
      ],
      [
        -5.548052955418825,
        56.08549735508859,
        6.399999999999977
      ],
      [
        -5.548043651506305,
        56.08550867065787,
        6.399999999999977
      ],
      [
        -5.548034263774753,
        56.08552023768425,
        6.199999999999989
      ],
      [
        -5.548024792224169,
        56.08553188852966,
        6.199999999999989
      ],
      [
        -5.54801506921649,
        56.08554353937507,
        6.199999999999989
      ],
      [
        -5.548005262389779,
        56.08555510640144,
        6.199999999999989
      ],
      [
        -5.5479955393821,
        56.08556658960879,
        6.199999999999989
      ],
      [
        -5.5479859840124846,
        56.08557790517807,
        6.199999999999989
      ],
      [
        -5.547976931557059,
        56.08558896929026,
        6.199999999999989
      ],
      [
        -5.547968382015824,
        56.08559978194535,
        6.399999999999977
      ],
      [
        -5.5479606706649065,
        56.08561017550528,
        6.399999999999977
      ],
      [
        -5.547953713685274,
        56.08562006615102,
        6.399999999999977
      ],
      [
        -5.547947678714991,
        56.085629453882575,
        6.399999999999977
      ],
      [
        -5.547942481935024,
        56.085638254880905,
        6.399999999999977
      ],
      [
        -5.5479382909834385,
        56.08564630150795,
        6.399999999999977
      ],
      [
        -5.547934854403138,
        56.08565359376371,
        6.399999999999977
      ],
      [
        -5.547932256013155,
        56.08566013164818,
        6.399999999999977
      ],
      [
        -5.547930411994457,
        56.08566583134234,
        6.399999999999977
      ],
      [
        -5.5479291547089815,
        56.08567069284618,
        6.199999999999989
      ],
      [
        -5.547928400337696,
        56.0856747161597,
        6.199999999999989
      ],
      [
        -5.547928148880601,
        56.08567798510194,
        6.199999999999989
      ],
      [
        -5.547928232699633,
        56.08568049967289,
        6.199999999999989
      ],
      [
        -5.5479285679757595,
        56.08568242751062,
        6.199999999999989
      ],
      [
        -5.54792907088995,
        56.08568385243416,
        6
      ],
      [
        -5.5479297414422035,
        56.08568477444351,
        6
      ],
      [
        -5.547930579632521,
        56.08568536117673,
        6
      ],
      [
        -5.547931417822838,
        56.085685612633824,
        6
      ],
      [
        -5.547932339832187,
        56.085685696452856,
        5.800000000000011
      ],
      [
        -5.547933345660567,
        56.08568552881479,
        5.800000000000011
      ],
      [
        -5.547934351488948,
        56.08568536117673,
        5.800000000000011
      ],
      [
        -5.54793544113636,
        56.085685193538666,
        5.800000000000011
      ],
      [
        -5.547936614602804,
        56.0856850259006,
        5.800000000000011
      ],
      [
        -5.547937788069248,
        56.08568494208157,
        5.600000000000023
      ],
      [
        -5.547938961535692,
        56.08568494208157,
        5.600000000000023
      ],
      [
        -5.547940135002136,
        56.085685109719634,
        5.600000000000023
      ],
      [
        -5.547941392287612,
        56.08568544499576,
        5.600000000000023
      ],
      [
        -5.547942733392119,
        56.08568586409092,
        5.600000000000023
      ],
      [
        -5.547944074496627,
        56.08568653464317,
        5.600000000000023
      ],
      [
        -5.547945499420166,
        56.08568728901446,
        5.600000000000023
      ],
      [
        -5.547947008162737,
        56.08568829484284,
        5.600000000000023
      ],
      [
        -5.547948516905308,
        56.08568938449025,
        5.600000000000023
      ],
      [
        -5.547950025647879,
        56.08569064177573,
        5.600000000000023
      ],
      [
        -5.547951618209481,
        56.085691982880235,
        5.600000000000023
      ],
      [
        -5.54795304313302,
        56.085693491622806,
        5.600000000000023
      ],
      [
        -5.54795446805656,
        56.08569516800344,
        5.600000000000023
      ],
      [
        -5.547955725342035,
        56.085696928203106,
        5.800000000000011
      ],
      [
        -5.547956898808479,
        56.085698856040835,
        5.800000000000011
      ],
      [
        -5.54795790463686,
        56.0857008676976,
        5.800000000000011
      ],
      [
        -5.547958826646209,
        56.08570296317339,
        6
      ],
      [
        -5.547959581017494,
        56.08570531010628,
        6
      ],
      [
        -5.547960167750716,
        56.0857077408582,
        6
      ],
      [
        -5.5479606706649065,
        56.08571025542915,
        6
      ],
      [
        -5.547961005941033,
        56.08571285381913,
        6
      ],
      [
        -5.547961173579097,
        56.08571561984718,
        6
      ],
      [
        -5.547961173579097,
        56.08571846969426,
        6
      ],
      [
        -5.547961005941033,
        56.08572140336037,
        6
      ],
      [
        -5.5479606706649065,
        56.08572442084551,
        6
      ],
      [
        -5.5479600839316845,
        56.08572743833065,
        5.800000000000011
      ],
      [
        -5.547959413379431,
        56.085730623453856,
        5.800000000000011
      ],
      [
        -5.54795840755105,
        56.08573389239609,
        5.800000000000011
      ],
      [
        -5.547957234084606,
        56.08573716133833,
        5.600000000000023
      ],
      [
        -5.547955725342035,
        56.085740430280566,
        5.600000000000023
      ],
      [
        -5.547954048961401,
        56.08574386686087,
        5.399999999999977
      ],
      [
        -5.54795203730464,
        56.085747219622135,
        5.399999999999977
      ],
      [
        -5.547949941828847,
        56.085750656202435,
        5.399999999999977
      ],
      [
        -5.547947678714991,
        56.085754008963704,
        5.199999999999989
      ],
      [
        -5.547945331782103,
        56.08575727790594,
        5.199999999999989
      ],
      [
        -5.547942901030183,
        56.08576054684818,
        5
      ],
      [
        -5.547940554097295,
        56.08576364815235,
        5
      ],
      [
        -5.5479382909834385,
        56.08576658181846,
        5
      ],
      [
        -5.547936111688614,
        56.08576951548457,
        4.800000000000011
      ],
      [
        -5.547933932393789,
        56.08577244915068,
        4.800000000000011
      ],
      [
        -5.54793200455606,
        56.08577538281679,
        4.800000000000011
      ],
      [
        -5.547930244356394,
        56.085778484120965,
        4.800000000000011
      ],
      [
        -5.547928651794791,
        56.0857817530632,
        4.800000000000011
      ],
      [
        -5.547927310690284,
        56.085785357281566,
        4.800000000000011
      ],
      [
        -5.5479262210428715,
        56.08578938059509,
        5
      ],
      [
        -5.547925299033523,
        56.08579399064183,
        5
      ],
      [
        -5.547924544662237,
        56.08579935505986,
        5
      ],
      [
        -5.547923957929015,
        56.08580555766821,
        5
      ],
      [
        -5.547923455014825,
        56.085812682285905,
        5
      ],
      [
        -5.547922952100635,
        56.08582089655101,
        5
      ],
      [
        -5.547922449186444,
        56.085830284282565,
        5
      ],
      [
        -5.547921778634191,
        56.08584084548056,
        5
      ],
      [
        -5.547921108081937,
        56.08585266396403,
        5
      ],
      [
        -5.547920186072588,
        56.085865488275886,
        5
      ],
      [
        -5.547919180244207,
        56.08587931841612,
        5
      ],
      [
        -5.547917922958732,
        56.085893735289574,
        4.800000000000011
      ],
      [
        -5.5479164980351925,
        56.085908487439156,
        4.800000000000011
      ],
      [
        -5.54791490547359,
        56.08592323958874,
        4.600000000000023
      ],
      [
        -5.547913145273924,
        56.08593757264316,
        4.600000000000023
      ],
      [
        -5.547911385074258,
        56.08595131896436,
        4.399999999999977
      ],
      [
        -5.547909624874592,
        56.08596431091428,
        4.399999999999977
      ],
      [
        -5.547908032312989,
        56.08597629703581,
        4.199999999999989
      ],
      [
        -5.5479067750275135,
        56.085987193509936,
        4.199999999999989
      ],
      [
        -5.547905853018165,
        56.085996916517615,
        4
      ],
      [
        -5.547905433923006,
        56.08600546605885,
        4
      ],
      [
        -5.5479056015610695,
        56.08601284213364,
        4
      ],
      [
        -5.547906272113323,
        56.08601896092296,
        4
      ],
      [
        -5.547907445579767,
        56.08602399006486,
        3.8000000000000114
      ],
      [
        -5.5479091219604015,
        56.08602809719741,
        3.8000000000000114
      ],
      [
        -5.547911217436194,
        56.08603119850159,
        3.8000000000000114
      ],
      [
        -5.547913480550051,
        56.08603362925351,
        3.8000000000000114
      ],
      [
        -5.5479159113019705,
        56.08603538945317,
        3.8000000000000114
      ],
      [
        -5.5479182582348585,
        56.08603656291962,
        3.8000000000000114
      ],
      [
        -5.547920437529683,
        56.086037401109934,
        3.8000000000000114
      ],
      [
        -5.547922197729349,
        56.086037904024124,
        3.8000000000000114
      ],
      [
        -5.547923455014825,
        56.08603823930025,
        4
      ],
      [
        -5.547924041748047,
        56.086038490757346,
        4
      ],
      [
        -5.547924041748047,
        56.08603882603347,
        4
      ],
      [
        -5.54792320355773,
        56.08603932894766,
        4
      ],
      [
        -5.547921610996127,
        56.08604008331895,
        4
      ],
      [
        -5.547919264063239,
        56.08604125678539,
        4
      ],
      [
        -5.547916078940034,
        56.08604293316603,
        3.8000000000000114
      ],
      [
        -5.547912139445543,
        56.086045280098915,
        3.8000000000000114
      ],
      [
        -5.547907445579767,
        56.08604838140309,
        3.8000000000000114
      ],
      [
        -5.547901997342706,
        56.08605232089758,
        3.8000000000000114
      ],
      [
        -5.547895962372422,
        56.08605709858239,
        3.6000000000000227
      ],
      [
        -5.547889256849885,
        56.08606271445751,
        3.6000000000000227
      ],
      [
        -5.547882216051221,
        56.086069168522954,
        3.3999999999999773
      ],
      [
        -5.54787483997643,
        56.08607646077871,
        3.3999999999999773
      ],
      [
        -5.5478672962635756,
        56.086084423586726,
        3.3999999999999773
      ],
      [
        -5.5478596687316895,
        56.08609305694699,
        3.1999999999999886
      ],
      [
        -5.547852208837867,
        56.08610236085951,
        3.1999999999999886
      ],
      [
        -5.5478449165821075,
        56.086112167686224,
        3.1999999999999886
      ],
      [
        -5.547838043421507,
        56.08612256124616,
        3.1999999999999886
      ],
      [
        -5.547831589356065,
        56.08613337390125,
        3.1999999999999886
      ],
      [
        -5.547825722023845,
        56.0861446056515,
        3.1999999999999886
      ],
      [
        -5.547820441424847,
        56.086156256496906,
        3.1999999999999886
      ],
      [
        -5.547815747559071,
        56.08616815879941,
        3.1999999999999886
      ],
      [
        -5.547811556607485,
        56.08618031255901,
        3.1999999999999886
      ],
      [
        -5.547807784751058,
        56.0861927177757,
        3
      ],
      [
        -5.547804515808821,
        56.08620529063046,
        3
      ],
      [
        -5.547801749780774,
        56.08621794730425,
        3
      ],
      [
        -5.547799319028854,
        56.08623060397804,
        3
      ],
      [
        -5.5477972235530615,
        56.08624326065183,
        3
      ],
      [
        -5.547795379534364,
        56.086255917325616,
        3.1999999999999886
      ],
      [
        -5.547793870791793,
        56.086268573999405,
        3.1999999999999886
      ],
      [
        -5.547792613506317,
        56.08628114685416,
        3.1999999999999886
      ],
      [
        -5.5477916076779366,
        56.08629371970892,
        3.1999999999999886
      ],
      [
        -5.547790685668588,
        56.086306208744645,
        3.1999999999999886
      ],
      [
        -5.5477898474782705,
        56.08631869778037,
        3.3999999999999773
      ],
      [
        -5.547789093106985,
        56.086331102997065,
        3.3999999999999773
      ],
      [
        -5.5477883387357,
        56.08634359203279,
        3.3999999999999773
      ],
      [
        -5.547787584364414,
        56.086355997249484,
        3.6000000000000227
      ],
      [
        -5.547786829993129,
        56.08636840246618,
        3.6000000000000227
      ],
      [
        -5.547786075621843,
        56.08638080768287,
        3.6000000000000227
      ],
      [
        -5.547785321250558,
        56.086393129080534,
        3.8000000000000114
      ],
      [
        -5.547784483060241,
        56.086405450478196,
        3.8000000000000114
      ],
      [
        -5.547783644869924,
        56.08641777187586,
        3.8000000000000114
      ],
      [
        -5.547782722860575,
        56.08643009327352,
        3.8000000000000114
      ],
      [
        -5.547781884670258,
        56.08644233085215,
        4
      ],
      [
        -5.547781130298972,
        56.08645456843078,
        4
      ],
      [
        -5.54778054356575,
        56.08646680600941,
        4
      ],
      [
        -5.5477801244705915,
        56.086479127407074,
        4
      ],
      [
        -5.54778004065156,
        56.086491448804736,
        4.199999999999989
      ],
      [
        -5.547780208289623,
        56.0865037702024,
        4.199999999999989
      ],
      [
        -5.5477807112038136,
        56.086516259238124,
        4.199999999999989
      ],
      [
        -5.547781465575099,
        56.08652874827385,
        4.199999999999989
      ],
      [
        -5.547782639041543,
        56.08654132112861,
        4.399999999999977
      ],
      [
        -5.547784063965082,
        56.086553977802396,
        4.399999999999977
      ],
      [
        -5.5477857403457165,
        56.086566634476185,
        4.399999999999977
      ],
      [
        -5.547787752002478,
        56.086579291149974,
        4.399999999999977
      ],
      [
        -5.547789931297302,
        56.08659194782376,
        4.399999999999977
      ],
      [
        -5.547792362049222,
        56.08660460449755,
        4.199999999999989
      ],
      [
        -5.547795044258237,
        56.08661709353328,
        4.199999999999989
      ],
      [
        -5.5477978102862835,
        56.08662941493094,
        4.199999999999989
      ],
      [
        -5.5478007439523935,
        56.08664156869054,
        4
      ],
      [
        -5.547803845256567,
        56.08665347099304,
        4
      ],
      [
        -5.547807114198804,
        56.08666503801942,
        3.8000000000000114
      ],
      [
        -5.547810383141041,
        56.08667626976967,
        3.8000000000000114
      ],
      [
        -5.547813819721341,
        56.08668708242476,
        3.6000000000000227
      ],
      [
        -5.5478172563016415,
        56.08669739216566,
        3.3999999999999773
      ],
      [
        -5.547820860520005,
        56.08670719899237,
        3.3999999999999773
      ],
      [
        -5.547824464738369,
        56.08671641908586,
        3.1999999999999886
      ],
      [
        -5.5478281527757645,
        56.086724968627095,
        3.1999999999999886
      ],
      [
        -5.547832008451223,
        56.086732763797045,
        3.1999999999999886
      ],
      [
        -5.547836031764746,
        56.08673988841474,
        3
      ],
      [
        -5.5478402227163315,
        56.08674617484212,
        3
      ],
      [
        -5.547844581305981,
        56.086751790717244,
        3
      ],
      [
        -5.547849107533693,
        56.08675656840205,
        3
      ],
      [
        -5.547853801399469,
        56.08676075935364,
        3.1999999999999886
      ],
      [
        -5.547858579084277,
        56.08676419593394,
        3.1999999999999886
      ],
      [
        -5.547863356769085,
        56.086767045781016,
        3.1999999999999886
      ],
      [
        -5.547868050634861,
        56.08676930889487,
        3.3999999999999773
      ],
      [
        -5.547872493043542,
        56.08677106909454,
        3.3999999999999773
      ],
      [
        -5.547876683995128,
        56.086772326380014,
        3.3999999999999773
      ],
      [
        -5.547880455851555,
        56.08677316457033,
        3.6000000000000227
      ],
      [
        -5.547883724793792,
        56.08677358366549,
        3.6000000000000227
      ],
      [
        -5.547886407002807,
        56.08677366748452,
        3.8000000000000114
      ],
      [
        -5.547888586297631,
        56.08677358366549,
        4
      ],
      [
        -5.547890095040202,
        56.08677324838936,
        4
      ],
      [
        -5.547891100868583,
        56.08677274547517,
        4.199999999999989
      ],
      [
        -5.547891519963741,
        56.08677224256098,
        4.399999999999977
      ],
      [
        -5.54789143614471,
        56.086771823465824,
        4.399999999999977
      ],
      [
        -5.547890849411488,
        56.086771404370666,
        4.600000000000023
      ],
      [
        -5.547889843583107,
        56.08677115291357,
        4.800000000000011
      ],
      [
        -5.547888418659568,
        56.08677115291357,
        4.800000000000011
      ],
      [
        -5.5478867422789335,
        56.086771404370666,
        5
      ],
      [
        -5.547884730622172,
        56.08677207492292,
        5
      ],
      [
        -5.5478826351463795,
        56.0867730807513,
        5.199999999999989
      ],
      [
        -5.547880455851555,
        56.0867746733129,
        5.199999999999989
      ],
      [
        -5.54787827655673,
        56.086776768788695,
        5.199999999999989
      ],
      [
        -5.547876264899969,
        56.08677953481674,
        5.399999999999977
      ],
      [
        -5.547874504700303,
        56.086783055216074,
        5.399999999999977
      ],
      [
        -5.547873079776764,
        56.08678732998669,
        5.399999999999977
      ],
      [
        -5.547872241586447,
        56.086792442947626,
        5.399999999999977
      ],
      [
        -5.547871990129352,
        56.08679839409888,
        5.199999999999989
      ],
      [
        -5.54787240922451,
        56.08680526725948,
        5.199999999999989
      ],
      [
        -5.547873582690954,
        56.086812894791365,
        5.199999999999989
      ],
      [
        -5.547875510528684,
        56.086821276694536,
        5
      ],
      [
        -5.54787827655673,
        56.08683041296899,
        5
      ],
      [
        -5.547881796956062,
        56.08684005215764,
        5
      ],
      [
        -5.54788607172668,
        56.08685027807951,
        4.800000000000011
      ],
      [
        -5.547890849411488,
        56.08686092309654,
        4.800000000000011
      ],
      [
        -5.547896213829517,
        56.086871987208724,
        4.800000000000011
      ],
      [
        -5.547902081161737,
        56.086883218958974,
        4.600000000000023
      ],
      [
        -5.547908283770084,
        56.08689470216632,
        4.600000000000023
      ],
      [
        -5.547914821654558,
        56.08690635301173,
        4.600000000000023
      ],
      [
        -5.547921610996127,
        56.086918003857136,
        4.399999999999977
      ],
      [
        -5.547928735613823,
        56.086929738521576,
        4.399999999999977
      ],
      [
        -5.5479359440505505,
        56.086941473186016,
        4.399999999999977
      ],
      [
        -5.547943320125341,
        56.08695304021239,
        4.199999999999989
      ],
      [
        -5.547950863838196,
        56.0869646910578,
        4.199999999999989
      ],
      [
        -5.547958491370082,
        56.086976174265146,
        4.199999999999989
      ],
      [
        -5.547966286540031,
        56.08698757365346,
        4
      ],
      [
        -5.547974165529013,
        56.08699897304177,
        4
      ],
      [
        -5.547982295975089,
        56.08701020479202,
        3.8000000000000114
      ],
      [
        -5.547990594059229,
        56.08702135272324,
        3.8000000000000114
      ],
      [
        -5.547999059781432,
        56.08703250065446,
        3.6000000000000227
      ],
      [
        -5.548007693141699,
        56.087043564766645,
        3.6000000000000227
      ],
      [
        -5.548016577959061,
        56.0870545450598,
        3.3999999999999773
      ],
      [
        -5.548025546595454,
        56.087065525352955,
        3.3999999999999773
      ],
      [
        -5.5480345990508795,
        56.08707650564611,
        3.1999999999999886
      ],
      [
        -5.5480437353253365,
        56.087087485939264,
        3
      ],
      [
        -5.548053039237857,
        56.08709846623242,
        3
      ],
      [
        -5.548062343150377,
        56.087109530344605,
        2.8000000000000114
      ],
      [
        -5.548071814700961,
        56.08712059445679,
        2.8000000000000114
      ],
      [
        -5.548081286251545,
        56.08713174238801,
        2.6000000000000227
      ],
      [
        -5.5480908416211605,
        56.08714289031923,
        2.6000000000000227
      ],
      [
        -5.548100396990776,
        56.08715412206948,
        2.6000000000000227
      ],
      [
        -5.548110036179423,
        56.08716535381973,
        2.3999999999999773
      ],
      [
        -5.548119759187102,
        56.08717658556998,
        2.3999999999999773
      ],
      [
        -5.54812939837575,
        56.08718781732023,
        2.1999999999999886
      ],
      [
        -5.548139037564397,
        56.087198965251446,
        2.1999999999999886
      ],
      [
        -5.548148760572076,
        56.08721002936363,
        2.1999999999999886
      ],
      [
        -5.548158315941691,
        56.08722109347582,
        2.1999999999999886
      ],
      [
        -5.548167871311307,
        56.08723207376897,
        2
      ],
      [
        -5.5481774266809225,
        56.087242970243096,
        2
      ],
      [
        -5.548186898231506,
        56.08725386671722,
        2
      ],
      [
        -5.54819636978209,
        56.08726467937231,
        2
      ],
      [
        -5.548205925151706,
        56.0872754920274,
        2
      ],
      [
        -5.548215564340353,
        56.087286388501525,
        1.8000000000000114
      ],
      [
        -5.548225371167064,
        56.087297201156616,
        1.8000000000000114
      ],
      [
        -5.548235261812806,
        56.08730801381171,
        2
      ],
      [
        -5.548245403915644,
        56.0873188264668,
        2
      ],
      [
        -5.548255629837513,
        56.08732972294092,
        2
      ],
      [
        -5.548265939578414,
        56.08734053559601,
        2
      ],
      [
        -5.548276416957378,
        56.087351432070136,
        2
      ],
      [
        -5.5482869781553745,
        56.08736224472523,
        2.1999999999999886
      ],
      [
        -5.548297455534339,
        56.08737322501838,
        2.1999999999999886
      ],
      [
        -5.548307849094272,
        56.08738420531154,
        2.3999999999999773
      ],
      [
        -5.548318075016141,
        56.08739526942372,
        2.3999999999999773
      ],
      [
        -5.548328133299947,
        56.08740641735494,
        2.6000000000000227
      ],
      [
        -5.548338023945689,
        56.08741764910519,
        2.6000000000000227
      ],
      [
        -5.548347579315305,
        56.08742896467447,
        2.6000000000000227
      ],
      [
        -5.548356883227825,
        56.08744044788182,
        2.8000000000000114
      ],
      [
        -5.54836593568325,
        56.08745193108916,
        2.8000000000000114
      ],
      [
        -5.548374652862549,
        56.0874636657536,
        3
      ],
      [
        -5.548383118584752,
        56.087475484237075,
        3
      ],
      [
        -5.54839133284986,
        56.08748738653958,
        3
      ],
      [
        -5.548399295657873,
        56.08749954029918,
        3.1999999999999886
      ],
      [
        -5.548407090827823,
        56.08751177787781,
        3.1999999999999886
      ],
      [
        -5.5484148021787405,
        56.08752409927547,
        3.1999999999999886
      ],
      [
        -5.548422513529658,
        56.087536588311195,
        3.3999999999999773
      ],
      [
        -5.548430476337671,
        56.08754907734692,
        3.3999999999999773
      ],
      [
        -5.548438606783748,
        56.08756165020168,
        3.3999999999999773
      ],
      [
        -5.548447156324983,
        56.087574223056436,
        3.6000000000000227
      ],
      [
        -5.5484560411423445,
        56.08758679591119,
        3.6000000000000227
      ],
      [
        -5.548465428873897,
        56.08759936876595,
        3.6000000000000227
      ],
      [
        -5.548475235700607,
        56.087611773982644,
        3.6000000000000227
      ],
      [
        -5.548485377803445,
        56.087624095380306,
        3.8000000000000114
      ],
      [
        -5.548495771363378,
        56.08763641677797,
        3.8000000000000114
      ],
      [
        -5.548506416380405,
        56.08764857053757,
        3.8000000000000114
      ],
      [
        -5.548517145216465,
        56.087660640478134,
        4
      ],
      [
        -5.548528041690588,
        56.08767262659967,
        4
      ],
      [
        -5.548538854345679,
        56.08768452890217,
        4
      ],
      [
        -5.548549750819802,
        56.08769626356661,
        4.199999999999989
      ],
      [
        -5.548560647293925,
        56.08770799823105,
        4.199999999999989
      ],
      [
        -5.548571459949017,
        56.08771964907646,
        4.199999999999989
      ],
      [
        -5.548582188785076,
        56.08773113228381,
        4.399999999999977
      ],
      [
        -5.548592749983072,
        56.08774261549115,
        4.399999999999977
      ],
      [
        -5.548603143543005,
        56.08775393106043,
        4.399999999999977
      ],
      [
        -5.5486132856458426,
        56.087765246629715,
        4.600000000000023
      ],
      [
        -5.548623092472553,
        56.087776562199,
        4.600000000000023
      ],
      [
        -5.548632647842169,
        56.08778787776828,
        4.600000000000023
      ],
      [
        -5.548641951754689,
        56.08779910951853,
        4.600000000000023
      ],
      [
        -5.5486510042101145,
        56.08781034126878,
        4.600000000000023
      ],
      [
        -5.548659805208445,
        56.08782157301903,
        4.600000000000023
      ],
      [
        -5.54866835474968,
        56.08783280476928,
        4.600000000000023
      ],
      [
        -5.548676736652851,
        56.087843952700496,
        4.600000000000023
      ],
      [
        -5.5486848670989275,
        56.087855100631714,
        4.600000000000023
      ],
      [
        -5.548692913725972,
        56.08786624856293,
        4.600000000000023
      ],
      [
        -5.548700708895922,
        56.08787748031318,
        4.600000000000023
      ],
      [
        -5.548708336427808,
        56.08788871206343,
        4.600000000000023
      ],
      [
        -5.548715880140662,
        56.08790002763271,
        4.600000000000023
      ],
      [
        -5.548723256215453,
        56.08791142702103,
        4.600000000000023
      ],
      [
        -5.548730548471212,
        56.0879229940474,
        4.600000000000023
      ],
      [
        -5.54873775690794,
        56.08793464489281,
        4.399999999999977
      ],
      [
        -5.548744881525636,
        56.087946547195315,
        4.399999999999977
      ],
      [
        -5.5487520061433315,
        56.08795861713588,
        4.399999999999977
      ],
      [
        -5.548759130761027,
        56.087970938533545,
        4.399999999999977
      ],
      [
        -5.548766255378723,
        56.08798334375024,
        4.399999999999977
      ],
      [
        -5.548773379996419,
        56.087995916604996,
        4.399999999999977
      ],
      [
        -5.548780504614115,
        56.088008573278785,
        4.199999999999989
      ],
      [
        -5.548787629231811,
        56.088021313771605,
        4.199999999999989
      ],
      [
        -5.548794670030475,
        56.08803413808346,
        4.199999999999989
      ],
      [
        -5.548801710829139,
        56.08804696239531,
        4
      ],
      [
        -5.548808751627803,
        56.08805978670716,
        4
      ],
      [
        -5.548815792426467,
        56.08807269483805,
        4
      ],
      [
        -5.548822833225131,
        56.0880855191499,
        3.8000000000000114
      ],
      [
        -5.548829957842827,
        56.08809834346175,
        3.8000000000000114
      ],
      [
        -5.548837250098586,
        56.088111167773604,
        3.6000000000000227
      ],
      [
        -5.548844542354345,
        56.088123908266425,
        3.6000000000000227
      ],
      [
        -5.548851834610105,
        56.088136648759246,
        3.6000000000000227
      ],
      [
        -5.5488592106848955,
        56.088149221614,
        3.3999999999999773
      ],
      [
        -5.5488665867596865,
        56.08816179446876,
        3.3999999999999773
      ],
      [
        -5.548874046653509,
        56.088174199685454,
        3.1999999999999886
      ],
      [
        -5.548881506547332,
        56.08818660490215,
        3.1999999999999886
      ],
      [
        -5.548889134079218,
        56.08819875866175,
        3.1999999999999886
      ],
      [
        -5.548896929249167,
        56.088210828602314,
        3
      ],
      [
        -5.54890489205718,
        56.08822273090482,
        3
      ],
      [
        -5.548913022503257,
        56.08823446556926,
        3
      ],
      [
        -5.548921320587397,
        56.088246032595634,
        3
      ],
      [
        -5.548929702490568,
        56.088257348164916,
        3
      ],
      [
        -5.548938252031803,
        56.0882684122771,
        3
      ],
      [
        -5.548946801573038,
        56.088279224932194,
        3
      ],
      [
        -5.548955267295241,
        56.08828978613019,
        3
      ],
      [
        -5.548963649198413,
        56.08830017969012,
        3
      ],
      [
        -5.548971695825458,
        56.08831023797393,
        3.1999999999999886
      ],
      [
        -5.548979490995407,
        56.08832004480064,
        3.1999999999999886
      ],
      [
        -5.548986783251166,
        56.08832951635122,
        3.1999999999999886
      ],
      [
        -5.548993488773704,
        56.08833873644471,
        3.1999999999999886
      ],
      [
        -5.548999607563019,
        56.08834762126207,
        3.3999999999999773
      ],
      [
        -5.549004971981049,
        56.08835608698428,
        3.3999999999999773
      ],
      [
        -5.549009582027793,
        56.08836421743035,
        3.3999999999999773
      ],
      [
        -5.549013437703252,
        56.08837192878127,
        3.6000000000000227
      ],
      [
        -5.549016706645489,
        56.08837930485606,
        3.6000000000000227
      ],
      [
        -5.549019472673535,
        56.088386345654726,
        3.6000000000000227
      ],
      [
        -5.549021987244487,
        56.08839305117726,
        3.8000000000000114
      ],
      [
        -5.5490244179964066,
        56.08839967288077,
        3.8000000000000114
      ],
      [
        -5.54902701638639,
        56.08840612694621,
        3.8000000000000114
      ],
      [
        -5.5490299500525,
        56.08841258101165,
        4
      ],
      [
        -5.5490333866328,
        56.08841911889613,
        4
      ],
      [
        -5.549037577584386,
        56.088425824418664,
        4
      ],
      [
        -5.549042439088225,
        56.088432697579265,
        4
      ],
      [
        -5.549048138782382,
        56.08843973837793,
        4
      ],
      [
        -5.5490547604858875,
        56.08844711445272,
        4
      ],
      [
        -5.5490621365606785,
        56.088454741984606,
        4
      ],
      [
        -5.549070350825787,
        56.08846262097359,
        3.8000000000000114
      ],
      [
        -5.54907931946218,
        56.08847075141966,
        3.8000000000000114
      ],
      [
        -5.549089042469859,
        56.088479133322835,
        3.8000000000000114
      ],
      [
        -5.549099436029792,
        56.0884877666831,
        3.8000000000000114
      ],
      [
        -5.549110500141978,
        56.08849665150046,
        3.8000000000000114
      ],
      [
        -5.549122150987387,
        56.08850578777492,
        3.8000000000000114
      ],
      [
        -5.549134304746985,
        56.08851517550647,
        3.6000000000000227
      ],
      [
        -5.549146793782711,
        56.08852481469512,
        3.6000000000000227
      ],
      [
        -5.549159701913595,
        56.088534789159894,
        3.6000000000000227
      ],
      [
        -5.5491728615015745,
        56.08854493126273,
        3.6000000000000227
      ],
      [
        -5.549186188727617,
        56.088555408641696,
        3.6000000000000227
      ],
      [
        -5.54919951595366,
        56.088566137477756,
        3.6000000000000227
      ],
      [
        -5.5492129269987345,
        56.08857711777091,
        3.6000000000000227
      ],
      [
        -5.549226254224777,
        56.08858834952116,
        3.6000000000000227
      ],
      [
        -5.549239497631788,
        56.088599832728505,
        3.8000000000000114
      ],
      [
        -5.549252741038799,
        56.088611483573914,
        3.8000000000000114
      ],
      [
        -5.549265900626779,
        56.088623302057385,
        3.8000000000000114
      ],
      [
        -5.549278976395726,
        56.08863528817892,
        4
      ],
      [
        -5.549292052164674,
        56.08864735811949,
        4
      ],
      [
        -5.54930504411459,
        56.08865951187909,
        4.199999999999989
      ],
      [
        -5.549318036064506,
        56.08867174945772,
        4.199999999999989
      ],
      [
        -5.549331111833453,
        56.08868398703635,
        4.399999999999977
      ],
      [
        -5.549344187602401,
        56.08869622461498,
        4.399999999999977
      ],
      [
        -5.549357431009412,
        56.08870846219361,
        4.600000000000023
      ],
      [
        -5.549370758235455,
        56.088720532134175,
        4.600000000000023
      ],
      [
        -5.549384253099561,
        56.08873251825571,
        4.800000000000011
      ],
      [
        -5.54939791560173,
        56.088744420558214,
        4.800000000000011
      ],
      [
        -5.549411745741963,
        56.088756155222654,
        5
      ],
      [
        -5.54942574352026,
        56.08876780606806,
        5
      ],
      [
        -5.54943990893662,
        56.08877928927541,
        5.199999999999989
      ],
      [
        -5.549454241991043,
        56.08879068866372,
        5.199999999999989
      ],
      [
        -5.549468910321593,
        56.08880183659494,
        5.199999999999989
      ],
      [
        -5.549483746290207,
        56.088812900707126,
        5.399999999999977
      ],
      [
        -5.549498833715916,
        56.08882371336222,
        5.399999999999977
      ],
      [
        -5.549514088779688,
        56.088834358379245,
        5.600000000000023
      ],
      [
        -5.549529679119587,
        56.08884483575821,
        5.600000000000023
      ],
      [
        -5.549545520916581,
        56.08885522931814,
        5.600000000000023
      ],
      [
        -5.5495616141706705,
        56.08886545524001,
        5.600000000000023
      ],
      [
        -5.549577958881855,
        56.08887568116188,
        5.800000000000011
      ],
      [
        -5.549594555050135,
        56.088885739445686,
        5.800000000000011
      ],
      [
        -5.549611486494541,
        56.08889579772949,
        5.800000000000011
      ],
      [
        -5.549628669396043,
        56.088905688375235,
        5.800000000000011
      ],
      [
        -5.54964610375464,
        56.08891557902098,
        5.800000000000011
      ],
      [
        -5.549663789570332,
        56.088925302028656,
        5.800000000000011
      ],
      [
        -5.549681726843119,
        56.0889349412173,
        6
      ],
      [
        -5.549699915573001,
        56.08894441276789,
        6
      ],
      [
        -5.549718188121915,
        56.08895371668041,
        6
      ],
      [
        -5.549736628308892,
        56.088962936773896,
        6
      ],
      [
        -5.549755152314901,
        56.08897198922932,
        6
      ],
      [
        -5.549773592501879,
        56.08898104168475,
        6
      ],
      [
        -5.549792032688856,
        56.08898992650211,
        6
      ],
      [
        -5.5498104728758335,
        56.08899881131947,
        6
      ],
      [
        -5.549828829243779,
        56.08900752849877,
        6
      ],
      [
        -5.549847017973661,
        56.0890163294971,
        6
      ],
      [
        -5.549865206703544,
        56.089024962857366,
        6
      ],
      [
        -5.549883395433426,
        56.08903359621763,
        6
      ],
      [
        -5.549901500344276,
        56.0890422295779,
        5.800000000000011
      ],
      [
        -5.549919605255127,
        56.089050779119134,
        5.800000000000011
      ],
      [
        -5.549937542527914,
        56.08905932866037,
        5.800000000000011
      ],
      [
        -5.549955479800701,
        56.089067878201604,
        5.800000000000011
      ],
      [
        -5.549973249435425,
        56.08907642774284,
        5.800000000000011
      ],
      [
        -5.549990767613053,
        56.089085061103106,
        5.800000000000011
      ],
      [
        -5.55000820197165,
        56.08909361064434,
        5.800000000000011
      ],
      [
        -5.5500254686921835,
        56.08910224400461,
        5.800000000000011
      ],
      [
        -5.550042567774653,
        56.089110961183906,
        5.800000000000011
      ],
      [
        -5.550059583038092,
        56.089119678363204,
        5.800000000000011
      ],
      [
        -5.550076514482498,
        56.0891283955425,
        5.600000000000023
      ],
      [
        -5.550093529745936,
        56.08913719654083,
        5.600000000000023
      ],
      [
        -5.550110461190343,
        56.08914591372013,
        5.600000000000023
      ],
      [
        -5.550127476453781,
        56.08915471471846,
        5.600000000000023
      ],
      [
        -5.550144575536251,
        56.08916343189776,
        5.600000000000023
      ],
      [
        -5.550161674618721,
        56.089172065258026,
        5.600000000000023
      ],
      [
        -5.550178773701191,
        56.08918061479926,
        5.600000000000023
      ],
      [
        -5.550195788964629,
        56.08918899670243,
        5.600000000000023
      ],
      [
        -5.550212804228067,
        56.08919721096754,
        5.600000000000023
      ],
      [
        -5.550229651853442,
        56.089205257594585,
        5.399999999999977
      ],
      [
        -5.550246248021722,
        56.089213052764535,
        5.399999999999977
      ],
      [
        -5.550262676551938,
        56.08922051265836,
        5.399999999999977
      ],
      [
        -5.550278685986996,
        56.089227721095085,
        5.399999999999977
      ],
      [
        -5.5502943601459265,
        56.08923467807472,
        5.199999999999989
      ],
      [
        -5.550309531390667,
        56.08924129977822,
        5.199999999999989
      ],
      [
        -5.550324032083154,
        56.08924767002463,
        5.199999999999989
      ],
      [
        -5.55033802986145,
        56.08925370499492,
        5.199999999999989
      ],
      [
        -5.550351273268461,
        56.08925957232714,
        5.199999999999989
      ],
      [
        -5.5503638461232185,
        56.08926510438323,
        5.199999999999989
      ],
      [
        -5.550375832244754,
        56.08927046880126,
        5.199999999999989
      ],
      [
        -5.550387147814035,
        56.08927574940026,
        5.199999999999989
      ],
      [
        -5.550397876650095,
        56.08928086236119,
        5.199999999999989
      ],
      [
        -5.550408354029059,
        56.08928605914116,
        5.199999999999989
      ],
      [
        -5.550418747588992,
        56.08929142355919,
        5.199999999999989
      ],
      [
        -5.550429308786988,
        56.089297039434314,
        5.199999999999989
      ],
      [
        -5.550440205261111,
        56.089302906766534,
        5
      ],
      [
        -5.550451688468456,
        56.08930919319391,
        5
      ],
      [
        -5.550463926047087,
        56.08931589871645,
        5
      ],
      [
        -5.550477001816034,
        56.089323023334146,
        5
      ],
      [
        -5.550490915775299,
        56.08933048322797,
        5
      ],
      [
        -5.550505751743913,
        56.08933844603598,
        5
      ],
      [
        -5.5505214259028435,
        56.08934666030109,
        4.800000000000011
      ],
      [
        -5.550538022071123,
        56.08935512602329,
        4.800000000000011
      ],
      [
        -5.550555372610688,
        56.08936392702162,
        4.800000000000011
      ],
      [
        -5.550573477521539,
        56.08937297947705,
        4.800000000000011
      ],
      [
        -5.550592169165611,
        56.08938219957054,
        4.800000000000011
      ],
      [
        -5.550611363723874,
        56.08939150348306,
        4.800000000000011
      ],
      [
        -5.5506309773772955,
        56.08940089121461,
        5
      ],
      [
        -5.5506510101258755,
        56.089410446584225,
        5
      ],
      [
        -5.550671461969614,
        56.08942000195384,
        5
      ],
      [
        -5.550692165270448,
        56.089429557323456,
        5
      ],
      [
        -5.550713203847408,
        56.08943911269307,
        5.199999999999989
      ],
      [
        -5.550734410062432,
        56.089448584243655,
        5.199999999999989
      ],
      [
        -5.550755867734551,
        56.08945797197521,
        5.399999999999977
      ],
      [
        -5.550777493044734,
        56.08946727588773,
        5.399999999999977
      ],
      [
        -5.550799202173948,
        56.089476495981216,
        5.399999999999977
      ],
      [
        -5.550820995122194,
        56.08948546461761,
        5.600000000000023
      ],
      [
        -5.55084278807044,
        56.08949426561594,
        5.600000000000023
      ],
      [
        -5.550864497199655,
        56.089502815157175,
        5.800000000000011
      ],
      [
        -5.550885954871774,
        56.08951128087938,
        5.800000000000011
      ],
      [
        -5.550907161086798,
        56.089519495144486,
        5.800000000000011
      ],
      [
        -5.550928199663758,
        56.08952762559056,
        5.800000000000011
      ],
      [
        -5.550948902964592,
        56.089535504579544,
        6
      ],
      [
        -5.550969438627362,
        56.089543299749494,
        6
      ],
      [
        -5.550989722833037,
        56.08955101110041,
        6
      ],
      [
        -5.551009839400649,
        56.0895586386323,
        6
      ],
      [
        -5.551029788330197,
        56.089566266164184,
        6
      ],
      [
        -5.551049569621682,
        56.08957380987704,
        6
      ],
      [
        -5.551069183275104,
        56.089581437408924,
        6
      ],
      [
        -5.5510886292904615,
        56.08958898112178,
        6
      ],
      [
        -5.551107907667756,
        56.089596692472696,
        6
      ],
      [
        -5.551127102226019,
        56.089604403823614,
        6
      ],
      [
        -5.551146045327187,
        56.089612198993564,
        6
      ],
      [
        -5.5511649046093225,
        56.08962016180158,
        6
      ],
      [
        -5.551183680072427,
        56.08962820842862,
        6
      ],
      [
        -5.551202287897468,
        56.0896363388747,
        6
      ],
      [
        -5.551220811903477,
        56.089644553139806,
        6
      ],
      [
        -5.551239168271422,
        56.089652851223946,
        6
      ],
      [
        -5.551257273182273,
        56.08966131694615,
        6
      ],
      [
        -5.55127521045506,
        56.089669866487384,
        6
      ],
      [
        -5.551292896270752,
        56.08967849984765,
        6
      ],
      [
        -5.551310330629349,
        56.08968730084598,
        6
      ],
      [
        -5.551327345892787,
        56.08969618566334,
        6
      ],
      [
        -5.55134410969913,
        56.089705154299736,
        5.800000000000011
      ],
      [
        -5.551360622048378,
        56.08971420675516,
        5.800000000000011
      ],
      [
        -5.551376799121499,
        56.08972334302962,
        5.800000000000011
      ],
      [
        -5.551392808556557,
        56.089732479304075,
        5.800000000000011
      ],
      [
        -5.551408566534519,
        56.08974161557853,
        5.800000000000011
      ],
      [
        -5.551424156874418,
        56.08975075185299,
        5.800000000000011
      ],
      [
        -5.551439579576254,
        56.089759804308414,
        5.800000000000011
      ],
      [
        -5.551454834640026,
        56.08976894058287,
        5.800000000000011
      ],
      [
        -5.551470089703798,
        56.0897779930383,
        5.800000000000011
      ],
      [
        -5.551485093310475,
        56.08978696167469,
        5.800000000000011
      ],
      [
        -5.551500013098121,
        56.089795930311084,
        5.800000000000011
      ],
      [
        -5.551514765247703,
        56.08980489894748,
        5.800000000000011
      ],
      [
        -5.551529349759221,
        56.08981378376484,
        5.800000000000011
      ],
      [
        -5.551543766632676,
        56.08982275240123,
        5.800000000000011
      ],
      [
        -5.551557932049036,
        56.089831637218595,
        5.800000000000011
      ],
      [
        -5.551571846008301,
        56.08984060585499,
        5.800000000000011
      ],
      [
        -5.55158550851047,
        56.08984940685332,
        5.800000000000011
      ],
      [
        -5.551599087193608,
        56.08985820785165,
        5.800000000000011
      ],
      [
        -5.551612414419651,
        56.08986700884998,
        5.800000000000011
      ],
      [
        -5.551625657826662,
        56.08987572602928,
        5.800000000000011
      ],
      [
        -5.551638817414641,
        56.08988435938954,
        5.800000000000011
      ],
      [
        -5.551651893183589,
        56.08989290893078,
        5.800000000000011
      ],
      [
        -5.551664968952537,
        56.08990137465298,
        5.800000000000011
      ],
      [
        -5.551678044721484,
        56.08990975655615,
        5.800000000000011
      ],
      [
        -5.551691120490432,
        56.089918138459325,
        5.800000000000011
      ],
      [
        -5.551704280078411,
        56.089926520362496,
        5.800000000000011
      ],
      [
        -5.551717523485422,
        56.089934818446636,
        5.800000000000011
      ],
      [
        -5.551730850711465,
        56.08994320034981,
        5.800000000000011
      ],
      [
        -5.551744261756539,
        56.08995158225298,
        5.600000000000023
      ],
      [
        -5.5517577566206455,
        56.08995996415615,
        5.600000000000023
      ],
      [
        -5.551771251484752,
        56.089968513697386,
        5.600000000000023
      ],
      [
        -5.551784662529826,
        56.08997706323862,
        5.600000000000023
      ],
      [
        -5.551797989755869,
        56.08998578041792,
        5.600000000000023
      ],
      [
        -5.551811316981912,
        56.08999466523528,
        5.600000000000023
      ],
      [
        -5.551824560388923,
        56.090003633871675,
        5.600000000000023
      ],
      [
        -5.551837803795934,
        56.09001277014613,
        5.600000000000023
      ],
      [
        -5.551851047202945,
        56.09002207405865,
        5.600000000000023
      ],
      [
        -5.551864290609956,
        56.090031545609236,
        5.399999999999977
      ],
      [
        -5.5518776178359985,
        56.09004118479788,
        5.399999999999977
      ],
      [
        -5.551891028881073,
        56.09005090780556,
        5.399999999999977
      ],
      [
        -5.551904523745179,
        56.090060798451304,
        5.399999999999977
      ],
      [
        -5.551918353885412,
        56.09007077291608,
        5.199999999999989
      ],
      [
        -5.551932519301772,
        56.090080831199884,
        5.199999999999989
      ],
      [
        -5.551947019994259,
        56.090091057121754,
        5.199999999999989
      ],
      [
        -5.551961939781904,
        56.09010128304362,
        5
      ],
      [
        -5.55197736248374,
        56.090111676603556,
        5
      ],
      [
        -5.551993204280734,
        56.09012198634446,
        5
      ],
      [
        -5.552009381353855,
        56.09013237990439,
        5
      ],
      [
        -5.552025893703103,
        56.09014277346432,
        4.800000000000011
      ],
      [
        -5.552042657509446,
        56.09015308320522,
        4.800000000000011
      ],
      [
        -5.552059672772884,
        56.09016330912709,
        4.800000000000011
      ],
      [
        -5.552076939493418,
        56.09017345122993,
        4.800000000000011
      ],
      [
        -5.552094206213951,
        56.09018359333277,
        4.800000000000011
      ],
      [
        -5.552111640572548,
        56.09019356779754,
        4.800000000000011
      ],
      [
        -5.552129074931145,
        56.09020337462425,
        4.800000000000011
      ],
      [
        -5.5521465092897415,
        56.09021309763193,
        4.800000000000011
      ],
      [
        -5.552163943648338,
        56.09022265300155,
        4.800000000000011
      ],
      [
        -5.552181294187903,
        56.0902320407331,
        4.800000000000011
      ],
      [
        -5.5521986447274685,
        56.09024126082659,
        5
      ],
      [
        -5.552215911448002,
        56.090250397101045,
        5
      ],
      [
        -5.552233178168535,
        56.09025944955647,
        5.199999999999989
      ],
      [
        -5.552250444889069,
        56.09026841819286,
        5.199999999999989
      ],
      [
        -5.5522675439715385,
        56.09027738682926,
        5.399999999999977
      ],
      [
        -5.55228472687304,
        56.09028627164662,
        5.399999999999977
      ],
      [
        -5.552301742136478,
        56.09029507264495,
        5.600000000000023
      ],
      [
        -5.552318673580885,
        56.09030387364328,
        5.600000000000023
      ],
      [
        -5.552335437387228,
        56.09031267464161,
        5.800000000000011
      ],
      [
        -5.552352033555508,
        56.09032147563994,
        5.800000000000011
      ],
      [
        -5.552368462085724,
        56.09033027663827,
        6
      ],
      [
        -5.552384639158845,
        56.09033899381757,
        6
      ],
      [
        -5.552400732412934,
        56.0903477948159,
        6
      ],
      [
        -5.55241665802896,
        56.09035659581423,
        6
      ],
      [
        -5.552432499825954,
        56.09036539681256,
        6
      ],
      [
        -5.552448173984885,
        56.09037428162992,
        6
      ],
      [
        -5.552463680505753,
        56.09038308262825,
        6
      ],
      [
        -5.55247918702662,
        56.09039196744561,
        6
      ],
      [
        -5.5524946097284555,
        56.090400852262974,
        6
      ],
      [
        -5.5525099486112595,
        56.09040982089937,
        6
      ],
      [
        -5.552525371313095,
        56.09041878953576,
        6
      ],
      [
        -5.552540626376867,
        56.090427841991186,
        6
      ],
      [
        -5.552555965259671,
        56.09043697826564,
        6
      ],
      [
        -5.552571220323443,
        56.0904461145401,
        6
      ],
      [
        -5.552586643025279,
        56.09045533463359,
        6
      ],
      [
        -5.552602065727115,
        56.09046463854611,
        6
      ],
      [
        -5.5526177398860455,
        56.09047402627766,
        6
      ],
      [
        -5.55263358168304,
        56.09048358164728,
        6
      ],
      [
        -5.552649758756161,
        56.090493304654956,
        5.800000000000011
      ],
      [
        -5.55266635492444,
        56.090503027662635,
        5.800000000000011
      ],
      [
        -5.552683286368847,
        56.09051291830838,
        5.800000000000011
      ],
      [
        -5.552700636908412,
        56.09052289277315,
        5.800000000000011
      ],
      [
        -5.552718322724104,
        56.09053295105696,
        5.800000000000011
      ],
      [
        -5.552736343815923,
        56.09054300934076,
        5.800000000000011
      ],
      [
        -5.552754616364837,
        56.0905531514436,
        5.800000000000011
      ],
      [
        -5.552773140370846,
        56.09056320972741,
        5.800000000000011
      ],
      [
        -5.552791748195887,
        56.090573351830244,
        5.600000000000023
      ],
      [
        -5.552810356020927,
        56.09058349393308,
        5.600000000000023
      ],
      [
        -5.5528288800269365,
        56.09059363603592,
        5.600000000000023
      ],
      [
        -5.552847236394882,
        56.090603694319725,
        5.600000000000023
      ],
      [
        -5.552865341305733,
        56.0906136687845,
        5.399999999999977
      ],
      [
        -5.552883110940456,
        56.090623727068305,
        5.399999999999977
      ],
      [
        -5.5529004614800215,
        56.09063361771405,
        5.399999999999977
      ],
      [
        -5.552917392924428,
        56.09064350835979,
        5.199999999999989
      ],
      [
        -5.552933989092708,
        56.0906533151865,
        5.199999999999989
      ],
      [
        -5.552950166165829,
        56.09066303819418,
        5
      ],
      [
        -5.552966175600886,
        56.09067267738283,
        5
      ],
      [
        -5.552981933578849,
        56.09068223275244,
        4.800000000000011
      ],
      [
        -5.552997691556811,
        56.090691620483994,
        4.800000000000011
      ],
      [
        -5.553013365715742,
        56.09070084057748,
        4.600000000000023
      ],
      [
        -5.553029039874673,
        56.09070989303291,
        4.600000000000023
      ],
      [
        -5.553044881671667,
        56.0907188616693,
        4.399999999999977
      ],
      [
        -5.553060807287693,
        56.0907275788486,
        4.399999999999977
      ],
      [
        -5.553076984360814,
        56.09073621220887,
        4.399999999999977
      ],
      [
        -5.553093329071999,
        56.09074459411204,
        4.199999999999989
      ],
      [
        -5.553109925240278,
        56.09075280837715,
        4.199999999999989
      ],
      [
        -5.553126772865653,
        56.09076077118516,
        4.199999999999989
      ],
      [
        -5.553143871948123,
        56.09076856635511,
        4.199999999999989
      ],
      [
        -5.55316130630672,
        56.090776110067964,
        4.199999999999989
      ],
      [
        -5.553179075941443,
        56.09078331850469,
        4
      ],
      [
        -5.553197264671326,
        56.09079027548432,
        4
      ],
      [
        -5.5532158724963665,
        56.09079689718783,
        4.199999999999989
      ],
      [
        -5.553234815597534,
        56.09080326743424,
        4.199999999999989
      ],
      [
        -5.553254261612892,
        56.09080930240452,
        4.199999999999989
      ],
      [
        -5.553274126723409,
        56.09081508591771,
        4.199999999999989
      ],
      [
        -5.553294327110052,
        56.09082053415477,
        4.399999999999977
      ],
      [
        -5.553315030410886,
        56.09082573093474,
        4.399999999999977
      ],
      [
        -5.553335985168815,
        56.09083076007664,
        4.399999999999977
      ],
      [
        -5.553357359021902,
        56.09083553776145,
        4.600000000000023
      ],
      [
        -5.553378984332085,
        56.09084006398916,
        4.800000000000011
      ],
      [
        -5.553400944918394,
        56.09084450639784,
        4.800000000000011
      ],
      [
        -5.553423156961799,
        56.09084878116846,
        5
      ],
      [
        -5.553445536643267,
        56.090852888301015,
        5
      ],
      [
        -5.55346816778183,
        56.09085691161454,
        5.199999999999989
      ],
      [
        -5.553490882739425,
        56.090860767289996,
        5.199999999999989
      ],
      [
        -5.553513765335083,
        56.09086453914642,
        5.399999999999977
      ],
      [
        -5.553536815568805,
        56.09086814336479,
        5.399999999999977
      ],
      [
        -5.553559949621558,
        56.09087166376412,
        5.399999999999977
      ],
      [
        -5.553583251312375,
        56.09087510034442,
        5.600000000000023
      ],
      [
        -5.553606804460287,
        56.090878369286656,
        5.600000000000023
      ],
      [
        -5.553630441427231,
        56.09088155440986,
        5.600000000000023
      ],
      [
        -5.553654413670301,
        56.090884655714035,
        5.600000000000023
      ],
      [
        -5.553678469732404,
        56.090887589380145,
        5.800000000000011
      ],
      [
        -5.553702777251601,
        56.09089043922722,
        5.800000000000011
      ],
      [
        -5.553727252408862,
        56.09089320525527,
        5.800000000000011
      ],
      [
        -5.553751811385155,
        56.09089580364525,
        5.800000000000011
      ],
      [
        -5.553776537999511,
        56.09089823439717,
        5.800000000000011
      ],
      [
        -5.553801180794835,
        56.09090049751103,
        5.800000000000011
      ],
      [
        -5.553825739771128,
        56.09090259298682,
        5.800000000000011
      ],
      [
        -5.553850131109357,
        56.09090460464358,
        5.800000000000011
      ],
      [
        -5.553874270990491,
        56.09090644866228,
        5.800000000000011
      ],
      [
        -5.55389815941453,
        56.09090820886195,
        5.800000000000011
      ],
      [
        -5.553921712562442,
        56.09090980142355,
        5.800000000000011
      ],
      [
        -5.553945014253259,
        56.09091139398515,
        5.800000000000011
      ],
      [
        -5.553967980667949,
        56.09091290272772,
        5.800000000000011
      ],
      [
        -5.553990611806512,
        56.090914411470294,
        6
      ],
      [
        -5.55401299148798,
        56.0909160040319,
        6
      ],
      [
        -5.554035035893321,
        56.0909175965935,
        6
      ],
      [
        -5.554056912660599,
        56.0909191891551,
        6
      ],
      [
        -5.554078537970781,
        56.090920781716704,
        6.199999999999989
      ],
      [
        -5.554100163280964,
        56.09092245809734,
        6.199999999999989
      ],
      [
        -5.554121620953083,
        56.09092413447797,
        6.199999999999989
      ],
      [
        -5.554143246263266,
        56.09092589467764,
        6.199999999999989
      ],
      [
        -5.554164871573448,
        56.09092757105827,
        6.199999999999989
      ],
      [
        -5.554186664521694,
        56.09092933125794,
        6.199999999999989
      ],
      [
        -5.554208625108004,
        56.090931091457605,
        6.199999999999989
      ],
      [
        -5.554230669513345,
        56.09093276783824,
        6.199999999999989
      ],
      [
        -5.554253049194813,
        56.090934444218874,
        6.199999999999989
      ],
      [
        -5.554275596514344,
        56.09093612059951,
        6.199999999999989
      ],
      [
        -5.554298395290971,
        56.09093779698014,
        6.199999999999989
      ],
      [
        -5.5543214455246925,
        56.09093947336078,
        6.199999999999989
      ],
      [
        -5.554344747215509,
        56.09094114974141,
        6.199999999999989
      ],
      [
        -5.554368132725358,
        56.090942826122046,
        6
      ],
      [
        -5.554391602054238,
        56.09094450250268,
        6
      ],
      [
        -5.55441515520215,
        56.090946262702346,
        5.800000000000011
      ],
      [
        -5.554438792169094,
        56.09094793908298,
        5.800000000000011
      ],
      [
        -5.554462429136038,
        56.090949699282646,
        5.600000000000023
      ],
      [
        -5.554486149922013,
        56.09095145948231,
        5.399999999999977
      ],
      [
        -5.5545099545270205,
        56.09095321968198,
        5.399999999999977
      ],
      [
        -5.554533926770091,
        56.09095489606261,
        5.199999999999989
      ],
      [
        -5.554558066651225,
        56.09095665626228,
        5
      ],
      [
        -5.554582457989454,
        56.090958500280976,
        5
      ],
      [
        -5.554607016965747,
        56.090960344299674,
        4.800000000000011
      ],
      [
        -5.554631911218166,
        56.09096218831837,
        4.600000000000023
      ],
      [
        -5.554656973108649,
        56.0909641161561,
        4.600000000000023
      ],
      [
        -5.554682286456227,
        56.09096604399383,
        4.600000000000023
      ],
      [
        -5.554707767441869,
        56.09096805565059,
        4.399999999999977
      ],
      [
        -5.554733332246542,
        56.09097006730735,
        4.399999999999977
      ],
      [
        -5.554758980870247,
        56.090972078964114,
        4.399999999999977
      ],
      [
        -5.554784629493952,
        56.09097425825894,
        4.600000000000023
      ],
      [
        -5.554810110479593,
        56.09097635373473,
        4.600000000000023
      ],
      [
        -5.554835507646203,
        56.090978533029556,
        4.600000000000023
      ],
      [
        -5.554860653355718,
        56.09098071232438,
        4.600000000000023
      ],
      [
        -5.554885547608137,
        56.090982891619205,
        4.600000000000023
      ],
      [
        -5.55491010658443,
        56.090984987095,
        4.800000000000011
      ],
      [
        -5.5549343302845955,
        56.09098708257079,
        4.800000000000011
      ],
      [
        -5.554958218708634,
        56.09098909422755,
        4.800000000000011
      ],
      [
        -5.554981771856546,
        56.09099102206528,
        4.800000000000011
      ],
      [
        -5.5550049059093,
        56.09099278226495,
        4.800000000000011
      ],
      [
        -5.555027704685926,
        56.090994542464614,
        4.800000000000011
      ],
      [
        -5.5550500843673944,
        56.09099613502622,
        4.800000000000011
      ],
      [
        -5.555072296410799,
        56.09099764376879,
        4.800000000000011
      ],
      [
        -5.555092748254538,
        56.09099672175944,
        4.600000000000023
      ],
      [
        -5.55511387065053,
        56.09099479392171,
        4.600000000000023
      ],
      [
        -5.555135160684586,
        56.090992614626884,
        4.399999999999977
      ],
      [
        -5.555156702175736,
        56.090990183874965,
        4.199999999999989
      ],
      [
        -5.555178578943014,
        56.09098750166595,
        4.199999999999989
      ],
      [
        -5.555200623348355,
        56.09098448418081,
        4
      ],
      [
        -5.555223003029823,
        56.09098121523857,
        4
      ],
      [
        -5.5552456341683865,
        56.09097769483924,
        3.8000000000000114
      ],
      [
        -5.555268432945013,
        56.09097392298281,
        3.8000000000000114
      ],
      [
        -5.5552915669977665,
        56.09096998348832,
        3.8000000000000114
      ],
      [
        -5.555314952507615,
        56.09096587635577,
        3.8000000000000114
      ],
      [
        -5.555338505655527,
        56.09096176922321,
        3.8000000000000114
      ],
      [
        -5.555362394079566,
        56.090957494452596,
        4
      ],
      [
        -5.555386366322637,
        56.09095330350101,
        4
      ],
      [
        -5.555410506203771,
        56.090949112549424,
        4
      ],
      [
        -5.555434646084905,
        56.0909450892359,
        4.199999999999989
      ],
      [
        -5.555458702147007,
        56.09094114974141,
        4.199999999999989
      ],
      [
        -5.555482674390078,
        56.090937461704016,
        4.199999999999989
      ],
      [
        -5.555506395176053,
        56.090933941304684,
        4.199999999999989
      ],
      [
        -5.555529948323965,
        56.09093067236245,
        4.399999999999977
      ],
      [
        -5.555553250014782,
        56.090927654877305,
        4.399999999999977
      ],
      [
        -5.555576384067535,
        56.09092488884926,
        4.399999999999977
      ],
      [
        -5.555599350482225,
        56.09092237427831,
        4.399999999999977
      ],
      [
        -5.55562206543982,
        56.09092011116445,
        4.199999999999989
      ],
      [
        -5.5556446965783834,
        56.09091809950769,
        4.199999999999989
      ],
      [
        -5.555667327716947,
        56.09091617166996,
        4.199999999999989
      ],
      [
        -5.555689875036478,
        56.090914495289326,
        4
      ],
      [
        -5.555712506175041,
        56.09091290272772,
        4
      ],
      [
        -5.555735304951668,
        56.09091139398515,
        3.8000000000000114
      ],
      [
        -5.555758103728294,
        56.09090996906161,
        3.8000000000000114
      ],
      [
        -5.555780986323953,
        56.090908627957106,
        3.8000000000000114
      ],
      [
        -5.555804036557674,
        56.09090745449066,
        3.6000000000000227
      ],
      [
        -5.555827002972364,
        56.09090636484325,
        3.6000000000000227
      ],
      [
        -5.555849969387054,
        56.09090535901487,
        3.6000000000000227
      ],
      [
        -5.555872851982713,
        56.09090452082455,
        3.3999999999999773
      ],
      [
        -5.555895566940308,
        56.090903766453266,
        3.3999999999999773
      ],
      [
        -5.555918198078871,
        56.090903263539076,
        3.3999999999999773
      ],
      [
        -5.555940493941307,
        56.09090284444392,
        3.3999999999999773
      ],
      [
        -5.555962538346648,
        56.090902760624886,
        3.3999999999999773
      ],
      [
        -5.5559842474758625,
        56.09090284444392,
        3.1999999999999886
      ],
      [
        -5.556005537509918,
        56.090903263539076,
        3.1999999999999886
      ],
      [
        -5.556026324629784,
        56.09090393409133,
        3.1999999999999886
      ],
      [
        -5.5560466926544905,
        56.09090485610068,
        3.1999999999999886
      ],
      [
        -5.556066641584039,
        56.090906113386154,
        3
      ],
      [
        -5.556080723181367,
        56.09091466292739,
        3.1999999999999886
      ],
      [
        -5.556091954931617,
        56.09092346392572,
        3.1999999999999886
      ],
      [
        -5.556102180853486,
        56.09093285165727,
        3
      ],
      [
        -5.556111317127943,
        56.09094265848398,
        3
      ],
      [
        -5.556119363754988,
        56.09095296822488,
        2.8000000000000114
      ],
      [
        -5.556126236915588,
        56.090963864699006,
        2.8000000000000114
      ],
      [
        -5.55613218806684,
        56.090975096449256,
        2.6000000000000227
      ],
      [
        -5.556137217208743,
        56.090986831113696,
        2.3999999999999773
      ],
      [
        -5.556141659617424,
        56.09099881723523,
        2.3999999999999773
      ],
      [
        -5.556145682930946,
        56.09101097099483,
        2.1999999999999886
      ],
      [
        -5.556149706244469,
        56.09102329239249,
        2.1999999999999886
      ],
      [
        -5.5561538971960545,
        56.091035613790154,
        2
      ],
      [
        -5.5561585910618305,
        56.09104776754975,
        2
      ],
      [
        -5.556164039298892,
        56.09105975367129,
        2
      ],
      [
        -5.556170493364334,
        56.091071320697665,
        1.8000000000000114
      ],
      [
        -5.55617812089622,
        56.091082552447915,
        1.8000000000000114
      ],
      [
        -5.556187089532614,
        56.091093281283975,
        1.8000000000000114
      ],
      [
        -5.556197566911578,
        56.09110342338681,
        1.8000000000000114
      ],
      [
        -5.556209469214082,
        56.091112894937396,
        1.8000000000000114
      ],
      [
        -5.556222712621093,
        56.09112177975476,
        1.8000000000000114
      ],
      [
        -5.55623721331358,
        56.091129994019866,
        1.8000000000000114
      ],
      [
        -5.556252719834447,
        56.09113753773272,
        1.8000000000000114
      ],
      [
        -5.556267723441124,
        56.09113393351436,
        2
      ],
      [
        -5.55628314614296,
        56.09112722799182,
        1.8000000000000114
      ],
      [
        -5.556297395378351,
        56.091119768098,
        1.8000000000000114
      ],
      [
        -5.556310471147299,
        56.09111163765192,
        1.8000000000000114
      ],
      [
        -5.556322289630771,
        56.09110266901553,
        1.8000000000000114
      ],
      [
        -5.5563329346477985,
        56.09109311364591,
        1.8000000000000114
      ],
      [
        -5.556342490017414,
        56.09108280390501,
        1.6000000000000227
      ],
      [
        -5.556351039558649,
        56.09107190743089,
        1.6000000000000227
      ],
      [
        -5.556358750909567,
        56.091060508042574,
        1.6000000000000227
      ],
      [
        -5.556365875527263,
        56.091048773378134,
        1.6000000000000227
      ],
      [
        -5.5563724134117365,
        56.09103670343757,
        1.6000000000000227
      ],
      [
        -5.556378616020083,
        56.091024382039905,
        1.6000000000000227
      ],
      [
        -5.556384650990367,
        56.09101206064224,
        1.8000000000000114
      ],
      [
        -5.556390518322587,
        56.09099973924458,
        1.8000000000000114
      ],
      [
        -5.5563965532928705,
        56.09098741784692,
        1.8000000000000114
      ],
      [
        -5.556402672082186,
        56.09097526408732,
        1.8000000000000114
      ],
      [
        -5.556409042328596,
        56.090963277965784,
        1.8000000000000114
      ],
      [
        -5.556415831670165,
        56.090951543301344,
        1.8000000000000114
      ],
      [
        -5.556423123925924,
        56.090940060094,
        2
      ],
      [
        -5.5564310029149055,
        56.09092882834375,
        2
      ],
      [
        -5.5564395524561405,
        56.090917848050594,
        2
      ],
      [
        -5.556448856368661,
        56.09090720303357,
        2
      ],
      [
        -5.55646201595664,
        56.09089613892138,
        2.1999999999999886
      ],
      [
        -5.556478360667825,
        56.090891947969794,
        2.3999999999999773
      ],
      [
        -5.556495375931263,
        56.0908882599324,
        2.3999999999999773
      ],
      [
        -5.55651281028986,
        56.090885074809194,
        2.6000000000000227
      ],
      [
        -5.556530663743615,
        56.09088239260018,
        2.8000000000000114
      ],
      [
        -5.556548852473497,
        56.09088046476245,
        2.8000000000000114
      ],
      [
        -5.5565673764795065,
        56.09087912365794,
        2.8000000000000114
      ],
      [
        -5.556586068123579,
        56.09087845310569,
        3
      ],
      [
        -5.556604927405715,
        56.09087862074375,
        3
      ],
      [
        -5.556623702868819,
        56.09087945893407,
        3
      ],
      [
        -5.556642226874828,
        56.0908811353147,
        3.1999999999999886
      ],
      [
        -5.556660415604711,
        56.09088356606662,
        3.1999999999999886
      ],
      [
        -5.556677933782339,
        56.09088683500886,
        3.1999999999999886
      ],
      [
        -5.556694781407714,
        56.09089085832238,
        3.1999999999999886
      ],
      [
        -5.556710539385676,
        56.09089571982622,
        3.1999999999999886
      ],
      [
        -5.556725040078163,
        56.090901335701346,
        3.1999999999999886
      ],
      [
        -5.5567381996661425,
        56.09090787358582,
        3.1999999999999886
      ],
      [
        -5.5567496828734875,
        56.09091516584158,
        3
      ],
      [
        -5.556759657338262,
        56.090923296287656,
        3
      ],
      [
        -5.556768039241433,
        56.09093218110502,
        2.8000000000000114
      ],
      [
        -5.556774912402034,
        56.090941820293665,
        2.8000000000000114
      ],
      [
        -5.556780360639095,
        56.090952046215534,
        2.6000000000000227
      ],
      [
        -5.556784635409713,
        56.09096294268966,
        2.6000000000000227
      ],
      [
        -5.556787736713886,
        56.09097425825894,
        2.3999999999999773
      ],
      [
        -5.556789916008711,
        56.09098607674241,
        2.1999999999999886
      ],
      [
        -5.55679134093225,
        56.09099823050201,
        2.1999999999999886
      ],
      [
        -5.556792179122567,
        56.091010719537735,
        2
      ],
      [
        -5.556792430579662,
        56.091023376211524,
        1.8000000000000114
      ],
      [
        -5.556792346760631,
        56.09103628434241,
        1.6000000000000227
      ],
      [
        -5.55679184384644,
        56.091049360111356,
        1.6000000000000227
      ],
      [
        -5.556791089475155,
        56.091062519699335,
        1.3999999999999773
      ],
      [
        -5.556790167465806,
        56.091075763106346,
        1.1999999999999886
      ],
      [
        -5.556789077818394,
        56.09108909033239,
        1.1999999999999886
      ],
      [
        -5.55678790435195,
        56.09110241755843,
        1
      ],
      [
        -5.556786730885506,
        56.091115744784474,
        1
      ]
    ]
  }
}
