{
  "type": "Feature",
  "properties": {
    "id": "strava-3921002124",
    "activity": "walking",
    "name": "Wee walk and Seals!",
    "date": "2020-08-15T13:12:11.000Z",
    "distanceKm": 3.02,
    "movingTimeSeconds": 2167,
    "elapsedTimeSeconds": 3948,
    "ascentM": 86,
    "descentM": 91.6,
    "providers": [
      "Strava"
    ]
  },
  "geometry": {
    "type": "LineString",
    "coordinates": [
      [
        -5.094968844205141,
        55.782606806606054,
        13.799999999999955
      ],
      [
        -5.094988541677594,
        55.78259674832225,
        13.799999999999955
      ],
      [
        -5.095008239150047,
        55.78258669003844,
        13.799999999999955
      ],
      [
        -5.095028104260564,
        55.782576547935605,
        13.600000000000023
      ],
      [
        -5.0950482208281755,
        55.782566322013736,
        13.600000000000023
      ],
      [
        -5.095068588852882,
        55.78255609609187,
        13.600000000000023
      ],
      [
        -5.095089375972748,
        55.7825456187129,
        13.600000000000023
      ],
      [
        -5.095110582187772,
        55.782535057514906,
        13.600000000000023
      ],
      [
        -5.095132375136018,
        55.782524328678846,
        13.399999999999977
      ],
      [
        -5.095154754817486,
        55.78251326456666,
        13.399999999999977
      ],
      [
        -5.095177888870239,
        55.78250211663544,
        13.399999999999977
      ],
      [
        -5.095201609656215,
        55.7824906334281,
        13.399999999999977
      ],
      [
        -5.095226000994444,
        55.78247889876366,
        13.399999999999977
      ],
      [
        -5.095251398161054,
        55.78246674500406,
        13.399999999999977
      ],
      [
        -5.095278304070234,
        55.78245400451124,
        13.399999999999977
      ],
      [
        -5.09530546143651,
        55.78244109638035,
        13.399999999999977
      ],
      [
        -5.095332618802786,
        55.782428020611405,
        13.399999999999977
      ],
      [
        -5.095359440892935,
        55.78241494484246,
        13.399999999999977
      ],
      [
        -5.095385760068893,
        55.78240186907351,
        13.399999999999977
      ],
      [
        -5.095411241054535,
        55.782388960942626,
        13.399999999999977
      ],
      [
        -5.095435632392764,
        55.78237613663077,
        13.399999999999977
      ],
      [
        -5.095458850264549,
        55.782363563776016,
        13.399999999999977
      ],
      [
        -5.095480727031827,
        55.782351242378354,
        13.399999999999977
      ],
      [
        -5.095501262694597,
        55.78233917243779,
        13.200000000000045
      ],
      [
        -5.0955206248909235,
        55.782327353954315,
        13.200000000000045
      ],
      [
        -5.095538981258869,
        55.78231578692794,
        13.200000000000045
      ],
      [
        -5.095556415617466,
        55.78230447135866,
        13.200000000000045
      ],
      [
        -5.095573263242841,
        55.78229332342744,
        13
      ],
      [
        -5.09558985941112,
        55.782282426953316,
        13
      ],
      [
        -5.095606287941337,
        55.782271614298224,
        13
      ],
      [
        -5.095622800290585,
        55.7822609692812,
        12.799999999999955
      ],
      [
        -5.095639564096928,
        55.7822504080832,
        12.799999999999955
      ],
      [
        -5.095656663179398,
        55.78224001452327,
        12.600000000000023
      ],
      [
        -5.095674181357026,
        55.7822297886014,
        12.600000000000023
      ],
      [
        -5.095692202448845,
        55.78221964649856,
        12.600000000000023
      ],
      [
        -5.095710642635822,
        55.782209588214755,
        12.399999999999977
      ],
      [
        -5.095729501917958,
        55.782199781388044,
        12.399999999999977
      ],
      [
        -5.095748612657189,
        55.782189974561334,
        12.200000000000045
      ],
      [
        -5.095767974853516,
        55.78218041919172,
        12.200000000000045
      ],
      [
        -5.095787504687905,
        55.782170947641134,
        12.200000000000045
      ],
      [
        -5.095807118341327,
        55.78216155990958,
        12
      ],
      [
        -5.09582681581378,
        55.78215233981609,
        12
      ],
      [
        -5.0958463456481695,
        55.78214320354164,
        11.800000000000011
      ],
      [
        -5.0958657916635275,
        55.78213423490524,
        11.800000000000011
      ],
      [
        -5.09588498622179,
        55.78212535008788,
        11.800000000000011
      ],
      [
        -5.095903929322958,
        55.78211654908955,
        11.600000000000023
      ],
      [
        -5.0959226209670305,
        55.78210783191025,
        11.600000000000023
      ],
      [
        -5.095940977334976,
        55.782099198549986,
        11.600000000000023
      ],
      [
        -5.095959082245827,
        55.78209073282778,
        11.399999999999977
      ],
      [
        -5.09597685188055,
        55.78208226710558,
        11.399999999999977
      ],
      [
        -5.095994370058179,
        55.78207388520241,
        11.399999999999977
      ],
      [
        -5.096011720597744,
        55.78206558711827,
        11.199999999999989
      ],
      [
        -5.096028735861182,
        55.78205737285316,
        11.199999999999989
      ],
      [
        -5.096045583486557,
        55.78204915858805,
        11.199999999999989
      ],
      [
        -5.096062263473868,
        55.782040944322944,
        11
      ],
      [
        -5.096078692004085,
        55.78203281387687,
        11
      ],
      [
        -5.096094952896237,
        55.78202459961176,
        10.800000000000011
      ],
      [
        -5.096111046150327,
        55.78201638534665,
        10.800000000000011
      ],
      [
        -5.096126971766353,
        55.78200808726251,
        10.800000000000011
      ],
      [
        -5.096142645925283,
        55.78199970535934,
        10.600000000000023
      ],
      [
        -5.0961582362651825,
        55.78199123963714,
        10.600000000000023
      ],
      [
        -5.096173658967018,
        55.78198260627687,
        10.600000000000023
      ],
      [
        -5.09618891403079,
        55.78197380527854,
        10.600000000000023
      ],
      [
        -5.096204001456499,
        55.78196492046118,
        10.399999999999977
      ],
      [
        -5.096219088882208,
        55.78195578418672,
        10.399999999999977
      ],
      [
        -5.096234176307917,
        55.781946647912264,
        10.399999999999977
      ],
      [
        -5.096249263733625,
        55.78193734399974,
        10.399999999999977
      ],
      [
        -5.096264434978366,
        55.78192795626819,
        10.399999999999977
      ],
      [
        -5.09627977386117,
        55.78191848471761,
        10.399999999999977
      ],
      [
        -5.096295364201069,
        55.781909013167024,
        10.399999999999977
      ],
      [
        -5.096311289817095,
        55.78189954161644,
        10.399999999999977
      ],
      [
        -5.096327634528279,
        55.78189015388489,
        10.399999999999977
      ],
      [
        -5.096344314515591,
        55.781880682334304,
        10.399999999999977
      ],
      [
        -5.096361497417092,
        55.78187137842178,
        10.600000000000023
      ],
      [
        -5.096379183232784,
        55.78186207450926,
        10.600000000000023
      ],
      [
        -5.096397288143635,
        55.78185277059674,
        10.600000000000023
      ],
      [
        -5.096415812149644,
        55.781843634322286,
        10.600000000000023
      ],
      [
        -5.096434839069843,
        55.78183449804783,
        10.600000000000023
      ],
      [
        -5.0964542012661695,
        55.78182536177337,
        10.600000000000023
      ],
      [
        -5.096473898738623,
        55.781816309317946,
        10.600000000000023
      ],
      [
        -5.096493847668171,
        55.78180725686252,
        10.600000000000023
      ],
      [
        -5.096513796597719,
        55.78179828822613,
        10.600000000000023
      ],
      [
        -5.0965337455272675,
        55.7817892357707,
        10.600000000000023
      ],
      [
        -5.096553526818752,
        55.781780099496245,
        10.600000000000023
      ],
      [
        -5.096573056653142,
        55.78177096322179,
        10.600000000000023
      ],
      [
        -5.096592251211405,
        55.78176182694733,
        10.600000000000023
      ],
      [
        -5.096611026674509,
        55.78175252303481,
        10.600000000000023
      ],
      [
        -5.096629383042455,
        55.78174321912229,
        10.800000000000011
      ],
      [
        -5.096647320315242,
        55.78173383139074,
        10.800000000000011
      ],
      [
        -5.09666483849287,
        55.781724359840155,
        10.800000000000011
      ],
      [
        -5.096682021394372,
        55.78171488828957,
        10.800000000000011
      ],
      [
        -5.09669903665781,
        55.781705332919955,
        10.800000000000011
      ],
      [
        -5.096715968102217,
        55.78169577755034,
        11
      ],
      [
        -5.09673273190856,
        55.781686222180724,
        11
      ],
      [
        -5.096749579533935,
        55.78167658299208,
        11
      ],
      [
        -5.096766510978341,
        55.78166694380343,
        11
      ],
      [
        -5.096783526241779,
        55.78165722079575,
        11
      ],
      [
        -5.096800709143281,
        55.78164749778807,
        11
      ],
      [
        -5.096817975863814,
        55.78163760714233,
        10.800000000000011
      ],
      [
        -5.096835410222411,
        55.78162771649659,
        10.800000000000011
      ],
      [
        -5.096853012219071,
        55.781617825850844,
        10.800000000000011
      ],
      [
        -5.096870698034763,
        55.78160776756704,
        10.800000000000011
      ],
      [
        -5.096888383850455,
        55.78159770928323,
        10.800000000000011
      ],
      [
        -5.096906069666147,
        55.78158765099943,
        10.800000000000011
      ],
      [
        -5.096923755481839,
        55.78157759271562,
        10.800000000000011
      ],
      [
        -5.096941273659468,
        55.781567534431815,
        10.600000000000023
      ],
      [
        -5.096958624199033,
        55.78155739232898,
        10.600000000000023
      ],
      [
        -5.096975807100534,
        55.78154733404517,
        10.600000000000023
      ],
      [
        -5.096992822363973,
        55.7815373595804,
        10.600000000000023
      ],
      [
        -5.097009502351284,
        55.78152730129659,
        10.600000000000023
      ],
      [
        -5.0970258470624685,
        55.78151732683182,
        10.600000000000023
      ],
      [
        -5.097041856497526,
        55.78150735236704,
        10.600000000000023
      ],
      [
        -5.0970573630183935,
        55.78149737790227,
        10.600000000000023
      ],
      [
        -5.097072366625071,
        55.78148731961846,
        10.399999999999977
      ],
      [
        -5.097086699679494,
        55.781477177515626,
        10.399999999999977
      ],
      [
        -5.097100278362632,
        55.78146703541279,
        10.399999999999977
      ],
      [
        -5.097113102674484,
        55.78145672567189,
        10.399999999999977
      ],
      [
        -5.0971250887960196,
        55.781446332111955,
        10.399999999999977
      ],
      [
        -5.097136152908206,
        55.78143577091396,
        10.199999999999989
      ],
      [
        -5.0971462950110435,
        55.7814250420779,
        10.199999999999989
      ],
      [
        -5.097155682742596,
        55.781414145603776,
        10.199999999999989
      ],
      [
        -5.097159957513213,
        55.78140115365386,
        10
      ],
      [
        -5.0971622206270695,
        55.78138757497072,
        10
      ],
      [
        -5.097164148464799,
        55.78137391246855,
        10
      ],
      [
        -5.097165824845433,
        55.78136016614735,
        9.800000000000011
      ],
      [
        -5.097167165949941,
        55.78134633600712,
        9.800000000000011
      ],
      [
        -5.097168255597353,
        55.78133242204785,
        9.800000000000011
      ],
      [
        -5.097169177606702,
        55.78131850808859,
        9.600000000000023
      ],
      [
        -5.097169931977987,
        55.78130451031029,
        9.600000000000023
      ],
      [
        -5.097170518711209,
        55.781290512531996,
        9.600000000000023
      ],
      [
        -5.0971710216254,
        55.7812765147537,
        9.600000000000023
      ],
      [
        -5.09717152453959,
        55.781262600794435,
        9.600000000000023
      ],
      [
        -5.0971719436347485,
        55.78124868683517,
        9.600000000000023
      ],
      [
        -5.097172446548939,
        55.781234772875905,
        9.399999999999977
      ],
      [
        -5.097173033282161,
        55.78122085891664,
        9.399999999999977
      ],
      [
        -5.097173620015383,
        55.781206944957376,
        9.399999999999977
      ],
      [
        -5.097174206748605,
        55.78119311481714,
        9.399999999999977
      ],
      [
        -5.0971748773008585,
        55.78117928467691,
        9.399999999999977
      ],
      [
        -5.097175631672144,
        55.78116553835571,
        9.399999999999977
      ],
      [
        -5.097176469862461,
        55.78115179203451,
        9.399999999999977
      ],
      [
        -5.097177308052778,
        55.781138045713305,
        9.399999999999977
      ],
      [
        -5.097178230062127,
        55.78112446703017,
        9.399999999999977
      ],
      [
        -5.097179152071476,
        55.78111088834703,
        9.399999999999977
      ],
      [
        -5.097180074080825,
        55.78109730966389,
        9.399999999999977
      ],
      [
        -5.097180996090174,
        55.78108389861882,
        9.199999999999989
      ],
      [
        -5.097181834280491,
        55.781070571392775,
        9.199999999999989
      ],
      [
        -5.097182672470808,
        55.78105724416673,
        9.199999999999989
      ],
      [
        -5.097183343023062,
        55.78104408457875,
        9.199999999999989
      ],
      [
        -5.097183929756284,
        55.78103092499077,
        9
      ],
      [
        -5.097184265032411,
        55.781017849221826,
        9
      ],
      [
        -5.097184432670474,
        55.78100477345288,
        9
      ],
      [
        -5.097184432670474,
        55.78099178150296,
        8.800000000000011
      ],
      [
        -5.097184348851442,
        55.78097887337208,
        8.800000000000011
      ],
      [
        -5.097184265032411,
        55.780965965241194,
        8.800000000000011
      ],
      [
        -5.097184265032411,
        55.78095314092934,
        8.800000000000011
      ],
      [
        -5.097184348851442,
        55.78094040043652,
        8.600000000000023
      ],
      [
        -5.097184684127569,
        55.78092757612467,
        8.600000000000023
      ],
      [
        -5.0971851870417595,
        55.78091483563185,
        8.600000000000023
      ],
      [
        -5.097186109051108,
        55.78090209513903,
        8.600000000000023
      ],
      [
        -5.097187366336584,
        55.780889270827174,
        8.600000000000023
      ],
      [
        -5.09718912653625,
        55.78087653033435,
        8.399999999999977
      ],
      [
        -5.097191305831075,
        55.78086362220347,
        8.399999999999977
      ],
      [
        -5.09719398804009,
        55.78085079789162,
        8.399999999999977
      ],
      [
        -5.097197173163295,
        55.7808378059417,
        8.399999999999977
      ],
      [
        -5.0972007773816586,
        55.78082489781082,
        8.399999999999977
      ],
      [
        -5.097204800695181,
        55.7808119058609,
        8.199999999999989
      ],
      [
        -5.097209243103862,
        55.780798913910985,
        8.199999999999989
      ],
      [
        -5.09721402078867,
        55.78078592196107,
        8.199999999999989
      ],
      [
        -5.0972190499305725,
        55.78077293001115,
        8.199999999999989
      ],
      [
        -5.097224414348602,
        55.78076002188027,
        8
      ],
      [
        -5.097230114042759,
        55.780747113749385,
        8
      ],
      [
        -5.097236065194011,
        55.7807342056185,
        7.800000000000011
      ],
      [
        -5.097242267802358,
        55.78072138130665,
        7.800000000000011
      ],
      [
        -5.0972488056868315,
        55.780708556994796,
        7.800000000000011
      ],
      [
        -5.097255678847432,
        55.780695816501975,
        7.600000000000023
      ],
      [
        -5.097262803465128,
        55.780683159828186,
        7.600000000000023
      ],
      [
        -5.097270347177982,
        55.780670419335365,
        7.600000000000023
      ],
      [
        -5.097278309985995,
        55.78065784648061,
        7.600000000000023
      ],
      [
        -5.097286524251103,
        55.78064518980682,
        7.399999999999977
      ],
      [
        -5.097294989973307,
        55.78063261695206,
        7.399999999999977
      ],
      [
        -5.097303623333573,
        55.780620044097304,
        7.399999999999977
      ],
      [
        -5.097312340512872,
        55.78060755506158,
        7.399999999999977
      ],
      [
        -5.097321141511202,
        55.78059506602585,
        7.399999999999977
      ],
      [
        -5.097329942509532,
        55.78058266080916,
        7.399999999999977
      ],
      [
        -5.09733865968883,
        55.7805703394115,
        7.399999999999977
      ],
      [
        -5.097347293049097,
        55.780558018013835,
        7.399999999999977
      ],
      [
        -5.097355842590332,
        55.780545780435205,
        7.399999999999977
      ],
      [
        -5.097364224493504,
        55.780533542856574,
        7.399999999999977
      ],
      [
        -5.097372522577643,
        55.780521305277944,
        7.199999999999989
      ],
      [
        -5.09738065302372,
        55.780509151518345,
        7.199999999999989
      ],
      [
        -5.0973886996507645,
        55.78049683012068,
        7.199999999999989
      ],
      [
        -5.097396662458777,
        55.78048459254205,
        7.199999999999989
      ],
      [
        -5.097404541447759,
        55.78047218732536,
        7
      ],
      [
        -5.097412336617708,
        55.780459782108665,
        7
      ],
      [
        -5.097420047968626,
        55.78044729307294,
        6.800000000000011
      ],
      [
        -5.097427675500512,
        55.78043480403721,
        6.800000000000011
      ],
      [
        -5.097435303032398,
        55.780422231182456,
        6.600000000000023
      ],
      [
        -5.097442930564284,
        55.7804096583277,
        6.399999999999977
      ],
      [
        -5.09745055809617,
        55.78039700165391,
        6.399999999999977
      ],
      [
        -5.097458269447088,
        55.78038434498012,
        6.199999999999989
      ],
      [
        -5.0974661484360695,
        55.7803716044873,
        6
      ],
      [
        -5.0974741112440825,
        55.78035886399448,
        6
      ],
      [
        -5.097482157871127,
        55.78034612350166,
        5.800000000000011
      ],
      [
        -5.0974902883172035,
        55.78033338300884,
        5.800000000000011
      ],
      [
        -5.097498502582312,
        55.78032064251602,
        5.600000000000023
      ],
      [
        -5.0975068006664515,
        55.780307902023196,
        5.600000000000023
      ],
      [
        -5.097515182569623,
        55.78029532916844,
        5.399999999999977
      ],
      [
        -5.097523648291826,
        55.78028267249465,
        5.399999999999977
      ],
      [
        -5.0975321140140295,
        55.780270183458924,
        5.399999999999977
      ],
      [
        -5.097540747374296,
        55.7802576944232,
        5.199999999999989
      ],
      [
        -5.097549380734563,
        55.78024512156844,
        5.199999999999989
      ],
      [
        -5.097558097913861,
        55.780232632532716,
        5.199999999999989
      ],
      [
        -5.097566731274128,
        55.78022014349699,
        5.199999999999989
      ],
      [
        -5.097575448453426,
        55.78020757064223,
        5.199999999999989
      ],
      [
        -5.097583997994661,
        55.780194997787476,
        5.199999999999989
      ],
      [
        -5.097592463716865,
        55.78018234111369,
        5.199999999999989
      ],
      [
        -5.097600761801004,
        55.780169600620866,
        5.199999999999989
      ],
      [
        -5.0976089760661125,
        55.78015694394708,
        5.199999999999989
      ],
      [
        -5.0976169388741255,
        55.780144203454256,
        5.199999999999989
      ],
      [
        -5.097624650225043,
        55.780131462961435,
        5.199999999999989
      ],
      [
        -5.097632110118866,
        55.780118722468615,
        5.199999999999989
      ],
      [
        -5.097639402374625,
        55.780105981975794,
        5.399999999999977
      ],
      [
        -5.097646359354258,
        55.78009340912104,
        5.399999999999977
      ],
      [
        -5.097653064876795,
        55.78008083626628,
        5.399999999999977
      ],
      [
        -5.097659518942237,
        55.780068431049585,
        5.399999999999977
      ],
      [
        -5.097665721550584,
        55.78005610965192,
        5.399999999999977
      ],
      [
        -5.097671672701836,
        55.78004412353039,
        5.600000000000023
      ],
      [
        -5.097677372395992,
        55.780032305046916,
        5.600000000000023
      ],
      [
        -5.097682736814022,
        55.7800209056586,
        5.600000000000023
      ],
      [
        -5.097687765955925,
        55.780009757727385,
        5.600000000000023
      ],
      [
        -5.097692543640733,
        55.779999028891325,
        5.600000000000023
      ],
      [
        -5.097696902230382,
        55.77998863533139,
        5.600000000000023
      ],
      [
        -5.097700925543904,
        55.77997866086662,
        5.600000000000023
      ],
      [
        -5.097704529762268,
        55.779969105497,
        5.600000000000023
      ],
      [
        -5.097707882523537,
        55.779959969222546,
        5.600000000000023
      ],
      [
        -5.097710816189647,
        55.779951168224216,
        5.399999999999977
      ],
      [
        -5.097713582217693,
        55.77994270250201,
        5.399999999999977
      ],
      [
        -5.0977161806076765,
        55.77993440441787,
        5.399999999999977
      ],
      [
        -5.097718695178628,
        55.779926190152764,
        5.199999999999989
      ],
      [
        -5.097721293568611,
        55.779917975887656,
        5.199999999999989
      ],
      [
        -5.0977241434156895,
        55.779909593984485,
        5.199999999999989
      ],
      [
        -5.097727328538895,
        55.77990104444325,
        5
      ],
      [
        -5.097730932757258,
        55.779892075806856,
        5
      ],
      [
        -5.0977350398898125,
        55.779882771894336,
        4.800000000000011
      ],
      [
        -5.097739649936557,
        55.77987321652472,
        4.800000000000011
      ],
      [
        -5.097744846716523,
        55.77986332587898,
        4.800000000000011
      ],
      [
        -5.0977506302297115,
        55.77985326759517,
        4.600000000000023
      ],
      [
        -5.097757000476122,
        55.77984295785427,
        4.600000000000023
      ],
      [
        -5.097764041274786,
        55.77983264811337,
        4.600000000000023
      ],
      [
        -5.09777158498764,
        55.77982225455344,
        4.600000000000023
      ],
      [
        -5.097779715433717,
        55.77981177717447,
        4.600000000000023
      ],
      [
        -5.0977883487939835,
        55.77980138361454,
        4.399999999999977
      ],
      [
        -5.097797401249409,
        55.77979107387364,
        4.399999999999977
      ],
      [
        -5.097806956619024,
        55.77978084795177,
        4.399999999999977
      ],
      [
        -5.097816847264767,
        55.779770789667964,
        4.399999999999977
      ],
      [
        -5.097827073186636,
        55.77976081520319,
        4.399999999999977
      ],
      [
        -5.0978375505656,
        55.77975092455745,
        4.399999999999977
      ],
      [
        -5.09784827940166,
        55.7797412853688,
        4.399999999999977
      ],
      [
        -5.097859175875783,
        55.779731729999185,
        4.199999999999989
      ],
      [
        -5.097870156168938,
        55.77972234226763,
        4.199999999999989
      ],
      [
        -5.097881220281124,
        55.779713122174144,
        4.199999999999989
      ],
      [
        -5.0978922843933105,
        55.77970398589969,
        4.199999999999989
      ],
      [
        -5.097903264686465,
        55.77969501726329,
        4.199999999999989
      ],
      [
        -5.097913993522525,
        55.779686300083995,
        4.199999999999989
      ],
      [
        -5.097924638539553,
        55.77967775054276,
        4.199999999999989
      ],
      [
        -5.097934864461422,
        55.77966936863959,
        4.199999999999989
      ],
      [
        -5.097944755107164,
        55.779661322012544,
        4.199999999999989
      ],
      [
        -5.09795431047678,
        55.779653526842594,
        4.199999999999989
      ],
      [
        -5.097963362932205,
        55.77964598312974,
        4.199999999999989
      ],
      [
        -5.097971996292472,
        55.77963877469301,
        4.199999999999989
      ],
      [
        -5.097980294376612,
        55.77963190153241,
        4.199999999999989
      ],
      [
        -5.0979880057275295,
        55.77962536364794,
        4.199999999999989
      ],
      [
        -5.0979953818023205,
        55.77961907722056,
        4.199999999999989
      ],
      [
        -5.098002254962921,
        55.779613042250276,
        4.199999999999989
      ],
      [
        -5.098004182800651,
        55.77961044386029,
        4
      ],
      [
        -5.098006781190634,
        55.77960885129869,
        4
      ],
      [
        -5.098008960485458,
        55.779607594013214,
        4
      ],
      [
        -5.098010720685124,
        55.77960642054677,
        4
      ],
      [
        -5.098012145608664,
        55.77960558235645,
        4
      ],
      [
        -5.098013151437044,
        55.7796049118042,
        4
      ],
      [
        -5.098013989627361,
        55.77960440889001,
        4
      ],
      [
        -5.098014492541552,
        55.779604157432914,
        4
      ],
      [
        -5.0980148278176785,
        55.77960407361388,
        3.8000000000000114
      ],
      [
        -5.098014995455742,
        55.77960407361388,
        3.8000000000000114
      ],
      [
        -5.098015079274774,
        55.779604157432914,
        3.8000000000000114
      ],
      [
        -5.098015079274774,
        55.77960440889001,
        3.8000000000000114
      ],
      [
        -5.098014995455742,
        55.779604660347104,
        3.8000000000000114
      ],
      [
        -5.0980148278176785,
        55.7796049118042,
        3.8000000000000114
      ],
      [
        -5.098014743998647,
        55.779605247080326,
        3.8000000000000114
      ],
      [
        -5.098014576360583,
        55.77960558235645,
        3.8000000000000114
      ],
      [
        -5.098014492541552,
        55.77960583381355,
        3.8000000000000114
      ],
      [
        -5.098014324903488,
        55.77960608527064,
        3.8000000000000114
      ],
      [
        -5.098014241084456,
        55.77960642054677,
        3.8000000000000114
      ],
      [
        -5.098014157265425,
        55.779606672003865,
        3.8000000000000114
      ],
      [
        -5.098014073446393,
        55.77960692346096,
        3.8000000000000114
      ],
      [
        -5.09801390580833,
        55.779607174918056,
        4
      ],
      [
        -5.098013738170266,
        55.77960751019418,
        4
      ],
      [
        -5.098013570532203,
        55.77960784547031,
        4
      ],
      [
        -5.098013235256076,
        55.77960826456547,
        4
      ],
      [
        -5.098012899979949,
        55.779608599841595,
        4.199999999999989
      ],
      [
        -5.098012564703822,
        55.779609102755785,
        4.199999999999989
      ],
      [
        -5.098012145608664,
        55.779609521850944,
        4.199999999999989
      ],
      [
        -5.098011726513505,
        55.7796099409461,
        4.199999999999989
      ],
      [
        -5.098011307418346,
        55.77961027622223,
        4.199999999999989
      ],
      [
        -5.098011055961251,
        55.779610611498356,
        4.199999999999989
      ],
      [
        -5.098011055961251,
        55.77961086295545,
        4.199999999999989
      ],
      [
        -5.098011307418346,
        55.77961094677448,
        4.199999999999989
      ],
      [
        -5.0980119779706,
        55.77961094677448,
        4
      ],
      [
        -5.098013151437044,
        55.77961069531739,
        4
      ],
      [
        -5.098014995455742,
        55.7796101924032,
        4
      ],
      [
        -5.0980177614837885,
        55.77960943803191,
        3.8000000000000114
      ],
      [
        -5.098021365702152,
        55.77960843220353,
        3.8000000000000114
      ],
      [
        -5.09802614338696,
        55.77960725873709,
        3.6000000000000227
      ],
      [
        -5.0980321783572435,
        55.77960583381355,
        3.6000000000000227
      ],
      [
        -5.0980395544320345,
        55.779604241251945,
        3.3999999999999773
      ],
      [
        -5.098048355430365,
        55.77960256487131,
        3.3999999999999773
      ],
      [
        -5.098058581352234,
        55.77960088849068,
        3.3999999999999773
      ],
      [
        -5.098070148378611,
        55.77959921211004,
        3.1999999999999886
      ],
      [
        -5.098083056509495,
        55.77959770336747,
        3.1999999999999886
      ],
      [
        -5.098097054287791,
        55.779596446081996,
        3.1999999999999886
      ],
      [
        -5.098111974075437,
        55.77959552407265,
        3
      ],
      [
        -5.098127648234367,
        55.77959502115846,
        3
      ],
      [
        -5.098143992945552,
        55.77959502115846,
        3
      ],
      [
        -5.098160840570927,
        55.779595356434584,
        3
      ],
      [
        -5.098177855834365,
        55.77959627844393,
        3
      ],
      [
        -5.098195122554898,
        55.77959753572941,
        2.8000000000000114
      ],
      [
        -5.098212389275432,
        55.779599295929074,
        2.8000000000000114
      ],
      [
        -5.098229655995965,
        55.77960139140487,
        2.8000000000000114
      ],
      [
        -5.098246838897467,
        55.77960390597582,
        2.8000000000000114
      ],
      [
        -5.098263937979937,
        55.779606672003865,
        2.8000000000000114
      ],
      [
        -5.098280953243375,
        55.77960968948901,
        2.8000000000000114
      ],
      [
        -5.098297968506813,
        55.77961287461221,
        2.8000000000000114
      ],
      [
        -5.098315067589283,
        55.77961622737348,
        2.8000000000000114
      ],
      [
        -5.098332166671753,
        55.77961958013475,
        2.8000000000000114
      ],
      [
        -5.098349265754223,
        55.77962301671505,
        2.8000000000000114
      ],
      [
        -5.098366532474756,
        55.77962645329535,
        3
      ],
      [
        -5.098383883014321,
        55.77962988987565,
        3
      ],
      [
        -5.098401485010982,
        55.77963324263692,
        3
      ],
      [
        -5.098419254645705,
        55.77963659539819,
        3
      ],
      [
        -5.098437359556556,
        55.779639864340425,
        3
      ],
      [
        -5.09845563210547,
        55.77964313328266,
        3.1999999999999886
      ],
      [
        -5.098474072292447,
        55.7796464022249,
        3.1999999999999886
      ],
      [
        -5.09849276393652,
        55.779649671167135,
        3.1999999999999886
      ],
      [
        -5.098511623218656,
        55.77965294010937,
        3.1999999999999886
      ],
      [
        -5.098530566319823,
        55.77965629287064,
        3.1999999999999886
      ],
      [
        -5.098549509420991,
        55.77965972945094,
        3.3999999999999773
      ],
      [
        -5.09856853634119,
        55.77966316603124,
        3.3999999999999773
      ],
      [
        -5.098587395623326,
        55.77966668643057,
        3.3999999999999773
      ],
      [
        -5.0986061710864305,
        55.77967037446797,
        3.3999999999999773
      ],
      [
        -5.09862469509244,
        55.77967431396246,
        3.3999999999999773
      ],
      [
        -5.098643051460385,
        55.779678421095014,
        3.1999999999999886
      ],
      [
        -5.098661240190268,
        55.77968277968466,
        3.1999999999999886
      ],
      [
        -5.098679093644023,
        55.77968738973141,
        3.1999999999999886
      ],
      [
        -5.098696695640683,
        55.77969233505428,
        3.1999999999999886
      ],
      [
        -5.098714213818312,
        55.779697531834245,
        3
      ],
      [
        -5.098731480538845,
        55.77970306389034,
        3
      ],
      [
        -5.09874883107841,
        55.779708763584495,
        3
      ],
      [
        -5.098766265437007,
        55.779714630916715,
        2.8000000000000114
      ],
      [
        -5.098783951252699,
        55.77972058206797,
        2.8000000000000114
      ],
      [
        -5.098801804706454,
        55.77972653321922,
        2.8000000000000114
      ],
      [
        -5.0988199934363365,
        55.77973248437047,
        2.8000000000000114
      ],
      [
        -5.098838433623314,
        55.77973835170269,
        2.8000000000000114
      ],
      [
        -5.098857041448355,
        55.77974413521588,
        2.8000000000000114
      ],
      [
        -5.098875900730491,
        55.77974958345294,
        2.8000000000000114
      ],
      [
        -5.09889492765069,
        55.779754780232906,
        2.8000000000000114
      ],
      [
        -5.098914038389921,
        55.779759641736746,
        2.8000000000000114
      ],
      [
        -5.098933232948184,
        55.77976408414543,
        2.8000000000000114
      ],
      [
        -5.0989525113254786,
        55.77976819127798,
        2.8000000000000114
      ],
      [
        -5.098971705883741,
        55.77977196313441,
        2.8000000000000114
      ],
      [
        -5.098990984261036,
        55.77977531589568,
        2.8000000000000114
      ],
      [
        -5.099010095000267,
        55.77977833338082,
        3
      ],
      [
        -5.099029205739498,
        55.77978101558983,
        3
      ],
      [
        -5.099048316478729,
        55.77978327870369,
        3
      ],
      [
        -5.09906742721796,
        55.77978520654142,
        3
      ],
      [
        -5.099086621776223,
        55.77978671528399,
        3.1999999999999886
      ],
      [
        -5.099105983972549,
        55.7797878049314,
        3.1999999999999886
      ],
      [
        -5.099125346168876,
        55.77978855930269,
        3.1999999999999886
      ],
      [
        -5.099144876003265,
        55.779788978397846,
        3.1999999999999886
      ],
      [
        -5.0991645734757185,
        55.77978906221688,
        3.1999999999999886
      ],
      [
        -5.099184270948172,
        55.77978881075978,
        3.3999999999999773
      ],
      [
        -5.09920421987772,
        55.77978830784559,
        3.3999999999999773
      ],
      [
        -5.0992242526263,
        55.779787469655275,
        3.3999999999999773
      ],
      [
        -5.099244453012943,
        55.77978638000786,
        3.3999999999999773
      ],
      [
        -5.09926482103765,
        55.779785038903356,
        3.3999999999999773
      ],
      [
        -5.09928535670042,
        55.779783530160785,
        3.3999999999999773
      ],
      [
        -5.099306060001254,
        55.77978176996112,
        3.3999999999999773
      ],
      [
        -5.099326930940151,
        55.77977992594242,
        3.3999999999999773
      ],
      [
        -5.099347801879048,
        55.77977791428566,
        3.3999999999999773
      ],
      [
        -5.099368840456009,
        55.7797759026289,
        3.3999999999999773
      ],
      [
        -5.099390046671033,
        55.779773807153106,
        3.1999999999999886
      ],
      [
        -5.099411336705089,
        55.77977171167731,
        3.1999999999999886
      ],
      [
        -5.099432710558176,
        55.77976961620152,
        3.1999999999999886
      ],
      [
        -5.099454252049327,
        55.77976768836379,
        3.1999999999999886
      ],
      [
        -5.099475961178541,
        55.77976576052606,
        3.1999999999999886
      ],
      [
        -5.0994976703077555,
        55.77976408414543,
        3.1999999999999886
      ],
      [
        -5.0995194632560015,
        55.77976240776479,
        3.1999999999999886
      ],
      [
        -5.099541172385216,
        55.77976098284125,
        3
      ],
      [
        -5.09956288151443,
        55.77975972555578,
        3
      ],
      [
        -5.099584423005581,
        55.779758635908365,
        3
      ],
      [
        -5.0996058806777,
        55.77975779771805,
        3
      ],
      [
        -5.099627170711756,
        55.779757127165794,
        2.8000000000000114
      ],
      [
        -5.099648293107748,
        55.779756708070636,
        2.8000000000000114
      ],
      [
        -5.099669247865677,
        55.77975654043257,
        2.8000000000000114
      ],
      [
        -5.099690034985542,
        55.779756708070636,
        2.8000000000000114
      ],
      [
        -5.099710570648313,
        55.77975704334676,
        2.8000000000000114
      ],
      [
        -5.099730854853988,
        55.77975754626095,
        2.6000000000000227
      ],
      [
        -5.099751055240631,
        55.77975830063224,
        2.6000000000000227
      ],
      [
        -5.099771087989211,
        55.77975930646062,
        2.6000000000000227
      ],
      [
        -5.099791036918759,
        55.77976039610803,
        2.6000000000000227
      ],
      [
        -5.099811069667339,
        55.77976165339351,
        2.6000000000000227
      ],
      [
        -5.099831102415919,
        55.779762994498014,
        2.6000000000000227
      ],
      [
        -5.099851218983531,
        55.779764419421554,
        2.6000000000000227
      ],
      [
        -5.099871419370174,
        55.779765928164124,
        2.6000000000000227
      ],
      [
        -5.099891871213913,
        55.779767436906695,
        2.6000000000000227
      ],
      [
        -5.099912406876683,
        55.779768945649266,
        2.6000000000000227
      ],
      [
        -5.099933026358485,
        55.779770370572805,
        2.6000000000000227
      ],
      [
        -5.099953813478351,
        55.779771795496345,
        2.6000000000000227
      ],
      [
        -5.099974684417248,
        55.779773220419884,
        2.6000000000000227
      ],
      [
        -5.099995639175177,
        55.77977456152439,
        2.6000000000000227
      ],
      [
        -5.100016510114074,
        55.77977581880987,
        2.6000000000000227
      ],
      [
        -5.100037381052971,
        55.77977699227631,
        2.6000000000000227
      ],
      [
        -5.100058168172836,
        55.77977824956179,
        2.6000000000000227
      ],
      [
        -5.100078955292702,
        55.7797793392092,
        2.6000000000000227
      ],
      [
        -5.100099658593535,
        55.77978042885661,
        2.6000000000000227
      ],
      [
        -5.100120361894369,
        55.77978143468499,
        2.6000000000000227
      ],
      [
        -5.100140981376171,
        55.77978235669434,
        2.6000000000000227
      ],
      [
        -5.100161517038941,
        55.779783111065626,
        2.6000000000000227
      ],
      [
        -5.10018196888268,
        55.77978378161788,
        2.6000000000000227
      ],
      [
        -5.1002024207264185,
        55.7797843683511,
        2.6000000000000227
      ],
      [
        -5.100222704932094,
        55.77978478744626,
        2.6000000000000227
      ],
      [
        -5.100242989137769,
        55.77978520654142,
        2.6000000000000227
      ],
      [
        -5.100263273343444,
        55.779785457998514,
        2.8000000000000114
      ],
      [
        -5.100283641368151,
        55.77978570945561,
        2.8000000000000114
      ],
      [
        -5.100304093211889,
        55.77978587709367,
        2.8000000000000114
      ],
      [
        -5.100324712693691,
        55.779785960912704,
        2.8000000000000114
      ],
      [
        -5.100345332175493,
        55.779785960912704,
        2.8000000000000114
      ],
      [
        -5.10036620311439,
        55.77978587709367,
        2.8000000000000114
      ],
      [
        -5.1003870740532875,
        55.77978570945561,
        2.8000000000000114
      ],
      [
        -5.100407861173153,
        55.779785457998514,
        2.8000000000000114
      ],
      [
        -5.100428648293018,
        55.77978512272239,
        2.8000000000000114
      ],
      [
        -5.10044926777482,
        55.77978470362723,
        2.8000000000000114
      ],
      [
        -5.100469803437591,
        55.77978420071304,
        2.8000000000000114
      ],
      [
        -5.100490087643266,
        55.779783613979816,
        2.8000000000000114
      ],
      [
        -5.100510371848941,
        55.779783111065626,
        2.8000000000000114
      ],
      [
        -5.100530656054616,
        55.779782524332404,
        2.8000000000000114
      ],
      [
        -5.100550856441259,
        55.77978185378015,
        2.8000000000000114
      ],
      [
        -5.1005711406469345,
        55.77978126704693,
        2.8000000000000114
      ],
      [
        -5.100591508671641,
        55.77978051267564,
        2.8000000000000114
      ],
      [
        -5.100612044334412,
        55.77977975830436,
        2.8000000000000114
      ],
      [
        -5.100632663816214,
        55.77977900393307,
        2.8000000000000114
      ],
      [
        -5.100653450936079,
        55.77977808192372,
        2.8000000000000114
      ],
      [
        -5.100674238055944,
        55.77977707609534,
        2.8000000000000114
      ],
      [
        -5.100695108994842,
        55.7797759026289,
        2.8000000000000114
      ],
      [
        -5.100715896114707,
        55.779774729162455,
        2.8000000000000114
      ],
      [
        -5.100736515596509,
        55.77977347187698,
        2.8000000000000114
      ],
      [
        -5.100757135078311,
        55.77977213077247,
        2.8000000000000114
      ],
      [
        -5.100777503103018,
        55.77977070584893,
        2.8000000000000114
      ],
      [
        -5.100797703489661,
        55.77976919710636,
        2.8000000000000114
      ],
      [
        -5.100817820057273,
        55.77976768836379,
        2.8000000000000114
      ],
      [
        -5.100837768986821,
        55.77976617962122,
        2.8000000000000114
      ],
      [
        -5.100857634097338,
        55.77976467087865,
        2.8000000000000114
      ],
      [
        -5.100877499207854,
        55.779763078317046,
        2.8000000000000114
      ],
      [
        -5.100897196680307,
        55.779761569574475,
        2.8000000000000114
      ],
      [
        -5.100916810333729,
        55.77975997701287,
        2.8000000000000114
      ],
      [
        -5.100936256349087,
        55.7797584682703,
        2.8000000000000114
      ],
      [
        -5.10095545090735,
        55.77975695952773,
        2.8000000000000114
      ],
      [
        -5.100974561646581,
        55.77975553460419,
        2.8000000000000114
      ],
      [
        -5.100993337109685,
        55.77975410968065,
        2.6000000000000227
      ],
      [
        -5.101011944934726,
        55.77975268475711,
        2.6000000000000227
      ],
      [
        -5.101030301302671,
        55.779751343652606,
        2.6000000000000227
      ],
      [
        -5.10104832239449,
        55.7797500025481,
        2.6000000000000227
      ],
      [
        -5.101066175848246,
        55.77974857762456,
        2.3999999999999773
      ],
      [
        -5.101083777844906,
        55.77974715270102,
        2.3999999999999773
      ],
      [
        -5.101101212203503,
        55.77974556013942,
        2.3999999999999773
      ],
      [
        -5.101118478924036,
        55.77974379993975,
        2.3999999999999773
      ],
      [
        -5.101135745644569,
        55.77974187210202,
        2.3999999999999773
      ],
      [
        -5.101153180003166,
        55.7797396928072,
        2.1999999999999886
      ],
      [
        -5.101170698180795,
        55.77973734587431,
        2.1999999999999886
      ],
      [
        -5.10118855163455,
        55.77973491512239,
        2.1999999999999886
      ],
      [
        -5.101206824183464,
        55.779732232913375,
        2.1999999999999886
      ],
      [
        -5.101225432008505,
        55.77972946688533,
        2.1999999999999886
      ],
      [
        -5.101244542747736,
        55.77972670085728,
        2.1999999999999886
      ],
      [
        -5.101264072582126,
        55.7797238510102,
        2.3999999999999773
      ],
      [
        -5.101284021511674,
        55.779721001163125,
        2.3999999999999773
      ],
      [
        -5.101304389536381,
        55.77971815131605,
        2.3999999999999773
      ],
      [
        -5.1013250928372145,
        55.77971530146897,
        2.3999999999999773
      ],
      [
        -5.101346131414175,
        55.77971253544092,
        2.3999999999999773
      ],
      [
        -5.1013675052672625,
        55.779709769412875,
        2.6000000000000227
      ],
      [
        -5.1013892982155085,
        55.77970700338483,
        2.6000000000000227
      ],
      [
        -5.10141134262085,
        55.779704321175814,
        2.6000000000000227
      ],
      [
        -5.101433722302318,
        55.7797016389668,
        2.6000000000000227
      ],
      [
        -5.101456269621849,
        55.77969912439585,
        2.8000000000000114
      ],
      [
        -5.101479068398476,
        55.77969669364393,
        2.8000000000000114
      ],
      [
        -5.101501867175102,
        55.77969443053007,
        2.8000000000000114
      ],
      [
        -5.101524582132697,
        55.77969233505428,
        2.8000000000000114
      ],
      [
        -5.10154721327126,
        55.77969032339752,
        2.8000000000000114
      ],
      [
        -5.10156967677176,
        55.77968856319785,
        2.8000000000000114
      ],
      [
        -5.101591888815165,
        55.77968697063625,
        2.8000000000000114
      ],
      [
        -5.101613849401474,
        55.77968562953174,
        2.8000000000000114
      ],
      [
        -5.101635474711657,
        55.779684372246265,
        2.8000000000000114
      ],
      [
        -5.101656848564744,
        55.779683366417885,
        2.8000000000000114
      ],
      [
        -5.101678054779768,
        55.779682444408536,
        2.8000000000000114
      ],
      [
        -5.1016990933567286,
        55.77968160621822,
        2.8000000000000114
      ],
      [
        -5.101719964295626,
        55.77968085184693,
        2.8000000000000114
      ],
      [
        -5.101740751415491,
        55.77968009747565,
        2.6000000000000227
      ],
      [
        -5.101761370897293,
        55.77967934310436,
        2.6000000000000227
      ],
      [
        -5.101781906560063,
        55.77967867255211,
        2.6000000000000227
      ],
      [
        -5.101802358403802,
        55.77967791818082,
        2.6000000000000227
      ],
      [
        -5.101822642609477,
        55.779677079990506,
        2.6000000000000227
      ],
      [
        -5.1018428429961205,
        55.77967624180019,
        2.6000000000000227
      ],
      [
        -5.101863043382764,
        55.77967540360987,
        2.6000000000000227
      ],
      [
        -5.101883159950376,
        55.77967448160052,
        2.6000000000000227
      ],
      [
        -5.101903360337019,
        55.779673559591174,
        2.6000000000000227
      ],
      [
        -5.101923560723662,
        55.77967272140086,
        2.6000000000000227
      ],
      [
        -5.101943928748369,
        55.77967179939151,
        2.6000000000000227
      ],
      [
        -5.101964380592108,
        55.77967096120119,
        2.6000000000000227
      ],
      [
        -5.10198500007391,
        55.779670206829906,
        2.6000000000000227
      ],
      [
        -5.102005787193775,
        55.77966945245862,
        2.6000000000000227
      ],
      [
        -5.102026741951704,
        55.7796688657254,
        2.6000000000000227
      ],
      [
        -5.10204803198576,
        55.779668278992176,
        2.8000000000000114
      ],
      [
        -5.102069489657879,
        55.779667692258954,
        2.8000000000000114
      ],
      [
        -5.1020911149680614,
        55.779667189344764,
        2.8000000000000114
      ],
      [
        -5.1021129079163074,
        55.77966651879251,
        2.8000000000000114
      ],
      [
        -5.1021347008645535,
        55.779665848240256,
        2.8000000000000114
      ],
      [
        -5.102156409993768,
        55.77966501004994,
        2.8000000000000114
      ],
      [
        -5.102178119122982,
        55.77966408804059,
        2.8000000000000114
      ],
      [
        -5.102199828252196,
        55.779662914574146,
        2.8000000000000114
      ],
      [
        -5.102221369743347,
        55.77966157346964,
        2.8000000000000114
      ],
      [
        -5.102242911234498,
        55.77966006472707,
        2.8000000000000114
      ],
      [
        -5.102264536544681,
        55.779658388346434,
        2.8000000000000114
      ],
      [
        -5.102286161854863,
        55.779656460508704,
        2.8000000000000114
      ],
      [
        -5.102307954803109,
        55.77965444885194,
        3
      ],
      [
        -5.102329747751355,
        55.77965226955712,
        3
      ],
      [
        -5.102351624518633,
        55.77964992262423,
        3
      ],
      [
        -5.102373417466879,
        55.77964740805328,
        3
      ],
      [
        -5.102395294234157,
        55.779644809663296,
        3
      ],
      [
        -5.102417003363371,
        55.77964195981622,
        3
      ],
      [
        -5.10243846103549,
        55.77963902615011,
        3
      ],
      [
        -5.102459751069546,
        55.779635924845934,
        3
      ],
      [
        -5.102480705827475,
        55.7796326559037,
        3.1999999999999886
      ],
      [
        -5.102501325309277,
        55.7796292193234,
        3.1999999999999886
      ],
      [
        -5.10252152569592,
        55.779625782743096,
        3.1999999999999886
      ],
      [
        -5.102541306987405,
        55.77962217852473,
        3.1999999999999886
      ],
      [
        -5.102560669183731,
        55.77961857430637,
        3.1999999999999886
      ],
      [
        -5.102579612284899,
        55.77961488626897,
        3.1999999999999886
      ],
      [
        -5.102598303928971,
        55.77961128205061,
        3.3999999999999773
      ],
      [
        -5.102616660296917,
        55.77960776165128,
        3.3999999999999773
      ],
      [
        -5.1026347652077675,
        55.779604241251945,
        3.3999999999999773
      ],
      [
        -5.102652786299586,
        55.77960072085261,
        3.3999999999999773
      ],
      [
        -5.102670723572373,
        55.77959728427231,
        3.3999999999999773
      ],
      [
        -5.102688577026129,
        55.77959384769201,
        3.3999999999999773
      ],
      [
        -5.102706598117948,
        55.779590494930744,
        3.3999999999999773
      ],
      [
        -5.102724619209766,
        55.77958697453141,
        3.3999999999999773
      ],
      [
        -5.102742724120617,
        55.77958353795111,
        3.3999999999999773
      ],
      [
        -5.102760829031467,
        55.77958001755178,
        3.3999999999999773
      ],
      [
        -5.102778933942318,
        55.77957649715245,
        3.3999999999999773
      ],
      [
        -5.1027970388531685,
        55.779572976753116,
        3.3999999999999773
      ],
      [
        -5.102814976125956,
        55.779569456353784,
        3.3999999999999773
      ],
      [
        -5.102832913398743,
        55.77956585213542,
        3.3999999999999773
      ],
      [
        -5.102850766852498,
        55.77956233173609,
        3.3999999999999773
      ],
      [
        -5.102868536487222,
        55.779558727517724,
        3.3999999999999773
      ],
      [
        -5.102886306121945,
        55.77955503948033,
        3.1999999999999886
      ],
      [
        -5.102903991937637,
        55.77955135144293,
        3.1999999999999886
      ],
      [
        -5.102921761572361,
        55.779547495767474,
        3.1999999999999886
      ],
      [
        -5.102939447388053,
        55.77954355627298,
        3.1999999999999886
      ],
      [
        -5.102957049384713,
        55.7795393653214,
        3.1999999999999886
      ],
      [
        -5.102974651381373,
        55.77953500673175,
        3.1999999999999886
      ],
      [
        -5.1029920019209385,
        55.779530396685004,
        3.1999999999999886
      ],
      [
        -5.103009268641472,
        55.77952545136213,
        3.1999999999999886
      ],
      [
        -5.10302628390491,
        55.77952042222023,
        3.1999999999999886
      ],
      [
        -5.103043131530285,
        55.77951514162123,
        3.1999999999999886
      ],
      [
        -5.103059811517596,
        55.7795097772032,
        3.1999999999999886
      ],
      [
        -5.103076323866844,
        55.77950432896614,
        3.1999999999999886
      ],
      [
        -5.103092836216092,
        55.77949879691005,
        3
      ],
      [
        -5.103109264746308,
        55.779493264853954,
        3
      ],
      [
        -5.103125777095556,
        55.77948773279786,
        3
      ],
      [
        -5.103142457082868,
        55.77948220074177,
        3
      ],
      [
        -5.103159388527274,
        55.779476668685675,
        3
      ],
      [
        -5.103176403790712,
        55.77947122044861,
        3
      ],
      [
        -5.103193586692214,
        55.77946577221155,
        3
      ],
      [
        -5.103210937231779,
        55.77946032397449,
        2.8000000000000114
      ],
      [
        -5.103228287771344,
        55.7794547919184,
        2.8000000000000114
      ],
      [
        -5.103245638310909,
        55.77944917604327,
        2.8000000000000114
      ],
      [
        -5.103262905031443,
        55.779443476349115,
        2.8000000000000114
      ],
      [
        -5.103279920294881,
        55.779437609016895,
        2.8000000000000114
      ],
      [
        -5.103296600282192,
        55.77943165786564,
        2.8000000000000114
      ],
      [
        -5.103312944993377,
        55.7794254552573,
        2.8000000000000114
      ],
      [
        -5.103328954428434,
        55.77941916882992,
        2.8000000000000114
      ],
      [
        -5.103344628587365,
        55.779412714764476,
        2.8000000000000114
      ],
      [
        -5.103359967470169,
        55.77940617688,
        2.8000000000000114
      ],
      [
        -5.1033751387149096,
        55.77939938753843,
        2.8000000000000114
      ],
      [
        -5.103390142321587,
        55.77939251437783,
        2.8000000000000114
      ],
      [
        -5.103405062109232,
        55.77938538976014,
        2.8000000000000114
      ],
      [
        -5.103419898077846,
        55.77937818132341,
        2.8000000000000114
      ],
      [
        -5.103434734046459,
        55.77937088906765,
        2.8000000000000114
      ],
      [
        -5.1034496538341045,
        55.77936342917383,
        2.8000000000000114
      ],
      [
        -5.103464657440782,
        55.779355969280005,
        2.8000000000000114
      ],
      [
        -5.103479912504554,
        55.77934842556715,
        2.8000000000000114
      ],
      [
        -5.103495335206389,
        55.779340881854296,
        2.8000000000000114
      ],
      [
        -5.103511093184352,
        55.77933342196047,
        2.8000000000000114
      ],
      [
        -5.10352710261941,
        55.77932604588568,
        2.8000000000000114
      ],
      [
        -5.103543363511562,
        55.77931875362992,
        2.8000000000000114
      ],
      [
        -5.103559959679842,
        55.77931162901223,
        2.8000000000000114
      ],
      [
        -5.103576723486185,
        55.779304755851626,
        2.8000000000000114
      ],
      [
        -5.103593822568655,
        55.77929796651006,
        2.8000000000000114
      ],
      [
        -5.10361117310822,
        55.779291512444615,
        2.8000000000000114
      ],
      [
        -5.103628691285849,
        55.77928522601724,
        3
      ],
      [
        -5.103646460920572,
        55.779279274865985,
        3
      ],
      [
        -5.103664314374328,
        55.7792734913528,
        3
      ],
      [
        -5.103682251647115,
        55.77926787547767,
        3
      ],
      [
        -5.103700272738934,
        55.77926242724061,
        3
      ],
      [
        -5.103718377649784,
        55.77925714664161,
        3.1999999999999886
      ],
      [
        -5.103736398741603,
        55.779251949861646,
        3.1999999999999886
      ],
      [
        -5.103754419833422,
        55.77924675308168,
        3.1999999999999886
      ],
      [
        -5.103772357106209,
        55.77924155630171,
        3.1999999999999886
      ],
      [
        -5.103790042921901,
        55.779236275702715,
        3.3999999999999773
      ],
      [
        -5.103807644918561,
        55.779230911284685,
        3.3999999999999773
      ],
      [
        -5.103824995458126,
        55.779225463047624,
        3.3999999999999773
      ],
      [
        -5.103842178359628,
        55.779219679534435,
        3.3999999999999773
      ],
      [
        -5.103859109804034,
        55.779213812202215,
        3.6000000000000227
      ],
      [
        -5.103875873610377,
        55.77920760959387,
        3.6000000000000227
      ],
      [
        -5.103892469778657,
        55.77920123934746,
        3.6000000000000227
      ],
      [
        -5.103908898308873,
        55.77919461764395,
        3.6000000000000227
      ],
      [
        -5.103925326839089,
        55.77918782830238,
        3.8000000000000114
      ],
      [
        -5.103941755369306,
        55.77918078750372,
        3.8000000000000114
      ],
      [
        -5.103958183899522,
        55.77917357906699,
        3.8000000000000114
      ],
      [
        -5.103974612429738,
        55.7791662029922,
        3.8000000000000114
      ],
      [
        -5.1039909571409225,
        55.77915865927935,
        3.8000000000000114
      ],
      [
        -5.104007134214044,
        55.77915103174746,
        3.8000000000000114
      ],
      [
        -5.104023143649101,
        55.77914315275848,
        3.8000000000000114
      ],
      [
        -5.104038901627064,
        55.7791352737695,
        3.8000000000000114
      ],
      [
        -5.104054408147931,
        55.77912722714245,
        3.8000000000000114
      ],
      [
        -5.10406949557364,
        55.77911909669638,
        3.6000000000000227
      ],
      [
        -5.104084247723222,
        55.77911088243127,
        3.6000000000000227
      ],
      [
        -5.104098664596677,
        55.7791025005281,
        3.6000000000000227
      ],
      [
        -5.104112830013037,
        55.77909395098686,
        3.6000000000000227
      ],
      [
        -5.1041267439723015,
        55.779085233807564,
        3.6000000000000227
      ],
      [
        -5.104140490293503,
        55.7790763489902,
        3.6000000000000227
      ],
      [
        -5.104154236614704,
        55.77906712889671,
        3.6000000000000227
      ],
      [
        -5.104167815297842,
        55.77905765734613,
        3.6000000000000227
      ],
      [
        -5.104181477800012,
        55.77904793433845,
        3.6000000000000227
      ],
      [
        -5.104195140302181,
        55.779037876054645,
        3.6000000000000227
      ],
      [
        -5.104208886623383,
        55.779027650132775,
        3.6000000000000227
      ],
      [
        -5.104222800582647,
        55.77901725657284,
        3.6000000000000227
      ],
      [
        -5.104236965999007,
        55.77900669537485,
        3.6000000000000227
      ],
      [
        -5.104251466691494,
        55.77899621799588,
        3.6000000000000227
      ],
      [
        -5.104266218841076,
        55.77898582443595,
        3.6000000000000227
      ],
      [
        -5.104281390085816,
        55.77897568233311,
        3.6000000000000227
      ],
      [
        -5.1042969804257154,
        55.77896570786834,
        3.6000000000000227
      ],
      [
        -5.104313073679805,
        55.77895598486066,
        3.6000000000000227
      ],
      [
        -5.104329502210021,
        55.77894668094814,
        3.6000000000000227
      ],
      [
        -5.1043464336544275,
        55.77893754467368,
        3.6000000000000227
      ],
      [
        -5.104363700374961,
        55.77892882749438,
        3.6000000000000227
      ],
      [
        -5.104381386190653,
        55.77892044559121,
        3.6000000000000227
      ],
      [
        -5.104399407282472,
        55.77891239896417,
        3.6000000000000227
      ],
      [
        -5.104417596012354,
        55.77890468761325,
        3.6000000000000227
      ],
      [
        -5.1044359523803,
        55.77889731153846,
        3.6000000000000227
      ],
      [
        -5.104454392567277,
        55.77889018692076,
        3.6000000000000227
      ],
      [
        -5.104472748935223,
        55.7788831461221,
        3.6000000000000227
      ],
      [
        -5.104490937665105,
        55.7788762729615,
        3.8000000000000114
      ],
      [
        -5.104508958756924,
        55.7788693998009,
        3.8000000000000114
      ],
      [
        -5.104526812210679,
        55.778862442821264,
        3.8000000000000114
      ],
      [
        -5.104544581845403,
        55.7788554020226,
        3.8000000000000114
      ],
      [
        -5.104562183842063,
        55.77884819358587,
        3.8000000000000114
      ],
      [
        -5.10457961820066,
        55.77884073369205,
        3.8000000000000114
      ],
      [
        -5.104596968740225,
        55.7788329385221,
        3.8000000000000114
      ],
      [
        -5.1046141516417265,
        55.778824891895056,
        4
      ],
      [
        -5.104631334543228,
        55.77881642617285,
        4
      ],
      [
        -5.104648433625698,
        55.778807708993554,
        4
      ],
      [
        -5.104665448889136,
        55.77879874035716,
        4
      ],
      [
        -5.1046824641525745,
        55.77878952026367,
        4
      ],
      [
        -5.104699395596981,
        55.778779964894056,
        4.199999999999989
      ],
      [
        -5.104716159403324,
        55.77877024188638,
        4.199999999999989
      ],
      [
        -5.104732671752572,
        55.7787602674216,
        4.199999999999989
      ],
      [
        -5.104749016463757,
        55.7787502091378,
        4.199999999999989
      ],
      [
        -5.104765025898814,
        55.77873998321593,
        4.199999999999989
      ],
      [
        -5.104780783876777,
        55.77872975729406,
        4.199999999999989
      ],
      [
        -5.104796206578612,
        55.77871944755316,
        4.399999999999977
      ],
      [
        -5.104811377823353,
        55.77870913781226,
        4.399999999999977
      ],
      [
        -5.104826213791966,
        55.778698828071356,
        4.399999999999977
      ],
      [
        -5.104840882122517,
        55.77868868596852,
        4.399999999999977
      ],
      [
        -5.104855298995972,
        55.77867854386568,
        4.399999999999977
      ],
      [
        -5.104869548231363,
        55.77866856940091,
        4.399999999999977
      ],
      [
        -5.104883713647723,
        55.77865859493613,
        4.399999999999977
      ],
      [
        -5.104897795245051,
        55.77864862047136,
        4.399999999999977
      ],
      [
        -5.104911960661411,
        55.778638646006584,
        4.399999999999977
      ],
      [
        -5.1049260422587395,
        55.77862867154181,
        4.399999999999977
      ],
      [
        -5.104940207675099,
        55.77861852943897,
        4.399999999999977
      ],
      [
        -5.104954289272428,
        55.77860821969807,
        4.399999999999977
      ],
      [
        -5.104968287050724,
        55.77859774231911,
        4.399999999999977
      ],
      [
        -5.104982201009989,
        55.77858701348305,
        4.399999999999977
      ],
      [
        -5.104995863512158,
        55.778576117008924,
        4.399999999999977
      ],
      [
        -5.105009274557233,
        55.778564969077706,
        4.399999999999977
      ],
      [
        -5.105022434145212,
        55.77855356968939,
        4.399999999999977
      ],
      [
        -5.105035342276096,
        55.778541918843985,
        4.399999999999977
      ],
      [
        -5.105047915130854,
        55.77852993272245,
        4.399999999999977
      ],
      [
        -5.105060236528516,
        55.77851777896285,
        4.399999999999977
      ],
      [
        -5.105072222650051,
        55.77850545756519,
        4.199999999999989
      ],
      [
        -5.10508387349546,
        55.77849296852946,
        4.199999999999989
      ],
      [
        -5.105095272883773,
        55.778480311855674,
        4.199999999999989
      ],
      [
        -5.105106253176928,
        55.77846757136285,
        4.199999999999989
      ],
      [
        -5.105116814374924,
        55.77845466323197,
        4
      ],
      [
        -5.105126956477761,
        55.77844158746302,
        4
      ],
      [
        -5.105136763304472,
        55.778428511694074,
        4
      ],
      [
        -5.105146151036024,
        55.778415352106094,
        4
      ],
      [
        -5.105155287310481,
        55.77840210869908,
        3.8000000000000114
      ],
      [
        -5.105164088308811,
        55.77838869765401,
        3.8000000000000114
      ],
      [
        -5.105172721669078,
        55.778375286608934,
        3.8000000000000114
      ],
      [
        -5.105181271210313,
        55.7783617079258,
        3.8000000000000114
      ],
      [
        -5.105189653113484,
        55.77834821306169,
        3.6000000000000227
      ],
      [
        -5.1051978673785925,
        55.77833463437855,
        3.6000000000000227
      ],
      [
        -5.105206081643701,
        55.77832122333348,
        3.6000000000000227
      ],
      [
        -5.105214212089777,
        55.778307896107435,
        3.6000000000000227
      ],
      [
        -5.105222426354885,
        55.778294736519456,
        3.6000000000000227
      ],
      [
        -5.105230640619993,
        55.7782819122076,
        3.8000000000000114
      ],
      [
        -5.105239022523165,
        55.77826942317188,
        3.8000000000000114
      ],
      [
        -5.1052475720644,
        55.77825726941228,
        3.8000000000000114
      ],
      [
        -5.10525637306273,
        55.77824561856687,
        3.8000000000000114
      ],
      [
        -5.105265341699123,
        55.77823447063565,
        3.8000000000000114
      ],
      [
        -5.105274394154549,
        55.77822399325669,
        3.8000000000000114
      ],
      [
        -5.105283614248037,
        55.778214102610946,
        4
      ],
      [
        -5.105292750522494,
        55.778204798698425,
        4
      ],
      [
        -5.10530180297792,
        55.77819616533816,
        4
      ],
      [
        -5.105310520157218,
        55.77818828634918,
        4
      ],
      [
        -5.105318818241358,
        55.77818099409342,
        4
      ],
      [
        -5.105326697230339,
        55.778174456208944,
        4
      ],
      [
        -5.105333905667067,
        55.778168588876724,
        4
      ],
      [
        -5.105340527370572,
        55.77816339209676,
        4
      ],
      [
        -5.1053463108837605,
        55.778158865869045,
        4
      ],
      [
        -5.105351256206632,
        55.778155010193586,
        4
      ],
      [
        -5.105355363339186,
        55.77815182507038,
        4
      ],
      [
        -5.105358548462391,
        55.7781492266804,
        4
      ],
      [
        -5.105360979214311,
        55.77814721502364,
        4
      ],
      [
        -5.105362655594945,
        55.778145706281066,
        4
      ],
      [
        -5.105363745242357,
        55.778144616633654,
        4
      ],
      [
        -5.1053642481565475,
        55.7781439460814,
        4
      ],
      [
        -5.105364331975579,
        55.778143694624305,
        3.8000000000000114
      ],
      [
        -5.105364080518484,
        55.778143694624305,
        3.8000000000000114
      ],
      [
        -5.105363577604294,
        55.77814386226237,
        3.8000000000000114
      ],
      [
        -5.10536290705204,
        55.77814428135753,
        3.8000000000000114
      ],
      [
        -5.105362152680755,
        55.77814486809075,
        3.8000000000000114
      ],
      [
        -5.105361398309469,
        55.77814545482397,
        3.8000000000000114
      ],
      [
        -5.105360643938184,
        55.778146125376225,
        3.6000000000000227
      ],
      [
        -5.105360057204962,
        55.77814671210945,
        3.6000000000000227
      ],
      [
        -5.1053595542907715,
        55.77814729884267,
        3.6000000000000227
      ],
      [
        -5.105359219014645,
        55.77814771793783,
        3.6000000000000227
      ],
      [
        -5.105359051376581,
        55.77814796939492,
        3.6000000000000227
      ],
      [
        -5.105359051376581,
        55.77814796939492,
        3.6000000000000227
      ],
      [
        -5.105359302833676,
        55.77814780175686,
        3.6000000000000227
      ],
      [
        -5.105359721928835,
        55.77814729884267,
        3.3999999999999773
      ],
      [
        -5.10536047630012,
        55.77814646065235,
        3.3999999999999773
      ],
      [
        -5.105361649766564,
        55.778145203366876,
        3.3999999999999773
      ],
      [
        -5.105363158509135,
        55.77814344316721,
        3.3999999999999773
      ],
      [
        -5.105365086346865,
        55.778141263872385,
        3.3999999999999773
      ],
      [
        -5.105367684736848,
        55.77813849784434,
        3.3999999999999773
      ],
      [
        -5.105370786041021,
        55.7781352289021,
        3.3999999999999773
      ],
      [
        -5.10537464171648,
        55.77813137322664,
        3.6000000000000227
      ],
      [
        -5.105379084125161,
        55.77812693081796,
        3.6000000000000227
      ],
      [
        -5.1053842809051275,
        55.77812190167606,
        3.6000000000000227
      ],
      [
        -5.105390064418316,
        55.778116453439,
        3.8000000000000114
      ],
      [
        -5.1054019667208195,
        55.778107568621635,
        3.6000000000000227
      ],
      [
        -5.105414455756545,
        55.77809843234718,
        3.8000000000000114
      ],
      [
        -5.105427531525493,
        55.778089463710785,
        3.8000000000000114
      ],
      [
        -5.105440942570567,
        55.778080662712455,
        3.8000000000000114
      ],
      [
        -5.105454856529832,
        55.778071945533156,
        3.8000000000000114
      ],
      [
        -5.105469189584255,
        55.77806347981095,
        3.8000000000000114
      ],
      [
        -5.105483857914805,
        55.778055265545845,
        3.8000000000000114
      ],
      [
        -5.105498777702451,
        55.77804713509977,
        3.8000000000000114
      ],
      [
        -5.1055138651281595,
        55.77803925611079,
        3.8000000000000114
      ],
      [
        -5.105529120191932,
        55.77803154475987,
        3.8000000000000114
      ],
      [
        -5.105544291436672,
        55.778024001047015,
        3.8000000000000114
      ],
      [
        -5.105559295043349,
        55.778016708791256,
        3.8000000000000114
      ],
      [
        -5.1055739633738995,
        55.77800966799259,
        3.8000000000000114
      ],
      [
        -5.105588212609291,
        55.77800287865102,
        3.6000000000000227
      ],
      [
        -5.105601791292429,
        55.77799642458558,
        3.6000000000000227
      ],
      [
        -5.105614699423313,
        55.777990305796266,
        3.6000000000000227
      ],
      [
        -5.105626685544848,
        55.77798452228308,
        3.6000000000000227
      ],
      [
        -5.105637833476067,
        55.777979074046016,
        3.6000000000000227
      ],
      [
        -5.105647975578904,
        55.777974128723145,
        3.6000000000000227
      ],
      [
        -5.105657279491425,
        55.777969770133495,
        3.6000000000000227
      ],
      [
        -5.105665745213628,
        55.777965914458036,
        3.6000000000000227
      ],
      [
        -5.105673540383577,
        55.7779626455158,
        3.6000000000000227
      ],
      [
        -5.105680581182241,
        55.777959963306785,
        3.6000000000000227
      ],
      [
        -5.105687202885747,
        55.777958035469055,
        3.6000000000000227
      ],
      [
        -5.105693489313126,
        55.777956610545516,
        3.6000000000000227
      ],
      [
        -5.105699608102441,
        55.7779557723552,
        3.6000000000000227
      ],
      [
        -5.1057058945298195,
        55.77795535326004,
        3.6000000000000227
      ],
      [
        -5.105712516233325,
        55.77795526944101,
        3.6000000000000227
      ],
      [
        -5.105719808489084,
        55.77795543707907,
        3.6000000000000227
      ],
      [
        -5.105727938935161,
        55.7779557723552,
        3.6000000000000227
      ],
      [
        -5.105737075209618,
        55.777956023812294,
        3.6000000000000227
      ],
      [
        -5.105747384950519,
        55.77795627526939,
        3.6000000000000227
      ],
      [
        -5.105758784338832,
        55.77795627526939,
        3.6000000000000227
      ],
      [
        -5.1057712733745575,
        55.777956107631326,
        3.6000000000000227
      ],
      [
        -5.105784935876727,
        55.7779557723552,
        3.6000000000000227
      ],
      [
        -5.105799520388246,
        55.777955101802945,
        3.6000000000000227
      ],
      [
        -5.105815026909113,
        55.777954179793596,
        3.8000000000000114
      ],
      [
        -5.105831203982234,
        55.77795300632715,
        3.8000000000000114
      ],
      [
        -5.105847883969545,
        55.777951665222645,
        3.8000000000000114
      ],
      [
        -5.105865150690079,
        55.77795007266104,
        3.8000000000000114
      ],
      [
        -5.105882752686739,
        55.777948312461376,
        4
      ],
      [
        -5.105900689959526,
        55.77794638462365,
        4
      ],
      [
        -5.1059191301465034,
        55.777944289147854,
        4
      ],
      [
        -5.105937905609608,
        55.777942026034,
        4
      ],
      [
        -5.105957183986902,
        55.77793967910111,
        4
      ],
      [
        -5.105976797640324,
        55.77793716453016,
        4
      ],
      [
        -5.105996830388904,
        55.77793439850211,
        4.199999999999989
      ],
      [
        -5.106017114594579,
        55.77793138101697,
        4.199999999999989
      ],
      [
        -5.106037482619286,
        55.7779280282557,
        4.199999999999989
      ],
      [
        -5.106057599186897,
        55.777924256399274,
        4.199999999999989
      ],
      [
        -5.10607729665935,
        55.777919981628656,
        4.199999999999989
      ],
      [
        -5.10609632357955,
        55.77791537158191,
        4.199999999999989
      ],
      [
        -5.1061144284904,
        55.77791025862098,
        4.199999999999989
      ],
      [
        -5.1061314437538385,
        55.777904726564884,
        4.199999999999989
      ],
      [
        -5.106147117912769,
        55.77789877541363,
        4.199999999999989
      ],
      [
        -5.106161534786224,
        55.777892488986254,
        4.199999999999989
      ],
      [
        -5.1061744429171085,
        55.77788595110178,
        4.199999999999989
      ],
      [
        -5.106186009943485,
        55.77787907794118,
        4.199999999999989
      ],
      [
        -5.106196152046323,
        55.777872037142515,
        4.199999999999989
      ],
      [
        -5.106205120682716,
        55.777864744886756,
        4.199999999999989
      ],
      [
        -5.106213167309761,
        55.77785728499293,
        4.399999999999977
      ],
      [
        -5.106220543384552,
        55.77784974128008,
        4.399999999999977
      ],
      [
        -5.106227584183216,
        55.77784211374819,
        4.399999999999977
      ],
      [
        -5.106234708800912,
        55.77783457003534,
        4.399999999999977
      ],
      [
        -5.106242001056671,
        55.77782694250345,
        4.399999999999977
      ],
      [
        -5.106249712407589,
        55.7778193987906,
        4.399999999999977
      ],
      [
        -5.106257926672697,
        55.777811938896775,
        4.399999999999977
      ],
      [
        -5.106266560032964,
        55.777804562821984,
        4.399999999999977
      ],
      [
        -5.106275528669357,
        55.777797270566225,
        4.399999999999977
      ],
      [
        -5.106284832581878,
        55.777789894491434,
        4.399999999999977
      ],
      [
        -5.10629422031343,
        55.777782602235675,
        4.399999999999977
      ],
      [
        -5.106303691864014,
        55.77777539379895,
        4.399999999999977
      ],
      [
        -5.106313247233629,
        55.77776818536222,
        4.399999999999977
      ],
      [
        -5.106322802603245,
        55.777761060744524,
        4.399999999999977
      ],
      [
        -5.10633235797286,
        55.77775401994586,
        4.399999999999977
      ],
      [
        -5.106341913342476,
        55.77774706296623,
        4.199999999999989
      ],
      [
        -5.10635138489306,
        55.77774018980563,
        4.199999999999989
      ],
      [
        -5.106360772624612,
        55.77773340046406,
        4.199999999999989
      ],
      [
        -5.106370076537132,
        55.77772677876055,
        4
      ],
      [
        -5.106379212811589,
        55.77772024087608,
        4
      ],
      [
        -5.106388181447983,
        55.77771378681064,
        4
      ],
      [
        -5.106396898627281,
        55.777707416564226,
        3.8000000000000114
      ],
      [
        -5.106405364349484,
        55.777701046317816,
        3.8000000000000114
      ],
      [
        -5.106413662433624,
        55.77769475989044,
        3.8000000000000114
      ],
      [
        -5.106421709060669,
        55.77768847346306,
        3.6000000000000227
      ],
      [
        -5.106429671868682,
        55.77768210321665,
        3.6000000000000227
      ],
      [
        -5.106437550857663,
        55.777675649151206,
        3.6000000000000227
      ],
      [
        -5.106445346027613,
        55.7776690274477,
        3.3999999999999773
      ],
      [
        -5.1064530573785305,
        55.777662405744195,
        3.3999999999999773
      ],
      [
        -5.106460768729448,
        55.777655616402626,
        3.3999999999999773
      ],
      [
        -5.106468563899398,
        55.777648659422994,
        3.3999999999999773
      ],
      [
        -5.106476275250316,
        55.77764170244336,
        3.3999999999999773
      ],
      [
        -5.106484154239297,
        55.7776346616447,
        3.1999999999999886
      ],
      [
        -5.106492033228278,
        55.77762762084603,
        3.1999999999999886
      ],
      [
        -5.106500079855323,
        55.77762049622834,
        3.1999999999999886
      ],
      [
        -5.1065081264823675,
        55.77761337161064,
        3.1999999999999886
      ],
      [
        -5.106516173109412,
        55.777606246992946,
        3.1999999999999886
      ],
      [
        -5.106524219736457,
        55.77759912237525,
        3.1999999999999886
      ],
      [
        -5.1065322663635015,
        55.77759191393852,
        3.1999999999999886
      ],
      [
        -5.1065402291715145,
        55.777584705501795,
        3
      ],
      [
        -5.1065481919795275,
        55.777577413246036,
        3
      ],
      [
        -5.106555987149477,
        55.777570120990276,
        3
      ],
      [
        -5.106563698500395,
        55.777562661096454,
        3
      ],
      [
        -5.1065711583942175,
        55.77755520120263,
        3
      ],
      [
        -5.106578366830945,
        55.777547573670745,
        3.1999999999999886
      ],
      [
        -5.106585156172514,
        55.77753994613886,
        3.1999999999999886
      ],
      [
        -5.106591610237956,
        55.77753215096891,
        3.1999999999999886
      ],
      [
        -5.106597561389208,
        55.77752443961799,
        3.1999999999999886
      ],
      [
        -5.106603177264333,
        55.777516728267074,
        3.1999999999999886
      ],
      [
        -5.106608541682363,
        55.777508933097124,
        3.1999999999999886
      ],
      [
        -5.106613654643297,
        55.77750130556524,
        3.1999999999999886
      ],
      [
        -5.106618599966168,
        55.77749367803335,
        3.1999999999999886
      ],
      [
        -5.106623461470008,
        55.7774861343205,
        3.1999999999999886
      ],
      [
        -5.106628155335784,
        55.77747859060764,
        3.1999999999999886
      ],
      [
        -5.106632681563497,
        55.77747121453285,
        3.1999999999999886
      ],
      [
        -5.106636956334114,
        55.77746383845806,
        3.1999999999999886
      ],
      [
        -5.106641063466668,
        55.777456630021334,
        3.1999999999999886
      ],
      [
        -5.106644835323095,
        55.77744958922267,
        3.1999999999999886
      ],
      [
        -5.106648271903396,
        55.77744271606207,
        3.1999999999999886
      ],
      [
        -5.106651457026601,
        55.7774359267205,
        3.1999999999999886
      ],
      [
        -5.1066542230546474,
        55.777429388836026,
        3.1999999999999886
      ],
      [
        -5.106656737625599,
        55.777422934770584,
        3
      ],
      [
        -5.1066589169204235,
        55.777416648343205,
        3
      ],
      [
        -5.106660760939121,
        55.77741044573486,
        3
      ],
      [
        -5.1066624373197556,
        55.777404410764575,
        3
      ],
      [
        -5.106663778424263,
        55.77739845961332,
        2.8000000000000114
      ],
      [
        -5.106664951890707,
        55.77739250846207,
        2.8000000000000114
      ],
      [
        -5.106665873900056,
        55.77738664112985,
        2.8000000000000114
      ],
      [
        -5.10666654445231,
        55.77738085761666,
        2.8000000000000114
      ],
      [
        -5.106666963547468,
        55.777375074103475,
        2.8000000000000114
      ],
      [
        -5.106667298823595,
        55.777369290590286,
        2.8000000000000114
      ],
      [
        -5.106667382642627,
        55.77736359089613,
        2.8000000000000114
      ],
      [
        -5.106667382642627,
        55.777357975021005,
        2.8000000000000114
      ],
      [
        -5.106667298823595,
        55.77735235914588,
        2.8000000000000114
      ],
      [
        -5.1066670473665,
        55.777346743270755,
        2.8000000000000114
      ],
      [
        -5.106666712090373,
        55.77734121121466,
        2.8000000000000114
      ],
      [
        -5.106666376814246,
        55.77733559533954,
        2.8000000000000114
      ],
      [
        -5.106666041538119,
        55.77732997946441,
        2.8000000000000114
      ],
      [
        -5.106665790081024,
        55.777324279770255,
        2.8000000000000114
      ],
      [
        -5.1066657062619925,
        55.7773185800761,
        2.8000000000000114
      ],
      [
        -5.106665873900056,
        55.77731288038194,
        3
      ],
      [
        -5.1066662929952145,
        55.77730709686875,
        3
      ],
      [
        -5.1066668797284365,
        55.777301313355565,
        3
      ],
      [
        -5.106667717918754,
        55.77729552984238,
        3
      ],
      [
        -5.106668807566166,
        55.77728983014822,
        3
      ],
      [
        -5.10666998103261,
        55.77728413045406,
        3
      ],
      [
        -5.106671238318086,
        55.77727843075991,
        3
      ],
      [
        -5.10667241178453,
        55.77727281488478,
        3
      ],
      [
        -5.106673585250974,
        55.77726736664772,
        2.8000000000000114
      ],
      [
        -5.106674674898386,
        55.77726191841066,
        2.8000000000000114
      ],
      [
        -5.106675429269671,
        55.77725672163069,
        2.8000000000000114
      ],
      [
        -5.1066760160028934,
        55.777251524850726,
        2.8000000000000114
      ],
      [
        -5.106676267459989,
        55.777246579527855,
        2.8000000000000114
      ],
      [
        -5.106676267459989,
        55.77724188566208,
        2.6000000000000227
      ],
      [
        -5.106675932183862,
        55.777237275615335,
        2.6000000000000227
      ],
      [
        -5.106675429269671,
        55.77723300084472,
        2.6000000000000227
      ],
      [
        -5.106674674898386,
        55.77722880989313,
        2.6000000000000227
      ],
      [
        -5.106673920527101,
        55.77722487039864,
        2.6000000000000227
      ],
      [
        -5.106673082336783,
        55.777221182361245,
        2.6000000000000227
      ],
      [
        -5.1066721603274345,
        55.777217745780945,
        2.6000000000000227
      ],
      [
        -5.106671322137117,
        55.77721447683871,
        2.6000000000000227
      ],
      [
        -5.1066704839468,
        55.77721162699163,
        2.6000000000000227
      ],
      [
        -5.106669729575515,
        55.777208944782615,
        2.6000000000000227
      ],
      [
        -5.106669142842293,
        55.77720668166876,
        2.6000000000000227
      ],
      [
        -5.1066686399281025,
        55.777204670012,
        2.6000000000000227
      ],
      [
        -5.106668304651976,
        55.77720290981233,
        2.6000000000000227
      ],
      [
        -5.106668137013912,
        55.77720148488879,
        2.6000000000000227
      ],
      [
        -5.106668137013912,
        55.77720031142235,
        2.6000000000000227
      ],
      [
        -5.106668220832944,
        55.777199389413,
        2.6000000000000227
      ],
      [
        -5.106668556109071,
        55.77719880267978,
        2.6000000000000227
      ],
      [
        -5.106668975204229,
        55.77719838358462,
        2.6000000000000227
      ],
      [
        -5.10666947811842,
        55.77719813212752,
        2.6000000000000227
      ],
      [
        -5.10666998103261,
        55.77719813212752,
        2.6000000000000227
      ],
      [
        -5.106670567765832,
        55.77719838358462,
        2.6000000000000227
      ],
      [
        -5.106671070680022,
        55.777198718860745,
        2.6000000000000227
      ],
      [
        -5.106671489775181,
        55.777199137955904,
        2.6000000000000227
      ],
      [
        -5.106671908870339,
        55.777199724689126,
        2.6000000000000227
      ],
      [
        -5.106672327965498,
        55.77720039524138,
        2.6000000000000227
      ],
      [
        -5.106672663241625,
        55.77720106579363,
        2.6000000000000227
      ],
      [
        -5.106672998517752,
        55.77720173634589,
        2.6000000000000227
      ],
      [
        -5.10667341761291,
        55.77720240689814,
        2.6000000000000227
      ],
      [
        -5.106673836708069,
        55.777203077450395,
        2.3999999999999773
      ],
      [
        -5.106674339622259,
        55.77720366418362,
        2.3999999999999773
      ],
      [
        -5.106674842536449,
        55.77720425091684,
        2.3999999999999773
      ],
      [
        -5.10667534545064,
        55.77720475383103,
        2.3999999999999773
      ],
      [
        -5.106675932183862,
        55.77720525674522,
        2.3999999999999773
      ],
      [
        -5.1066766027361155,
        55.77720567584038,
        2.3999999999999773
      ],
      [
        -5.1066771894693375,
        55.777206094935536,
        2.3999999999999773
      ],
      [
        -5.106677692383528,
        55.77720643021166,
        2.3999999999999773
      ],
      [
        -5.106678195297718,
        55.77720668166876,
        2.1999999999999886
      ],
      [
        -5.106678698211908,
        55.77720693312585,
        2.1999999999999886
      ],
      [
        -5.106679033488035,
        55.77720710076392,
        2.1999999999999886
      ],
      [
        -5.106679368764162,
        55.77720726840198,
        2.1999999999999886
      ],
      [
        -5.106679704040289,
        55.77720735222101,
        2.1999999999999886
      ],
      [
        -5.106679871678352,
        55.777207436040044,
        2.1999999999999886
      ],
      [
        -5.106680039316416,
        55.777207519859076,
        2.1999999999999886
      ],
      [
        -5.106680206954479,
        55.777207519859076,
        2.1999999999999886
      ],
      [
        -5.106680290773511,
        55.777207519859076,
        2.1999999999999886
      ],
      [
        -5.106680290773511,
        55.777207519859076,
        2.1999999999999886
      ],
      [
        -5.106680374592543,
        55.777207519859076,
        2.1999999999999886
      ],
      [
        -5.106680374592543,
        55.777207519859076,
        2.1999999999999886
      ],
      [
        -5.106680374592543,
        55.777207519859076,
        2.1999999999999886
      ],
      [
        -5.106680374592543,
        55.777207436040044,
        2.1999999999999886
      ],
      [
        -5.106680290773511,
        55.777207436040044,
        2.1999999999999886
      ],
      [
        -5.106680290773511,
        55.777207436040044,
        2.1999999999999886
      ],
      [
        -5.106680290773511,
        55.77720735222101,
        2.1999999999999886
      ],
      [
        -5.1066801231354475,
        55.77720726840198,
        2.1999999999999886
      ],
      [
        -5.1066801231354475,
        55.77720726840198,
        2.1999999999999886
      ],
      [
        -5.1066801231354475,
        55.77720726840198,
        2.1999999999999886
      ],
      [
        -5.1066801231354475,
        55.77720726840198,
        2.1999999999999886
      ],
      [
        -5.1066801231354475,
        55.77720726840198,
        2.1999999999999886
      ],
      [
        -5.1066801231354475,
        55.77720726840198,
        2.1999999999999886
      ],
      [
        -5.1066801231354475,
        55.77720726840198,
        2.1999999999999886
      ],
      [
        -5.1066801231354475,
        55.77720726840198,
        2.1999999999999886
      ],
      [
        -5.1066801231354475,
        55.77720726840198,
        2.1999999999999886
      ],
      [
        -5.1066801231354475,
        55.77720726840198,
        2.1999999999999886
      ],
      [
        -5.1066801231354475,
        55.77720726840198,
        2.1999999999999886
      ],
      [
        -5.1066801231354475,
        55.77720726840198,
        2.1999999999999886
      ],
      [
        -5.1066801231354475,
        55.77720726840198,
        2.1999999999999886
      ],
      [
        -5.1066801231354475,
        55.77720726840198,
        2.1999999999999886
      ],
      [
        -5.1066801231354475,
        55.77720726840198,
        2.1999999999999886
      ],
      [
        -5.1066801231354475,
        55.77720726840198,
        2.1999999999999886
      ],
      [
        -5.1066801231354475,
        55.77720726840198,
        2.1999999999999886
      ],
      [
        -5.1066801231354475,
        55.77720726840198,
        2.1999999999999886
      ],
      [
        -5.1066801231354475,
        55.77720726840198,
        2.1999999999999886
      ],
      [
        -5.1066801231354475,
        55.77720726840198,
        2.1999999999999886
      ],
      [
        -5.1066801231354475,
        55.77720726840198,
        2.1999999999999886
      ],
      [
        -5.1066801231354475,
        55.77720726840198,
        2.1999999999999886
      ],
      [
        -5.1066801231354475,
        55.77720726840198,
        2.1999999999999886
      ],
      [
        -5.1066801231354475,
        55.77720726840198,
        2.1999999999999886
      ],
      [
        -5.1066801231354475,
        55.77720726840198,
        2.1999999999999886
      ],
      [
        -5.1066801231354475,
        55.77720726840198,
        2.1999999999999886
      ],
      [
        -5.1066801231354475,
        55.77720726840198,
        2.1999999999999886
      ],
      [
        -5.1066801231354475,
        55.77720726840198,
        2.1999999999999886
      ],
      [
        -5.1066801231354475,
        55.77720726840198,
        2.1999999999999886
      ],
      [
        -5.1066801231354475,
        55.77720726840198,
        2.1999999999999886
      ],
      [
        -5.1066801231354475,
        55.77720726840198,
        2.1999999999999886
      ],
      [
        -5.1066801231354475,
        55.77720726840198,
        2.1999999999999886
      ],
      [
        -5.1066801231354475,
        55.77720726840198,
        2.1999999999999886
      ],
      [
        -5.1066801231354475,
        55.77720726840198,
        2.1999999999999886
      ],
      [
        -5.1066801231354475,
        55.77720726840198,
        2.1999999999999886
      ],
      [
        -5.1066801231354475,
        55.77720726840198,
        2.1999999999999886
      ],
      [
        -5.1066801231354475,
        55.77720726840198,
        2.1999999999999886
      ],
      [
        -5.1066801231354475,
        55.77720726840198,
        2.1999999999999886
      ],
      [
        -5.1066801231354475,
        55.77720726840198,
        2.1999999999999886
      ],
      [
        -5.1066801231354475,
        55.77720726840198,
        2.1999999999999886
      ],
      [
        -5.1066801231354475,
        55.77720726840198,
        2.1999999999999886
      ],
      [
        -5.1066801231354475,
        55.77720726840198,
        2.1999999999999886
      ],
      [
        -5.1066801231354475,
        55.77720726840198,
        2.1999999999999886
      ],
      [
        -5.1066801231354475,
        55.77720726840198,
        2.1999999999999886
      ],
      [
        -5.1066801231354475,
        55.77720726840198,
        2.1999999999999886
      ],
      [
        -5.1066801231354475,
        55.77720726840198,
        2.1999999999999886
      ],
      [
        -5.1066801231354475,
        55.77720726840198,
        2.1999999999999886
      ],
      [
        -5.1066801231354475,
        55.77720726840198,
        2.1999999999999886
      ],
      [
        -5.1066801231354475,
        55.77720726840198,
        2.1999999999999886
      ],
      [
        -5.1066801231354475,
        55.77720726840198,
        2.1999999999999886
      ],
      [
        -5.1066801231354475,
        55.77720726840198,
        2.1999999999999886
      ],
      [
        -5.1066801231354475,
        55.77720726840198,
        2.1999999999999886
      ],
      [
        -5.1066801231354475,
        55.77720726840198,
        2.1999999999999886
      ],
      [
        -5.1066801231354475,
        55.77720726840198,
        2.1999999999999886
      ],
      [
        -5.1066801231354475,
        55.77720726840198,
        2.1999999999999886
      ],
      [
        -5.1066801231354475,
        55.77720726840198,
        2.1999999999999886
      ],
      [
        -5.1066801231354475,
        55.77720726840198,
        2.1999999999999886
      ],
      [
        -5.1066801231354475,
        55.77720726840198,
        2.1999999999999886
      ],
      [
        -5.1066801231354475,
        55.77720726840198,
        2.1999999999999886
      ],
      [
        -5.1066801231354475,
        55.77720726840198,
        2.1999999999999886
      ],
      [
        -5.1066801231354475,
        55.77720726840198,
        2.1999999999999886
      ],
      [
        -5.1066801231354475,
        55.77720726840198,
        2.1999999999999886
      ],
      [
        -5.1066801231354475,
        55.77720726840198,
        2.1999999999999886
      ],
      [
        -5.1066801231354475,
        55.77720726840198,
        2.1999999999999886
      ],
      [
        -5.1066801231354475,
        55.77720726840198,
        2.1999999999999886
      ],
      [
        -5.1066801231354475,
        55.77720726840198,
        2.1999999999999886
      ],
      [
        -5.1066801231354475,
        55.77720726840198,
        2.1999999999999886
      ],
      [
        -5.1066801231354475,
        55.77720726840198,
        2.1999999999999886
      ],
      [
        -5.1066801231354475,
        55.77720726840198,
        2.1999999999999886
      ],
      [
        -5.1066801231354475,
        55.77720726840198,
        2.1999999999999886
      ],
      [
        -5.1066801231354475,
        55.77720726840198,
        2.1999999999999886
      ],
      [
        -5.1066801231354475,
        55.77720726840198,
        2.1999999999999886
      ],
      [
        -5.1066801231354475,
        55.77720726840198,
        2.1999999999999886
      ],
      [
        -5.1066801231354475,
        55.77720726840198,
        2.1999999999999886
      ],
      [
        -5.1066801231354475,
        55.77720726840198,
        2.1999999999999886
      ],
      [
        -5.1066801231354475,
        55.77720726840198,
        2.1999999999999886
      ],
      [
        -5.1066801231354475,
        55.77720726840198,
        2.1999999999999886
      ],
      [
        -5.1066801231354475,
        55.77720726840198,
        2.1999999999999886
      ],
      [
        -5.1066801231354475,
        55.77720726840198,
        2.1999999999999886
      ],
      [
        -5.1066801231354475,
        55.77720726840198,
        2.1999999999999886
      ],
      [
        -5.1066801231354475,
        55.77720726840198,
        2.1999999999999886
      ],
      [
        -5.1066801231354475,
        55.77720726840198,
        2.1999999999999886
      ],
      [
        -5.1066801231354475,
        55.77720726840198,
        2.1999999999999886
      ],
      [
        -5.1066801231354475,
        55.77720726840198,
        2.1999999999999886
      ],
      [
        -5.1066801231354475,
        55.77720726840198,
        2.1999999999999886
      ],
      [
        -5.1066801231354475,
        55.77720726840198,
        2.1999999999999886
      ],
      [
        -5.1066801231354475,
        55.77720726840198,
        2.1999999999999886
      ],
      [
        -5.1066801231354475,
        55.77720726840198,
        2.1999999999999886
      ],
      [
        -5.1066801231354475,
        55.77720726840198,
        2.1999999999999886
      ],
      [
        -5.1066801231354475,
        55.77720726840198,
        2.1999999999999886
      ],
      [
        -5.1066801231354475,
        55.77720726840198,
        2.1999999999999886
      ],
      [
        -5.1066801231354475,
        55.77720726840198,
        2.1999999999999886
      ],
      [
        -5.1066801231354475,
        55.77720726840198,
        2.1999999999999886
      ],
      [
        -5.1066801231354475,
        55.77720726840198,
        2.1999999999999886
      ],
      [
        -5.1066801231354475,
        55.77720726840198,
        2.1999999999999886
      ],
      [
        -5.1066801231354475,
        55.77720726840198,
        2.1999999999999886
      ],
      [
        -5.1066801231354475,
        55.77720726840198,
        2.1999999999999886
      ],
      [
        -5.1066801231354475,
        55.77720726840198,
        2.1999999999999886
      ],
      [
        -5.1066801231354475,
        55.77720726840198,
        2.1999999999999886
      ],
      [
        -5.1066801231354475,
        55.77720726840198,
        2.1999999999999886
      ],
      [
        -5.1066801231354475,
        55.77720726840198,
        2.1999999999999886
      ],
      [
        -5.1066801231354475,
        55.77720726840198,
        2.1999999999999886
      ],
      [
        -5.1066801231354475,
        55.77720726840198,
        2.1999999999999886
      ],
      [
        -5.1066801231354475,
        55.77720726840198,
        2.1999999999999886
      ],
      [
        -5.1066801231354475,
        55.77720726840198,
        2.1999999999999886
      ],
      [
        -5.1066801231354475,
        55.77720726840198,
        2.1999999999999886
      ],
      [
        -5.1066801231354475,
        55.77720726840198,
        2.1999999999999886
      ],
      [
        -5.1066801231354475,
        55.77720726840198,
        2.1999999999999886
      ],
      [
        -5.1066801231354475,
        55.77720726840198,
        2.1999999999999886
      ],
      [
        -5.1066801231354475,
        55.77720726840198,
        2.1999999999999886
      ],
      [
        -5.1066801231354475,
        55.77720726840198,
        2.1999999999999886
      ],
      [
        -5.1066801231354475,
        55.77720726840198,
        2.1999999999999886
      ],
      [
        -5.1066801231354475,
        55.77720726840198,
        2.1999999999999886
      ],
      [
        -5.1066801231354475,
        55.77720726840198,
        2.1999999999999886
      ],
      [
        -5.1066801231354475,
        55.77720726840198,
        2.1999999999999886
      ],
      [
        -5.1066801231354475,
        55.77720726840198,
        2.1999999999999886
      ],
      [
        -5.1066801231354475,
        55.77720726840198,
        2.1999999999999886
      ],
      [
        -5.1066801231354475,
        55.77720726840198,
        2.1999999999999886
      ],
      [
        -5.1066801231354475,
        55.77720726840198,
        2.1999999999999886
      ],
      [
        -5.1066801231354475,
        55.77720726840198,
        2.1999999999999886
      ],
      [
        -5.1066801231354475,
        55.77720726840198,
        2.1999999999999886
      ],
      [
        -5.1066801231354475,
        55.77720726840198,
        2.1999999999999886
      ],
      [
        -5.1066801231354475,
        55.77720726840198,
        2.1999999999999886
      ],
      [
        -5.1066801231354475,
        55.77720726840198,
        2.1999999999999886
      ],
      [
        -5.1066801231354475,
        55.77720726840198,
        2.1999999999999886
      ],
      [
        -5.1066801231354475,
        55.77720726840198,
        2.1999999999999886
      ],
      [
        -5.1066801231354475,
        55.77720726840198,
        2.1999999999999886
      ],
      [
        -5.1066801231354475,
        55.77720726840198,
        2.1999999999999886
      ],
      [
        -5.1066801231354475,
        55.77720726840198,
        2.1999999999999886
      ],
      [
        -5.1066801231354475,
        55.77720726840198,
        2.1999999999999886
      ],
      [
        -5.1066801231354475,
        55.77720726840198,
        2.1999999999999886
      ],
      [
        -5.1066801231354475,
        55.77720726840198,
        2.1999999999999886
      ],
      [
        -5.1066801231354475,
        55.77720726840198,
        2.1999999999999886
      ],
      [
        -5.1066801231354475,
        55.77720726840198,
        2.1999999999999886
      ],
      [
        -5.1066801231354475,
        55.77720726840198,
        2.1999999999999886
      ],
      [
        -5.1066801231354475,
        55.77720726840198,
        2.1999999999999886
      ],
      [
        -5.1066801231354475,
        55.77720726840198,
        2.1999999999999886
      ],
      [
        -5.1066801231354475,
        55.77720726840198,
        2.1999999999999886
      ],
      [
        -5.1066801231354475,
        55.77720726840198,
        2.1999999999999886
      ],
      [
        -5.1066801231354475,
        55.77720726840198,
        2.1999999999999886
      ],
      [
        -5.1066801231354475,
        55.77720726840198,
        2.1999999999999886
      ],
      [
        -5.1066801231354475,
        55.77720726840198,
        2.1999999999999886
      ],
      [
        -5.1066801231354475,
        55.77720726840198,
        2.1999999999999886
      ],
      [
        -5.1066801231354475,
        55.77720726840198,
        2.1999999999999886
      ],
      [
        -5.1066801231354475,
        55.77720726840198,
        2.1999999999999886
      ],
      [
        -5.1066801231354475,
        55.77720726840198,
        2.1999999999999886
      ],
      [
        -5.1066801231354475,
        55.77720726840198,
        2.1999999999999886
      ],
      [
        -5.1066801231354475,
        55.77720726840198,
        2.1999999999999886
      ],
      [
        -5.1066801231354475,
        55.77720726840198,
        2.1999999999999886
      ],
      [
        -5.1066801231354475,
        55.77720726840198,
        2.1999999999999886
      ],
      [
        -5.1066801231354475,
        55.77720726840198,
        2.1999999999999886
      ],
      [
        -5.1066801231354475,
        55.77720726840198,
        2.1999999999999886
      ],
      [
        -5.1066801231354475,
        55.77720726840198,
        2.1999999999999886
      ],
      [
        -5.1066801231354475,
        55.77720726840198,
        2.1999999999999886
      ],
      [
        -5.1066801231354475,
        55.77720726840198,
        2.1999999999999886
      ],
      [
        -5.1066801231354475,
        55.77720726840198,
        2.1999999999999886
      ],
      [
        -5.1066801231354475,
        55.77720726840198,
        2.1999999999999886
      ],
      [
        -5.1066801231354475,
        55.77720726840198,
        2.1999999999999886
      ],
      [
        -5.1066801231354475,
        55.77720726840198,
        2.1999999999999886
      ],
      [
        -5.1066801231354475,
        55.77720726840198,
        2.1999999999999886
      ],
      [
        -5.1066801231354475,
        55.77720726840198,
        2.1999999999999886
      ],
      [
        -5.1066801231354475,
        55.77720726840198,
        2.1999999999999886
      ],
      [
        -5.1066801231354475,
        55.77720726840198,
        2.1999999999999886
      ],
      [
        -5.1066801231354475,
        55.77720726840198,
        2.1999999999999886
      ],
      [
        -5.1066801231354475,
        55.77720726840198,
        2.1999999999999886
      ],
      [
        -5.1066801231354475,
        55.77720726840198,
        2.1999999999999886
      ],
      [
        -5.1066801231354475,
        55.77720726840198,
        2.1999999999999886
      ],
      [
        -5.1066801231354475,
        55.77720726840198,
        2.1999999999999886
      ],
      [
        -5.1066801231354475,
        55.77720726840198,
        2.1999999999999886
      ],
      [
        -5.1066801231354475,
        55.77720726840198,
        2.1999999999999886
      ],
      [
        -5.1066801231354475,
        55.77720726840198,
        2.1999999999999886
      ],
      [
        -5.1066801231354475,
        55.77720726840198,
        2.1999999999999886
      ],
      [
        -5.1066801231354475,
        55.77720726840198,
        2.1999999999999886
      ],
      [
        -5.1066801231354475,
        55.77720726840198,
        2.1999999999999886
      ],
      [
        -5.1066801231354475,
        55.77720726840198,
        2.1999999999999886
      ],
      [
        -5.1066801231354475,
        55.77720726840198,
        2.1999999999999886
      ],
      [
        -5.1066801231354475,
        55.77720726840198,
        2.1999999999999886
      ],
      [
        -5.1066801231354475,
        55.77720726840198,
        2.1999999999999886
      ],
      [
        -5.1066801231354475,
        55.77720726840198,
        2.1999999999999886
      ],
      [
        -5.1066801231354475,
        55.77720726840198,
        2.1999999999999886
      ],
      [
        -5.1066801231354475,
        55.77720726840198,
        2.1999999999999886
      ],
      [
        -5.1066801231354475,
        55.77720726840198,
        2.1999999999999886
      ],
      [
        -5.1066801231354475,
        55.77720726840198,
        2.1999999999999886
      ],
      [
        -5.1066801231354475,
        55.77720726840198,
        2.1999999999999886
      ],
      [
        -5.1066801231354475,
        55.77720726840198,
        2.1999999999999886
      ],
      [
        -5.1066801231354475,
        55.77720726840198,
        2.1999999999999886
      ],
      [
        -5.1066801231354475,
        55.77720726840198,
        2.1999999999999886
      ],
      [
        -5.1066801231354475,
        55.77720726840198,
        2.1999999999999886
      ],
      [
        -5.1066801231354475,
        55.77720726840198,
        2.1999999999999886
      ],
      [
        -5.106678865849972,
        55.77720710076392,
        2.1999999999999886
      ],
      [
        -5.1066783629357815,
        55.77720718458295,
        2.1999999999999886
      ],
      [
        -5.1066777762025595,
        55.77720718458295,
        2.1999999999999886
      ],
      [
        -5.106677273288369,
        55.77720726840198,
        2.1999999999999886
      ],
      [
        -5.106676686555147,
        55.77720735222101,
        2.1999999999999886
      ],
      [
        -5.106676183640957,
        55.777207519859076,
        2.1999999999999886
      ],
      [
        -5.106675680726767,
        55.77720760367811,
        2.1999999999999886
      ],
      [
        -5.106675177812576,
        55.77720777131617,
        2.1999999999999886
      ],
      [
        -5.106674842536449,
        55.777207938954234,
        2.1999999999999886
      ],
      [
        -5.106674758717418,
        55.7772081065923,
        2.1999999999999886
      ],
      [
        -5.106674842536449,
        55.77720827423036,
        2.1999999999999886
      ],
      [
        -5.106675261631608,
        55.777208525687456,
        2.1999999999999886
      ],
      [
        -5.106676183640957,
        55.77720877714455,
        2.1999999999999886
      ],
      [
        -5.106677692383528,
        55.777208944782615,
        2.1999999999999886
      ],
      [
        -5.106679787859321,
        55.77720919623971,
        2.1999999999999886
      ],
      [
        -5.106682805344462,
        55.777209447696805,
        2.1999999999999886
      ],
      [
        -5.106686744838953,
        55.77720961533487,
        2.1999999999999886
      ],
      [
        -5.106691690161824,
        55.7772096991539,
        2.1999999999999886
      ],
      [
        -5.106697892770171,
        55.77720978297293,
        2.1999999999999886
      ],
      [
        -5.106705352663994,
        55.77720978297293,
        2.1999999999999886
      ],
      [
        -5.106714069843292,
        55.77720961533487,
        2.1999999999999886
      ],
      [
        -5.106723960489035,
        55.77720936387777,
        2.1999999999999886
      ],
      [
        -5.106735108420253,
        55.77720886096358,
        2.1999999999999886
      ],
      [
        -5.106747094541788,
        55.77720819041133,
        2.1999999999999886
      ],
      [
        -5.106759583577514,
        55.77720726840198,
        2.1999999999999886
      ],
      [
        -5.106772407889366,
        55.777206094935536,
        2.1999999999999886
      ],
      [
        -5.106785064563155,
        55.777204586192966,
        2.1999999999999886
      ],
      [
        -5.106797385960817,
        55.77720274217427,
        2.1999999999999886
      ],
      [
        -5.106809204444289,
        55.777200646698475,
        2.1999999999999886
      ],
      [
        -5.106820352375507,
        55.777198215946555,
        2.1999999999999886
      ],
      [
        -5.10683074593544,
        55.77719553373754,
        2
      ],
      [
        -5.106840385124087,
        55.7771925162524,
        2
      ],
      [
        -5.106849102303386,
        55.77718916349113,
        2
      ],
      [
        -5.10685714893043,
        55.777185475453734,
        2
      ],
      [
        -5.10686444118619,
        55.777181535959244,
        2
      ],
      [
        -5.106871230527759,
        55.777177261188626,
        2
      ],
      [
        -5.106877516955137,
        55.777172734960914,
        2
      ],
      [
        -5.106883384287357,
        55.777167957276106,
        2
      ],
      [
        -5.106889000162482,
        55.777163095772266,
        2
      ],
      [
        -5.106894448399544,
        55.777158150449395,
        2.1999999999999886
      ],
      [
        -5.106899728998542,
        55.777153205126524,
        2.1999999999999886
      ],
      [
        -5.106904925778508,
        55.777148343622684,
        2.1999999999999886
      ],
      [
        -5.106909954920411,
        55.77714364975691,
        2.1999999999999886
      ],
      [
        -5.106914732605219,
        55.777139123529196,
        2.3999999999999773
      ],
      [
        -5.1069192588329315,
        55.77713484875858,
        2.3999999999999773
      ],
      [
        -5.106923365965486,
        55.777130825445056,
        2.3999999999999773
      ],
      [
        -5.106927137821913,
        55.77712705358863,
        2.3999999999999773
      ],
      [
        -5.106930490583181,
        55.77712361700833,
        2.3999999999999773
      ],
      [
        -5.106933424249291,
        55.777120515704155,
        2.3999999999999773
      ],
      [
        -5.106936106458306,
        55.777117582038045,
        2.3999999999999773
      ],
      [
        -5.106938369572163,
        55.77711498364806,
        2.3999999999999773
      ],
      [
        -5.106940381228924,
        55.77711255289614,
        2.3999999999999773
      ],
      [
        -5.10694214142859,
        55.77711037360132,
        2.3999999999999773
      ],
      [
        -5.106943817809224,
        55.77710844576359,
        2.3999999999999773
      ],
      [
        -5.106945242732763,
        55.77710660174489,
        2.3999999999999773
      ],
      [
        -5.106946583837271,
        55.777104841545224,
        2.3999999999999773
      ],
      [
        -5.1069478411227465,
        55.77710324898362,
        2.3999999999999773
      ],
      [
        -5.106949098408222,
        55.77710174024105,
        2.3999999999999773
      ],
      [
        -5.106950271874666,
        55.77710023149848,
        2.3999999999999773
      ],
      [
        -5.106951529160142,
        55.77709872275591,
        2.3999999999999773
      ],
      [
        -5.106952786445618,
        55.77709721401334,
        2.3999999999999773
      ],
      [
        -5.106954043731093,
        55.77709570527077,
        2.3999999999999773
      ],
      [
        -5.106955468654633,
        55.777094196528196,
        2.3999999999999773
      ],
      [
        -5.1069569773972034,
        55.777092687785625,
        2.1999999999999886
      ],
      [
        -5.106958569958806,
        55.777091179043055,
        2.1999999999999886
      ],
      [
        -5.106960162520409,
        55.777089670300484,
        2.1999999999999886
      ],
      [
        -5.106961755082011,
        55.77708807773888,
        2.1999999999999886
      ],
      [
        -5.1069634314626455,
        55.77708648517728,
        2.1999999999999886
      ],
      [
        -5.106965024024248,
        55.777084892615676,
        2.1999999999999886
      ],
      [
        -5.106966616585851,
        55.77708321623504,
        2.1999999999999886
      ],
      [
        -5.106968125328422,
        55.777081372216344,
        2.1999999999999886
      ],
      [
        -5.1069696340709925,
        55.777079528197646,
        2.1999999999999886
      ],
      [
        -5.106971058994532,
        55.777077516540885,
        2
      ],
      [
        -5.106972400099039,
        55.77707542106509,
        2
      ],
      [
        -5.1069737412035465,
        55.777073157951236,
        2
      ],
      [
        -5.1069749146699905,
        55.77707081101835,
        2
      ],
      [
        -5.106976004317403,
        55.777068212628365,
        2
      ],
      [
        -5.106976926326752,
        55.77706553041935,
        2
      ],
      [
        -5.106977848336101,
        55.77706268057227,
        2
      ],
      [
        -5.106978686526418,
        55.77705966308713,
        2
      ],
      [
        -5.106979524716735,
        55.77705664560199,
        2.1999999999999886
      ],
      [
        -5.106980446726084,
        55.77705346047878,
        2.1999999999999886
      ],
      [
        -5.106981368735433,
        55.77705027535558,
        2.1999999999999886
      ],
      [
        -5.106982374563813,
        55.777047174051404,
        2.1999999999999886
      ],
      [
        -5.1069834642112255,
        55.7770439889282,
        2.1999999999999886
      ],
      [
        -5.106984721496701,
        55.77704097144306,
        2.1999999999999886
      ],
      [
        -5.106986062601209,
        55.77703803777695,
        2.1999999999999886
      ],
      [
        -5.106987487524748,
        55.7770352717489,
        2.1999999999999886
      ],
      [
        -5.106989163905382,
        55.77703267335892,
        2.1999999999999886
      ],
      [
        -5.106991091743112,
        55.77703032642603,
        2.1999999999999886
      ],
      [
        -5.1069931872189045,
        55.777028230950236,
        2.3999999999999773
      ],
      [
        -5.106995450332761,
        55.77702630311251,
        2.3999999999999773
      ],
      [
        -5.106997964903712,
        55.777024710550904,
        2.3999999999999773
      ],
      [
        -5.107000730931759,
        55.7770233694464,
        2.3999999999999773
      ],
      [
        -5.1070034969598055,
        55.77702219597995,
        2.3999999999999773
      ],
      [
        -5.1070064306259155,
        55.777021273970604,
        2.3999999999999773
      ],
      [
        -5.107009448111057,
        55.77702060341835,
        2.3999999999999773
      ],
      [
        -5.107012465596199,
        55.77702018432319,
        2.3999999999999773
      ],
      [
        -5.107015483081341,
        55.7770199328661,
        2.1999999999999886
      ],
      [
        -5.107018416747451,
        55.777019849047065,
        2.1999999999999886
      ],
      [
        -5.107021266594529,
        55.7770199328661,
        2.1999999999999886
      ],
      [
        -5.107023948803544,
        55.77702010050416,
        2.1999999999999886
      ],
      [
        -5.107026547193527,
        55.77702051959932,
        2.1999999999999886
      ],
      [
        -5.1070288103073835,
        55.77702093869448,
        2.1999999999999886
      ],
      [
        -5.107030821964145,
        55.7770215254277,
        2.1999999999999886
      ],
      [
        -5.107032582163811,
        55.77702219597995,
        2.1999999999999886
      ],
      [
        -5.10703400708735,
        55.77702286653221,
        2
      ],
      [
        -5.1070350129157305,
        55.77702353708446,
        2
      ],
      [
        -5.107035683467984,
        55.777024207636714,
        2
      ],
      [
        -5.107035934925079,
        55.77702487818897,
        2
      ],
      [
        -5.107035851106048,
        55.77702546492219,
        2
      ],
      [
        -5.107035515829921,
        55.77702605165541,
        2
      ],
      [
        -5.107034845277667,
        55.77702647075057,
        2
      ],
      [
        -5.10703400708735,
        55.7770268060267,
        2
      ],
      [
        -5.107033001258969,
        55.77702705748379,
        2
      ],
      [
        -5.107031911611557,
        55.77702730894089,
        2
      ],
      [
        -5.107030738145113,
        55.77702739275992,
        2
      ],
      [
        -5.107029648497701,
        55.77702747657895,
        2
      ],
      [
        -5.107028558850288,
        55.77702747657895,
        2
      ],
      [
        -5.107027553021908,
        55.77702747657895,
        2
      ],
      [
        -5.107026714831591,
        55.77702747657895,
        2
      ],
      [
        -5.107025960460305,
        55.77702739275992,
        2
      ],
      [
        -5.1070252899080515,
        55.77702739275992,
        2
      ],
      [
        -5.107024786993861,
        55.77702730894089,
        2
      ],
      [
        -5.107024284079671,
        55.777027225121856,
        2
      ],
      [
        -5.107023948803544,
        55.777027141302824,
        2
      ],
      [
        -5.107023613527417,
        55.77702705748379,
        2
      ],
      [
        -5.10702327825129,
        55.77702697366476,
        2.1999999999999886
      ],
      [
        -5.107023026794195,
        55.77702688984573,
        2.1999999999999886
      ],
      [
        -5.1070227753371,
        55.7770268060267,
        2.1999999999999886
      ],
      [
        -5.107022440060973,
        55.777026722207665,
        2.1999999999999886
      ],
      [
        -5.107022188603878,
        55.777026638388634,
        2.1999999999999886
      ],
      [
        -5.107021853327751,
        55.7770265545696,
        2.1999999999999886
      ],
      [
        -5.107021434232593,
        55.77702647075057,
        2.1999999999999886
      ],
      [
        -5.107020931318402,
        55.77702638693154,
        2.1999999999999886
      ],
      [
        -5.107020512223244,
        55.77702630311251,
        2.1999999999999886
      ],
      [
        -5.107019925490022,
        55.777026219293475,
        2.1999999999999886
      ],
      [
        -5.107019422575831,
        55.777026219293475,
        2.1999999999999886
      ],
      [
        -5.107018835842609,
        55.77702613547444,
        2.1999999999999886
      ],
      [
        -5.107018332928419,
        55.77702605165541,
        2.1999999999999886
      ],
      [
        -5.107017830014229,
        55.77702605165541,
        2.1999999999999886
      ],
      [
        -5.10701741091907,
        55.77702605165541,
        2.1999999999999886
      ],
      [
        -5.107016991823912,
        55.77702605165541,
        2.1999999999999886
      ],
      [
        -5.107016656547785,
        55.77702605165541,
        2.1999999999999886
      ],
      [
        -5.10701640509069,
        55.77702605165541,
        2.1999999999999886
      ],
      [
        -5.1070161536335945,
        55.77702605165541,
        2.1999999999999886
      ],
      [
        -5.107015985995531,
        55.77702605165541,
        2.1999999999999886
      ],
      [
        -5.107015818357468,
        55.77702605165541,
        2.1999999999999886
      ],
      [
        -5.107015734538436,
        55.77702613547444,
        2.1999999999999886
      ],
      [
        -5.107015650719404,
        55.77702613547444,
        2.1999999999999886
      ],
      [
        -5.107015650719404,
        55.77702613547444,
        2.1999999999999886
      ],
      [
        -5.1070155669003725,
        55.77702613547444,
        2.1999999999999886
      ],
      [
        -5.1070155669003725,
        55.77702613547444,
        2.1999999999999886
      ],
      [
        -5.1070155669003725,
        55.777026219293475,
        2.1999999999999886
      ],
      [
        -5.1070155669003725,
        55.777026219293475,
        2.1999999999999886
      ],
      [
        -5.1070155669003725,
        55.777026219293475,
        2.1999999999999886
      ],
      [
        -5.107015650719404,
        55.777026219293475,
        2.1999999999999886
      ],
      [
        -5.107015650719404,
        55.777026219293475,
        2.1999999999999886
      ],
      [
        -5.107015650719404,
        55.777026219293475,
        2.1999999999999886
      ],
      [
        -5.107015734538436,
        55.777026219293475,
        2.1999999999999886
      ],
      [
        -5.107015734538436,
        55.777026219293475,
        2.1999999999999886
      ],
      [
        -5.107015734538436,
        55.777026219293475,
        2.1999999999999886
      ],
      [
        -5.107015734538436,
        55.777026219293475,
        2.1999999999999886
      ],
      [
        -5.107015818357468,
        55.777026219293475,
        2.1999999999999886
      ],
      [
        -5.107015818357468,
        55.777026219293475,
        2.1999999999999886
      ],
      [
        -5.107015818357468,
        55.777026219293475,
        2.1999999999999886
      ],
      [
        -5.107015818357468,
        55.777026219293475,
        2.1999999999999886
      ],
      [
        -5.107015818357468,
        55.777026219293475,
        2.1999999999999886
      ],
      [
        -5.107015818357468,
        55.777026219293475,
        2.1999999999999886
      ],
      [
        -5.107015818357468,
        55.777026219293475,
        2.1999999999999886
      ],
      [
        -5.107015818357468,
        55.777026219293475,
        2.1999999999999886
      ],
      [
        -5.107015818357468,
        55.777026219293475,
        2.1999999999999886
      ],
      [
        -5.107015818357468,
        55.777026219293475,
        2.1999999999999886
      ],
      [
        -5.107015818357468,
        55.777026219293475,
        2.1999999999999886
      ],
      [
        -5.107015818357468,
        55.777026219293475,
        2.1999999999999886
      ],
      [
        -5.107015818357468,
        55.777026219293475,
        2.1999999999999886
      ],
      [
        -5.107015818357468,
        55.777026219293475,
        2.1999999999999886
      ],
      [
        -5.107015818357468,
        55.777026219293475,
        2.1999999999999886
      ],
      [
        -5.107015818357468,
        55.777026219293475,
        2.1999999999999886
      ],
      [
        -5.107015818357468,
        55.777026219293475,
        2.1999999999999886
      ],
      [
        -5.107015818357468,
        55.777026219293475,
        2.1999999999999886
      ],
      [
        -5.107015818357468,
        55.777026219293475,
        2.1999999999999886
      ],
      [
        -5.107015818357468,
        55.777026219293475,
        2.1999999999999886
      ],
      [
        -5.107015818357468,
        55.777026219293475,
        2.1999999999999886
      ],
      [
        -5.107015818357468,
        55.777026219293475,
        2.1999999999999886
      ],
      [
        -5.107015818357468,
        55.777026219293475,
        2.1999999999999886
      ],
      [
        -5.107015818357468,
        55.777026219293475,
        2.1999999999999886
      ],
      [
        -5.107015818357468,
        55.777026219293475,
        2.1999999999999886
      ],
      [
        -5.107015818357468,
        55.777026219293475,
        2.1999999999999886
      ],
      [
        -5.107015818357468,
        55.777026219293475,
        2.1999999999999886
      ],
      [
        -5.107015818357468,
        55.777026219293475,
        2.1999999999999886
      ],
      [
        -5.107015818357468,
        55.777026219293475,
        2.1999999999999886
      ],
      [
        -5.107015818357468,
        55.777026219293475,
        2.1999999999999886
      ],
      [
        -5.107015818357468,
        55.777026219293475,
        2.1999999999999886
      ],
      [
        -5.107015818357468,
        55.777026219293475,
        2.1999999999999886
      ],
      [
        -5.107015818357468,
        55.777026219293475,
        2.1999999999999886
      ],
      [
        -5.107015818357468,
        55.777026219293475,
        2.1999999999999886
      ],
      [
        -5.107015818357468,
        55.777026219293475,
        2.1999999999999886
      ],
      [
        -5.107015818357468,
        55.777026219293475,
        2.1999999999999886
      ],
      [
        -5.107015818357468,
        55.777026219293475,
        2.1999999999999886
      ],
      [
        -5.107015818357468,
        55.777026219293475,
        2.1999999999999886
      ],
      [
        -5.107015818357468,
        55.777026219293475,
        2.1999999999999886
      ],
      [
        -5.107015818357468,
        55.777026219293475,
        2.1999999999999886
      ],
      [
        -5.107015818357468,
        55.777026219293475,
        2.1999999999999886
      ],
      [
        -5.107015818357468,
        55.777026219293475,
        2.1999999999999886
      ],
      [
        -5.107015818357468,
        55.777026219293475,
        2.1999999999999886
      ],
      [
        -5.107015818357468,
        55.777026219293475,
        2.1999999999999886
      ],
      [
        -5.107015818357468,
        55.777026219293475,
        2.1999999999999886
      ],
      [
        -5.107015818357468,
        55.777026219293475,
        2.1999999999999886
      ],
      [
        -5.107015818357468,
        55.777026219293475,
        2.1999999999999886
      ],
      [
        -5.107015818357468,
        55.777026219293475,
        2.1999999999999886
      ],
      [
        -5.107015818357468,
        55.777026219293475,
        2.1999999999999886
      ],
      [
        -5.107015818357468,
        55.777026219293475,
        2.1999999999999886
      ],
      [
        -5.107015818357468,
        55.777026219293475,
        2.1999999999999886
      ],
      [
        -5.107015818357468,
        55.777026219293475,
        2.1999999999999886
      ],
      [
        -5.107015818357468,
        55.777026219293475,
        2.1999999999999886
      ],
      [
        -5.107015818357468,
        55.777026219293475,
        2.1999999999999886
      ],
      [
        -5.107015818357468,
        55.777026219293475,
        2.1999999999999886
      ],
      [
        -5.107015818357468,
        55.777026219293475,
        2.1999999999999886
      ],
      [
        -5.107015818357468,
        55.777026219293475,
        2.1999999999999886
      ],
      [
        -5.107015818357468,
        55.777026219293475,
        2.1999999999999886
      ],
      [
        -5.107015818357468,
        55.777026219293475,
        2.1999999999999886
      ],
      [
        -5.107015902176499,
        55.777026219293475,
        2.1999999999999886
      ],
      [
        -5.107015902176499,
        55.777026219293475,
        2.1999999999999886
      ],
      [
        -5.107015902176499,
        55.777026219293475,
        2.1999999999999886
      ],
      [
        -5.107015985995531,
        55.777026219293475,
        2.1999999999999886
      ],
      [
        -5.107015985995531,
        55.777026219293475,
        2.1999999999999886
      ],
      [
        -5.107016069814563,
        55.777026219293475,
        2.1999999999999886
      ],
      [
        -5.107016069814563,
        55.777026219293475,
        2.1999999999999886
      ],
      [
        -5.1070161536335945,
        55.777026219293475,
        2.1999999999999886
      ],
      [
        -5.1070161536335945,
        55.777026219293475,
        2.1999999999999886
      ],
      [
        -5.107016237452626,
        55.777026219293475,
        2.1999999999999886
      ],
      [
        -5.107016237452626,
        55.777026219293475,
        2.1999999999999886
      ],
      [
        -5.107016237452626,
        55.777026219293475,
        2.1999999999999886
      ],
      [
        -5.107016237452626,
        55.777026219293475,
        2.1999999999999886
      ],
      [
        -5.1070161536335945,
        55.777026219293475,
        2.1999999999999886
      ],
      [
        -5.107016069814563,
        55.777026219293475,
        2.1999999999999886
      ],
      [
        -5.107015902176499,
        55.777026219293475,
        2.1999999999999886
      ],
      [
        -5.107015734538436,
        55.777026219293475,
        2.1999999999999886
      ],
      [
        -5.107015399262309,
        55.777026219293475,
        2.1999999999999886
      ],
      [
        -5.107015063986182,
        55.777026219293475,
        2.1999999999999886
      ],
      [
        -5.107014561071992,
        55.777026219293475,
        2.1999999999999886
      ],
      [
        -5.10701397433877,
        55.77702613547444,
        2.1999999999999886
      ],
      [
        -5.107397111132741,
        55.776830753311515,
        2.3999999999999773
      ],
      [
        -5.107387136667967,
        55.77686679549515,
        2.8000000000000114
      ],
      [
        -5.107255792245269,
        55.77735386788845,
        4.800000000000011
      ],
      [
        -5.10725487023592,
        55.777362417429686,
        4.800000000000011
      ],
      [
        -5.107254199683666,
        55.77737105078995,
        4.800000000000011
      ],
      [
        -5.107253612950444,
        55.77737960033119,
        4.800000000000011
      ],
      [
        -5.107253193855286,
        55.777388233691454,
        4.800000000000011
      ],
      [
        -5.107252858579159,
        55.77739686705172,
        4.800000000000011
      ],
      [
        -5.107252607122064,
        55.77740558423102,
        4.800000000000011
      ],
      [
        -5.1072523556649685,
        55.77741446904838,
        4.800000000000011
      ],
      [
        -5.107252104207873,
        55.777423521503806,
        4.800000000000011
      ],
      [
        -5.1072517689317465,
        55.777432741597295,
        4.800000000000011
      ],
      [
        -5.107251349836588,
        55.777442045509815,
        4.800000000000011
      ],
      [
        -5.107250846922398,
        55.77745143324137,
        4.800000000000011
      ],
      [
        -5.107250176370144,
        55.77746073715389,
        4.800000000000011
      ],
      [
        -5.107249338179827,
        55.77747004106641,
        4.800000000000011
      ],
      [
        -5.107248332351446,
        55.77747909352183,
        4.800000000000011
      ],
      [
        -5.107246991246939,
        55.777487978339195,
        4.800000000000011
      ],
      [
        -5.1072455663233995,
        55.7774964440614,
        4.800000000000011
      ],
      [
        -5.107243889942765,
        55.77750449068844,
        4.800000000000011
      ],
      [
        -5.1072420459240675,
        55.7775120344013,
        4.800000000000011
      ],
      [
        -5.10724020190537,
        55.77751899138093,
        4.800000000000011
      ],
      [
        -5.10723827406764,
        55.77752544544637,
        4.800000000000011
      ],
      [
        -5.107236262410879,
        55.77753131277859,
        5
      ],
      [
        -5.107234166935086,
        55.77753659337759,
        5
      ],
      [
        -5.10723190382123,
        55.777541287243366,
        5
      ],
      [
        -5.1072293892502785,
        55.77754547819495,
        5.199999999999989
      ],
      [
        -5.107226623222232,
        55.77754925005138,
        5.199999999999989
      ],
      [
        -5.107223354279995,
        55.77755268663168,
        5.199999999999989
      ],
      [
        -5.107219750061631,
        55.77755578793585,
        5.399999999999977
      ],
      [
        -5.107215559110045,
        55.777558805420995,
        5.399999999999977
      ],
      [
        -5.107210865244269,
        55.77756182290614,
        5.399999999999977
      ],
      [
        -5.10720550082624,
        55.77756484039128,
        5.600000000000023
      ],
      [
        -5.107199465855956,
        55.777568109333515,
        5.600000000000023
      ],
      [
        -5.107192844152451,
        55.77757171355188,
        5.600000000000023
      ],
      [
        -5.107185384258628,
        55.7775757368654,
        5.800000000000011
      ],
      [
        -5.1071772538125515,
        55.777580263093114,
        5.800000000000011
      ],
      [
        -5.107168285176158,
        55.77758545987308,
        5.800000000000011
      ],
      [
        -5.107158478349447,
        55.7775913272053,
        5.800000000000011
      ],
      [
        -5.107147917151451,
        55.77759778127074,
        5.800000000000011
      ],
      [
        -5.1071366015821695,
        55.77760498970747,
        5.800000000000011
      ],
      [
        -5.107124447822571,
        55.77761278487742,
        5.800000000000011
      ],
      [
        -5.107111623510718,
        55.77762125059962,
        5.800000000000011
      ],
      [
        -5.107098128646612,
        55.777630135416985,
        5.800000000000011
      ],
      [
        -5.107083795592189,
        55.77763952314854,
        5.800000000000011
      ],
      [
        -5.1070688758045435,
        55.77764932997525,
        5.800000000000011
      ],
      [
        -5.107053117826581,
        55.77765938825905,
        5.800000000000011
      ],
      [
        -5.1070367731153965,
        55.777669697999954,
        5.800000000000011
      ],
      [
        -5.10701984167099,
        55.777680007740855,
        5.800000000000011
      ],
      [
        -5.10700223967433,
        55.77769040130079,
        5.800000000000011
      ],
      [
        -5.106984218582511,
        55.77770071104169,
        6
      ],
      [
        -5.106965694576502,
        55.77771093696356,
        6
      ],
      [
        -5.106946919113398,
        55.777721079066396,
        6
      ],
      [
        -5.10692797601223,
        55.77773096971214,
        6
      ],
      [
        -5.106908865272999,
        55.77774069271982,
        6
      ],
      [
        -5.106889838352799,
        55.7777501642704,
        6.199999999999989
      ],
      [
        -5.106870895251632,
        55.77775938436389,
        6.199999999999989
      ],
      [
        -5.106852035969496,
        55.77776826918125,
        6.199999999999989
      ],
      [
        -5.106833428144455,
        55.77777681872249,
        6.399999999999977
      ],
      [
        -5.106815071776509,
        55.77778494916856,
        6.399999999999977
      ],
      [
        -5.106796966865659,
        55.77779274433851,
        6.399999999999977
      ],
      [
        -5.106779281049967,
        55.77779995277524,
        6.399999999999977
      ],
      [
        -5.106762014329433,
        55.77780665829778,
        6.399999999999977
      ],
      [
        -5.106745334342122,
        55.777812860906124,
        6.600000000000023
      ],
      [
        -5.106729157269001,
        55.77781839296222,
        6.600000000000023
      ],
      [
        -5.106713650748134,
        55.77782333828509,
        6.600000000000023
      ],
      [
        -5.106699066236615,
        55.777827613055706,
        6.600000000000023
      ],
      [
        -5.106685319915414,
        55.7778313010931,
        6.600000000000023
      ],
      [
        -5.106672579422593,
        55.777834402397275,
        6.600000000000023
      ],
      [
        -5.106660760939121,
        55.77783700078726,
        6.600000000000023
      ],
      [
        -5.106650032103062,
        55.77783918008208,
        6.600000000000023
      ],
      [
        -5.106640141457319,
        55.77784094028175,
        6.600000000000023
      ],
      [
        -5.106630921363831,
        55.77784244902432,
        6.399999999999977
      ],
      [
        -5.106622288003564,
        55.77784404158592,
        6.399999999999977
      ],
      [
        -5.106613906100392,
        55.777845634147525,
        6.399999999999977
      ],
      [
        -5.106605524197221,
        55.777847561985254,
        6.199999999999989
      ],
      [
        -5.1065970584750175,
        55.777849992737174,
        6.199999999999989
      ],
      [
        -5.106588173657656,
        55.777852926403284,
        6
      ],
      [
        -5.106578953564167,
        55.77785661444068,
        6
      ],
      [
        -5.106569230556488,
        55.777861224487424,
        5.800000000000011
      ],
      [
        -5.106559004634619,
        55.777866588905454,
        5.800000000000011
      ],
      [
        -5.106548443436623,
        55.77787287533283,
        5.600000000000023
      ],
      [
        -5.106537463143468,
        55.77788008376956,
        5.600000000000023
      ],
      [
        -5.106526231393218,
        55.77788804657757,
        5.399999999999977
      ],
      [
        -5.106514664366841,
        55.7778968475759,
        5.399999999999977
      ],
      [
        -5.1065028458833694,
        55.77790631912649,
        5.199999999999989
      ],
      [
        -5.106490692123771,
        55.77791637741029,
        5.199999999999989
      ],
      [
        -5.106478203088045,
        55.77792693860829,
        5.199999999999989
      ],
      [
        -5.1064651273190975,
        55.77793791890144,
        5.199999999999989
      ],
      [
        -5.106451632454991,
        55.77794915065169,
        5
      ],
      [
        -5.106437467038631,
        55.77796071767807,
        5
      ],
      [
        -5.106422798708081,
        55.77797236852348,
        5
      ],
      [
        -5.106407543644309,
        55.77798410318792,
        5.199999999999989
      ],
      [
        -5.1063917856663465,
        55.77799600549042,
        5.199999999999989
      ],
      [
        -5.106375524774194,
        55.778007907792926,
        5.199999999999989
      ],
      [
        -5.106358844786882,
        55.7780197262764,
        5.199999999999989
      ],
      [
        -5.1063417457044125,
        55.77803154475987,
        5.199999999999989
      ],
      [
        -5.106324143707752,
        55.77804327942431,
        5.399999999999977
      ],
      [
        -5.106306290253997,
        55.77805484645069,
        5.399999999999977
      ],
      [
        -5.106288101524115,
        55.77806632965803,
        5.399999999999977
      ],
      [
        -5.1062695775181055,
        55.77807764522731,
        5.399999999999977
      ],
      [
        -5.1062507182359695,
        55.7780887093395,
        5.399999999999977
      ],
      [
        -5.106231607496738,
        55.77809960581362,
        5.399999999999977
      ],
      [
        -5.106212245300412,
        55.77811025083065,
        5.600000000000023
      ],
      [
        -5.106192547827959,
        55.778120728209615,
        5.600000000000023
      ],
      [
        -5.106172598898411,
        55.77813078649342,
        5.600000000000023
      ],
      [
        -5.106152398511767,
        55.77814059332013,
        5.600000000000023
      ],
      [
        -5.106131862848997,
        55.778150064870715,
        5.600000000000023
      ],
      [
        -5.106111075729132,
        55.77815911732614,
        5.600000000000023
      ],
      [
        -5.106090037152171,
        55.77816791832447,
        5.600000000000023
      ],
      [
        -5.106068747118115,
        55.77817630022764,
        5.800000000000011
      ],
      [
        -5.106047205626965,
        55.77818443067372,
        5.800000000000011
      ],
      [
        -5.10602549649775,
        55.778192142024636,
        5.800000000000011
      ],
      [
        -5.106003703549504,
        55.77819968573749,
        5.800000000000011
      ],
      [
        -5.105981742963195,
        55.77820697799325,
        6
      ],
      [
        -5.105959782376885,
        55.778214102610946,
        6
      ],
      [
        -5.105937737971544,
        55.77822114340961,
        6
      ],
      [
        -5.105915945023298,
        55.778228268027306,
        6
      ],
      [
        -5.105894235894084,
        55.778235392645,
        6.199999999999989
      ],
      [
        -5.1058728620409966,
        55.77824276871979,
        6.199999999999989
      ],
      [
        -5.105851739645004,
        55.77825031243265,
        6.199999999999989
      ],
      [
        -5.105831120163202,
        55.77825819142163,
        6.199999999999989
      ],
      [
        -5.105810919776559,
        55.77826648950577,
        6.199999999999989
      ],
      [
        -5.105791222304106,
        55.778275122866035,
        6.199999999999989
      ],
      [
        -5.105772027745843,
        55.77828417532146,
        6.199999999999989
      ],
      [
        -5.10575333610177,
        55.778293646872044,
        6.199999999999989
      ],
      [
        -5.10573523119092,
        55.778303537517786,
        6.199999999999989
      ],
      [
        -5.10571762919426,
        55.77831384725869,
        6.199999999999989
      ],
      [
        -5.10570053011179,
        55.77832457609475,
        6
      ],
      [
        -5.10568393394351,
        55.77833564020693,
        6
      ],
      [
        -5.105667840689421,
        55.778347039595246,
        6
      ],
      [
        -5.105652250349522,
        55.778358690440655,
        5.800000000000011
      ],
      [
        -5.105637079104781,
        55.77837076038122,
        5.800000000000011
      ],
      [
        -5.1056222431361675,
        55.77838299795985,
        5.600000000000023
      ],
      [
        -5.105607742443681,
        55.77839548699558,
        5.600000000000023
      ],
      [
        -5.105593325570226,
        55.778408059850335,
        5.600000000000023
      ],
      [
        -5.105579076334834,
        55.778420800343156,
        5.399999999999977
      ],
      [
        -5.105564659461379,
        55.77843362465501,
        5.399999999999977
      ],
      [
        -5.105550158768892,
        55.77844644896686,
        5.399999999999977
      ],
      [
        -5.105535574257374,
        55.77845918945968,
        5.199999999999989
      ],
      [
        -5.1055206544697285,
        55.77847184613347,
        5.199999999999989
      ],
      [
        -5.10550556704402,
        55.77848441898823,
        5.199999999999989
      ],
      [
        -5.105490228161216,
        55.77849682420492,
        5.199999999999989
      ],
      [
        -5.105474554002285,
        55.77850906178355,
        5.199999999999989
      ],
      [
        -5.105458628386259,
        55.77852121554315,
        5
      ],
      [
        -5.105442618951201,
        55.77853328548372,
        5
      ],
      [
        -5.10542644187808,
        55.77854518778622,
        5
      ],
      [
        -5.105410180985928,
        55.77855700626969,
        5
      ],
      [
        -5.105393920093775,
        55.77856874093413,
        5
      ],
      [
        -5.105377743020654,
        55.778580475598574,
        5
      ],
      [
        -5.105361649766564,
        55.77859212644398,
        5
      ],
      [
        -5.1053457241505384,
        55.77860386110842,
        5
      ],
      [
        -5.105330049991608,
        55.77861559577286,
        5.199999999999989
      ],
      [
        -5.10531454347074,
        55.7786273304373,
        5.199999999999989
      ],
      [
        -5.105299120768905,
        55.77863898128271,
        5.199999999999989
      ],
      [
        -5.1052838657051325,
        55.77865071594715,
        5.199999999999989
      ],
      [
        -5.10526861064136,
        55.77866245061159,
        5.199999999999989
      ],
      [
        -5.10525343939662,
        55.778674101457,
        5.199999999999989
      ],
      [
        -5.105238184332848,
        55.77868575230241,
        5.199999999999989
      ],
      [
        -5.105222929269075,
        55.778697319328785,
        5.199999999999989
      ],
      [
        -5.1052075903862715,
        55.77870880253613,
        5.199999999999989
      ],
      [
        -5.105192167684436,
        55.77872011810541,
        5.199999999999989
      ],
      [
        -5.1051767449826,
        55.77873126603663,
        5.399999999999977
      ],
      [
        -5.105161154642701,
        55.778742246329784,
        5.399999999999977
      ],
      [
        -5.105145564302802,
        55.778752975165844,
        5.399999999999977
      ],
      [
        -5.10512980632484,
        55.77876353636384,
        5.399999999999977
      ],
      [
        -5.105113964527845,
        55.77877392992377,
        5.399999999999977
      ],
      [
        -5.1050980389118195,
        55.77878415584564,
        5.399999999999977
      ],
      [
        -5.105082029476762,
        55.77879421412945,
        5.399999999999977
      ],
      [
        -5.105066020041704,
        55.77880410477519,
        5.399999999999977
      ],
      [
        -5.105049842968583,
        55.7788139116019,
        5.399999999999977
      ],
      [
        -5.105033665895462,
        55.77882363460958,
        5.399999999999977
      ],
      [
        -5.105017488822341,
        55.77883335761726,
        5.600000000000023
      ],
      [
        -5.1050011441111565,
        55.77884316444397,
        5.600000000000023
      ],
      [
        -5.104984883219004,
        55.77885288745165,
        5.600000000000023
      ],
      [
        -5.1049684546887875,
        55.77886277809739,
        5.600000000000023
      ],
      [
        -5.104952026158571,
        55.77887266874313,
        5.600000000000023
      ],
      [
        -5.104935681447387,
        55.77888264320791,
        5.600000000000023
      ],
      [
        -5.104919336736202,
        55.77889270149171,
        5.600000000000023
      ],
      [
        -5.104902992025018,
        55.77890284359455,
        5.600000000000023
      ],
      [
        -5.104886731132865,
        55.77891298569739,
        5.600000000000023
      ],
      [
        -5.104870470240712,
        55.778923127800226,
        5.600000000000023
      ],
      [
        -5.104854209348559,
        55.778933353722095,
        5.800000000000011
      ],
      [
        -5.104837864637375,
        55.778943579643965,
        5.800000000000011
      ],
      [
        -5.10482151992619,
        55.778953805565834,
        5.800000000000011
      ],
      [
        -5.104805007576942,
        55.7789640314877,
        5.800000000000011
      ],
      [
        -5.104788411408663,
        55.77897425740957,
        5.800000000000011
      ],
      [
        -5.104771815240383,
        55.77898448333144,
        5.800000000000011
      ],
      [
        -5.10475505143404,
        55.77899470925331,
        5.800000000000011
      ],
      [
        -5.104738371446729,
        55.77900493517518,
        5.800000000000011
      ],
      [
        -5.104721523821354,
        55.77901524491608,
        5.800000000000011
      ],
      [
        -5.104704760015011,
        55.77902555465698,
        5.800000000000011
      ],
      [
        -5.104687912389636,
        55.77903586439788,
        5.800000000000011
      ],
      [
        -5.104671064764261,
        55.779046257957816,
        5.800000000000011
      ],
      [
        -5.104654133319855,
        55.77905673533678,
        5.800000000000011
      ],
      [
        -5.104637034237385,
        55.77906712889671,
        5.800000000000011
      ],
      [
        -5.104619935154915,
        55.77907760627568,
        5.800000000000011
      ],
      [
        -5.10460258461535,
        55.77908799983561,
        5.800000000000011
      ],
      [
        -5.104585150256753,
        55.77909830957651,
        5.600000000000023
      ],
      [
        -5.104567464441061,
        55.77910861931741,
        5.600000000000023
      ],
      [
        -5.104549610987306,
        55.77911876142025,
        5.600000000000023
      ],
      [
        -5.104531589895487,
        55.779128735885024,
        5.600000000000023
      ],
      [
        -5.104513317346573,
        55.779138542711735,
        5.600000000000023
      ],
      [
        -5.104494793340564,
        55.77914818190038,
        5.600000000000023
      ],
      [
        -5.104475934058428,
        55.779157653450966,
        5.600000000000023
      ],
      [
        -5.104456907138228,
        55.77916678972542,
        5.600000000000023
      ],
      [
        -5.104437544941902,
        55.779175758361816,
        5.600000000000023
      ],
      [
        -5.1044180151075125,
        55.77918455936015,
        5.600000000000023
      ],
      [
        -5.104398317635059,
        55.77919310890138,
        5.600000000000023
      ],
      [
        -5.104378452524543,
        55.77920140698552,
        5.600000000000023
      ],
      [
        -5.104358419775963,
        55.7792095374316,
        5.600000000000023
      ],
      [
        -5.104338303208351,
        55.77921750023961,
        5.600000000000023
      ],
      [
        -5.104318019002676,
        55.77922529540956,
        5.600000000000023
      ],
      [
        -5.104297650977969,
        55.779232922941446,
        5.600000000000023
      ],
      [
        -5.104277199134231,
        55.7792404666543,
        5.600000000000023
      ],
      [
        -5.10425666347146,
        55.77924792654812,
        5.600000000000023
      ],
      [
        -5.104235960170627,
        55.779255302622914,
        5.600000000000023
      ],
      [
        -5.104215005412698,
        55.779262678697705,
        5.399999999999977
      ],
      [
        -5.104193966835737,
        55.779270054772496,
        5.399999999999977
      ],
      [
        -5.1041726768016815,
        55.77927743084729,
        5.399999999999977
      ],
      [
        -5.104151302948594,
        55.77928489074111,
        5.399999999999977
      ],
      [
        -5.1041296776384115,
        55.779292518272996,
        5.399999999999977
      ],
      [
        -5.104108052328229,
        55.779300313442945,
        5.199999999999989
      ],
      [
        -5.104086343199015,
        55.77930827625096,
        5.199999999999989
      ],
      [
        -5.104064717888832,
        55.779316406697035,
        5.199999999999989
      ],
      [
        -5.104043176397681,
        55.779324788600206,
        5.199999999999989
      ],
      [
        -5.104021718725562,
        55.77933333814144,
        5.199999999999989
      ],
      [
        -5.104000344872475,
        55.77934213913977,
        5.199999999999989
      ],
      [
        -5.103979222476482,
        55.7793511915952,
        5.199999999999989
      ],
      [
        -5.103958183899522,
        55.779360411688685,
        5
      ],
      [
        -5.103937312960625,
        55.77936979942024,
        5
      ],
      [
        -5.103916525840759,
        55.779379438608885,
        5
      ],
      [
        -5.103895906358957,
        55.779389245435596,
        5
      ],
      [
        -5.103875454515219,
        55.77939913608134,
        5
      ],
      [
        -5.103855086490512,
        55.779409278184175,
        5
      ],
      [
        -5.1038348861038685,
        55.779419504106045,
        5
      ],
      [
        -5.10381493717432,
        55.779429813846946,
        5
      ],
      [
        -5.103795072063804,
        55.77944029122591,
        5
      ],
      [
        -5.103775458410382,
        55.779450768604875,
        5
      ],
      [
        -5.103756012395024,
        55.77946124598384,
        5
      ],
      [
        -5.103736650198698,
        55.779471807181835,
        5
      ],
      [
        -5.1037173718214035,
        55.7794822845608,
        5
      ],
      [
        -5.103698177263141,
        55.77949267812073,
        5
      ],
      [
        -5.103678982704878,
        55.779503071680665,
        5
      ],
      [
        -5.103659704327583,
        55.779513297602534,
        5
      ],
      [
        -5.103640425950289,
        55.77952343970537,
        5
      ],
      [
        -5.103620979934931,
        55.77953349798918,
        5
      ],
      [
        -5.103601450100541,
        55.77954338863492,
        5
      ],
      [
        -5.103581752628088,
        55.7795531116426,
        5
      ],
      [
        -5.10356180369854,
        55.779562667012215,
        5
      ],
      [
        -5.103541687130928,
        55.77957205474377,
        5
      ],
      [
        -5.1035212352871895,
        55.77958135865629,
        5
      ],
      [
        -5.1035006158053875,
        55.77959032729268,
        5
      ],
      [
        -5.10347974486649,
        55.77959921211004,
        5.199999999999989
      ],
      [
        -5.10345870628953,
        55.77960792928934,
        5.199999999999989
      ],
      [
        -5.103437416255474,
        55.779616478830576,
        5.199999999999989
      ],
      [
        -5.103416042402387,
        55.77962494455278,
        5.199999999999989
      ],
      [
        -5.103394500911236,
        55.77963315881789,
        5.399999999999977
      ],
      [
        -5.1033727917820215,
        55.779641373082995,
        5.399999999999977
      ],
      [
        -5.1033509988337755,
        55.77964933589101,
        5.399999999999977
      ],
      [
        -5.103329122066498,
        55.77965729869902,
        5.399999999999977
      ],
      [
        -5.103307077661157,
        55.77966501004994,
        5.399999999999977
      ],
      [
        -5.103284949436784,
        55.77967255376279,
        5.399999999999977
      ],
      [
        -5.103262569755316,
        55.779680013656616,
        5.399999999999977
      ],
      [
        -5.103239938616753,
        55.77968713827431,
        5.399999999999977
      ],
      [
        -5.103217056021094,
        55.779694095253944,
        5.399999999999977
      ],
      [
        -5.103194005787373,
        55.77970080077648,
        5.399999999999977
      ],
      [
        -5.103170620277524,
        55.779707254841924,
        5.399999999999977
      ],
      [
        -5.103147067129612,
        55.77971345745027,
        5.399999999999977
      ],
      [
        -5.103123262524605,
        55.77971940860152,
        5.399999999999977
      ],
      [
        -5.1030992064625025,
        55.77972510829568,
        5.199999999999989
      ],
      [
        -5.103074982762337,
        55.77973064035177,
        5.199999999999989
      ],
      [
        -5.1030505914241076,
        55.77973592095077,
        5.199999999999989
      ],
      [
        -5.103026032447815,
        55.779741033911705,
        5.199999999999989
      ],
      [
        -5.103001389652491,
        55.77974581159651,
        5.199999999999989
      ],
      [
        -5.102976495400071,
        55.77975042164326,
        5
      ],
      [
        -5.10295151732862,
        55.779754780232906,
        5
      ],
      [
        -5.102926287800074,
        55.77975888736546,
        5
      ],
      [
        -5.102901058271527,
        55.77976291067898,
        5
      ],
      [
        -5.1028756611049175,
        55.77976668253541,
        5
      ],
      [
        -5.102850263938308,
        55.779770286753774,
        5
      ],
      [
        -5.102824699133635,
        55.779773807153106,
        5
      ],
      [
        -5.102799218147993,
        55.779777159914374,
        5
      ],
      [
        -5.102773569524288,
        55.77978042885661,
        5
      ],
      [
        -5.102747920900583,
        55.779783530160785,
        5
      ],
      [
        -5.102722272276878,
        55.77978654764593,
        5
      ],
      [
        -5.1026966236531734,
        55.77978948131204,
        5
      ],
      [
        -5.102670891210437,
        55.77979224734008,
        5
      ],
      [
        -5.1026451587677,
        55.779794845730066,
        5
      ],
      [
        -5.102619342505932,
        55.77979736030102,
        5
      ],
      [
        -5.1025935262441635,
        55.77979953959584,
        5
      ],
      [
        -5.102567709982395,
        55.779801635071635,
        5
      ],
      [
        -5.102541893720627,
        55.7798033952713,
        5
      ],
      [
        -5.102515993639827,
        55.779804987832904,
        5
      ],
      [
        -5.102490093559027,
        55.77980632893741,
        5
      ],
      [
        -5.102464109659195,
        55.779807502403855,
        5
      ],
      [
        -5.102438125759363,
        55.77980834059417,
        5
      ],
      [
        -5.102412141859531,
        55.77980909496546,
        5
      ],
      [
        -5.1023861579597,
        55.77980959787965,
        5
      ],
      [
        -5.102360090240836,
        55.779809933155775,
        5
      ],
      [
        -5.102334106341004,
        55.77981018461287,
        4.800000000000011
      ],
      [
        -5.102308038622141,
        55.779810352250934,
        4.800000000000011
      ],
      [
        -5.102281970903277,
        55.779810436069965,
        4.800000000000011
      ],
      [
        -5.102255903184414,
        55.779810436069965,
        4.800000000000011
      ],
      [
        -5.10222983546555,
        55.779810519889,
        4.800000000000011
      ],
      [
        -5.102203683927655,
        55.77981060370803,
        4.800000000000011
      ],
      [
        -5.10217753238976,
        55.77981068752706,
        4.600000000000023
      ],
      [
        -5.102151380851865,
        55.779810855165124,
        4.600000000000023
      ],
      [
        -5.102125145494938,
        55.77981110662222,
        4.600000000000023
      ],
      [
        -5.102098993957043,
        55.779811441898346,
        4.600000000000023
      ],
      [
        -5.102072758600116,
        55.77981202863157,
        4.399999999999977
      ],
      [
        -5.102046607062221,
        55.77981269918382,
        4.399999999999977
      ],
      [
        -5.102020455524325,
        55.77981353737414,
        4.399999999999977
      ],
      [
        -5.101994387805462,
        55.77981454320252,
        4.199999999999989
      ],
      [
        -5.101968320086598,
        55.77981571666896,
        4.199999999999989
      ],
      [
        -5.101942168548703,
        55.77981705777347,
        4.199999999999989
      ],
      [
        -5.10191610082984,
        55.77981856651604,
        4.199999999999989
      ],
      [
        -5.1018899492919445,
        55.779820159077644,
        4.199999999999989
      ],
      [
        -5.101863713935018,
        55.77982183545828,
        4
      ],
      [
        -5.101837478578091,
        55.779823595657945,
        4
      ],
      [
        -5.101811243221164,
        55.779825523495674,
        4
      ],
      [
        -5.101784924045205,
        55.779827451333404,
        4
      ],
      [
        -5.101758521050215,
        55.77982937917113,
        4
      ],
      [
        -5.101732201874256,
        55.779831390827894,
        4
      ],
      [
        -5.101705798879266,
        55.779833402484655,
        4
      ],
      [
        -5.101679479703307,
        55.77983541414142,
        4
      ],
      [
        -5.10165324434638,
        55.779837341979146,
        4.199999999999989
      ],
      [
        -5.101627092808485,
        55.779839185997844,
        4.199999999999989
      ],
      [
        -5.1016010250896215,
        55.77984094619751,
        4.199999999999989
      ],
      [
        -5.10157504118979,
        55.779842622578144,
        4
      ],
      [
        -5.10154914110899,
        55.77984404750168,
        4
      ],
      [
        -5.101523324847221,
        55.77984538860619,
        4
      ],
      [
        -5.1014976762235165,
        55.779846562072635,
        4
      ],
      [
        -5.1014720275998116,
        55.77984740026295,
        4
      ],
      [
        -5.101446378976107,
        55.779848070815206,
        4
      ],
      [
        -5.101420897990465,
        55.779848489910364,
        4
      ],
      [
        -5.101395417004824,
        55.779848573729396,
        4
      ],
      [
        -5.101370019838214,
        55.77984840609133,
        4
      ],
      [
        -5.101344622671604,
        55.779847986996174,
        4
      ],
      [
        -5.101319393143058,
        55.77984714880586,
        4
      ],
      [
        -5.101294247433543,
        55.77984597533941,
        3.8000000000000114
      ],
      [
        -5.101269269362092,
        55.77984429895878,
        3.8000000000000114
      ],
      [
        -5.101244458928704,
        55.77984228730202,
        3.8000000000000114
      ],
      [
        -5.101219732314348,
        55.779839772731066,
        3.8000000000000114
      ],
      [
        -5.101195257157087,
        55.779836755245924,
        3.6000000000000227
      ],
      [
        -5.10117094963789,
        55.77983323484659,
        3.6000000000000227
      ],
      [
        -5.1011468935757875,
        55.7798292953521,
        3.6000000000000227
      ],
      [
        -5.101123005151749,
        55.77982493676245,
        3.3999999999999773
      ],
      [
        -5.101099284365773,
        55.779820242896676,
        3.3999999999999773
      ],
      [
        -5.101075731217861,
        55.77981521375477,
        3.3999999999999773
      ],
      [
        -5.101052261888981,
        55.779809933155775,
        3.1999999999999886
      ],
      [
        -5.101028876379132,
        55.779804484918714,
        3.1999999999999886
      ],
      [
        -5.101005574688315,
        55.77979903668165,
        3.1999999999999886
      ],
      [
        -5.1009822729974985,
        55.77979350462556,
        3.1999999999999886
      ],
      [
        -5.10095888748765,
        55.7797880563885,
        3
      ],
      [
        -5.10093541815877,
        55.77978285960853,
        3
      ],
      [
        -5.100911865010858,
        55.77977783046663,
        3
      ],
      [
        -5.100888228043914,
        55.77977305278182,
        3
      ],
      [
        -5.10086459107697,
        55.77976861037314,
        3
      ],
      [
        -5.100840786471963,
        55.77976458705962,
        3
      ],
      [
        -5.100816981866956,
        55.77976081520319,
        2.8000000000000114
      ],
      [
        -5.100793093442917,
        55.77975746244192,
        2.8000000000000114
      ],
      [
        -5.100769205018878,
        55.77975444495678,
        2.8000000000000114
      ],
      [
        -5.100745232775807,
        55.779751846566796,
        2.8000000000000114
      ],
      [
        -5.100721260532737,
        55.77974949963391,
        2.8000000000000114
      ],
      [
        -5.100697288289666,
        55.77974757179618,
        2.8000000000000114
      ],
      [
        -5.100673399865627,
        55.779745895415545,
        2.8000000000000114
      ],
      [
        -5.100649427622557,
        55.779744470492005,
        2.8000000000000114
      ],
      [
        -5.100625539198518,
        55.77974338084459,
        2.8000000000000114
      ],
      [
        -5.100601650774479,
        55.779742458835244,
        2.8000000000000114
      ],
      [
        -5.100577846169472,
        55.77974170446396,
        2.8000000000000114
      ],
      [
        -5.100554041564465,
        55.77974111773074,
        2.8000000000000114
      ],
      [
        -5.100530236959457,
        55.779740614816546,
        2.8000000000000114
      ],
      [
        -5.100506516173482,
        55.77974019572139,
        2.8000000000000114
      ],
      [
        -5.100482879206538,
        55.7797396928072,
        2.8000000000000114
      ],
      [
        -5.100459326058626,
        55.77973918989301,
        2.6000000000000227
      ],
      [
        -5.100435856729746,
        55.77973868697882,
        2.6000000000000227
      ],
      [
        -5.100412471219897,
        55.77973818406463,
        2.6000000000000227
      ],
      [
        -5.100389253348112,
        55.77973751351237,
        2.6000000000000227
      ],
      [
        -5.100366035476327,
        55.77973684296012,
        2.6000000000000227
      ],
      [
        -5.100343069061637,
        55.779736172407866,
        2.3999999999999773
      ],
      [
        -5.100320186465979,
        55.77973550185561,
        2.3999999999999773
      ],
      [
        -5.1002975553274155,
        55.77973483130336,
        2.3999999999999773
      ],
      [
        -5.100275091826916,
        55.779734160751104,
        2.3999999999999773
      ],
      [
        -5.100252963602543,
        55.77973349019885,
        2.3999999999999773
      ],
      [
        -5.100231170654297,
        55.7797328196466,
        2.3999999999999773
      ],
      [
        -5.1002097968012094,
        55.779732232913375,
        2.3999999999999773
      ],
      [
        -5.100188758224249,
        55.77973156236112,
        2.3999999999999773
      ],
      [
        -5.100168054923415,
        55.77973089180887,
        2.3999999999999773
      ],
      [
        -5.100147686898708,
        55.779730221256614,
        2.3999999999999773
      ],
      [
        -5.100127570331097,
        55.77972955070436,
        2.3999999999999773
      ],
      [
        -5.10010770522058,
        55.77972896397114,
        2.3999999999999773
      ],
      [
        -5.1000878401100636,
        55.779728293418884,
        2.3999999999999773
      ],
      [
        -5.100068058818579,
        55.779727790504694,
        2.3999999999999773
      ],
      [
        -5.1000481098890305,
        55.779727287590504,
        2.3999999999999773
      ],
      [
        -5.100027993321419,
        55.77972695231438,
        2.3999999999999773
      ],
      [
        -5.100007709115744,
        55.77972661703825,
        2.3999999999999773
      ],
      [
        -5.099987089633942,
        55.77972653321922,
        2.3999999999999773
      ],
      [
        -5.0999662186950445,
        55.77972644940019,
        2.3999999999999773
      ],
      [
        -5.099944928660989,
        55.77972653321922,
        2.3999999999999773
      ],
      [
        -5.099923303350806,
        55.77972670085728,
        2.3999999999999773
      ],
      [
        -5.099901342764497,
        55.77972695231438,
        2.3999999999999773
      ],
      [
        -5.099878879263997,
        55.779727287590504,
        2.3999999999999773
      ],
      [
        -5.099856164306402,
        55.77972770668566,
        2.3999999999999773
      ],
      [
        -5.0998331140726805,
        55.779728293418884,
        2.3999999999999773
      ],
      [
        -5.099809812381864,
        55.779728880152106,
        2.3999999999999773
      ],
      [
        -5.099786343052983,
        55.77972955070436,
        2.3999999999999773
      ],
      [
        -5.099762789905071,
        55.779730221256614,
        2.3999999999999773
      ],
      [
        -5.099739236757159,
        55.77973105944693,
        2.3999999999999773
      ],
      [
        -5.099715767428279,
        55.77973189763725,
        2.3999999999999773
      ],
      [
        -5.099692298099399,
        55.7797328196466,
        2.3999999999999773
      ],
      [
        -5.099668996408582,
        55.77973382547498,
        2.3999999999999773
      ],
      [
        -5.099645778536797,
        55.77973491512239,
        2.3999999999999773
      ],
      [
        -5.099622728303075,
        55.779736088588834,
        2.3999999999999773
      ],
      [
        -5.0995998457074165,
        55.77973726205528,
        2.3999999999999773
      ],
      [
        -5.099576963111758,
        55.77973843552172,
        2.3999999999999773
      ],
      [
        -5.099554164335132,
        55.779739608988166,
        2.3999999999999773
      ],
      [
        -5.099531281739473,
        55.77974078245461,
        2.3999999999999773
      ],
      [
        -5.099508399143815,
        55.779741955921054,
        2.3999999999999773
      ],
      [
        -5.099485432729125,
        55.779743045568466,
        2.3999999999999773
      ],
      [
        -5.099462466314435,
        55.77974405139685,
        2.3999999999999773
      ],
      [
        -5.099439416080713,
        55.779744973406196,
        2.3999999999999773
      ],
      [
        -5.0994163658469915,
        55.779745895415545,
        2.3999999999999773
      ],
      [
        -5.09939331561327,
        55.77974664978683,
        2.6000000000000227
      ],
      [
        -5.099370265379548,
        55.779747320339084,
        2.6000000000000227
      ],
      [
        -5.099347298964858,
        55.77974799089134,
        2.6000000000000227
      ],
      [
        -5.0993244163692,
        55.77974849380553,
        2.6000000000000227
      ],
      [
        -5.0993015337735415,
        55.77974899671972,
        2.6000000000000227
      ],
      [
        -5.099278651177883,
        55.779749331995845,
        2.6000000000000227
      ],
      [
        -5.099255600944161,
        55.77974966727197,
        2.6000000000000227
      ],
      [
        -5.09923255071044,
        55.779749834910035,
        2.6000000000000227
      ],
      [
        -5.099209249019623,
        55.77974991872907,
        2.6000000000000227
      ],
      [
        -5.099185695871711,
        55.779749834910035,
        2.6000000000000227
      ],
      [
        -5.099161891266704,
        55.77974966727197,
        2.8000000000000114
      ],
      [
        -5.099137835204601,
        55.779749331995845,
        2.8000000000000114
      ],
      [
        -5.099113527685404,
        55.779748829081655,
        2.8000000000000114
      ],
      [
        -5.099089136347175,
        55.7797481585294,
        2.8000000000000114
      ],
      [
        -5.09906449355185,
        55.77974723652005,
        2.8000000000000114
      ],
      [
        -5.099039683118463,
        55.77974606305361,
        2.8000000000000114
      ],
      [
        -5.099014872685075,
        55.7797447219491,
        2.8000000000000114
      ],
      [
        -5.098989894613624,
        55.7797431293875,
        2.8000000000000114
      ],
      [
        -5.098964832723141,
        55.77974136918783,
        3
      ],
      [
        -5.098939770832658,
        55.77973927371204,
        3
      ],
      [
        -5.098914625123143,
        55.77973701059818,
        3
      ],
      [
        -5.098889479413629,
        55.77973449602723,
        3
      ],
      [
        -5.098864333704114,
        55.779731813818216,
        3
      ],
      [
        -5.098839187994599,
        55.77972896397114,
        3
      ],
      [
        -5.098814042285085,
        55.779725946485996,
        3
      ],
      [
        -5.0987890642136335,
        55.77972276136279,
        3
      ],
      [
        -5.098764253780246,
        55.779719576239586,
        3
      ],
      [
        -5.0987396109849215,
        55.77971622347832,
        3.1999999999999886
      ],
      [
        -5.098715303465724,
        55.77971287071705,
        3.1999999999999886
      ],
      [
        -5.098691247403622,
        55.77970943413675,
        3.1999999999999886
      ],
      [
        -5.098667610436678,
        55.77970599755645,
        3.1999999999999886
      ],
      [
        -5.098644308745861,
        55.77970256097615,
        3.1999999999999886
      ],
      [
        -5.098621258512139,
        55.77969920821488,
        3.1999999999999886
      ],
      [
        -5.0985985435545444,
        55.779696023091674,
        3.3999999999999773
      ],
      [
        -5.098575996235013,
        55.77969300560653,
        3.3999999999999773
      ],
      [
        -5.098553700372577,
        55.77969032339752,
        3.3999999999999773
      ],
      [
        -5.098531488329172,
        55.7796878926456,
        3.3999999999999773
      ],
      [
        -5.0985092762857676,
        55.779685880988836,
        3.3999999999999773
      ],
      [
        -5.098487148061395,
        55.7796842046082,
        3.3999999999999773
      ],
      [
        -5.09846493601799,
        55.77968277968466,
        3.3999999999999773
      ],
      [
        -5.098442556336522,
        55.77968169003725,
        3.3999999999999773
      ],
      [
        -5.098419925197959,
        55.77968085184693,
        3.3999999999999773
      ],
      [
        -5.098397126421332,
        55.77968018129468,
        3.3999999999999773
      ],
      [
        -5.098373992368579,
        55.77967967838049,
        3.6000000000000227
      ],
      [
        -5.09835060685873,
        55.77967925928533,
        3.6000000000000227
      ],
      [
        -5.098326969891787,
        55.779679007828236,
        3.6000000000000227
      ],
      [
        -5.098303081467748,
        55.77967875637114,
        3.6000000000000227
      ],
      [
        -5.098279025405645,
        55.77967858873308,
        3.6000000000000227
      ],
      [
        -5.098254717886448,
        55.779678504914045,
        3.6000000000000227
      ],
      [
        -5.098230242729187,
        55.77967833727598,
        3.6000000000000227
      ],
      [
        -5.098205767571926,
        55.77967825345695,
        3.6000000000000227
      ],
      [
        -5.0981812085956335,
        55.77967808581889,
        3.8000000000000114
      ],
      [
        -5.098156649619341,
        55.77967791818082,
        3.8000000000000114
      ],
      [
        -5.098132258281112,
        55.77967783436179,
        3.8000000000000114
      ],
      [
        -5.098107950761914,
        55.77967775054276,
        3.8000000000000114
      ],
      [
        -5.0980837270617485,
        55.77967783436179,
        3.8000000000000114
      ],
      [
        -5.09805983863771,
        55.779678001999855,
        3.8000000000000114
      ],
      [
        -5.098036201670766,
        55.779678421095014,
        3.8000000000000114
      ],
      [
        -5.098012899979949,
        55.779679007828236,
        3.8000000000000114
      ],
      [
        -5.097989933565259,
        55.77967984601855,
        3.8000000000000114
      ],
      [
        -5.0979673862457275,
        55.779680935665965,
        3.8000000000000114
      ],
      [
        -5.097947437316179,
        55.77968747355044,
        4.199999999999989
      ],
      [
        -5.097930924966931,
        55.779696106910706,
        4.199999999999989
      ],
      [
        -5.097915083169937,
        55.77970524318516,
        4.199999999999989
      ],
      [
        -5.097899911925197,
        55.77971479855478,
        4.399999999999977
      ],
      [
        -5.097885495051742,
        55.77972477301955,
        4.399999999999977
      ],
      [
        -5.09787174873054,
        55.77973508276045,
        4.399999999999977
      ],
      [
        -5.097858589142561,
        55.77974581159651,
        4.600000000000023
      ],
      [
        -5.097846183925867,
        55.77975679188967,
        4.600000000000023
      ],
      [
        -5.097834365442395,
        55.77976802363992,
        4.600000000000023
      ],
      [
        -5.097823301330209,
        55.77977942302823,
        4.600000000000023
      ],
      [
        -5.097812907770276,
        55.779790906235576,
        4.600000000000023
      ],
      [
        -5.097803184762597,
        55.77980238944292,
        4.600000000000023
      ],
      [
        -5.097794299945235,
        55.779813788831234,
        4.800000000000011
      ],
      [
        -5.097786169499159,
        55.779825020581484,
        4.800000000000011
      ],
      [
        -5.097778961062431,
        55.77983608469367,
        4.800000000000011
      ],
      [
        -5.097772590816021,
        55.77984689734876,
        4.800000000000011
      ],
      [
        -5.097767058759928,
        55.77985745854676,
        4.800000000000011
      ],
      [
        -5.09776228107512,
        55.779867600649595,
        4.800000000000011
      ],
      [
        -5.097758341580629,
        55.77987749129534,
        4.800000000000011
      ],
      [
        -5.0977550726383924,
        55.77988696284592,
        4.800000000000011
      ],
      [
        -5.097752306610346,
        55.77989618293941,
        4.800000000000011
      ],
      [
        -5.097749875858426,
        55.779905151575804,
        5
      ],
      [
        -5.09774761274457,
        55.7799138687551,
        5
      ],
      [
        -5.097745265811682,
        55.77992250211537,
        5
      ],
      [
        -5.09774275124073,
        55.779931051656604,
        5
      ],
      [
        -5.097739649936557,
        55.77993968501687,
        5
      ],
      [
        -5.097736045718193,
        55.7799484860152,
        5
      ],
      [
        -5.097731770947576,
        55.779957454651594,
        5
      ],
      [
        -5.097726741805673,
        55.779966842383146,
        5
      ],
      [
        -5.097721042111516,
        55.779976565390825,
        5
      ],
      [
        -5.097714671865106,
        55.779986791312695,
        5
      ],
      [
        -5.097707714885473,
        55.77999743632972,
        5
      ],
      [
        -5.097700254991651,
        55.78000858426094,
        5.199999999999989
      ],
      [
        -5.097692376002669,
        55.78002023510635,
        5.199999999999989
      ],
      [
        -5.0976840779185295,
        55.780032305046916,
        5.199999999999989
      ],
      [
        -5.097675612196326,
        55.78004487790167,
        5.199999999999989
      ],
      [
        -5.09766697883606,
        55.78005778603256,
        5.199999999999989
      ],
      [
        -5.097658261656761,
        55.78007119707763,
        5.199999999999989
      ],
      [
        -5.0976496282964945,
        55.7800848595798,
        5.399999999999977
      ],
      [
        -5.097640994936228,
        55.780098773539066,
        5.399999999999977
      ],
      [
        -5.097632613033056,
        55.780112938955426,
        5.399999999999977
      ],
      [
        -5.097624398767948,
        55.78012735582888,
        5.399999999999977
      ],
      [
        -5.0976163521409035,
        55.78014185652137,
        5.399999999999977
      ],
      [
        -5.0976083893328905,
        55.78015652485192,
        5.600000000000023
      ],
      [
        -5.097600677981973,
        55.78017119318247,
        5.600000000000023
      ],
      [
        -5.097593050450087,
        55.78018586151302,
        5.600000000000023
      ],
      [
        -5.0975854229182005,
        55.7802006136626,
        5.600000000000023
      ],
      [
        -5.097577879205346,
        55.78021528199315,
        5.800000000000011
      ],
      [
        -5.09757025167346,
        55.7802299503237,
        5.800000000000011
      ],
      [
        -5.097562624141574,
        55.78024461865425,
        5.800000000000011
      ],
      [
        -5.097554912790656,
        55.78025920316577,
        5.800000000000011
      ],
      [
        -5.097547201439738,
        55.78027378767729,
        5.800000000000011
      ],
      [
        -5.0975394900888205,
        55.78028820455074,
        6
      ],
      [
        -5.097531694918871,
        55.78030270524323,
        6
      ],
      [
        -5.097523899748921,
        55.78031703829765,
        6
      ],
      [
        -5.097515936940908,
        55.78033137135208,
        6
      ],
      [
        -5.097507890313864,
        55.7803457044065,
        6
      ],
      [
        -5.097499676048756,
        55.78035986982286,
        6
      ],
      [
        -5.097491377964616,
        55.78037403523922,
        6
      ],
      [
        -5.097482828423381,
        55.78038820065558,
        6.199999999999989
      ],
      [
        -5.0974741112440825,
        55.78040228225291,
        6.199999999999989
      ],
      [
        -5.097465058788657,
        55.780416280031204,
        6.199999999999989
      ],
      [
        -5.0974558386951685,
        55.7804302778095,
        6.399999999999977
      ],
      [
        -5.097446199506521,
        55.780444191768765,
        6.399999999999977
      ],
      [
        -5.0974363926798105,
        55.780458021909,
        6.399999999999977
      ],
      [
        -5.097426334396005,
        55.78047185204923,
        6.600000000000023
      ],
      [
        -5.097416108474135,
        55.78048559837043,
        6.600000000000023
      ],
      [
        -5.097405882552266,
        55.780499344691634,
        6.600000000000023
      ],
      [
        -5.097395572811365,
        55.780513007193804,
        6.800000000000011
      ],
      [
        -5.097385263070464,
        55.78052666969597,
        6.800000000000011
      ],
      [
        -5.097375120967627,
        55.78054033219814,
        7
      ],
      [
        -5.097365230321884,
        55.78055391088128,
        7
      ],
      [
        -5.097355507314205,
        55.78056748956442,
        7
      ],
      [
        -5.097346035763621,
        55.78058106824756,
        7.199999999999989
      ],
      [
        -5.097336731851101,
        55.78059456311166,
        7.199999999999989
      ],
      [
        -5.097327679395676,
        55.78060797415674,
        7.399999999999977
      ],
      [
        -5.097318962216377,
        55.78062138520181,
        7.399999999999977
      ],
      [
        -5.097310328856111,
        55.780634712427855,
        7.600000000000023
      ],
      [
        -5.097302030771971,
        55.7806480396539,
        7.800000000000011
      ],
      [
        -5.097293900325894,
        55.78066136687994,
        7.800000000000011
      ],
      [
        -5.097285937517881,
        55.78067461028695,
        8
      ],
      [
        -5.097278309985995,
        55.78068785369396,
        8
      ],
      [
        -5.097270850092173,
        55.78070101328194,
        8.199999999999989
      ],
      [
        -5.097263557836413,
        55.78071425668895,
        8.199999999999989
      ],
      [
        -5.097256433218718,
        55.780727583914995,
        8.399999999999977
      ],
      [
        -5.097249560058117,
        55.780740827322006,
        8.600000000000023
      ],
      [
        -5.097242770716548,
        55.78075415454805,
        8.600000000000023
      ],
      [
        -5.0972361490130424,
        55.78076748177409,
        8.600000000000023
      ],
      [
        -5.097229611128569,
        55.780780892819166,
        8.800000000000011
      ],
      [
        -5.09722332470119,
        55.78079438768327,
        8.800000000000011
      ],
      [
        -5.097217205911875,
        55.78080788254738,
        8.800000000000011
      ],
      [
        -5.097211422398686,
        55.780821461230516,
        8.800000000000011
      ],
      [
        -5.097205890342593,
        55.780835039913654,
        8.800000000000011
      ],
      [
        -5.09720086120069,
        55.780848702415824,
        8.800000000000011
      ],
      [
        -5.097196251153946,
        55.780862448737025,
        8.800000000000011
      ],
      [
        -5.097192144021392,
        55.78087627887726,
        8.800000000000011
      ],
      [
        -5.09718862362206,
        55.78089010901749,
        8.800000000000011
      ],
      [
        -5.097185606136918,
        55.780904022976756,
        8.800000000000011
      ],
      [
        -5.097183175384998,
        55.78091793693602,
        8.800000000000011
      ],
      [
        -5.097181247547269,
        55.78093201853335,
        8.800000000000011
      ],
      [
        -5.097179990261793,
        55.78094610013068,
        8.800000000000011
      ],
      [
        -5.097179152071476,
        55.780960181728005,
        8.800000000000011
      ],
      [
        -5.097178900614381,
        55.7809744309634,
        8.800000000000011
      ],
      [
        -5.097179235890508,
        55.78098868019879,
        8.800000000000011
      ],
      [
        -5.097180157899857,
        55.781003097072244,
        8.800000000000011
      ],
      [
        -5.097181582823396,
        55.7810175139457,
        8.800000000000011
      ],
      [
        -5.097183510661125,
        55.781032014638186,
        9
      ],
      [
        -5.097185941413045,
        55.781046599149704,
        9
      ],
      [
        -5.097188875079155,
        55.781061267480254,
        9
      ],
      [
        -5.097192144021392,
        55.781075935810804,
        9
      ],
      [
        -5.097195832058787,
        55.781090604141355,
        9
      ],
      [
        -5.097199771553278,
        55.781105272471905,
        9
      ],
      [
        -5.0972037948668,
        55.78111985698342,
        9
      ],
      [
        -5.097207901999354,
        55.78113452531397,
        9.199999999999989
      ],
      [
        -5.097211925312877,
        55.78114910982549,
        9.199999999999989
      ],
      [
        -5.097215864807367,
        55.78116361051798,
        9.199999999999989
      ],
      [
        -5.097219385206699,
        55.781178111210465,
        9.199999999999989
      ],
      [
        -5.097222654148936,
        55.78119252808392,
        9.199999999999989
      ],
      [
        -5.097225420176983,
        55.781206944957376,
        9.399999999999977
      ],
      [
        -5.097227850928903,
        55.7812212780118,
        9.399999999999977
      ],
      [
        -5.097229862585664,
        55.78123552724719,
        9.399999999999977
      ],
      [
        -5.097231455147266,
        55.78124969266355,
        9.600000000000023
      ],
      [
        -5.09723262861371,
        55.78126385807991,
        9.600000000000023
      ],
      [
        -5.097233466804028,
        55.78127785585821,
        9.800000000000011
      ],
      [
        -5.097233885899186,
        55.7812918536365,
        9.800000000000011
      ],
      [
        -5.097233885899186,
        55.7813058514148,
        10
      ],
      [
        -5.097233466804028,
        55.78131968155503,
        10
      ],
      [
        -5.09723262861371,
        55.7813335955143,
        10
      ],
      [
        -5.097231371328235,
        55.78134742565453,
        10.199999999999989
      ],
      [
        -5.0972296949476,
        55.781361255794764,
        10.199999999999989
      ],
      [
        -5.097227431833744,
        55.781375002115965,
        10.199999999999989
      ],
      [
        -5.097224581986666,
        55.781388748437166,
        10.399999999999977
      ],
      [
        -5.097221061587334,
        55.78140249475837,
        10.399999999999977
      ],
      [
        -5.097216786816716,
        55.78141624107957,
        10.399999999999977
      ],
      [
        -5.097211841493845,
        55.78142990358174,
        10.399999999999977
      ],
      [
        -5.097202453762293,
        55.7814422249794,
        10.600000000000023
      ],
      [
        -5.097189545631409,
        55.78145345672965,
        10.399999999999977
      ],
      [
        -5.097175883129239,
        55.7814646884799,
        10.399999999999977
      ],
      [
        -5.0971616338938475,
        55.781475668773055,
        10.399999999999977
      ],
      [
        -5.09714663028717,
        55.781486397609115,
        10.399999999999977
      ],
      [
        -5.097131039947271,
        55.78149704262614,
        10.399999999999977
      ],
      [
        -5.09711486287415,
        55.78150752000511,
        10.399999999999977
      ],
      [
        -5.097098182886839,
        55.781517745926976,
        10.399999999999977
      ],
      [
        -5.097080832347274,
        55.781527888029814,
        10.199999999999989
      ],
      [
        -5.09706306271255,
        55.78153786249459,
        10.199999999999989
      ],
      [
        -5.0970447063446045,
        55.78154775314033,
        10.199999999999989
      ],
      [
        -5.0970259308815,
        55.78155755996704,
        10.199999999999989
      ],
      [
        -5.097006736323237,
        55.78156719915569,
        10
      ],
      [
        -5.096987206488848,
        55.781576838344336,
        10
      ],
      [
        -5.096967509016395,
        55.78158639371395,
        10
      ],
      [
        -5.096947560086846,
        55.781595865264535,
        10
      ],
      [
        -5.096927611157298,
        55.78160542063415,
        9.800000000000011
      ],
      [
        -5.09690766222775,
        55.781614976003766,
        9.800000000000011
      ],
      [
        -5.096887713298202,
        55.78162453137338,
        9.800000000000011
      ],
      [
        -5.096867932006717,
        55.78163417056203,
        9.800000000000011
      ],
      [
        -5.096848318353295,
        55.78164389356971,
        9.800000000000011
      ],
      [
        -5.096828872337937,
        55.78165370039642,
        9.800000000000011
      ],
      [
        -5.096809593960643,
        55.78166367486119,
        9.800000000000011
      ],
      [
        -5.096790483221412,
        55.781673733145,
        9.800000000000011
      ],
      [
        -5.096771540120244,
        55.78168395906687,
        9.800000000000011
      ],
      [
        -5.096752680838108,
        55.78169426880777,
        9.800000000000011
      ],
      [
        -5.096733821555972,
        55.7817046623677,
        9.800000000000011
      ],
      [
        -5.096714878454804,
        55.781715139746666,
        9.800000000000011
      ],
      [
        -5.0966960191726685,
        55.78172570094466,
        10
      ],
      [
        -5.096677076071501,
        55.78173626214266,
        10
      ],
      [
        -5.09665796533227,
        55.781746823340654,
        10
      ],
      [
        -5.096638770774007,
        55.78175738453865,
        10
      ],
      [
        -5.096619408577681,
        55.78176794573665,
        10
      ],
      [
        -5.096599878743291,
        55.78177842311561,
        10
      ],
      [
        -5.0965802650898695,
        55.781788816675544,
        10
      ],
      [
        -5.096560399979353,
        55.78179921023548,
        10
      ],
      [
        -5.096540534868836,
        55.781809436157346,
        10.199999999999989
      ],
      [
        -5.096520418301225,
        55.78181974589825,
        10.199999999999989
      ],
      [
        -5.096500301733613,
        55.781829888001084,
        10.199999999999989
      ],
      [
        -5.096480017527938,
        55.78184003010392,
        10.199999999999989
      ],
      [
        -5.096459649503231,
        55.78185017220676,
        10.199999999999989
      ],
      [
        -5.0964391976594925,
        55.781860230490565,
        10.199999999999989
      ],
      [
        -5.096418661996722,
        55.7818703725934,
        10.199999999999989
      ],
      [
        -5.096398210152984,
        55.78188051469624,
        10.199999999999989
      ],
      [
        -5.096377674490213,
        55.78189065679908,
        10.199999999999989
      ],
      [
        -5.096357222646475,
        55.78190088272095,
        10.199999999999989
      ],
      [
        -5.096336854621768,
        55.78191119246185,
        10.199999999999989
      ],
      [
        -5.096316486597061,
        55.78192150220275,
        10.199999999999989
      ],
      [
        -5.096296286210418,
        55.78193189576268,
        10.199999999999989
      ],
      [
        -5.096276253461838,
        55.781942373141646,
        10.199999999999989
      ],
      [
        -5.096256220713258,
        55.781953018158674,
        10.199999999999989
      ],
      [
        -5.0962362717837095,
        55.7819636631757,
        10.199999999999989
      ],
      [
        -5.096216406673193,
        55.78197430819273,
        10.199999999999989
      ],
      [
        -5.096196541562676,
        55.78198503702879,
        10.199999999999989
      ],
      [
        -5.09617667645216,
        55.78199584968388,
        10.199999999999989
      ],
      [
        -5.096156895160675,
        55.78200657851994,
        10.199999999999989
      ],
      [
        -5.096136946231127,
        55.78201739117503,
        10.199999999999989
      ],
      [
        -5.09611708112061,
        55.78202812001109,
        10.199999999999989
      ],
      [
        -5.096097132191062,
        55.78203884884715,
        10.399999999999977
      ],
      [
        -5.096077183261514,
        55.78204957768321,
        10.399999999999977
      ],
      [
        -5.0960572343319654,
        55.78206022270024,
        10.399999999999977
      ],
      [
        -5.0960372015833855,
        55.782070783898234,
        10.600000000000023
      ],
      [
        -5.096017252653837,
        55.78208134509623,
        10.600000000000023
      ],
      [
        -5.095997219905257,
        55.782091822475195,
        10.800000000000011
      ],
      [
        -5.095977270975709,
        55.78210229985416,
        10.800000000000011
      ],
      [
        -5.095957322046161,
        55.78211269341409,
        11
      ],
      [
        -5.095937373116612,
        55.78212317079306,
        11.199999999999989
      ],
      [
        -5.095917424187064,
        55.78213356435299,
        11.199999999999989
      ],
      [
        -5.095897559076548,
        55.78214395791292,
        11.399999999999977
      ],
      [
        -5.095877777785063,
        55.782154351472855,
        11.600000000000023
      ],
      [
        -5.09585808031261,
        55.78216482885182,
        11.800000000000011
      ],
      [
        -5.0958383828401566,
        55.78217522241175,
        12
      ],
      [
        -5.095818853005767,
        55.782185699790716,
        12.200000000000045
      ],
      [
        -5.095799406990409,
        55.78219617716968,
        12.200000000000045
      ],
      [
        -5.095779960975051,
        55.782206654548645,
        12.399999999999977
      ],
      [
        -5.095760682597756,
        55.78221713192761,
        12.600000000000023
      ],
      [
        -5.09574132040143,
        55.78222752548754,
        12.600000000000023
      ],
      [
        -5.095722042024136,
        55.782237919047475,
        12.799999999999955
      ],
      [
        -5.095702679827809,
        55.78224831260741,
        12.799999999999955
      ],
      [
        -5.095683233812451,
        55.78225862234831,
        12.799999999999955
      ],
      [
        -5.095663787797093,
        55.78226884827018,
        13
      ],
      [
        -5.095644257962704,
        55.782278990373015,
        13
      ],
      [
        -5.095624728128314,
        55.78228913247585,
        13
      ],
      [
        -5.095605114474893,
        55.78229910694063,
        13
      ],
      [
        -5.0955854170024395,
        55.78230916522443,
        13.200000000000045
      ],
      [
        -5.095565719529986,
        55.782319055870175,
        13.200000000000045
      ],
      [
        -5.095546022057533,
        55.78232894651592,
        13.200000000000045
      ],
      [
        -5.09552632458508,
        55.78233883716166,
        13.200000000000045
      ],
      [
        -5.095506710931659,
        55.7823487278074,
        13.200000000000045
      ],
      [
        -5.095487181097269,
        55.78235870227218,
        13.399999999999977
      ],
      [
        -5.095467735081911,
        55.78236859291792,
        13.399999999999977
      ],
      [
        -5.095448289066553,
        55.782378651201725,
        13.399999999999977
      ],
      [
        -5.095429010689259,
        55.78238870948553,
        13.399999999999977
      ],
      [
        -5.095409816130996,
        55.78239885158837,
        13.399999999999977
      ],
      [
        -5.095390621572733,
        55.78240907751024,
        13.399999999999977
      ],
      [
        -5.095371510833502,
        55.78241938725114,
        13.399999999999977
      ],
      [
        -5.095352400094271,
        55.78242978081107,
        13.399999999999977
      ],
      [
        -5.09533328935504,
        55.782440258190036,
        13.399999999999977
      ],
      [
        -5.09531426243484,
        55.782450735569,
        13.399999999999977
      ],
      [
        -5.0952953193336725,
        55.782461296766996,
        13.399999999999977
      ],
      [
        -5.095276543870568,
        55.782471941784024,
        13.200000000000045
      ],
      [
        -5.095257852226496,
        55.78248258680105,
        13.200000000000045
      ],
      [
        -5.095239244401455,
        55.78249323181808,
        13.200000000000045
      ],
      [
        -5.095220720395446,
        55.78250387683511,
        13.200000000000045
      ],
      [
        -5.0952023640275,
        55.78251435421407,
        13.200000000000045
      ],
      [
        -5.095184091478586,
        55.782524747774005,
        13.200000000000045
      ],
      [
        -5.095165986567736,
        55.78253488987684,
        13.200000000000045
      ],
      [
        -5.095148049294949,
        55.782544780522585,
        13.399999999999977
      ],
      [
        -5.095130279660225,
        55.7825543358922,
        13.399999999999977
      ],
      [
        -5.095112845301628,
        55.78256355598569,
        13.399999999999977
      ],
      [
        -5.09509583003819,
        55.78257244080305,
        13.399999999999977
      ],
      [
        -5.09507923386991,
        55.78258082270622,
        13.399999999999977
      ],
      [
        -5.095063308253884,
        55.782588785514235,
        13.600000000000023
      ],
      [
        -5.0950482208281755,
        55.78259624540806,
        13.600000000000023
      ],
      [
        -5.095033971592784,
        55.78260320238769,
        13.600000000000023
      ],
      [
        -5.095020812004805,
        55.782609740272164,
        13.600000000000023
      ],
      [
        -5.095008742064238,
        55.782615691423416,
        13.600000000000023
      ],
      [
        -5.094998013228178,
        55.78262113966048,
        13.799999999999955
      ],
      [
        -5.094988541677594,
        55.78262616880238,
        13.799999999999955
      ],
      [
        -5.094980327412486,
        55.78263061121106,
        13.799999999999955
      ],
      [
        -5.094973370432854,
        55.782634718343616,
        13.799999999999955
      ],
      [
        -5.094967586919665,
        55.78263840638101,
        14
      ],
      [
        -5.094962893053889,
        55.78264184296131,
        14
      ],
      [
        -5.09495903737843,
        55.782644944265485,
        14
      ],
      [
        -5.094956019893289,
        55.78264804556966,
        14
      ],
      [
        -5.094953672960401,
        55.78265097923577,
        14
      ],
      [
        -5.094951996579766,
        55.78265391290188,
        14.200000000000045
      ],
      [
        -5.094950990751386,
        55.78265684656799,
        14.200000000000045
      ],
      [
        -5.094950487837195,
        55.78265986405313,
        14.200000000000045
      ],
      [
        -5.094950571656227,
        55.782662965357304,
        14.200000000000045
      ],
      [
        -5.094951158389449,
        55.782665982842445,
        14.200000000000045
      ],
      [
        -5.09495216421783,
        55.78266900032759,
        14.200000000000045
      ],
      [
        -5.094953421503305,
        55.7826719339937,
        14.200000000000045
      ],
      [
        -5.094954678788781,
        55.782674700021744,
        14.200000000000045
      ],
      [
        -5.094956019893289,
        55.78267729841173,
        14.200000000000045
      ],
      [
        -5.094957025721669,
        55.782679645344615,
        14.200000000000045
      ],
      [
        -5.094957863911986,
        55.78268174082041,
        14.200000000000045
      ],
      [
        -5.094958283007145,
        55.782683584839106,
        14
      ],
      [
        -5.094958366826177,
        55.78268517740071,
        14
      ],
      [
        -5.094957947731018,
        55.782686518505216,
        14
      ],
      [
        -5.094957277178764,
        55.78268760815263,
        14
      ],
      [
        -5.094956187531352,
        55.782688446342945,
        14
      ],
      [
        -5.094954846426845,
        55.7826891168952,
        14
      ],
      [
        -5.09495317004621,
        55.78268961980939,
        14
      ],
      [
        -5.0949513260275126,
        55.782689955085516,
        14
      ],
      [
        -5.094949146732688,
        55.78269003890455,
        14
      ],
      [
        -5.094946883618832,
        55.78269003890455,
        14
      ],
      [
        -5.09494436904788,
        55.782689871266484,
        14
      ],
      [
        -5.094941770657897,
        55.78268961980939,
        14
      ],
      [
        -5.09493900462985,
        55.78268928453326,
        14
      ],
      [
        -5.094936238601804,
        55.782688865438104,
        14
      ],
      [
        -5.094933472573757,
        55.78268836252391,
        14
      ],
      [
        -5.094930706545711,
        55.78268777579069,
        14
      ],
      [
        -5.094928024336696,
        55.7826872728765,
        14
      ],
      [
        -5.094925509765744,
        55.78268668614328,
        14
      ],
      [
        -5.09492333047092,
        55.782686015591025,
        14
      ],
      [
        -5.094921318814158,
        55.782685512676835,
        14
      ],
      [
        -5.094919726252556,
        55.78268492594361,
        14
      ],
      [
        -5.09491846896708,
        55.78268442302942,
        14
      ],
      [
        -5.094917714595795,
        55.78268392011523,
        14
      ],
      [
        -5.094917295500636,
        55.782683501020074,
        14
      ],
      [
        -5.094917211681604,
        55.782683081924915,
        14
      ],
      [
        -5.094917546957731,
        55.78268274664879,
        14
      ],
      [
        -5.094918217509985,
        55.78268249519169,
        14
      ],
      [
        -5.094919055700302,
        55.78268232755363,
        14
      ],
      [
        -5.094920145347714,
        55.7826822437346,
        14
      ],
      [
        -5.094921318814158,
        55.7826822437346,
        14
      ],
      [
        -5.094922576099634,
        55.78268241137266,
        14
      ],
      [
        -5.09492383338511,
        55.78268266282976,
        14
      ],
      [
        -5.094925090670586,
        55.782683081924915,
        14
      ],
      [
        -5.094926347956061,
        55.782683584839106,
        14
      ],
      [
        -5.094927605241537,
        55.78268425539136,
        14
      ],
      [
        -5.094928862527013,
        55.782685009762645,
        14
      ],
      [
        -5.094929952174425,
        55.782685931771994,
        14
      ],
      [
        -5.094931125640869,
        55.78268685378134,
        14
      ],
      [
        -5.09493213146925,
        55.78268777579069,
        14
      ],
      [
        -5.094933053478599,
        55.78268878161907,
        14
      ],
      [
        -5.094933807849884,
        55.78268978744745,
        14
      ],
      [
        -5.094934478402138,
        55.7826907094568,
        14
      ],
      [
        -5.094934897497296,
        55.78269163146615,
        14
      ],
      [
        -5.0949351489543915,
        55.78269246965647,
        14
      ],
      [
        -5.094935232773423,
        55.78269314020872,
        14
      ],
      [
        -5.0949351489543915,
        55.782693810760975,
        14
      ],
      [
        -5.094934813678265,
        55.782694313675165,
        14
      ],
      [
        -5.094934310764074,
        55.782694732770324,
        14
      ],
      [
        -5.094933640211821,
        55.78269515186548,
        14
      ],
      [
        -5.094932969659567,
        55.78269548714161,
        14
      ],
      [
        -5.094932299107313,
        55.782695738598704,
        14
      ],
      [
        -5.094931712374091,
        55.7826959900558,
        14
      ],
      [
        -5.094931293278933,
        55.782696241512895,
        14
      ],
      [
        -5.094930958002806,
        55.78269649296999,
        14
      ],
      [
        -5.094930790364742,
        55.782696744427085,
        14
      ],
      [
        -5.094930790364742,
        55.78269707970321,
        14
      ],
      [
        -5.094931041821837,
        55.78269733116031,
        14
      ],
      [
        -5.094931377097964,
        55.7826975826174,
        14
      ],
      [
        -5.094931963831186,
        55.78269791789353,
        14
      ],
      [
        -5.09493263438344,
        55.782698253169656,
        14
      ],
      [
        -5.094933556392789,
        55.78269858844578,
        14
      ],
      [
        -5.094934646040201,
        55.78269900754094,
        14
      ],
      [
        -5.094935819506645,
        55.7826994266361,
        14
      ],
      [
        -5.094937160611153,
        55.78269976191223,
        14
      ],
      [
        -5.0949386693537235,
        55.782700181007385,
        14
      ],
      [
        -5.094940261915326,
        55.782700600102544,
        14
      ],
      [
        -5.094942022114992,
        55.7827010191977,
        13.799999999999955
      ],
      [
        -5.094943782314658,
        55.78270135447383,
        13.799999999999955
      ],
      [
        -5.094945710152388,
        55.782701689749956,
        13.799999999999955
      ],
      [
        -5.094947637990117,
        55.782702108845115,
        13.799999999999955
      ],
      [
        -5.0949495658278465,
        55.78270236030221,
        13.799999999999955
      ],
      [
        -5.094951493665576,
        55.78270269557834,
        13.799999999999955
      ],
      [
        -5.094953421503305,
        55.78270294703543,
        13.799999999999955
      ],
      [
        -5.094955349341035,
        55.78270328231156,
        13.799999999999955
      ],
      [
        -5.094957109540701,
        55.782703533768654,
        13.799999999999955
      ],
      [
        -5.094958869740367,
        55.78270370140672,
        13.799999999999955
      ],
      [
        -5.0949604623019695,
        55.78270395286381,
        13.799999999999955
      ],
      [
        -5.09496197104454,
        55.78270420432091,
        13.799999999999955
      ],
      [
        -5.094963312149048,
        55.78270437195897,
        13.799999999999955
      ],
      [
        -5.094964569434524,
        55.782704623416066,
        13.799999999999955
      ],
      [
        -5.094965742900968,
        55.78270479105413,
        13.799999999999955
      ],
      [
        -5.094966748729348,
        55.78270487487316,
        13.799999999999955
      ],
      [
        -5.094967586919665,
        55.782705042511225,
        13.799999999999955
      ],
      [
        -5.094968341290951,
        55.78270512633026,
        14
      ],
      [
        -5.0949690118432045,
        55.78270521014929,
        14
      ],
      [
        -5.0949695985764265,
        55.78270529396832,
        14
      ],
      [
        -5.094970017671585,
        55.78270529396832,
        14
      ],
      [
        -5.094970436766744,
        55.78270537778735,
        14
      ],
      [
        -5.0949707720428705,
        55.78270537778735,
        14
      ],
      [
        -5.094971107318997,
        55.78270537778735,
        14
      ],
      [
        -5.0949713587760925,
        55.78270546160638,
        14
      ],
      [
        -5.094971526414156,
        55.78270546160638,
        14
      ],
      [
        -5.094971694052219,
        55.78270546160638,
        14
      ],
      [
        -5.094971526414156,
        55.78270537778735,
        14
      ],
      [
        -5.094971274957061,
        55.78270529396832,
        14
      ],
      [
        -5.094971023499966,
        55.78270529396832,
        14
      ],
      [
        -5.0949707720428705,
        55.78270521014929,
        14
      ],
      [
        -5.094970520585775,
        55.78270521014929,
        14
      ],
      [
        -5.09497026912868,
        55.78270521014929,
        14
      ],
      [
        -5.094970017671585,
        55.78270512633026,
        14
      ],
      [
        -5.09496976621449,
        55.78270512633026,
        14
      ],
      [
        -5.0949690118432045,
        55.78270512633026,
        14
      ],
      [
        -5.0949690118432045,
        55.78270512633026,
        14
      ],
      [
        -5.0949690118432045,
        55.78270512633026,
        14
      ],
      [
        -5.0949690118432045,
        55.78270512633026,
        14
      ],
      [
        -5.0949690118432045,
        55.78270512633026,
        14
      ],
      [
        -5.0949690118432045,
        55.78270512633026,
        14
      ],
      [
        -5.0949690118432045,
        55.78270512633026,
        14
      ],
      [
        -5.0949690118432045,
        55.78270512633026,
        14
      ],
      [
        -5.0949690118432045,
        55.78270512633026,
        14
      ],
      [
        -5.0949690118432045,
        55.78270512633026,
        14
      ],
      [
        -5.0949690118432045,
        55.78270512633026,
        14
      ],
      [
        -5.0949690118432045,
        55.78270512633026,
        14
      ],
      [
        -5.0949690118432045,
        55.78270512633026,
        14
      ],
      [
        -5.0949690118432045,
        55.78270512633026,
        14
      ],
      [
        -5.0949690118432045,
        55.78270512633026,
        14
      ],
      [
        -5.0949690118432045,
        55.78270512633026,
        14
      ],
      [
        -5.0949690118432045,
        55.78270512633026,
        14
      ],
      [
        -5.0949690118432045,
        55.78270512633026,
        14
      ],
      [
        -5.0949690118432045,
        55.78270512633026,
        14
      ],
      [
        -5.0949690118432045,
        55.78270512633026,
        14
      ],
      [
        -5.0949690118432045,
        55.78270512633026,
        14
      ],
      [
        -5.0949690118432045,
        55.78270512633026,
        14
      ],
      [
        -5.0949690118432045,
        55.78270512633026,
        14
      ],
      [
        -5.0949690118432045,
        55.78270512633026,
        14
      ],
      [
        -5.0949690118432045,
        55.78270512633026,
        14
      ],
      [
        -5.0949690118432045,
        55.78270512633026,
        14
      ],
      [
        -5.0949690118432045,
        55.78270512633026,
        14
      ],
      [
        -5.0949690118432045,
        55.78270512633026,
        14
      ],
      [
        -5.0949690118432045,
        55.78270512633026,
        14
      ],
      [
        -5.0949690118432045,
        55.78270512633026,
        14
      ],
      [
        -5.0949690118432045,
        55.78270512633026,
        14
      ],
      [
        -5.0949690118432045,
        55.78270512633026,
        14
      ],
      [
        -5.0949690118432045,
        55.78270512633026,
        14
      ],
      [
        -5.0949690118432045,
        55.78270512633026,
        14
      ],
      [
        -5.0949690118432045,
        55.78270512633026,
        14
      ],
      [
        -5.0949690118432045,
        55.78270512633026,
        14
      ],
      [
        -5.0949690118432045,
        55.78270512633026,
        14
      ],
      [
        -5.0949690118432045,
        55.78270512633026,
        14
      ],
      [
        -5.0949690118432045,
        55.78270512633026,
        14
      ],
      [
        -5.0949690118432045,
        55.78270512633026,
        14
      ],
      [
        -5.0949690118432045,
        55.78270512633026,
        14
      ],
      [
        -5.0949690118432045,
        55.78270512633026,
        14
      ],
      [
        -5.094971107318997,
        55.78270495869219,
        14
      ],
      [
        -5.094972783699632,
        55.782705042511225,
        14
      ],
      [
        -5.094974627718329,
        55.782705042511225,
        14
      ],
      [
        -5.094976555556059,
        55.78270512633026,
        14
      ],
      [
        -5.094978651031852,
        55.78270512633026,
        14
      ],
      [
        -5.094980830326676,
        55.78270521014929,
        14
      ],
      [
        -5.094983093440533,
        55.78270529396832,
        14
      ],
      [
        -5.094985524192452,
        55.78270546160638,
        14
      ],
      [
        -5.0949878711253405,
        55.782705545425415,
        14
      ],
      [
        -5.0949902180582285,
        55.78270571306348,
        14
      ],
      [
        -5.094992481172085,
        55.78270588070154,
        14
      ],
      [
        -5.094994409009814,
        55.782706048339605,
        14
      ],
      [
        -5.094996001571417,
        55.78270621597767,
        14
      ],
      [
        -5.094996923580766,
        55.78270638361573,
        14
      ],
      [
        -5.094997091218829,
        55.78270663507283,
        14
      ],
      [
        -5.094996253028512,
        55.78270680271089,
        14
      ],
      [
        -5.094993989914656,
        55.782706970348954,
        14
      ],
      [
        -5.0949902180582285,
        55.782707054167986,
        14
      ],
      [
        -5.09498443454504,
        55.78270713798702,
        14
      ],
      [
        -5.094976471737027,
        55.78270713798702,
        14
      ],
      [
        -5.094965910539031,
        55.782706970348954,
        14
      ],
      [
        -5.094952331855893,
        55.78270671889186,
        14
      ],
      [
        -5.094935484230518,
        55.7827062997967,
        14
      ],
      [
        -5.094914948567748,
        55.78270562924445,
        14
      ],
      [
        -5.094890557229519,
        55.7827047072351,
        14
      ],
      [
        -5.094861974939704,
        55.782703617587686,
        14.200000000000045
      ],
      [
        -5.0948291178792715,
        55.782702108845115,
        14.200000000000045
      ],
      [
        -5.094791986048222,
        55.78270026482642,
        14.200000000000045
      ],
      [
        -5.094750830903649,
        55.78269808553159,
        14.200000000000045
      ],
      [
        -5.094705820083618,
        55.78269548714161,
        14.200000000000045
      ],
      [
        -5.094570033252239,
        55.78268534503877,
        14.399999999999977
      ],
      [
        -5.0944191589951515,
        55.782665982842445,
        14.600000000000023
      ],
      [
        -5.094263758510351,
        55.78264486044645,
        14.600000000000023
      ],
      [
        -5.09410341270268,
        55.7826217263937,
        14.600000000000023
      ],
      [
        -5.093937702476978,
        55.78259632922709,
        14.600000000000023
      ],
      [
        -5.0937665440142155,
        55.782568752765656,
        14.600000000000023
      ],
      [
        -5.093589769676328,
        55.78253882937133,
        14.600000000000023
      ],
      [
        -5.093407379463315,
        55.782506642863154,
        14.399999999999977
      ],
      [
        -5.093219373375177,
        55.78247219324112,
        14.399999999999977
      ],
      [
        -5.093026086688042,
        55.78243548050523,
        14.200000000000045
      ],
      [
        -5.092827770859003,
        55.782396672293544,
        14.200000000000045
      ],
      [
        -5.092624677345157,
        55.78235576860607,
        14
      ],
      [
        -5.092417309060693,
        55.78231302089989,
        13.799999999999955
      ],
      [
        -5.092206001281738,
        55.78226834535599,
        13.600000000000023
      ],
      [
        -5.09199108928442,
        55.78222190961242,
        13.600000000000023
      ],
      [
        -5.091772992163897,
        55.78217362985015,
        13.399999999999977
      ],
      [
        -5.091551961377263,
        55.78212367370725,
        13.200000000000045
      ],
      [
        -5.091328248381615,
        55.78207187354565,
        13.200000000000045
      ],
      [
        -5.09110227227211,
        55.78201831318438,
        13
      ],
      [
        -5.090874033048749,
        55.78196316026151,
        13
      ],
      [
        -5.09064394980669,
        55.78190633095801,
        13
      ],
      [
        -5.090412022545934,
        55.78184807673097,
        12.799999999999955
      ],
      [
        -5.0901788379997015,
        55.78178856521845,
        13
      ],
      [
        -5.089944479987025,
        55.78172813169658,
        13
      ],
      [
        -5.089709451422095,
        55.781667195260525,
        13
      ],
      [
        -5.08947417140007,
        55.781606091186404,
        13.200000000000045
      ],
      [
        -5.089238891378045,
        55.78154532238841,
        13.399999999999977
      ],
      [
        -5.08900411427021,
        55.781485391780734,
        13.799999999999955
      ],
      [
        -5.088770007714629,
        55.78142655082047,
        14
      ],
      [
        -5.088536906987429,
        55.781369134783745,
        14.600000000000023
      ],
      [
        -5.088304812088609,
        55.781313478946686,
        15
      ],
      [
        -5.088073890656233,
        55.781259750947356,
        15.799999999999955
      ],
      [
        -5.087844142690301,
        55.781207950785756,
        16.399999999999977
      ],
      [
        -5.087615568190813,
        55.78115824609995,
        17.200000000000045
      ],
      [
        -5.0873880833387375,
        55.78111046925187,
        18
      ],
      [
        -5.087161520496011,
        55.78106453642249,
        19
      ],
      [
        -5.086952475830913,
        55.78102212399244,
        21.200000000000045
      ],
      [
        -5.086749466136098,
        55.78101424500346,
        21.799999999999955
      ],
      [
        -5.08654628880322,
        55.78100737184286,
        22.200000000000045
      ],
      [
        -5.0863428600132465,
        55.78100158832967,
        22.600000000000023
      ],
      [
        -5.086139012128115,
        55.78099697828293,
        23
      ],
      [
        -5.085934661328793,
        55.780993374064565,
        23.399999999999977
      ],
      [
        -5.085729472339153,
        55.78099069185555,
        23.799999999999955
      ],
      [
        -5.085523277521133,
        55.78098876401782,
        24
      ],
      [
        -5.085315825417638,
        55.78098767437041,
        24.399999999999977
      ],
      [
        -5.085106864571571,
        55.780987087637186,
        24.600000000000023
      ],
      [
        -5.084896227344871,
        55.780987003818154,
        24.799999999999955
      ],
      [
        -5.084683829918504,
        55.78098733909428,
        25
      ],
      [
        -5.084469839930534,
        55.7809879258275,
        25
      ],
      [
        -5.084254257380962,
        55.78098876401782,
        25.200000000000045
      ],
      [
        -5.084037082269788,
        55.78098960220814,
        25.200000000000045
      ],
      [
        -5.083818985149264,
        55.780990440398455,
        25.200000000000045
      ],
      [
        -5.083599714562297,
        55.78099127858877,
        25.200000000000045
      ],
      [
        -5.083379941061139,
        55.78099203296006,
        25.200000000000045
      ],
      [
        -5.083160167559981,
        55.78099270351231,
        25.399999999999977
      ],
      [
        -5.082941064611077,
        55.780993374064565,
        25.399999999999977
      ],
      [
        -5.082723386585712,
        55.78099412843585,
        25.399999999999977
      ],
      [
        -5.082508055493236,
        55.78099496662617,
        25.399999999999977
      ],
      [
        -5.082296077162027,
        55.78099605627358,
        25.600000000000023
      ],
      [
        -5.082088457420468,
        55.78099739737809,
        25.799999999999955
      ],
      [
        -5.0818863697350025,
        55.78099932521582,
        25.799999999999955
      ],
      [
        -5.0816908199340105,
        55.781001755967736,
        26.200000000000045
      ],
      [
        -5.081502813845873,
        55.78100494109094,
        26.399999999999977
      ],
      [
        -5.08132285438478,
        55.781008964404464,
        26.799999999999955
      ],
      [
        -5.081151193007827,
        55.7810140773654,
        27
      ],
      [
        -5.080987913534045,
        55.781020279973745,
        27.399999999999977
      ],
      [
        -5.080832429230213,
        55.781027656048536,
        28
      ],
      [
        -5.080683650448918,
        55.78103612177074,
        28.399999999999977
      ],
      [
        -5.0806432496756315,
        55.78107761219144,
        27.399999999999977
      ],
      [
        -5.080585330724716,
        55.78113737516105,
        27.600000000000023
      ],
      [
        -5.08053126744926,
        55.78120166435838,
        27.600000000000023
      ],
      [
        -5.080481311306357,
        55.78127106651664,
        27.799999999999955
      ],
      [
        -5.0804356299340725,
        55.78134583309293,
        28
      ],
      [
        -5.0803944747895,
        55.78142613172531,
        28
      ],
      [
        -5.080358013510704,
        55.78151171095669,
        28
      ],
      [
        -5.080326497554779,
        55.781602151691914,
        28
      ],
      [
        -5.080300094559789,
        55.78169720247388,
        28
      ],
      [
        -5.080279223620892,
        55.7817963603884,
        28
      ],
      [
        -5.080263800919056,
        55.78189912252128,
        28
      ],
      [
        -5.080253826454282,
        55.7820051535964,
        27.799999999999955
      ],
      [
        -5.080249048769474,
        55.78211395069957,
        27.799999999999955
      ],
      [
        -5.080248797312379,
        55.78222509473562,
        27.799999999999955
      ],
      [
        -5.080252233892679,
        55.78233850188553,
        27.600000000000023
      ],
      [
        -5.080258436501026,
        55.782453836873174,
        27.600000000000023
      ],
      [
        -5.080266315490007,
        55.78257084824145,
        27.399999999999977
      ],
      [
        -5.080274781212211,
        55.782689452171326,
        27.399999999999977
      ],
      [
        -5.080282660201192,
        55.782809648662806,
        27.399999999999977
      ],
      [
        -5.080289114266634,
        55.78293143771589,
        27.200000000000045
      ],
      [
        -5.080293221399188,
        55.78305465169251,
        27.200000000000045
      ],
      [
        -5.080294394865632,
        55.7831793744117,
        27
      ],
      [
        -5.080292131751776,
        55.783305522054434,
        27
      ],
      [
        -5.080286432057619,
        55.78343301080167,
        27
      ],
      [
        -5.080277044326067,
        55.783561673015356,
        26.799999999999955
      ],
      [
        -5.080264303833246,
        55.78369134105742,
        26.799999999999955
      ],
      [
        -5.080248210579157,
        55.78382176347077,
        26.600000000000023
      ],
      [
        -5.080229016020894,
        55.78395268879831,
        26.600000000000023
      ],
      [
        -5.0802068039774895,
        55.78408378176391,
        26.600000000000023
      ],
      [
        -5.080181825906038,
        55.78421462327242,
        26.600000000000023
      ],
      [
        -5.080154165625572,
        55.784344878047705,
        26.600000000000023
      ],
      [
        -5.080124074593186,
        55.78447412699461,
        26.600000000000023
      ],
      [
        -5.0800916366279125,
        55.78460203483701,
        26.600000000000023
      ],
      [
        -5.080057103186846,
        55.78472809866071,
        26.799999999999955
      ],
      [
        -5.080020725727081,
        55.78485223464668,
        26.799999999999955
      ],
      [
        -5.079982755705714,
        55.78497393988073,
        26.600000000000023
      ],
      [
        -5.079943276941776,
        55.78509321436286,
        26.600000000000023
      ],
      [
        -5.079902708530426,
        55.7852101419121,
        26.600000000000023
      ],
      [
        -5.079861134290695,
        55.78532480634749,
        26.399999999999977
      ],
      [
        -5.079818805679679,
        55.785437459126115,
        26.200000000000045
      ],
      [
        -5.079775974154472,
        55.78554877080023,
        26.200000000000045
      ],
      [
        -5.079732891172171,
        55.785659160465,
        26
      ],
      [
        -5.079689975827932,
        55.78576938249171,
        25.799999999999955
      ],
      [
        -5.079647479578853,
        55.7858803588897,
        25.600000000000023
      ],
      [
        -5.079605905339122,
        55.7859926763922,
        25.399999999999977
      ],
      [
        -5.07956575602293,
        55.786107340827584,
        25.200000000000045
      ],
      [
        -5.079527534544468,
        55.78622477129102,
        25
      ],
      [
        -5.079491995275021,
        55.78634572215378,
        25
      ],
      [
        -5.079460060223937,
        55.78647052869201,
        24.799999999999955
      ],
      [
        -5.079432651400566,
        55.786599358543754,
        24.799999999999955
      ],
      [
        -5.07941085845232,
        55.786732379347086,
        24.600000000000023
      ],
      [
        -5.0793960224837065,
        55.78686933964491,
        24.600000000000023
      ],
      [
        -5.079389316961169,
        55.78701015561819,
        24.399999999999977
      ],
      [
        -5.079391915351152,
        55.787154491990805,
        24.399999999999977
      ],
      [
        -5.079404907301068,
        55.787302013486624,
        24.200000000000045
      ],
      [
        -5.079429047182202,
        55.787452133372426,
        24.200000000000045
      ],
      [
        -5.079464754089713,
        55.78760443255305,
        24
      ],
      [
        -5.079511944204569,
        55.78775824047625,
        23.799999999999955
      ],
      [
        -5.079570282250643,
        55.787912886589766,
        23.600000000000023
      ],
      [
        -5.079638930037618,
        55.788067784160376,
        23.399999999999977
      ],
      [
        -5.079716797918081,
        55.78822243027389,
        23
      ],
      [
        -5.079802377149463,
        55.78837632201612,
        22.799999999999955
      ],
      [
        -5.079893991351128,
        55.78852912411094,
        22.600000000000023
      ],
      [
        -5.079989628866315,
        55.78868075273931,
        22.399999999999977
      ],
      [
        -5.080087361857295,
        55.788830956444144,
        22
      ],
      [
        -5.0801850110292435,
        55.78897973522544,
        21.799999999999955
      ],
      [
        -5.080280564725399,
        55.789127089083195,
        21.600000000000023
      ],
      [
        -5.080372514203191,
        55.78927301801741,
        21.399999999999977
      ],
      [
        -5.08045943453908,
        55.78941752202809,
        21.200000000000045
      ],
      [
        -5.080540319904685,
        55.789560517296195,
        21.200000000000045
      ],
      [
        -5.080614667385817,
        55.78970200382173,
        21
      ],
      [
        -5.080682057887316,
        55.789841981604695,
        21
      ],
      [
        -5.080742575228214,
        55.78998053446412,
        20.799999999999955
      ],
      [
        -5.080796638503671,
        55.79011783003807,
        20.799999999999955
      ],
      [
        -5.080844750627875,
        55.790253868326545,
        20.799999999999955
      ],
      [
        -5.0808502826839685,
        55.790363755077124,
        21
      ],
      [
        -5.080753052607179,
        55.79047875478864,
        21.200000000000045
      ],
      [
        -5.080648362636566,
        55.79059266485274,
        21.399999999999977
      ],
      [
        -5.08053520694375,
        55.79070548526943,
        21.399999999999977
      ],
      [
        -5.080412914976478,
        55.790817216038704,
        21.600000000000023
      ],
      [
        -5.080281235277653,
        55.7909279409796,
        21.600000000000023
      ],
      [
        -5.080140335485339,
        55.79103799536824,
        21.399999999999977
      ],
      [
        -5.079990550875664,
        55.791147546842694,
        21.399999999999977
      ],
      [
        -5.079832887277007,
        55.791257098317146,
        21.200000000000045
      ],
      [
        -5.079668182879686,
        55.79136673361063,
        21
      ],
      [
        -5.079497694969177,
        55.791476955637336,
        20.799999999999955
      ],
      [
        -5.079322513192892,
        55.791587848216295,
        20.600000000000023
      ],
      [
        -5.079143894836307,
        55.7916999142617,
        20.200000000000045
      ],
      [
        -5.078962929546833,
        55.791813153773546,
        20
      ],
      [
        -5.078780623152852,
        55.79192781820893,
        19.600000000000023
      ],
      [
        -5.078597813844681,
        55.792044159024954,
        19.399999999999977
      ],
      [
        -5.078414920717478,
        55.792162008583546,
        19.200000000000045
      ],
      [
        -5.078232362866402,
        55.7922816183418,
        18.799999999999955
      ],
      [
        -5.078050224110484,
        55.792402904480696,
        18.600000000000023
      ],
      [
        -5.077868420630693,
        55.79252569936216,
        18.399999999999977
      ],
      [
        -5.077686784788966,
        55.79264991916716,
        18.399999999999977
      ],
      [
        -5.0775049813091755,
        55.79277531243861,
        18.200000000000045
      ],
      [
        -5.077322507277131,
        55.7929016277194,
        18
      ],
      [
        -5.077139111235738,
        55.79302861355245,
        18
      ],
      [
        -5.076954290270805,
        55.79315601848066,
        18
      ],
      [
        -5.076767625287175,
        55.79328367486596,
        18
      ],
      [
        -5.076578948646784,
        55.793411415070295,
        18
      ],
      [
        -5.076388008892536,
        55.79353915527463,
        18
      ],
      [
        -5.076194889843464,
        55.7936667278409,
        18.200000000000045
      ],
      [
        -5.075999340042472,
        55.79379430040717,
        18.200000000000045
      ],
      [
        -5.075801694765687,
        55.793922040611506,
        18.399999999999977
      ],
      [
        -5.075602289289236,
        55.79404986463487,
        18.600000000000023
      ],
      [
        -5.075401626527309,
        55.794178023934364,
        18.799999999999955
      ],
      [
        -5.0752004608511925,
        55.79430676996708,
        19
      ],
      [
        -5.074999462813139,
        55.79443618655205,
        19.399999999999977
      ],
      [
        -5.074799470603466,
        55.7945666089654,
        19.600000000000023
      ],
      [
        -5.074601154774427,
        55.79469812102616,
        20
      ],
      [
        -5.07440535351634,
        55.79483105801046,
        20.399999999999977
      ],
      [
        -5.074212569743395,
        55.79496550373733,
        21
      ],
      [
        -5.0740233063697815,
        55.79510145820677,
        21.399999999999977
      ],
      [
        -5.073837814852595,
        55.79523908905685,
        22
      ],
      [
        -5.0736562628299,
        55.79537831246853,
        22.399999999999977
      ],
      [
        -5.073478482663631,
        55.79551904462278,
        23
      ],
      [
        -5.073304055258632,
        55.79566111788154,
        23.600000000000023
      ],
      [
        -5.073170447722077,
        55.79582833684981,
        24.399999999999977
      ],
      [
        -5.073098028078675,
        55.79598625190556,
        24.600000000000023
      ],
      [
        -5.073028793558478,
        55.79614408314228,
        25
      ],
      [
        -5.072963163256645,
        55.79630174674094,
        25.200000000000045
      ],
      [
        -5.0729012209922075,
        55.79645907506347,
        25.399999999999977
      ],
      [
        -5.072843134403229,
        55.79661564901471,
        25.799999999999955
      ],
      [
        -5.072788987308741,
        55.79677146859467,
        26
      ],
      [
        -5.072738695889711,
        55.79692628234625,
        26.200000000000045
      ],
      [
        -5.0726918410509825,
        55.79707992263138,
        26.399999999999977
      ],
      [
        -5.072648171335459,
        55.79723255708814,
        26.600000000000023
      ],
      [
        -5.072606932371855,
        55.79738426953554,
        26.600000000000023
      ],
      [
        -5.07256711833179,
        55.79753531143069,
        26.600000000000023
      ],
      [
        -5.072527723386884,
        55.79768601804972,
        26.799999999999955
      ],
      [
        -5.0724871549755335,
        55.797836892306805,
        26.799999999999955
      ],
      [
        -5.072444071993232,
        55.79798818565905,
        26.799999999999955
      ],
      [
        -5.072396881878376,
        55.79814048483968,
        26.799999999999955
      ],
      [
        -5.072344159707427,
        55.79829404130578,
        26.799999999999955
      ],
      [
        -5.0722848158329725,
        55.79844935797155,
        26.799999999999955
      ],
      [
        -5.072218179702759,
        55.79860660247505,
        26.799999999999955
      ],
      [
        -5.072143580764532,
        55.79876594245434,
        26.799999999999955
      ],
      [
        -5.072060851380229,
        55.79892771318555,
        26.799999999999955
      ],
      [
        -5.0719699915498495,
        55.79909199848771,
        26.799999999999955
      ],
      [
        -5.071871168911457,
        55.79925904981792,
        26.600000000000023
      ],
      [
        -5.0717647187411785,
        55.79942861571908,
        26.600000000000023
      ],
      [
        -5.071650892496109,
        55.79960103146732,
        26.600000000000023
      ],
      [
        -5.071530193090439,
        55.79977604560554,
        26.600000000000023
      ],
      [
        -5.071402955800295,
        55.79995374195278,
        26.600000000000023
      ],
      [
        -5.071269599720836,
        55.8001337852329,
        26.600000000000023
      ],
      [
        -5.07113054394722,
        55.80031600780785,
        26.600000000000023
      ],
      [
        -5.070986207574606,
        55.800499990582466,
        26.799999999999955
      ],
      [
        -5.070837261155248,
        55.80068548209965,
        27
      ],
      [
        -5.07068395614624,
        55.800872230902314,
        27
      ],
      [
        -5.070526963099837,
        55.80105973407626,
        27.200000000000045
      ],
      [
        -5.070366617292166,
        55.80124782398343,
        27.399999999999977
      ],
      [
        -5.070203505456448,
        55.801436165347695,
        27.799999999999955
      ],
      [
        -5.07003796286881,
        55.80162459053099,
        28
      ],
      [
        -5.069721462205052,
        55.80181125551462,
        28.399999999999977
      ],
      [
        -5.069504119455814,
        55.801957519724965,
        29
      ],
      [
        -5.0692858546972275,
        55.80210076645017,
        29.799999999999955
      ],
      [
        -5.069066835567355,
        55.8022406604141,
        30.399999999999977
      ],
      [
        -5.068847145885229,
        55.80237695015967,
        31
      ],
      [
        -5.068627204746008,
        55.80250955186784,
        31.600000000000023
      ],
      [
        -5.068407263606787,
        55.802638716995716,
        32
      ],
      [
        -5.068187993019819,
        55.80276452936232,
        32.60000000000002
      ],
      [
        -5.067969728261232,
        55.802887324243784,
        33
      ],
      [
        -5.0677532237023115,
        55.803007604554296,
        33.39999999999998
      ],
      [
        -5.067539066076279,
        55.80312570556998,
        33.799999999999955
      ],
      [
        -5.067327925935388,
        55.803242046386,
        34.200000000000045
      ],
      [
        -5.067120473831892,
        55.80335704609752,
        34.60000000000002
      ],
      [
        -5.066917045041919,
        55.80347103998065,
        35.200000000000045
      ],
      [
        -5.066718142479658,
        55.803584614768624,
        35.60000000000002
      ],
      [
        -5.066523849964142,
        55.80369810573757,
        36
      ],
      [
        -5.066334251314402,
        55.80381201580167,
        36.60000000000002
      ],
      [
        -5.066149011254311,
        55.80392659641802,
        37.200000000000045
      ],
      [
        -5.065967878326774,
        55.80404235050082,
        38
      ],
      [
        -5.065790265798569,
        55.804159278050065,
        38.799999999999955
      ],
      [
        -5.065615670755506,
        55.804277546703815,
        39.60000000000002
      ],
      [
        -5.06547368131578,
        55.804387517273426,
        40.799999999999955
      ],
      [
        -5.065327165648341,
        55.80454459413886,
        41.60000000000002
      ],
      [
        -5.065179308876395,
        55.80470343120396,
        42.39999999999998
      ],
      [
        -5.065029775723815,
        55.80486402846873,
        43
      ],
      [
        -5.064878398552537,
        55.80502638593316,
        43.799999999999955
      ],
      [
        -5.064725261181593,
        55.80519041977823,
        44.60000000000002
      ],
      [
        -5.0645701959729195,
        55.8053560461849,
        45.39999999999998
      ],
      [
        -5.064413286745548,
        55.805523097515106,
        46.200000000000045
      ],
      [
        -5.064254617318511,
        55.80569123849273,
        47
      ],
      [
        -5.064094439148903,
        55.80586038529873,
        47.799999999999955
      ],
      [
        -5.063933087512851,
        55.806030202656984,
        48.60000000000002
      ],
      [
        -5.063770730048418,
        55.80620060674846,
        49.39999999999998
      ],
      [
        -5.063607785850763,
        55.80637109465897,
        50.200000000000045
      ],
      [
        -5.063444757834077,
        55.80654149875045,
        51
      ],
      [
        -5.063281813636422,
        55.80671148374677,
        51.60000000000002
      ],
      [
        -5.063119372352958,
        55.80688079819083,
        52.39999999999998
      ],
      [
        -5.062957853078842,
        55.807049022987485,
        53.200000000000045
      ],
      [
        -5.062797507271171,
        55.80721590667963,
        53.799999999999955
      ],
      [
        -5.06263867020607,
        55.80738111399114,
        54.60000000000002
      ],
      [
        -5.062481509521604,
        55.807544561102986,
        55.200000000000045
      ],
      [
        -5.06232644431293,
        55.80770599655807,
        55.799999999999955
      ],
      [
        -5.0621734745800495,
        55.8078651688993,
        56.39999999999998
      ],
      [
        -5.062022935599089,
        55.8080221619457,
        57
      ],
      [
        -5.061874827370048,
        55.808176808059216,
        57.60000000000002
      ],
      [
        -5.06172931753099,
        55.808329191058874,
        58
      ],
      [
        -5.061586406081915,
        55.80847939476371,
        58.39999999999998
      ],
      [
        -5.061446093022823,
        55.80862767063081,
        58.799999999999955
      ],
      [
        -5.06130812689662,
        55.80877410247922,
        59
      ],
      [
        -5.061172507703304,
        55.80891910940409,
        59.39999999999998
      ],
      [
        -5.061039067804813,
        55.80906285904348,
        59.60000000000002
      ],
      [
        -5.060907555744052,
        55.809205770492554,
        59.799999999999955
      ],
      [
        -5.060777720063925,
        55.80934809520841,
        60
      ],
      [
        -5.060649560764432,
        55.809490168467164,
        60.200000000000045
      ],
      [
        -5.060522742569447,
        55.80963199026883,
        60.200000000000045
      ],
      [
        -5.060397265478969,
        55.80977389588952,
        60.39999999999998
      ],
      [
        -5.060272794216871,
        55.809915801510215,
        60.60000000000002
      ],
      [
        -5.060149412602186,
        55.810057958588004,
        60.799999999999955
      ],
      [
        -5.060026785358787,
        55.810200199484825,
        61
      ],
      [
        -5.059904912486672,
        55.81034260801971,
        61
      ],
      [
        -5.05978362634778,
        55.81048526801169,
        61.200000000000045
      ],
      [
        -5.05966292694211,
        55.8106280118227,
        61.39999999999998
      ],
      [
        -5.0595426466315985,
        55.81077083945274,
        61.39999999999998
      ],
      [
        -5.059422617778182,
        55.81091400235891,
        61.60000000000002
      ],
      [
        -5.059302756562829,
        55.81105733290315,
        61.799999999999955
      ],
      [
        -5.059182979166508,
        55.811200914904475,
        61.799999999999955
      ],
      [
        -5.059063201770186,
        55.8113447483629,
        61.799999999999955
      ],
      [
        -5.058943340554833,
        55.81148900091648,
        62
      ],
      [
        -5.058823227882385,
        55.811633840203285,
        62
      ],
      [
        -5.0587026961147785,
        55.81177918240428,
        62
      ],
      [
        -5.058581829071045,
        55.81192536279559,
        62
      ],
      [
        -5.058460375294089,
        55.81207246519625,
        62
      ],
      [
        -5.058338334783912,
        55.81222057342529,
        62
      ],
      [
        -5.05821562372148,
        55.812369771301746,
        62.200000000000045
      ],
      [
        -5.058092158287764,
        55.81252031028271,
        62.200000000000045
      ],
      [
        -5.057968106120825,
        55.812672106549144,
        62.39999999999998
      ],
      [
        -5.057843299582601,
        55.81282532773912,
        62.60000000000002
      ],
      [
        -5.057717990130186,
        55.81297980621457,
        62.799999999999955
      ],
      [
        -5.057592177763581,
        55.81313570961356,
        63
      ],
      [
        -5.05746603012085,
        55.81329295411706,
        63.200000000000045
      ],
      [
        -5.057339798659086,
        55.81345128826797,
        63.39999999999998
      ],
      [
        -5.057213651016355,
        55.81361071206629,
        63.799999999999955
      ],
      [
        -5.05708783864975,
        55.813771057873964,
        64
      ],
      [
        -5.056962613016367,
        55.81393215805292,
        64.39999999999998
      ],
      [
        -5.05683814175427,
        55.81409392878413,
        64.60000000000002
      ],
      [
        -5.056714843958616,
        55.81425620242953,
        65
      ],
      [
        -5.056592719629407,
        55.81441881135106,
        65.20000000000005
      ],
      [
        -5.056471936404705,
        55.814581755548716,
        65.39999999999998
      ],
      [
        -5.056352661922574,
        55.8147450350225,
        65.60000000000002
      ],
      [
        -5.056234812363982,
        55.81490848213434,
        66
      ],
      [
        -5.056149819865823,
        55.815087016671896,
        65.79999999999995
      ],
      [
        -5.056071449071169,
        55.81525918096304,
        65.60000000000002
      ],
      [
        -5.055994167923927,
        55.81543235108256,
        65.39999999999998
      ],
      [
        -5.055917892605066,
        55.81560677848756,
        65.20000000000005
      ],
      [
        -5.055842623114586,
        55.81578237935901,
        65
      ],
      [
        -5.055768107995391,
        55.815959237515926,
        64.79999999999995
      ],
      [
        -5.055694347247481,
        55.81613726913929,
        64.39999999999998
      ],
      [
        -5.05562100559473,
        55.8163164742291,
        64
      ],
      [
        -5.055547999218106,
        55.816496601328254,
        63.60000000000002
      ],
      [
        -5.055475160479546,
        55.81667773425579,
        63.200000000000045
      ],
      [
        -5.055402405560017,
        55.81685953773558,
        62.799999999999955
      ],
      [
        -5.055329650640488,
        55.817041927948594,
        62.39999999999998
      ],
      [
        -5.05525697953999,
        55.817224737256765,
        62
      ],
      [
        -5.055184308439493,
        55.81740763038397,
        61.799999999999955
      ],
      [
        -5.055111721158028,
        55.81759052351117,
        61.39999999999998
      ],
      [
        -5.055039217695594,
        55.81777308136225,
        61.200000000000045
      ],
      [
        -5.054966965690255,
        55.81795513629913,
        61
      ],
      [
        -5.054895132780075,
        55.818136520683765,
        60.799999999999955
      ],
      [
        -5.054823886603117,
        55.81831706687808,
        60.60000000000002
      ],
      [
        -5.054753394797444,
        55.81849669106305,
        60.60000000000002
      ],
      [
        -5.054683908820152,
        55.81867530941963,
        60.60000000000002
      ],
      [
        -5.054615596309304,
        55.818852838128805,
        60.799999999999955
      ],
      [
        -5.054548624902964,
        55.81902952864766,
        60.799999999999955
      ],
      [
        -5.054483246058226,
        55.819205129519105,
        61
      ],
      [
        -5.0544193759560585,
        55.81937997601926,
        61
      ],
      [
        -5.054357014596462,
        55.819553984329104,
        61.200000000000045
      ],
      [
        -5.054296245798469,
        55.81972732208669,
        61.39999999999998
      ],
      [
        -5.054236818104982,
        55.81990007311106,
        61.60000000000002
      ],
      [
        -5.054178647696972,
        55.82007232122123,
        61.799999999999955
      ],
      [
        -5.054121650755405,
        55.82024415023625,
        62
      ],
      [
        -5.0540656596422195,
        55.820415476337075,
        62.39999999999998
      ],
      [
        -5.054134642705321,
        55.82057112827897,
        63.39999999999998
      ],
      [
        -5.054149646311998,
        55.82072954624891,
        63.799999999999955
      ],
      [
        -5.054166158661246,
        55.82088687457144,
        64
      ],
      [
        -5.05418443121016,
        55.82104311324656,
        64
      ],
      [
        -5.0542043801397085,
        55.821198178455234,
        64.20000000000005
      ],
      [
        -5.054226005449891,
        55.82135181874037,
        64.20000000000005
      ],
      [
        -5.054248971864581,
        55.82150403410196,
        64
      ],
      [
        -5.054273279383779,
        55.82165474072099,
        64
      ],
      [
        -5.054298676550388,
        55.82180393859744,
        63.799999999999955
      ],
      [
        -5.0543248280882835,
        55.82195154391229,
        63.39999999999998
      ],
      [
        -5.054351482540369,
        55.82209764048457,
        63
      ],
      [
        -5.054378472268581,
        55.82224214449525,
        62.60000000000002
      ],
      [
        -5.054405713453889,
        55.82238522358239,
        62
      ],
      [
        -5.054432870820165,
        55.82252696156502,
        61.39999999999998
      ],
      [
        -5.054459860548377,
        55.82266727462411,
        60.799999999999955
      ],
      [
        -5.054486682638526,
        55.82280649803579,
        60
      ],
      [
        -5.054513169452548,
        55.822944631800056,
        59.200000000000045
      ],
      [
        -5.0545392371714115,
        55.823081843554974,
        58.39999999999998
      ],
      [
        -5.054564969614148,
        55.82321838475764,
        57.60000000000002
      ],
      [
        -5.05459045059979,
        55.82335433922708,
        56.799999999999955
      ],
      [
        -5.0546155124902725,
        55.823489958420396,
        55.799999999999955
      ],
      [
        -5.05464032292366,
        55.823625326156616,
        55
      ],
      [
        -5.054664881899953,
        55.82376052625477,
        54
      ],
      [
        -5.054689273238182,
        55.82389555871487,
        53
      ],
      [
        -5.0547135807573795,
        55.8240304235369,
        52.200000000000045
      ],
      [
        -5.054737804457545,
        55.82416528835893,
        51.200000000000045
      ],
      [
        -5.054762028157711,
        55.82429998554289,
        50.200000000000045
      ],
      [
        -5.05490317940712,
        55.82439738325775,
        49
      ],
      [
        -5.054985322058201,
        55.82451246678829,
        48.200000000000045
      ],
      [
        -5.055068219080567,
        55.82462671212852,
        47.60000000000002
      ],
      [
        -5.055151870474219,
        55.82473995164037,
        46.799999999999955
      ],
      [
        -5.055236276239157,
        55.824852269142866,
        46
      ],
      [
        -5.055321520194411,
        55.824963580816984,
        45.39999999999998
      ],
      [
        -5.055407267063856,
        55.82507371902466,
        44.60000000000002
      ],
      [
        -5.055493600666523,
        55.82518285140395,
        43.799999999999955
      ],
      [
        -5.055580353364348,
        55.82529089413583,
        43
      ],
      [
        -5.055667273700237,
        55.82539793103933,
        42.200000000000045
      ],
      [
        -5.055754277855158,
        55.82550387829542,
        41.200000000000045
      ],
      [
        -5.055841198191047,
        55.82560881972313,
        40.39999999999998
      ],
      [
        -5.05592786706984,
        55.82571283914149,
        39.60000000000002
      ],
      [
        -5.056014116853476,
        55.825815852731466,
        38.799999999999955
      ],
      [
        -5.056099947541952,
        55.82591811195016,
        38.200000000000045
      ],
      [
        -5.056185191497207,
        55.826019532978535,
        37.39999999999998
      ],
      [
        -5.0562697649002075,
        55.82612036727369,
        36.60000000000002
      ],
      [
        -5.056353751569986,
        55.82622053101659,
        35.799999999999955
      ],
      [
        -5.0564370676875114,
        55.8263201918453,
        35.200000000000045
      ],
      [
        -5.0565197970718145,
        55.82641951739788,
        34.39999999999998
      ],
      [
        -5.056602023541927,
        55.826518507674336,
        33.60000000000002
      ],
      [
        -5.056723477318883,
        55.82656318321824,
        34.799999999999955
      ],
      [
        -5.056718867272139,
        55.82665597088635,
        34.60000000000002
      ],
      [
        -5.0567135866731405,
        55.826749010011554,
        34.39999999999998
      ],
      [
        -5.056707300245762,
        55.82684230059385,
        34.200000000000045
      ],
      [
        -5.056700175628066,
        55.82693584263325,
        33.799999999999955
      ],
      [
        -5.056691877543926,
        55.8270298037678,
        33.60000000000002
      ],
      [
        -5.056682489812374,
        55.82712418399751,
        33.39999999999998
      ],
      [
        -5.056671928614378,
        55.827219150960445,
        33.200000000000045
      ],
      [
        -5.0566602777689695,
        55.827314872294664,
        33
      ],
      [
        -5.056647453457117,
        55.8274114318192,
        32.60000000000002
      ],
      [
        -5.056633455678821,
        55.827508913353086,
        32.39999999999998
      ],
      [
        -5.0566184520721436,
        55.82760731689632,
        32
      ],
      [
        -5.056602526456118,
        55.82770706154406,
        31.799999999999955
      ],
      [
        -5.056585595011711,
        55.82780814729631,
        31.600000000000023
      ],
      [
        -5.0565678253769875,
        55.827910490334034,
        31.200000000000045
      ],
      [
        -5.056549217551947,
        55.8280142582953,
        31
      ],
      [
        -5.056530022993684,
        55.82811953499913,
        30.600000000000023
      ],
      [
        -5.056510241702199,
        55.82822606898844,
        30.399999999999977
      ],
      [
        -5.056489873677492,
        55.828334111720324,
        30
      ],
      [
        -5.05646925419569,
        55.82844341173768,
        29.799999999999955
      ],
      [
        -5.05644821561873,
        55.828554052859545,
        29.399999999999977
      ],
      [
        -5.056427093222737,
        55.82866578362882,
        29.200000000000045
      ],
      [
        -5.056405803188682,
        55.82877852022648,
        29
      ],
      [
        -5.056384596973658,
        55.82889209501445,
        28.600000000000023
      ],
      [
        -5.056363558396697,
        55.82900642417371,
        28.399999999999977
      ],
      [
        -5.056342771276832,
        55.829121340066195,
        28.200000000000045
      ],
      [
        -5.0563224870711565,
        55.8292365912348,
        28
      ],
      [
        -5.056302705779672,
        55.82935209386051,
        27.600000000000023
      ],
      [
        -5.056283595040441,
        55.82946768030524,
        27.399999999999977
      ],
      [
        -5.056265322491527,
        55.82958301529288,
        27.200000000000045
      ],
      [
        -5.0562479719519615,
        55.82969784736633,
        27
      ],
      [
        -5.056231878697872,
        55.82981217652559,
        26.600000000000023
      ],
      [
        -5.056216958910227,
        55.829925583675504,
        26.399999999999977
      ],
      [
        -5.056203380227089,
        55.830037984997034,
        26
      ],
      [
        -5.05619122646749,
        55.83014929667115,
        25.799999999999955
      ],
      [
        -5.056180497631431,
        55.830259434878826,
        25.399999999999977
      ],
      [
        -5.0561711098998785,
        55.83036814816296,
        25
      ],
      [
        -5.0561631470918655,
        55.83047568798065,
        24.600000000000023
      ],
      [
        -5.056156441569328,
        55.8305818028748,
        24.200000000000045
      ],
      [
        -5.0561510771512985,
        55.83068666048348,
        23.799999999999955
      ],
      [
        -5.056146802380681,
        55.83079026080668,
        23.399999999999977
      ],
      [
        -5.056143701076508,
        55.830892603844404,
        22.799999999999955
      ],
      [
        -5.056141521781683,
        55.83099394105375,
        22.399999999999977
      ],
      [
        -5.056140264496207,
        55.83109418861568,
        21.799999999999955
      ],
      [
        -5.056139845401049,
        55.831193597987294,
        21.399999999999977
      ],
      [
        -5.056140013039112,
        55.83129208534956,
        20.799999999999955
      ],
      [
        -5.056140851229429,
        55.83138990215957,
        20.200000000000045
      ],
      [
        -5.056142024695873,
        55.83148704841733,
        19.799999999999955
      ],
      [
        -5.056143617257476,
        55.8315836917609,
        19.200000000000045
      ],
      [
        -5.056145461276174,
        55.831679832190275,
        18.600000000000023
      ],
      [
        -5.056147389113903,
        55.831775637343526,
        18.200000000000045
      ],
      [
        -5.056149400770664,
        55.83187110722065,
        17.600000000000023
      ],
      [
        -5.056151328608394,
        55.83196624182165,
        17
      ],
      [
        -5.056153256446123,
        55.83206129260361,
        16.399999999999977
      ],
      [
        -5.056155100464821,
        55.83215609192848,
        16
      ],
      [
        -5.056216791272163,
        55.83223379217088,
        15.799999999999955
      ],
      [
        -5.056175300851464,
        55.83232205361128,
        15.399999999999977
      ],
      [
        -5.056133391335607,
        55.83241006359458,
        15.200000000000045
      ],
      [
        -5.056090978905559,
        55.832497738301754,
        14.799999999999955
      ],
      [
        -5.056047979742289,
        55.83258516155183,
        14.600000000000023
      ],
      [
        -5.056004393845797,
        55.832672165706754,
        14.200000000000045
      ],
      [
        -5.055960053578019,
        55.83275883458555,
        14
      ],
      [
        -5.055915042757988,
        55.832845168188214,
        13.799999999999955
      ],
      [
        -5.05586919374764,
        55.832931166514754,
        13.399999999999977
      ],
      [
        -5.055822590366006,
        55.83301682956517,
        13.200000000000045
      ],
      [
        -5.055775232613087,
        55.833102241158485,
        12.799999999999955
      ],
      [
        -5.055726952850819,
        55.83318740129471,
        12.600000000000023
      ],
      [
        -5.055677918717265,
        55.833272309973836,
        12.399999999999977
      ],
      [
        -5.055627962574363,
        55.8333570510149,
        12
      ],
      [
        -5.0555770844221115,
        55.833441792055964,
        11.800000000000011
      ],
      [
        -5.055525451898575,
        55.833526365458965,
        11.600000000000023
      ],
      [
        -5.055472981184721,
        55.833610938861966,
        11.399999999999977
      ],
      [
        -5.055419839918613,
        55.833695596084,
        11.199999999999989
      ],
      [
        -5.05536594428122,
        55.833780420944095,
        11
      ],
      [
        -5.055311461910605,
        55.833865413442254,
        10.800000000000011
      ],
      [
        -5.0552564766258,
        55.83395074121654,
        10.600000000000023
      ],
      [
        -5.055201156064868,
        55.83403632044792,
        10.399999999999977
      ],
      [
        -5.055145500227809,
        55.83412240259349,
        10.199999999999989
      ],
      [
        -5.0550896767526865,
        55.83420882001519,
        10.199999999999989
      ],
      [
        -5.055033937096596,
        55.83429582417011,
        10.199999999999989
      ],
      [
        -5.0549784488976,
        55.83438333123922,
        10
      ],
      [
        -5.0549232121557,
        55.83447125740349,
        10
      ],
      [
        -5.054868394508958,
        55.83455968648195,
        10
      ],
      [
        -5.05481424741447,
        55.8346486184746,
        10
      ],
      [
        -5.054760938510299,
        55.83473788574338,
        10
      ],
      [
        -5.054708467796445,
        55.83482748828828,
        10
      ],
      [
        -5.054657002910972,
        55.83491734229028,
        10.199999999999989
      ],
      [
        -5.054606711491942,
        55.83500719629228,
        10.199999999999989
      ],
      [
        -5.054557677358389,
        55.83509705029428,
        10.199999999999989
      ],
      [
        -5.054509984329343,
        55.835186652839184,
        10.399999999999977
      ],
      [
        -5.054463632404804,
        55.835276087746024,
        10.399999999999977
      ],
      [
        -5.0544187892228365,
        55.835365019738674,
        10.399999999999977
      ],
      [
        -5.054375370964408,
        55.8354533649981,
        10.399999999999977
      ],
      [
        -5.0543333776295185,
        55.83554103970528,
        10.399999999999977
      ],
      [
        -5.054292641580105,
        55.83562812767923,
        10.199999999999989
      ],
      [
        -5.054253162816167,
        55.835714377462864,
        10.199999999999989
      ],
      [
        -5.0542146898806095,
        55.835799956694245,
        10
      ],
      [
        -5.054348716512322,
        55.8358093444258,
        10.600000000000023
      ],
      [
        -5.054416693747044,
        55.83583281375468,
        10.600000000000023
      ],
      [
        -5.054485760629177,
        55.835854690521955,
        10.399999999999977
      ],
      [
        -5.054555833339691,
        55.83587505854666,
        10.399999999999977
      ],
      [
        -5.0546269956976175,
        55.8358939178288,
        10.199999999999989
      ],
      [
        -5.054698996245861,
        55.83591143600643,
        10
      ],
      [
        -5.054771583527327,
        55.83592786453664,
        9.600000000000023
      ],
      [
        -5.054844506084919,
        55.83594345487654,
        9.399999999999977
      ],
      [
        -5.054917428642511,
        55.83595845848322,
        9
      ],
      [
        -5.054989932104945,
        55.835973378270864,
        8.800000000000011
      ],
      [
        -5.055061597377062,
        55.835988549515605,
        8.399999999999977
      ],
      [
        -5.055132173001766,
        55.836004223674536,
        8
      ],
      [
        -5.0552012398839,
        55.836020736023784,
        7.800000000000011
      ],
      [
        -5.055268378928304,
        55.836038421839476,
        7.600000000000023
      ],
      [
        -5.055333506315947,
        55.836057448759675,
        7.199999999999989
      ],
      [
        -5.05539620295167,
        55.836077984422445,
        7
      ],
      [
        -5.05545630119741,
        55.83610019646585,
        6.800000000000011
      ],
      [
        -5.055513717234135,
        55.83612416870892,
        6.800000000000011
      ],
      [
        -5.055568115785718,
        55.83614990115166,
        6.600000000000023
      ],
      [
        -5.055619580671191,
        55.83617730997503,
        6.600000000000023
      ],
      [
        -5.055667776614428,
        55.83620639517903,
        6.600000000000023
      ],
      [
        -5.055712703615427,
        55.83623690530658,
        6.600000000000023
      ],
      [
        -5.055754194036126,
        55.83626875653863,
        6.600000000000023
      ],
      [
        -5.055792247876525,
        55.836301697418094,
        6.600000000000023
      ],
      [
        -5.05582669749856,
        55.83633556030691,
        6.800000000000011
      ],
      [
        -5.055857542902231,
        55.83637000992894,
        6.800000000000011
      ],
      [
        -5.055884700268507,
        55.836404878646135,
        6.800000000000011
      ],
      [
        -5.055908253416419,
        55.83643991500139,
        7
      ],
      [
        -5.055928202345967,
        55.83647503517568,
        7
      ],
      [
        -5.05594446323812,
        55.836509987711906,
        7
      ],
      [
        -5.055957203730941,
        55.83654468879104,
        7.199999999999989
      ],
      [
        -5.055966507643461,
        55.83657905459404,
        7.199999999999989
      ],
      [
        -5.055972542613745,
        55.836613001301885,
        7.199999999999989
      ],
      [
        -5.055975308641791,
        55.83664644509554,
        7.199999999999989
      ],
      [
        -5.055975057184696,
        55.83667930215597,
        7.199999999999989
      ],
      [
        -5.055971955880523,
        55.83671140484512,
        7.199999999999989
      ],
      [
        -5.055966340005398,
        55.83674275316298,
        7.199999999999989
      ],
      [
        -5.055958293378353,
        55.83677317947149,
        7.199999999999989
      ],
      [
        -5.055948151275516,
        55.83680276758969,
        7.199999999999989
      ],
      [
        -5.055936248973012,
        55.83683126606047,
        7.199999999999989
      ],
      [
        -5.055922754108906,
        55.836858842521906,
        7
      ],
      [
        -5.055908085778356,
        55.836885245516896,
        7
      ],
      [
        -5.055892411619425,
        55.83691072650254,
        6.800000000000011
      ],
      [
        -5.055875983089209,
        55.83693511784077,
        6.600000000000023
      ],
      [
        -5.055859135463834,
        55.83695858716965,
        6.600000000000023
      ],
      [
        -5.055842120200396,
        55.83698130212724,
        6.399999999999977
      ],
      [
        -5.055825021117926,
        55.83700326271355,
        6.199999999999989
      ],
      [
        -5.055808173492551,
        55.83702455274761,
        6
      ],
      [
        -5.055791577324271,
        55.837045507505536,
        5.800000000000011
      ],
      [
        -5.055775567889214,
        55.83706612698734,
        5.600000000000023
      ],
      [
        -5.05576022900641,
        55.83708657883108,
        5.399999999999977
      ],
      [
        -5.055745644494891,
        55.83710711449385,
        5.199999999999989
      ],
      [
        -5.055731981992722,
        55.83712781779468,
        5
      ],
      [
        -5.055719409137964,
        55.83714877255261,
        4.800000000000011
      ],
      [
        -5.055707758292556,
        55.8371701464057,
        4.600000000000023
      ],
      [
        -5.05569719709456,
        55.837192023172975,
        4.600000000000023
      ],
      [
        -5.0556878093630075,
        55.83721440285444,
        4.399999999999977
      ],
      [
        -5.055679343640804,
        55.8372372854501,
        4.399999999999977
      ],
      [
        -5.055671967566013,
        55.83726058714092,
        4.399999999999977
      ],
      [
        -5.055665513500571,
        55.837284391745925,
        4.399999999999977
      ],
      [
        -5.0556601490825415,
        55.83730853162706,
        4.399999999999977
      ],
      [
        -5.055655622854829,
        55.83733292296529,
        4.399999999999977
      ],
      [
        -5.055652102455497,
        55.83735756576061,
        4.399999999999977
      ],
      [
        -5.055649587884545,
        55.83738246001303,
        4.399999999999977
      ],
      [
        -5.055647995322943,
        55.83740735426545,
        4.600000000000023
      ],
      [
        -5.055647324770689,
        55.8374323323369,
        4.600000000000023
      ],
      [
        -5.055647827684879,
        55.837457310408354,
        4.800000000000011
      ],
      [
        -5.05564933642745,
        55.83748212084174,
        4.800000000000011
      ],
      [
        -5.055652102455497,
        55.837506763637066,
        5
      ],
      [
        -5.055656125769019,
        55.83753107115626,
        5
      ],
      [
        -5.055661657825112,
        55.837555127218366,
        5.199999999999989
      ],
      [
        -5.055668614804745,
        55.83757876418531,
        5.399999999999977
      ],
      [
        -5.055677331984043,
        55.83760181441903,
        5.399999999999977
      ],
      [
        -5.0556878093630075,
        55.83762436173856,
        5.600000000000023
      ],
      [
        -5.055700298398733,
        55.83764615468681,
        5.600000000000023
      ],
      [
        -5.055714966729283,
        55.8376672770828,
        5.800000000000011
      ],
      [
        -5.05573189817369,
        55.837687561288476,
        5.800000000000011
      ],
      [
        -5.0557514280080795,
        55.837707007303834,
        5.800000000000011
      ],
      [
        -5.055773723870516,
        55.837725615128875,
        5.800000000000011
      ],
      [
        -5.055798953399062,
        55.83774346858263,
        5.800000000000011
      ],
      [
        -5.055827284231782,
        55.8377605676651,
        5.800000000000011
      ],
      [
        -5.055859051644802,
        55.837776912376285,
        5.600000000000023
      ],
      [
        -5.055894339457154,
        55.83779267035425,
        5.600000000000023
      ],
      [
        -5.055933315306902,
        55.83780792541802,
        5.399999999999977
      ],
      [
        -5.055976314470172,
        55.837822845205665,
        5.199999999999989
      ],
      [
        -5.056023420765996,
        55.83783768117428,
        5
      ],
      [
        -5.0560748018324375,
        55.83785243332386,
        4.800000000000011
      ],
      [
        -5.05613062530756,
        55.83786752074957,
        4.600000000000023
      ],
      [
        -5.056190891191363,
        55.837882943451405,
        4.399999999999977
      ],
      [
        -5.056255767121911,
        55.837899036705494,
        4.199999999999989
      ],
      [
        -5.05632508546114,
        55.8379159681499,
        4
      ],
      [
        -5.056398930028081,
        55.83793390542269,
        3.8000000000000114
      ],
      [
        -5.056476965546608,
        55.83795318379998,
        3.6000000000000227
      ],
      [
        -5.056559192016721,
        55.837973887100816,
        3.3999999999999773
      ],
      [
        -5.0566452741622925,
        55.83799618296325,
        3.1999999999999886
      ],
      [
        -5.056734876707196,
        55.83802040666342,
        3.1999999999999886
      ],
      [
        -5.056827748194337,
        55.83804655820131,
        3
      ],
      [
        -5.056923553347588,
        55.83807488903403,
        3
      ],
      [
        -5.057022040709853,
        55.838105315342546,
        2.8000000000000114
      ],
      [
        -5.057122707366943,
        55.838138088583946,
        2.8000000000000114
      ],
      [
        -5.057225385680795,
        55.83817304112017,
        2.8000000000000114
      ],
      [
        -5.05732974037528,
        55.83821025677025,
        2.8000000000000114
      ],
      [
        -5.057435687631369,
        55.83824965171516,
        2.8000000000000114
      ],
      [
        -5.057542975991964,
        55.83829122595489,
        2.8000000000000114
      ],
      [
        -5.057651437819004,
        55.83833481185138,
        3
      ],
      [
        -5.057760989293456,
        55.838380409404635,
        3
      ],
      [
        -5.057871378958225,
        55.838427850976586,
        3
      ],
      [
        -5.057982606813312,
        55.8384770527482,
        3.1999999999999886
      ],
      [
        -5.058094589039683,
        55.83852784708142,
        3.1999999999999886
      ],
      [
        -5.058207157999277,
        55.838580233976245,
        3.3999999999999773
      ],
      [
        -5.058320229873061,
        55.83863387815654,
        3.3999999999999773
      ],
      [
        -5.0584338046610355,
        55.83868886344135,
        3.6000000000000227
      ],
      [
        -5.058547714725137,
        55.83874510601163,
        3.8000000000000114
      ],
      [
        -5.058661960065365,
        55.83880243822932,
        3.8000000000000114
      ],
      [
        -5.058776373043656,
        55.838860776275396,
        4
      ],
      [
        -5.058890953660011,
        55.83892012014985,
        4
      ],
      [
        -5.059005618095398,
        55.838980386033654,
        4.199999999999989
      ],
      [
        -5.059120366349816,
        55.83904140628874,
        4.399999999999977
      ],
      [
        -5.059235030785203,
        55.83910334855318,
        4.399999999999977
      ],
      [
        -5.05934969522059,
        55.83916596136987,
        4.600000000000023
      ],
      [
        -5.059464359655976,
        55.83922924473882,
        4.800000000000011
      ],
      [
        -5.0595788564532995,
        55.839293114840984,
        5
      ],
      [
        -5.059693185612559,
        55.83935757167637,
        5.199999999999989
      ],
      [
        -5.059807430952787,
        55.83942244760692,
        5.199999999999989
      ],
      [
        -5.059927795082331,
        55.83951028995216,
        5
      ],
      [
        -5.060025108978152,
        55.839590169489384,
        5
      ],
      [
        -5.060122171416879,
        55.839670300483704,
        5
      ],
      [
        -5.060218898579478,
        55.83975068293512,
        4.800000000000011
      ],
      [
        -5.060315206646919,
        55.83983148448169,
        4.800000000000011
      ],
      [
        -5.060411095619202,
        55.83991262130439,
        4.800000000000011
      ],
      [
        -5.0605065654963255,
        55.83999409340322,
        5
      ],
      [
        -5.060601532459259,
        55.840075984597206,
        5
      ],
      [
        -5.060695996508002,
        55.84015821106732,
        5
      ],
      [
        -5.0607898738235235,
        55.84024077281356,
        5
      ],
      [
        -5.060883164405823,
        55.840323669835925,
        5
      ],
      [
        -5.060975784435868,
        55.84040681831539,
        5
      ],
      [
        -5.061067817732692,
        55.840490218251944,
        5
      ],
      [
        -5.06115909665823,
        55.840573869645596,
        5
      ],
      [
        -5.0612496212124825,
        55.84065768867731,
        5
      ],
      [
        -5.061339475214481,
        55.84074167534709,
        5
      ],
      [
        -5.061428742483258,
        55.8408257458359,
        5
      ],
      [
        -5.06151725538075,
        55.840909983962774,
        5
      ],
      [
        -5.061605349183083,
        55.84099430590868,
        5
      ],
      [
        -5.061692940071225,
        55.84107871167362,
        5
      ],
      [
        -5.061780111864209,
        55.84116320125759,
        5
      ],
      [
        -5.061867032200098,
        55.84124777466059,
        5
      ],
      [
        -5.061953701078892,
        55.84133243188262,
        5
      ],
      [
        -5.062040286138654,
        55.84141708910465,
        5
      ],
      [
        -5.062126871198416,
        55.84150183014572,
        5
      ]
    ]
  }
}
