{
  "type": "Feature",
  "properties": {
    "id": "strava-946090100",
    "activity": "hiking",
    "name": "Morning Trek",
    "date": "2017-04-17T09:09:17.000Z",
    "distanceKm": 12.97,
    "movingTimeSeconds": 12257,
    "elapsedTimeSeconds": 12285,
    "ascentM": 216,
    "descentM": 227,
    "providers": [
      "Strava"
    ]
  },
  "geometry": {
    "type": "LineString",
    "coordinates": [
      [
        0.1799364946782589,
        51.3129457924515,
        59.799999999999955
      ],
      [
        0.1799364946782589,
        51.3129457924515,
        59.799999999999955
      ],
      [
        0.17986055463552475,
        51.313020810484886,
        59.799999999999955
      ],
      [
        0.179803054779768,
        51.313073532655835,
        59.60000000000002
      ],
      [
        0.17977774143218994,
        51.31309515796602,
        59.799999999999955
      ],
      [
        0.17976810224354267,
        51.313105719164014,
        59.799999999999955
      ],
      [
        0.17975335009396076,
        51.313127260655165,
        60
      ],
      [
        0.1797323953360319,
        51.31315911188722,
        60.39999999999998
      ],
      [
        0.17969761043787003,
        51.31318325176835,
        60.39999999999998
      ],
      [
        0.17969350330531597,
        51.31320043466985,
        60.200000000000045
      ],
      [
        0.17969283275306225,
        51.31324687041342,
        59.39999999999998
      ],
      [
        0.17964455299079418,
        51.31328240968287,
        59.200000000000045
      ],
      [
        0.17959761433303356,
        51.313331527635455,
        59
      ],
      [
        0.17958353273570538,
        51.31334745325148,
        59
      ],
      [
        0.17958562821149826,
        51.3133480399847,
        59
      ],
      [
        0.17953273840248585,
        51.313375532627106,
        59.799999999999955
      ],
      [
        0.17945017665624619,
        51.313416017219424,
        59.799999999999955
      ],
      [
        0.1793702132999897,
        51.31346806883812,
        60
      ],
      [
        0.17888255417346954,
        51.31380292586982,
        60.200000000000045
      ],
      [
        0.17870628274977207,
        51.31389085203409,
        60.60000000000002
      ],
      [
        0.17823060974478722,
        51.314160246402025,
        62.200000000000045
      ],
      [
        0.17817026004195213,
        51.314195869490504,
        62
      ],
      [
        0.17812063917517662,
        51.31423291750252,
        62.39999999999998
      ],
      [
        0.17789541743695736,
        51.31440323777497,
        61.799999999999955
      ],
      [
        0.17775770276784897,
        51.314524272456765,
        61.200000000000045
      ],
      [
        0.17755377106368542,
        51.31471454165876,
        61
      ],
      [
        0.1771904155611992,
        51.31510505452752,
        60.200000000000045
      ],
      [
        0.17706267535686493,
        51.315304124727845,
        58.799999999999955
      ],
      [
        0.17703266814351082,
        51.31534360349178,
        58.799999999999955
      ],
      [
        0.17692931927740574,
        51.31543287076056,
        58.60000000000002
      ],
      [
        0.17689604312181473,
        51.31547796539962,
        58.200000000000045
      ],
      [
        0.17669797874987125,
        51.315741408616304,
        58
      ],
      [
        0.17616480588912964,
        51.31596042774618,
        59.39999999999998
      ],
      [
        0.1755395159125328,
        51.31618942134082,
        57.799999999999955
      ],
      [
        0.1748767588287592,
        51.31637633778155,
        58.200000000000045
      ],
      [
        0.17482479102909565,
        51.316371224820614,
        58
      ],
      [
        0.1745893433690071,
        51.31629193201661,
        58.39999999999998
      ],
      [
        0.17453662119805813,
        51.316276006400585,
        56.60000000000002
      ],
      [
        0.17382357269525528,
        51.31628564558923,
        59
      ],
      [
        0.17318923026323318,
        51.31625873968005,
        64
      ],
      [
        0.17297792248427868,
        51.31639050319791,
        65.79999999999995
      ],
      [
        0.172429159283638,
        51.316692838445306,
        62.60000000000002
      ],
      [
        0.1719130016863346,
        51.317011350765824,
        62.200000000000045
      ],
      [
        0.17185986042022705,
        51.31704521365464,
        62
      ],
      [
        0.17179523594677448,
        51.317114029079676,
        60.799999999999955
      ],
      [
        0.17180202528834343,
        51.317128194496036,
        60.799999999999955
      ],
      [
        0.17180202528834343,
        51.31712878122926,
        60.799999999999955
      ],
      [
        0.17180085182189941,
        51.31713221780956,
        60.799999999999955
      ],
      [
        0.1718791387975216,
        51.317174043506384,
        60.39999999999998
      ],
      [
        0.17197133973240852,
        51.317269932478666,
        58.799999999999955
      ],
      [
        0.17209623008966446,
        51.317387698218226,
        60.200000000000045
      ],
      [
        0.17213285900652409,
        51.317449640482664,
        60.60000000000002
      ],
      [
        0.17214149236679077,
        51.31747428327799,
        60.39999999999998
      ],
      [
        0.17216546460986137,
        51.31751552224159,
        60
      ],
      [
        0.17225121147930622,
        51.31765893660486,
        59.200000000000045
      ],
      [
        0.17254231497645378,
        51.31808029487729,
        59.39999999999998
      ],
      [
        0.17283459194004536,
        51.3184960372746,
        60.39999999999998
      ],
      [
        0.17304640263319016,
        51.31893868558109,
        64.39999999999998
      ],
      [
        0.17309820279479027,
        51.319025522097945,
        64
      ],
      [
        0.17311597242951393,
        51.31907355040312,
        65
      ],
      [
        0.17322292551398277,
        51.31929164752364,
        60.60000000000002
      ],
      [
        0.17321806401014328,
        51.31933372467756,
        61
      ],
      [
        0.17324069514870644,
        51.31947127170861,
        61.60000000000002
      ],
      [
        0.17325829714536667,
        51.31949692033231,
        62
      ],
      [
        0.17326366156339645,
        51.31951980292797,
        62
      ],
      [
        0.17326693050563335,
        51.31953329779208,
        62
      ],
      [
        0.17326793633401394,
        51.31958710961044,
        62.200000000000045
      ],
      [
        0.1732698641717434,
        51.31964787840843,
        62.39999999999998
      ],
      [
        0.17334312200546265,
        51.32010653614998,
        61.200000000000045
      ],
      [
        0.17335192300379276,
        51.320355562493205,
        59
      ],
      [
        0.1733570359647274,
        51.32038707844913,
        59.200000000000045
      ],
      [
        0.17335988581180573,
        51.32040107622743,
        59
      ],
      [
        0.1733657531440258,
        51.32042655721307,
        59
      ],
      [
        0.1733657531440258,
        51.32042655721307,
        59
      ],
      [
        0.1733696088194847,
        51.32045262493193,
        58.799999999999955
      ],
      [
        0.17336927354335785,
        51.32046578451991,
        58.799999999999955
      ],
      [
        0.17338075675070286,
        51.320568127557635,
        60
      ],
      [
        0.17339039593935013,
        51.32059310562909,
        59.799999999999955
      ],
      [
        0.17341285943984985,
        51.320631159469485,
        60.200000000000045
      ],
      [
        0.17348318360745907,
        51.32080055773258,
        61.200000000000045
      ],
      [
        0.17353087663650513,
        51.32093039341271,
        61
      ],
      [
        0.17359256744384766,
        51.32113826461136,
        59.799999999999955
      ],
      [
        0.17364327795803547,
        51.32127916440368,
        59.200000000000045
      ],
      [
        0.17370949499309063,
        51.32166012190282,
        60.799999999999955
      ],
      [
        0.17378753051161766,
        51.322045689448714,
        54.39999999999998
      ],
      [
        0.17381024546921253,
        51.32211341522634,
        55
      ],
      [
        0.17387369647622108,
        51.322210310027,
        56
      ],
      [
        0.17389356158673763,
        51.32224040105939,
        56.200000000000045
      ],
      [
        0.17389356158673763,
        51.32224040105939,
        56.200000000000045
      ],
      [
        0.17391812056303024,
        51.32229706272483,
        56.39999999999998
      ],
      [
        0.17392189241945744,
        51.32231089286506,
        56.39999999999998
      ],
      [
        0.1739325374364853,
        51.32233830168843,
        56.200000000000045
      ],
      [
        0.17395466566085815,
        51.322379959747195,
        56.39999999999998
      ],
      [
        0.17396673560142517,
        51.32243720814586,
        57.799999999999955
      ],
      [
        0.1739995088428259,
        51.32249495945871,
        58.60000000000002
      ],
      [
        0.1740109920501709,
        51.322518764063716,
        58.200000000000045
      ],
      [
        0.17401652410626411,
        51.32253033109009,
        58.200000000000045
      ],
      [
        0.17402373254299164,
        51.32255321368575,
        57.799999999999955
      ],
      [
        0.17403613775968552,
        51.32260870188475,
        57.200000000000045
      ],
      [
        0.17418986186385155,
        51.323003908619285,
        57.799999999999955
      ],
      [
        0.17423445358872414,
        51.323146149516106,
        57
      ],
      [
        0.17425230704247952,
        51.323226699605584,
        57.200000000000045
      ],
      [
        0.17428365536034107,
        51.32331345230341,
        58.60000000000002
      ],
      [
        0.1743160095065832,
        51.3235385902226,
        56.200000000000045
      ],
      [
        0.17435708083212376,
        51.323847798630595,
        57
      ],
      [
        0.17437610775232315,
        51.32425549440086,
        57.60000000000002
      ],
      [
        0.17441743053495884,
        51.32471247576177,
        55.60000000000002
      ],
      [
        0.1741771213710308,
        51.32512637414038,
        57.799999999999955
      ],
      [
        0.17412305809557438,
        51.3251583930105,
        58
      ],
      [
        0.17372340895235538,
        51.32533726282418,
        58.39999999999998
      ],
      [
        0.1736908871680498,
        51.325358133763075,
        57
      ],
      [
        0.1736908871680498,
        51.325358133763075,
        57
      ],
      [
        0.17353037372231483,
        51.325421165674925,
        55
      ],
      [
        0.17349902540445328,
        51.325429966673255,
        55.200000000000045
      ],
      [
        0.17348670400679111,
        51.32544639520347,
        55
      ],
      [
        0.17348670400679111,
        51.32544639520347,
        55
      ],
      [
        0.17347220331430435,
        51.325465673580766,
        55.200000000000045
      ],
      [
        0.1734627317637205,
        51.32547464221716,
        55.39999999999998
      ],
      [
        0.1734534278512001,
        51.32549920119345,
        56
      ],
      [
        0.1734534278512001,
        51.32549920119345,
        56
      ],
      [
        0.1734332274645567,
        51.32553080096841,
        57.39999999999998
      ],
      [
        0.17343398183584213,
        51.32557866163552,
        58.799999999999955
      ],
      [
        0.17344278283417225,
        51.32560707628727,
        59.200000000000045
      ],
      [
        0.17344940453767776,
        51.325620487332344,
        59.39999999999998
      ],
      [
        0.1734615582972765,
        51.32564806379378,
        59.60000000000002
      ],
      [
        0.1734615582972765,
        51.32564806379378,
        59.60000000000002
      ],
      [
        0.17350103706121445,
        51.32575518451631,
        58
      ],
      [
        0.17342828214168549,
        51.325947465375066,
        57.799999999999955
      ],
      [
        0.173207251355052,
        51.3259576074779,
        59.200000000000045
      ],
      [
        0.17268715426325798,
        51.32594897411764,
        64
      ],
      [
        0.171985337510705,
        51.326085682958364,
        66
      ],
      [
        0.17131151631474495,
        51.326256506145,
        67.60000000000002
      ],
      [
        0.1712121069431305,
        51.326283663511276,
        68
      ],
      [
        0.17102275975048542,
        51.32660829462111,
        70.39999999999998
      ],
      [
        0.17107732594013214,
        51.32664400152862,
        69.79999999999995
      ],
      [
        0.17141276970505714,
        51.32686033844948,
        67
      ],
      [
        0.17180806025862694,
        51.32722930982709,
        68.20000000000005
      ],
      [
        0.17229286953806877,
        51.32756005972624,
        69.39999999999998
      ],
      [
        0.1727510243654251,
        51.32792131975293,
        68.79999999999995
      ],
      [
        0.1730847079306841,
        51.32819431833923,
        64.60000000000002
      ],
      [
        0.17314698547124863,
        51.328306468203664,
        65.79999999999995
      ],
      [
        0.17315528355538845,
        51.328345108777285,
        66.79999999999995
      ],
      [
        0.17314966768026352,
        51.328344354406,
        65.79999999999995
      ],
      [
        0.17314991913735867,
        51.32834443822503,
        65.79999999999995
      ],
      [
        0.17314991913735867,
        51.32834443822503,
        65.79999999999995
      ],
      [
        0.17315184697508812,
        51.328344186767936,
        65.79999999999995
      ],
      [
        0.17316274344921112,
        51.32835231721401,
        65.79999999999995
      ],
      [
        0.1731664314866066,
        51.3283528201282,
        65.79999999999995
      ],
      [
        0.1731577143073082,
        51.3283477909863,
        65.79999999999995
      ],
      [
        0.17309367656707764,
        51.328361285850406,
        65.20000000000005
      ],
      [
        0.17299133352935314,
        51.32837964221835,
        66
      ],
      [
        0.17277901992201805,
        51.32844007574022,
        66.60000000000002
      ],
      [
        0.17272713594138622,
        51.32845273241401,
        67
      ],
      [
        0.17265689559280872,
        51.328473184257746,
        67.60000000000002
      ],
      [
        0.17258062027394772,
        51.32850528694689,
        68
      ],
      [
        0.17254935577511787,
        51.32851232774556,
        68.60000000000002
      ],
      [
        0.17244801856577396,
        51.32854803465307,
        68.60000000000002
      ],
      [
        0.17225892283022404,
        51.32860343903303,
        69
      ],
      [
        0.172105198726058,
        51.32863210514188,
        71
      ],
      [
        0.1720904465764761,
        51.32863604463637,
        71.20000000000005
      ],
      [
        0.17205742187798023,
        51.32864258252084,
        72.20000000000005
      ],
      [
        0.17203948460519314,
        51.328648282215,
        72.39999999999998
      ],
      [
        0.17200469970703125,
        51.328660771250725,
        72.39999999999998
      ],
      [
        0.17200469970703125,
        51.328660771250725,
        72.39999999999998
      ],
      [
        0.171661963686347,
        51.32878666743636,
        74
      ],
      [
        0.1716302800923586,
        51.32879647426307,
        74.79999999999995
      ],
      [
        0.1714942418038845,
        51.32884366437793,
        77.20000000000005
      ],
      [
        0.1708402018994093,
        51.32904130965471,
        82.20000000000005
      ],
      [
        0.17070441506803036,
        51.32908464409411,
        84.20000000000005
      ],
      [
        0.17036008648574352,
        51.32920341566205,
        87.60000000000002
      ],
      [
        0.1700892671942711,
        51.32929285056889,
        88.39999999999998
      ],
      [
        0.17003512009978294,
        51.329304333776236,
        88.79999999999995
      ],
      [
        0.17001760192215443,
        51.329306680709124,
        88.79999999999995
      ],
      [
        0.1699107326567173,
        51.329336101189256,
        89.79999999999995
      ],
      [
        0.16970671713352203,
        51.32939888164401,
        92
      ],
      [
        0.16967972740530968,
        51.32940751500428,
        92.20000000000005
      ],
      [
        0.16966472379863262,
        51.329411789774895,
        92.39999999999998
      ],
      [
        0.1696237362921238,
        51.32940483279526,
        93.20000000000005
      ],
      [
        0.1696139294654131,
        51.32939896546304,
        93.60000000000002
      ],
      [
        0.16958140768110752,
        51.32941388525069,
        94.60000000000002
      ],
      [
        0.169487027451396,
        51.32945361547172,
        96.20000000000005
      ],
      [
        0.16941804438829422,
        51.32947373203933,
        96.60000000000002
      ],
      [
        0.1693167071789503,
        51.32950147613883,
        98.39999999999998
      ],
      [
        0.16924847848713398,
        51.32954305037856,
        98.79999999999995
      ],
      [
        0.16922500915825367,
        51.32956660352647,
        99.60000000000002
      ],
      [
        0.16908494755625725,
        51.32960801012814,
        102.60000000000002
      ],
      [
        0.1690966822206974,
        51.329601891338825,
        104.39999999999998
      ],
      [
        0.16909433528780937,
        51.329602394253016,
        104.60000000000002
      ],
      [
        0.16909316182136536,
        51.32960323244333,
        104.60000000000002
      ],
      [
        0.16909483820199966,
        51.329602813348174,
        104.79999999999995
      ],
      [
        0.16909106634557247,
        51.32959912531078,
        104.79999999999995
      ],
      [
        0.16903767362236977,
        51.32959334179759,
        106
      ],
      [
        0.16897279769182205,
        51.32962150499225,
        104.79999999999995
      ],
      [
        0.1687934249639511,
        51.329656541347504,
        108.20000000000005
      ],
      [
        0.16876844689249992,
        51.329659055918455,
        108.79999999999995
      ],
      [
        0.16876140609383583,
        51.32965687662363,
        109.20000000000005
      ],
      [
        0.16875939443707466,
        51.329652182757854,
        110.39999999999998
      ],
      [
        0.16874179244041443,
        51.32964765653014,
        113.39999999999998
      ],
      [
        0.16870474442839622,
        51.32965545170009,
        114.60000000000002
      ],
      [
        0.16863693483173847,
        51.329671712592244,
        114.20000000000005
      ],
      [
        0.16851539723575115,
        51.32970850914717,
        113.39999999999998
      ],
      [
        0.16846787184476852,
        51.32973072119057,
        112.60000000000002
      ],
      [
        0.168438283726573,
        51.32973642088473,
        113
      ],
      [
        0.16839126124978065,
        51.32974882610142,
        113.20000000000005
      ],
      [
        0.16835656017065048,
        51.329759638756514,
        113.60000000000002
      ],
      [
        0.16835656017065048,
        51.329759638756514,
        113.60000000000002
      ],
      [
        0.16831942833960056,
        51.32976491935551,
        114
      ],
      [
        0.1682836376130581,
        51.32977657020092,
        114.20000000000005
      ],
      [
        0.16816427931189537,
        51.329817809164524,
        116
      ],
      [
        0.16808699816465378,
        51.329841278493404,
        116.79999999999995
      ],
      [
        0.16798230819404125,
        51.32986784912646,
        119.20000000000005
      ],
      [
        0.1679291669279337,
        51.329889139160514,
        120
      ],
      [
        0.16790058463811874,
        51.329899029806256,
        120.39999999999998
      ],
      [
        0.1678747683763504,
        51.329906824976206,
        121
      ],
      [
        0.1678747683763504,
        51.329906824976206,
        121
      ],
      [
        0.1678633689880371,
        51.32991294376552,
        121
      ],
      [
        0.16785616055130959,
        51.329924426972866,
        121.39999999999998
      ],
      [
        0.16785322688519955,
        51.32992719300091,
        121.39999999999998
      ],
      [
        0.16784174367785454,
        51.32993574254215,
        122
      ],
      [
        0.167800672352314,
        51.32996113970876,
        123.39999999999998
      ],
      [
        0.16769204288721085,
        51.32997237145901,
        125.20000000000005
      ],
      [
        0.16764946281909943,
        51.32997413165867,
        126
      ],
      [
        0.16740135848522186,
        51.33000321686268,
        129.79999999999995
      ],
      [
        0.16731577925384045,
        51.32998259738088,
        132
      ],
      [
        0.16731142066419125,
        51.32997337728739,
        133
      ],
      [
        0.167315024882555,
        51.3299728743732,
        133.79999999999995
      ],
      [
        0.16731468960642815,
        51.32997195236385,
        134.20000000000005
      ],
      [
        0.16731619834899902,
        51.32997069507837,
        134.20000000000005
      ],
      [
        0.16730488277971745,
        51.32997924461961,
        134.60000000000002
      ],
      [
        0.16730329021811485,
        51.32998611778021,
        135
      ],
      [
        0.16730479896068573,
        51.32998410612345,
        135
      ],
      [
        0.16730479896068573,
        51.329984022304416,
        135
      ],
      [
        0.1673051342368126,
        51.329983938485384,
        135
      ],
      [
        0.16730555333197117,
        51.329983938485384,
        135
      ],
      [
        0.1673052180558443,
        51.32998377084732,
        135
      ],
      [
        0.1673024520277977,
        51.32998242974281,
        134.60000000000002
      ],
      [
        0.1673024520277977,
        51.32998569868505,
        133.60000000000002
      ],
      [
        0.16729943454265594,
        51.32998620159924,
        132.60000000000002
      ],
      [
        0.16729767434298992,
        51.32999315857887,
        132.60000000000002
      ],
      [
        0.1672991830855608,
        51.32999148219824,
        132.60000000000002
      ],
      [
        0.1673013623803854,
        51.329989386722445,
        132.60000000000002
      ],
      [
        0.16730370931327343,
        51.32998921908438,
        133.20000000000005
      ],
      [
        0.16730932518839836,
        51.329985447227955,
        135.60000000000002
      ],
      [
        0.167324747890234,
        51.329967342317104,
        141.79999999999995
      ],
      [
        0.16733053140342236,
        51.32996289990842,
        143.79999999999995
      ],
      [
        0.16733220778405666,
        51.329964995384216,
        143.79999999999995
      ],
      [
        0.167335057631135,
        51.32996625266969,
        143.60000000000002
      ],
      [
        0.16733597964048386,
        51.32996658794582,
        143.39999999999998
      ],
      [
        0.1673378236591816,
        51.32996482774615,
        143
      ],
      [
        0.16733120195567608,
        51.32996382191777,
        143.60000000000002
      ],
      [
        0.1673291902989149,
        51.32996507920325,
        137.39999999999998
      ],
      [
        0.1673220656812191,
        51.32997203618288,
        136.39999999999998
      ],
      [
        0.16732550226151943,
        51.329974634572864,
        133.60000000000002
      ],
      [
        0.16732499934732914,
        51.32997597567737,
        133.20000000000005
      ],
      [
        0.16732499934732914,
        51.3299763109535,
        133
      ],
      [
        0.16732432879507542,
        51.329976646229625,
        133
      ],
      [
        0.167324747890234,
        51.32997647859156,
        133
      ],
      [
        0.1673296932131052,
        51.32998259738088,
        133.39999999999998
      ],
      [
        0.16732080839574337,
        51.329985028132796,
        133.60000000000002
      ],
      [
        0.16732064075767994,
        51.32998519577086,
        133.60000000000002
      ],
      [
        0.16731695272028446,
        51.32998335175216,
        133.60000000000002
      ],
      [
        0.1673155277967453,
        51.329983435571194,
        133.79999999999995
      ],
      [
        0.16731251031160355,
        51.32998226210475,
        133.79999999999995
      ],
      [
        0.16730999574065208,
        51.32998217828572,
        133.79999999999995
      ],
      [
        0.16730697825551033,
        51.3299831841141,
        135.20000000000005
      ],
      [
        0.16729951836168766,
        51.32998527958989,
        135.60000000000002
      ],
      [
        0.16730396077036858,
        51.32998561486602,
        135.39999999999998
      ],
      [
        0.16730764880776405,
        51.329986369237304,
        135.60000000000002
      ],
      [
        0.16731292940676212,
        51.32998963817954,
        136
      ],
      [
        0.16730094328522682,
        51.329993745312095,
        135.39999999999998
      ],
      [
        0.1672975905239582,
        51.32999491877854,
        135.39999999999998
      ],
      [
        0.1672904659062624,
        51.33002224378288,
        134
      ],
      [
        0.16730689443647861,
        51.330047054216266,
        135
      ],
      [
        0.1673742849379778,
        51.33010916411877,
        134
      ],
      [
        0.16739641316235065,
        51.33013087324798,
        133.60000000000002
      ],
      [
        0.16743178479373455,
        51.33014855906367,
        133.60000000000002
      ],
      [
        0.16743195243179798,
        51.33015333674848,
        133.39999999999998
      ],
      [
        0.1674679946154356,
        51.33020170032978,
        134.39999999999998
      ],
      [
        0.16749875620007515,
        51.33025920018554,
        135
      ],
      [
        0.1675104070454836,
        51.33027411997318,
        135.79999999999995
      ],
      [
        0.16751669347286224,
        51.33029012940824,
        135.79999999999995
      ],
      [
        0.1675360556691885,
        51.33032365702093,
        136.39999999999998
      ],
      [
        0.16757335513830185,
        51.3304113317281,
        137.20000000000005
      ],
      [
        0.1676776260137558,
        51.33061987347901,
        137
      ],
      [
        0.16774962656199932,
        51.33071224205196,
        136
      ],
      [
        0.1680729165673256,
        51.33111004717648,
        137.20000000000005
      ],
      [
        0.1684383675456047,
        51.331506092101336,
        134.60000000000002
      ],
      [
        0.1687595620751381,
        51.33192275650799,
        132.79999999999995
      ],
      [
        0.1691658329218626,
        51.33230782113969,
        132.20000000000005
      ],
      [
        0.16967738047242165,
        51.33261853829026,
        128.79999999999995
      ],
      [
        0.17016193829476833,
        51.33296596817672,
        127
      ],
      [
        0.17057156190276146,
        51.33334851823747,
        126.79999999999995
      ],
      [
        0.17068304121494293,
        51.33345102891326,
        127.60000000000002
      ],
      [
        0.1707106176763773,
        51.33347215130925,
        127.60000000000002
      ],
      [
        0.1707106176763773,
        51.33347215130925,
        127.60000000000002
      ],
      [
        0.1707487553358078,
        51.333515737205744,
        126.20000000000005
      ],
      [
        0.17094388604164124,
        51.333746910095215,
        126.39999999999998
      ],
      [
        0.1710841152817011,
        51.333971712738276,
        124.20000000000005
      ],
      [
        0.17132291570305824,
        51.33440405130386,
        124.79999999999995
      ],
      [
        0.1714799925684929,
        51.334567330777645,
        127.39999999999998
      ],
      [
        0.17172357067465782,
        51.33492775261402,
        135
      ],
      [
        0.1717834174633026,
        51.33496102876961,
        135
      ],
      [
        0.17182457260787487,
        51.33495641872287,
        134
      ],
      [
        0.17199506051838398,
        51.33495323359966,
        117
      ],
      [
        0.17239990644156933,
        51.334818955510855,
        109
      ],
      [
        0.17245673574507236,
        51.33480445481837,
        108.20000000000005
      ],
      [
        0.1725107990205288,
        51.3347802311182,
        107
      ],
      [
        0.1725325919687748,
        51.33477134630084,
        106.60000000000002
      ],
      [
        0.17253829166293144,
        51.33476698771119,
        106.79999999999995
      ],
      [
        0.17259864136576653,
        51.33474284783006,
        106.60000000000002
      ],
      [
        0.1726192608475685,
        51.33473622612655,
        106.20000000000005
      ],
      [
        0.1726589072495699,
        51.334723150357604,
        105.60000000000002
      ],
      [
        0.17288530245423317,
        51.334681911394,
        102.39999999999998
      ],
      [
        0.17293525859713554,
        51.33467168547213,
        102.20000000000005
      ],
      [
        0.17310205847024918,
        51.33463312871754,
        100.79999999999995
      ],
      [
        0.17330557107925415,
        51.33458577096462,
        99
      ],
      [
        0.17340850085020065,
        51.334553584456444,
        97.60000000000002
      ],
      [
        0.17378836870193481,
        51.33443607017398,
        91
      ],
      [
        0.17387277446687222,
        51.33444688282907,
        88.39999999999998
      ],
      [
        0.17400328069925308,
        51.3344279397279,
        85.39999999999998
      ],
      [
        0.17408869229257107,
        51.33441134355962,
        83.20000000000005
      ],
      [
        0.1741759479045868,
        51.33439256809652,
        81.79999999999995
      ],
      [
        0.17440862953662872,
        51.33436474017799,
        77.79999999999995
      ],
      [
        0.17462152987718582,
        51.334341606125236,
        75.39999999999998
      ],
      [
        0.17505554482340813,
        51.334290811792016,
        71
      ],
      [
        0.17538931220769882,
        51.33427924476564,
        65.79999999999995
      ],
      [
        0.17550230026245117,
        51.33425300940871,
        66
      ],
      [
        0.1755029708147049,
        51.33425820618868,
        65.60000000000002
      ],
      [
        0.17563515342772007,
        51.334237921983004,
        63.60000000000002
      ],
      [
        0.17634359188377857,
        51.334165669977665,
        61.200000000000045
      ],
      [
        0.1770516950637102,
        51.334040025249124,
        56
      ],
      [
        0.1776739675551653,
        51.33392125368118,
        54.799999999999955
      ],
      [
        0.17781436443328857,
        51.33368890732527,
        58.799999999999955
      ],
      [
        0.177825428545475,
        51.333608692511916,
        59.799999999999955
      ],
      [
        0.17800689674913883,
        51.333384308964014,
        59.200000000000045
      ],
      [
        0.17804956063628197,
        51.33335622958839,
        55
      ],
      [
        0.17808065749704838,
        51.33334642276168,
        54.60000000000002
      ],
      [
        0.17830328084528446,
        51.33328875526786,
        53
      ],
      [
        0.1786432508379221,
        51.33331800810993,
        51.200000000000045
      ],
      [
        0.17886964604258537,
        51.333351619541645,
        47.799999999999955
      ],
      [
        0.17958244308829308,
        51.333387242630124,
        46.200000000000045
      ],
      [
        0.18029557541012764,
        51.33343233726919,
        50.39999999999998
      ],
      [
        0.18098280765116215,
        51.33354591205716,
        56.200000000000045
      ],
      [
        0.1813200954347849,
        51.333534345030785,
        47.799999999999955
      ],
      [
        0.18196206539869308,
        51.33331809192896,
        44
      ],
      [
        0.18246984109282494,
        51.33318850770593,
        50.200000000000045
      ],
      [
        0.18241804093122482,
        51.33318951353431,
        50.200000000000045
      ],
      [
        0.18231569789350033,
        51.33320711553097,
        50.200000000000045
      ],
      [
        0.18220455385744572,
        51.33321356959641,
        51
      ],
      [
        0.18199793994426727,
        51.33324550464749,
        49.799999999999955
      ],
      [
        0.18193155527114868,
        51.33326889015734,
        49.799999999999955
      ],
      [
        0.1817732211202383,
        51.33338305167854,
        47.39999999999998
      ],
      [
        0.18131045624613762,
        51.33375696837902,
        43
      ],
      [
        0.1809569913893938,
        51.33415502496064,
        37.39999999999998
      ],
      [
        0.18068323843181133,
        51.33457386866212,
        44.60000000000002
      ],
      [
        0.18038316629827023,
        51.334991874173284,
        45.200000000000045
      ],
      [
        0.18006213940680027,
        51.3354039285332,
        43
      ],
      [
        0.18002375029027462,
        51.33584984578192,
        37.799999999999955
      ],
      [
        0.18004847690463066,
        51.33597926236689,
        37.39999999999998
      ],
      [
        0.18018661066889763,
        51.33642325177789,
        35.60000000000002
      ],
      [
        0.18015241250395775,
        51.33645518682897,
        33.799999999999955
      ],
      [
        0.1801549270749092,
        51.336455438286066,
        33.60000000000002
      ],
      [
        0.18017546273767948,
        51.33651981130242,
        33.200000000000045
      ],
      [
        0.1802360638976097,
        51.336693819612265,
        33.200000000000045
      ],
      [
        0.18026833422482014,
        51.336818458512425,
        34.200000000000045
      ],
      [
        0.18034368753433228,
        51.337030436843634,
        38.39999999999998
      ],
      [
        0.18039624206721783,
        51.33712984621525,
        40.200000000000045
      ],
      [
        0.1804184541106224,
        51.337315840646625,
        48.60000000000002
      ],
      [
        0.18044309690594673,
        51.33755447342992,
        47
      ],
      [
        0.18051459453999996,
        51.337853372097015,
        41.39999999999998
      ],
      [
        0.18032189458608627,
        51.337966276332736,
        42.39999999999998
      ],
      [
        0.18029490485787392,
        51.33797884918749,
        42.60000000000002
      ],
      [
        0.18027822487056255,
        51.337982872501016,
        42.60000000000002
      ],
      [
        0.18024838529527187,
        51.33798195049167,
        43.60000000000002
      ],
      [
        0.1802207250148058,
        51.33798060938716,
        45.200000000000045
      ],
      [
        0.18017143942415714,
        51.33798270486295,
        47
      ],
      [
        0.18013732507824898,
        51.33797968737781,
        47.799999999999955
      ],
      [
        0.18009072169661522,
        51.33797415532172,
        48.60000000000002
      ],
      [
        0.18006565980613232,
        51.3379714731127,
        49.39999999999998
      ],
      [
        0.18003313802182674,
        51.33796795271337,
        50
      ],
      [
        0.18003313802182674,
        51.33796795271337,
        50
      ],
      [
        0.18001453019678593,
        51.33796493522823,
        50.39999999999998
      ],
      [
        0.17983079887926579,
        51.33796694688499,
        54.799999999999955
      ],
      [
        0.17981369979679585,
        51.33796946145594,
        55.200000000000045
      ],
      [
        0.17977388575673103,
        51.33796309120953,
        57
      ],
      [
        0.1797437947243452,
        51.33795579895377,
        58
      ],
      [
        0.1797142904251814,
        51.33795923553407,
        59
      ],
      [
        0.17963231541216373,
        51.33797708898783,
        60.39999999999998
      ],
      [
        0.1796010509133339,
        51.33798639290035,
        61.200000000000045
      ],
      [
        0.17951379530131817,
        51.33800458163023,
        62.60000000000002
      ],
      [
        0.17945922911167145,
        51.33801229298115,
        62.799999999999955
      ],
      [
        0.17944229766726494,
        51.3380200881511,
        62
      ],
      [
        0.17937608063220978,
        51.33803978562355,
        61
      ],
      [
        0.17935906536877155,
        51.338045820593834,
        61
      ],
      [
        0.17903007566928864,
        51.3381234370172,
        56.60000000000002
      ],
      [
        0.17901171930134296,
        51.338128382340074,
        56.60000000000002
      ],
      [
        0.17880468629300594,
        51.338183619081974,
        57
      ],
      [
        0.17874106764793396,
        51.3382151350379,
        57.200000000000045
      ],
      [
        0.1786595955491066,
        51.33825000375509,
        57.39999999999998
      ],
      [
        0.17860712483525276,
        51.338264252990484,
        58.39999999999998
      ],
      [
        0.17848734743893147,
        51.33826307952404,
        58
      ],
      [
        0.17836865969002247,
        51.338294092565775,
        57.799999999999955
      ],
      [
        0.1782937254756689,
        51.338339606299996,
        57
      ],
      [
        0.17824712209403515,
        51.33836357854307,
        56.799999999999955
      ],
      [
        0.17823027446866035,
        51.33836667984724,
        57.200000000000045
      ],
      [
        0.17822734080255032,
        51.33836659602821,
        57.200000000000045
      ],
      [
        0.17822734080255032,
        51.338366428390145,
        57.200000000000045
      ],
      [
        0.17822801135480404,
        51.338366428390145,
        57.200000000000045
      ],
      [
        0.1782283466309309,
        51.33836877532303,
        57.200000000000045
      ],
      [
        0.17821376211941242,
        51.33836047723889,
        57.39999999999998
      ],
      [
        0.17813840880990028,
        51.33838185109198,
        57.799999999999955
      ],
      [
        0.17812717705965042,
        51.33838830515742,
        58
      ],
      [
        0.17808551900088787,
        51.33841127157211,
        58.39999999999998
      ],
      [
        0.17802533693611622,
        51.33844907395542,
        58.60000000000002
      ],
      [
        0.178019218146801,
        51.338452845811844,
        58.60000000000002
      ],
      [
        0.178019218146801,
        51.338452845811844,
        58.60000000000002
      ],
      [
        0.17801670357584953,
        51.33845225907862,
        58.799999999999955
      ],
      [
        0.17801636829972267,
        51.338451420888305,
        58.799999999999955
      ],
      [
        0.17801636829972267,
        51.338451420888305,
        58.799999999999955
      ],
      [
        0.17801460810005665,
        51.338448068127036,
        59
      ],
      [
        0.1780105009675026,
        51.338449912145734,
        58.799999999999955
      ],
      [
        0.1780099980533123,
        51.3384500797838,
        58.799999999999955
      ],
      [
        0.1780105847865343,
        51.3384500797838,
        58.799999999999955
      ],
      [
        0.17801469191908836,
        51.338449995964766,
        59
      ],
      [
        0.1780127640813589,
        51.3384482357651,
        59
      ],
      [
        0.1780099980533123,
        51.3384447991848,
        59.60000000000002
      ],
      [
        0.178008321672678,
        51.33844572119415,
        59.799999999999955
      ],
      [
        0.17800756730139256,
        51.33844530209899,
        59.799999999999955
      ],
      [
        0.17800798639655113,
        51.338445637375116,
        59.799999999999955
      ],
      [
        0.1780121773481369,
        51.338445553556085,
        59.799999999999955
      ],
      [
        0.17801804468035698,
        51.338446559384465,
        60
      ],
      [
        0.17802659422159195,
        51.33845276199281,
        60.200000000000045
      ],
      [
        0.1780219003558159,
        51.338448068127036,
        60
      ],
      [
        0.1779860258102417,
        51.33847514167428,
        60
      ],
      [
        0.1779533363878727,
        51.33850540034473,
        60
      ],
      [
        0.17788737080991268,
        51.338541274890304,
        60
      ],
      [
        0.17786691896617413,
        51.33855585940182,
        59.799999999999955
      ],
      [
        0.17786691896617413,
        51.33855585940182,
        59.799999999999955
      ],
      [
        0.1778406836092472,
        51.33856491185725,
        59.60000000000002
      ],
      [
        0.177826015278697,
        51.338570192456245,
        59.60000000000002
      ],
      [
        0.1778183039277792,
        51.33857153356075,
        59.39999999999998
      ],
      [
        0.17781377770006657,
        51.33857480250299,
        59.200000000000045
      ],
      [
        0.17781218513846397,
        51.3385761436075,
        59
      ],
      [
        0.17780321650207043,
        51.33857865817845,
        58.39999999999998
      ],
      [
        0.1777976844459772,
        51.33858217857778,
        57.799999999999955
      ],
      [
        0.1777976006269455,
        51.33858217857778,
        58
      ],
      [
        0.17779718153178692,
        51.338581927120686,
        58
      ],
      [
        0.17779718153178692,
        51.338581927120686,
        58
      ],
      [
        0.1777970977127552,
        51.338581843301654,
        58
      ],
      [
        0.17779827117919922,
        51.33858519606292,
        58.39999999999998
      ],
      [
        0.1777938287705183,
        51.338583352044225,
        58.799999999999955
      ],
      [
        0.1777785737067461,
        51.33857966400683,
        58.799999999999955
      ],
      [
        0.17777790315449238,
        51.33857823908329,
        58.799999999999955
      ],
      [
        0.17777455039322376,
        51.338577568531036,
        59
      ],
      [
        0.177748566493392,
        51.33860791102052,
        59.39999999999998
      ],
      [
        0.17763448879122734,
        51.338682593777776,
        59.39999999999998
      ],
      [
        0.17762434668838978,
        51.338688880205154,
        59.200000000000045
      ],
      [
        0.17760506831109524,
        51.338702123612165,
        59
      ],
      [
        0.1775945909321308,
        51.33871100842953,
        59
      ],
      [
        0.17747246660292149,
        51.338765155524015,
        59.799999999999955
      ],
      [
        0.17744111828505993,
        51.33878258988261,
        60.200000000000045
      ],
      [
        0.17738563008606434,
        51.338791977614164,
        61.799999999999955
      ],
      [
        0.1773663517087698,
        51.338793989270926,
        62.799999999999955
      ],
      [
        0.1773358415812254,
        51.33881192654371,
        63.60000000000002
      ],
      [
        0.1772362645715475,
        51.33886054158211,
        67
      ],
      [
        0.17721916548907757,
        51.338859451934695,
        68
      ],
      [
        0.17721564508974552,
        51.338857440277934,
        68
      ],
      [
        0.1772150583565235,
        51.3388573564589,
        68
      ],
      [
        0.17721153795719147,
        51.33885819464922,
        68.39999999999998
      ],
      [
        0.1772018987685442,
        51.33889339864254,
        69.20000000000005
      ],
      [
        0.17719678580760956,
        51.33891929872334,
        70
      ],
      [
        0.17719678580760956,
        51.33891929872334,
        70
      ],
      [
        0.1771719753742218,
        51.33903672918677,
        69.79999999999995
      ],
      [
        0.1771714724600315,
        51.33907947689295,
        69.79999999999995
      ],
      [
        0.1771708019077778,
        51.33917394094169,
        69.60000000000002
      ],
      [
        0.17717977054417133,
        51.33920168504119,
        69.79999999999995
      ],
      [
        0.177198713645339,
        51.33926480077207,
        69.79999999999995
      ],
      [
        0.1772242784500122,
        51.33937208913267,
        70.39999999999998
      ],
      [
        0.17724364064633846,
        51.339467726647854,
        71.39999999999998
      ],
      [
        0.17725897952914238,
        51.339556658640504,
        72.20000000000005
      ],
      [
        0.17726853489875793,
        51.339649111032486,
        72.20000000000005
      ],
      [
        0.1772667746990919,
        51.33974223397672,
        72
      ],
      [
        0.17719393596053123,
        51.33988246321678,
        71.79999999999995
      ],
      [
        0.17712218686938286,
        51.33994926698506,
        73.39999999999998
      ],
      [
        0.17694717273116112,
        51.34008471854031,
        76.79999999999995
      ],
      [
        0.17683577723801136,
        51.34015051648021,
        78.79999999999995
      ],
      [
        0.17678146250545979,
        51.340194856747985,
        79.79999999999995
      ],
      [
        0.17674969509243965,
        51.34021421894431,
        80.39999999999998
      ],
      [
        0.17671767622232437,
        51.340234503149986,
        80.60000000000002
      ],
      [
        0.17667023465037346,
        51.340274065732956,
        81.39999999999998
      ],
      [
        0.1763584278523922,
        51.340380515903234,
        87.39999999999998
      ],
      [
        0.17629925161600113,
        51.340386886149645,
        88.20000000000005
      ],
      [
        0.17610269598662853,
        51.340430388227105,
        88
      ],
      [
        0.1758808270096779,
        51.34050062857568,
        85.60000000000002
      ],
      [
        0.1758645661175251,
        51.34050792083144,
        85.60000000000002
      ],
      [
        0.17584260553121567,
        51.34053708985448,
        86.79999999999995
      ],
      [
        0.1758215669542551,
        51.340559888631105,
        86.79999999999995
      ],
      [
        0.17581209540367126,
        51.34058352559805,
        86.20000000000005
      ],
      [
        0.17581209540367126,
        51.34058352559805,
        86.20000000000005
      ],
      [
        0.1758488081395626,
        51.3406206574291,
        85.39999999999998
      ],
      [
        0.17590572126209736,
        51.340642869472504,
        85.20000000000005
      ],
      [
        0.17599130049347878,
        51.340682515874505,
        83
      ],
      [
        0.17601284198462963,
        51.34069249033928,
        82.20000000000005
      ],
      [
        0.17604460939764977,
        51.34072040207684,
        80
      ],
      [
        0.1760866865515709,
        51.340768011286855,
        78
      ],
      [
        0.17618559300899506,
        51.34090958163142,
        78.20000000000005
      ],
      [
        0.1762179471552372,
        51.340958112850785,
        78.60000000000002
      ],
      [
        0.17627377063035965,
        51.34101309813559,
        79.79999999999995
      ],
      [
        0.17629179172217846,
        51.34102424606681,
        79.20000000000005
      ],
      [
        0.17636974342167377,
        51.34109968319535,
        76.39999999999998
      ],
      [
        0.17650678753852844,
        51.34132741950452,
        75.20000000000005
      ],
      [
        0.1766122318804264,
        51.34149790741503,
        69.79999999999995
      ],
      [
        0.17666202038526535,
        51.34155750274658,
        67.20000000000005
      ],
      [
        0.17690811306238174,
        51.3419019151479,
        60.39999999999998
      ],
      [
        0.177013473585248,
        51.342186061665416,
        52.60000000000002
      ],
      [
        0.17654039897024632,
        51.34252829477191,
        66.20000000000005
      ],
      [
        0.1759064756333828,
        51.34275510907173,
        66.39999999999998
      ],
      [
        0.17539174295961857,
        51.34307445958257,
        66.79999999999995
      ],
      [
        0.17518890090286732,
        51.343191638588905,
        65.79999999999995
      ],
      [
        0.1748146489262581,
        51.34343806654215,
        68.60000000000002
      ],
      [
        0.17433185130357742,
        51.34378859773278,
        74.79999999999995
      ],
      [
        0.17425264231860638,
        51.34383209981024,
        75
      ],
      [
        0.1742228027433157,
        51.343852216377854,
        74.79999999999995
      ],
      [
        0.1742048654705286,
        51.34386277757585,
        75
      ],
      [
        0.17403085716068745,
        51.34396495297551,
        77.79999999999995
      ],
      [
        0.1739816553890705,
        51.34399713948369,
        78.79999999999995
      ],
      [
        0.17392583191394806,
        51.34402790106833,
        79.60000000000002
      ],
      [
        0.1738177053630352,
        51.34407525882125,
        81.60000000000002
      ],
      [
        0.17376280389726162,
        51.344097470864654,
        82.20000000000005
      ],
      [
        0.1737322099506855,
        51.34411834180355,
        82.39999999999998
      ],
      [
        0.1737322099506855,
        51.34411834180355,
        82.39999999999998
      ],
      [
        0.17368854023516178,
        51.34414943866432,
        82.60000000000002
      ],
      [
        0.1736576110124588,
        51.34417299181223,
        83.60000000000002
      ],
      [
        0.17351520247757435,
        51.34429218247533,
        85.60000000000002
      ],
      [
        0.17341839149594307,
        51.3443402107805,
        85
      ],
      [
        0.17335552722215652,
        51.34437717497349,
        84.79999999999995
      ],
      [
        0.1733385119587183,
        51.34440265595913,
        84
      ],
      [
        0.17330783419311047,
        51.3444041647017,
        85.39999999999998
      ],
      [
        0.1732819341123104,
        51.34442185051739,
        86.20000000000005
      ],
      [
        0.1732824370265007,
        51.34447247721255,
        88.39999999999998
      ],
      [
        0.1732862927019596,
        51.34452092461288,
        88.60000000000002
      ],
      [
        0.17326910980045795,
        51.3445492554456,
        88
      ],
      [
        0.17300348728895187,
        51.34467775002122,
        84.60000000000002
      ],
      [
        0.17298881895840168,
        51.344683365896344,
        84.20000000000005
      ],
      [
        0.1729774195700884,
        51.34469342418015,
        84.20000000000005
      ],
      [
        0.1729726418852806,
        51.344703985378146,
        84.20000000000005
      ],
      [
        0.1729350071400404,
        51.344727370887995,
        85.60000000000002
      ],
      [
        0.17291665077209473,
        51.34475025348365,
        86
      ],
      [
        0.17289435490965843,
        51.34476961567998,
        86.39999999999998
      ],
      [
        0.1727651059627533,
        51.34485276415944,
        88.79999999999995
      ],
      [
        0.17269075848162174,
        51.344892494380474,
        90.39999999999998
      ],
      [
        0.17258992418646812,
        51.34497229009867,
        95
      ],
      [
        0.1724912691861391,
        51.3450622279197,
        99.39999999999998
      ],
      [
        0.17238750122487545,
        51.34516792371869,
        103
      ],
      [
        0.17227862030267715,
        51.34524688124657,
        105.60000000000002
      ],
      [
        0.17222296446561813,
        51.34529381990433,
        107.20000000000005
      ],
      [
        0.1721541490405798,
        51.345353750512004,
        109.60000000000002
      ],
      [
        0.1721062045544386,
        51.34539498947561,
        110.60000000000002
      ],
      [
        0.1720294263213873,
        51.34546204470098,
        113
      ],
      [
        0.1720294263213873,
        51.345487190410495,
        113.79999999999995
      ],
      [
        0.17199967056512833,
        51.34549423120916,
        114.60000000000002
      ],
      [
        0.17187721095979214,
        51.34556673467159,
        115.39999999999998
      ],
      [
        0.17168543301522732,
        51.345645021647215,
        116.39999999999998
      ],
      [
        0.17167202197015285,
        51.345652313902974,
        116.60000000000002
      ],
      [
        0.17164545133709908,
        51.345666479319334,
        117
      ],
      [
        0.1716352254152298,
        51.34567460976541,
        117.20000000000005
      ],
      [
        0.17160429619252682,
        51.34569740854204,
        117.20000000000005
      ],
      [
        0.17149231396615505,
        51.34579807519913,
        117.39999999999998
      ],
      [
        0.17141805030405521,
        51.34586269967258,
        118.60000000000002
      ],
      [
        0.17140623182058334,
        51.345869740471244,
        118.79999999999995
      ],
      [
        0.17138519324362278,
        51.345884911715984,
        119
      ],
      [
        0.17126315273344517,
        51.345967557281256,
        120.39999999999998
      ],
      [
        0.17108176834881306,
        51.34606780484319,
        123
      ],
      [
        0.17105226404964924,
        51.34608540683985,
        123.20000000000005
      ],
      [
        0.17105226404964924,
        51.34608540683985,
        123.20000000000005
      ],
      [
        0.1710123661905527,
        51.346107283607125,
        122.79999999999995
      ],
      [
        0.17099250108003616,
        51.34612555615604,
        122.79999999999995
      ],
      [
        0.1708707958459854,
        51.34627643041313,
        121.79999999999995
      ],
      [
        0.1708478294312954,
        51.34629453532398,
        121.79999999999995
      ],
      [
        0.17083777114748955,
        51.346304174512625,
        121.79999999999995
      ],
      [
        0.17081690020859241,
        51.34633183479309,
        121.60000000000002
      ],
      [
        0.17071581445634365,
        51.34640165604651,
        127.79999999999995
      ],
      [
        0.17071304842829704,
        51.34640710428357,
        128.60000000000002
      ],
      [
        0.17070768401026726,
        51.34642562828958,
        128.20000000000005
      ],
      [
        0.17070483416318893,
        51.34648128412664,
        127.60000000000002
      ],
      [
        0.17070231959223747,
        51.34652176871896,
        127.20000000000005
      ],
      [
        0.17068438231945038,
        51.34662880562246,
        125.20000000000005
      ],
      [
        0.17067918553948402,
        51.346704913303256,
        124.79999999999995
      ],
      [
        0.17067164182662964,
        51.34678051806986,
        125
      ],
      [
        0.17067591659724712,
        51.34684531018138,
        124.60000000000002
      ],
      [
        0.17067130655050278,
        51.3469029776752,
        125
      ],
      [
        0.17067222855985165,
        51.34691462852061,
        125
      ],
      [
        0.17066988162696362,
        51.34694203734398,
        125.39999999999998
      ],
      [
        0.17066988162696362,
        51.34694203734398,
        125.39999999999998
      ],
      [
        0.17060567624866962,
        51.347390469163656,
        127.60000000000002
      ],
      [
        0.17060291022062302,
        51.34743698872626,
        127.79999999999995
      ],
      [
        0.1706252060830593,
        51.34767319075763,
        128
      ],
      [
        0.1706077717244625,
        51.348076025024056,
        122.60000000000002
      ],
      [
        0.17062554135918617,
        51.348168309777975,
        119.20000000000005
      ],
      [
        0.17062394879758358,
        51.34830770082772,
        119.60000000000002
      ],
      [
        0.17060592770576477,
        51.34863182902336,
        122
      ],
      [
        0.17061179503798485,
        51.34898303076625,
        119.79999999999995
      ],
      [
        0.1705680415034294,
        51.34932031854987,
        120
      ],
      [
        0.17056343145668507,
        51.34940388612449,
        120
      ],
      [
        0.1705277245491743,
        51.34983580559492,
        116
      ],
      [
        0.17053342424333096,
        51.34986279532313,
        116
      ],
      [
        0.17055094242095947,
        51.35000126436353,
        116.60000000000002
      ],
      [
        0.17052923329174519,
        51.35005516000092,
        117.79999999999995
      ],
      [
        0.17052889801561832,
        51.350108133628964,
        120.39999999999998
      ],
      [
        0.17050601541996002,
        51.3501288369298,
        123.60000000000002
      ],
      [
        0.17045379616320133,
        51.350166806951165,
        123.79999999999995
      ],
      [
        0.17016218975186348,
        51.35026663541794,
        122
      ],
      [
        0.1700691506266594,
        51.35031893849373,
        120.79999999999995
      ],
      [
        0.1700113993138075,
        51.35034886188805,
        119.79999999999995
      ],
      [
        0.1698895264416933,
        51.3504446670413,
        116.20000000000005
      ],
      [
        0.16984988003969193,
        51.350477524101734,
        114.60000000000002
      ],
      [
        0.16982230357825756,
        51.35049881413579,
        113.60000000000002
      ],
      [
        0.16938082873821259,
        51.3508714735508,
        109.39999999999998
      ],
      [
        0.16913766972720623,
        51.35122099891305,
        115
      ],
      [
        0.1688859611749649,
        51.35164939798415,
        117.79999999999995
      ],
      [
        0.1687366794794798,
        51.35192499496043,
        113.20000000000005
      ],
      [
        0.16873030923306942,
        51.35208978317678,
        112.60000000000002
      ],
      [
        0.16873374581336975,
        51.352131525054574,
        113.20000000000005
      ],
      [
        0.16868798062205315,
        51.35238189250231,
        116.79999999999995
      ],
      [
        0.16942139714956284,
        51.35240946896374,
        107.39999999999998
      ],
      [
        0.17014257609844208,
        51.352479038760066,
        107.60000000000002
      ],
      [
        0.17030468210577965,
        51.352513153105974,
        110.39999999999998
      ],
      [
        0.17030401155352592,
        51.352558666840196,
        114
      ],
      [
        0.17031457275152206,
        51.35256537236273,
        115.79999999999995
      ],
      [
        0.17045698128640652,
        51.352526899427176,
        111.79999999999995
      ],
      [
        0.17052420414984226,
        51.35252136737108,
        107.39999999999998
      ],
      [
        0.17053065821528435,
        51.35252187028527,
        106
      ],
      [
        0.17053920775651932,
        51.35257492773235,
        106.60000000000002
      ],
      [
        0.17054155468940735,
        51.352571826428175,
        106.60000000000002
      ],
      [
        0.17056167125701904,
        51.35256679728627,
        106.39999999999998
      ],
      [
        0.17063627019524574,
        51.35254818946123,
        106.79999999999995
      ],
      [
        0.17067532986402512,
        51.352543914690614,
        103.60000000000002
      ],
      [
        0.1707150600850582,
        51.35253796353936,
        101.60000000000002
      ],
      [
        0.17072687856853008,
        51.35254852473736,
        102.20000000000005
      ],
      [
        0.17072939313948154,
        51.35255414061248,
        103.20000000000005
      ],
      [
        0.17073475755751133,
        51.35256294161081,
        105
      ],
      [
        0.17074079252779484,
        51.35257995687425,
        111
      ],
      [
        0.17074012197554111,
        51.352578615769744,
        112.20000000000005
      ],
      [
        0.17073936760425568,
        51.352579118683934,
        112
      ],
      [
        0.1707199215888977,
        51.352594289928675,
        111.39999999999998
      ],
      [
        0.17071145586669445,
        51.35259705595672,
        111.79999999999995
      ],
      [
        0.17084430903196335,
        51.35260443203151,
        110.60000000000002
      ],
      [
        0.17084556631743908,
        51.35260585695505,
        110.60000000000002
      ],
      [
        0.17085688188672066,
        51.35260929353535,
        110.39999999999998
      ],
      [
        0.17085688188672066,
        51.35260929353535,
        110.39999999999998
      ],
      [
        0.1708783395588398,
        51.35260124690831,
        110.79999999999995
      ],
      [
        0.17088185995817184,
        51.352599654346704,
        110.79999999999995
      ],
      [
        0.17088185995817184,
        51.352599654346704,
        110.79999999999995
      ],
      [
        0.17085621133446693,
        51.35258481837809,
        112
      ],
      [
        0.17086601816117764,
        51.35258180089295,
        112.60000000000002
      ],
      [
        0.1708522718399763,
        51.35259931907058,
        112.20000000000005
      ],
      [
        0.17085235565900803,
        51.35259982198477,
        112.20000000000005
      ],
      [
        0.17085319384932518,
        51.35259982198477,
        112.20000000000005
      ],
      [
        0.17085319384932518,
        51.35259982198477,
        112.20000000000005
      ],
      [
        0.17085562460124493,
        51.35260040871799,
        112.79999999999995
      ],
      [
        0.17085914500057697,
        51.352603090927005,
        113.20000000000005
      ],
      [
        0.17085914500057697,
        51.352603090927005,
        113.20000000000005
      ],
      [
        0.17085419967770576,
        51.35260325856507,
        113.79999999999995
      ],
      [
        0.17085093073546886,
        51.352603593841195,
        114.39999999999998
      ],
      [
        0.1708510983735323,
        51.35260342620313,
        114.39999999999998
      ],
      [
        0.17085143364965916,
        51.3526033423841,
        114.39999999999998
      ],
      [
        0.1708489190787077,
        51.35260376147926,
        114.60000000000002
      ],
      [
        0.17084388993680477,
        51.35259194299579,
        115.20000000000005
      ],
      [
        0.1708789262920618,
        51.352593787014484,
        112.39999999999998
      ],
      [
        0.17089661210775375,
        51.352574760094285,
        108.79999999999995
      ],
      [
        0.17089728266000748,
        51.35255724191666,
        105.79999999999995
      ],
      [
        0.17089317552745342,
        51.35256327688694,
        104.60000000000002
      ],
      [
        0.17090206034481525,
        51.352576687932014,
        103.60000000000002
      ],
      [
        0.17089694738388062,
        51.352580124512315,
        104.39999999999998
      ],
      [
        0.17090851441025734,
        51.352579621598125,
        105.79999999999995
      ],
      [
        0.17094522714614868,
        51.35260904207826,
        107.60000000000002
      ],
      [
        0.17094413749873638,
        51.352611389011145,
        108.39999999999998
      ],
      [
        0.1709404494613409,
        51.352612394839525,
        108.20000000000005
      ],
      [
        0.1709382701665163,
        51.352613652125,
        108.20000000000005
      ],
      [
        0.1709338277578354,
        51.352614406496286,
        108.39999999999998
      ],
      [
        0.17093483358621597,
        51.35261306539178,
        107.79999999999995
      ],
      [
        0.1709366776049137,
        51.352611389011145,
        107.39999999999998
      ],
      [
        0.17093022353947163,
        51.35259546339512,
        105
      ],
      [
        0.17096702009439468,
        51.352624045684934,
        107
      ],
      [
        0.17100322991609573,
        51.352642653509974,
        107
      ],
      [
        0.1710923295468092,
        51.352705182507634,
        103.60000000000002
      ],
      [
        0.17109970562160015,
        51.35271440260112,
        104
      ],
      [
        0.17119551077485085,
        51.352799562737346,
        107
      ],
      [
        0.17120984382927418,
        51.35281045921147,
        107.79999999999995
      ],
      [
        0.17160287126898766,
        51.353178676217794,
        98.60000000000002
      ],
      [
        0.17179179936647415,
        51.353253945708275,
        93.60000000000002
      ],
      [
        0.1719216350466013,
        51.353325275704265,
        87
      ],
      [
        0.17219538800418377,
        51.35340825654566,
        78
      ],
      [
        0.17224769107997417,
        51.3533840328455,
        78.39999999999998
      ],
      [
        0.1723016705363989,
        51.353374645113945,
        82.60000000000002
      ],
      [
        0.1722794584929943,
        51.35339207947254,
        92.39999999999998
      ],
      [
        0.1722973119467497,
        51.35343482717872,
        95.79999999999995
      ],
      [
        0.17244072631001472,
        51.35356105864048,
        95
      ],
      [
        0.17247509211301804,
        51.3535928260535,
        93.79999999999995
      ],
      [
        0.17250853590667248,
        51.35361227206886,
        93.79999999999995
      ],
      [
        0.17250853590667248,
        51.35361227206886,
        93.79999999999995
      ],
      [
        0.17252580262720585,
        51.35361855849624,
        94.60000000000002
      ],
      [
        0.17255614511668682,
        51.35366130620241,
        94.20000000000005
      ],
      [
        0.17266519367694855,
        51.35371260344982,
        91.60000000000002
      ],
      [
        0.17287599854171276,
        51.353924833238125,
        87.20000000000005
      ],
      [
        0.17314606346189976,
        51.35416505858302,
        90.39999999999998
      ],
      [
        0.1732240989804268,
        51.35427628643811,
        89.79999999999995
      ],
      [
        0.1733651664108038,
        51.35445222258568,
        81
      ],
      [
        0.17377864569425583,
        51.354585997760296,
        77.60000000000002
      ],
      [
        0.17381468787789345,
        51.35461709462106,
        78.60000000000002
      ],
      [
        0.1740044541656971,
        51.35479914955795,
        84.60000000000002
      ],
      [
        0.17441902309656143,
        51.3551848847419,
        74.39999999999998
      ],
      [
        0.17484834417700768,
        51.35556349530816,
        68.79999999999995
      ],
      [
        0.17534706741571426,
        51.355909667909145,
        69.79999999999995
      ],
      [
        0.17580052837729454,
        51.356283500790596,
        65.20000000000005
      ],
      [
        0.17626849003136158,
        51.35662632063031,
        66.39999999999998
      ],
      [
        0.17661424353718758,
        51.356777446344495,
        69.20000000000005
      ],
      [
        0.17663486301898956,
        51.356784822419286,
        69.20000000000005
      ],
      [
        0.17668180167675018,
        51.3568015024066,
        70.20000000000005
      ],
      [
        0.17670007422566414,
        51.35680695064366,
        70.20000000000005
      ],
      [
        0.17673837952315807,
        51.35682379826903,
        69.79999999999995
      ],
      [
        0.17675832845270634,
        51.35682815685868,
        69.79999999999995
      ],
      [
        0.17685983330011368,
        51.356875179335475,
        68.20000000000005
      ],
      [
        0.1769911777228117,
        51.35698816739023,
        67.39999999999998
      ],
      [
        0.1770211849361658,
        51.35704399086535,
        68.60000000000002
      ],
      [
        0.1771741546690464,
        51.35725957341492,
        64.79999999999995
      ],
      [
        0.17722176387906075,
        51.357321264222264,
        67.20000000000005
      ],
      [
        0.17722704447805882,
        51.35733467526734,
        68.60000000000002
      ],
      [
        0.17722520045936108,
        51.35733610019088,
        69
      ],
      [
        0.17723014578223228,
        51.357337944209576,
        69.39999999999998
      ],
      [
        0.17723157070577145,
        51.357344230636954,
        69.60000000000002
      ],
      [
        0.1772297266870737,
        51.357346745207906,
        69.79999999999995
      ],
      [
        0.17722570337355137,
        51.35735169053078,
        70.20000000000005
      ],
      [
        0.17722570337355137,
        51.35735169053078,
        70.20000000000005
      ],
      [
        0.17722402699291706,
        51.357354037463665,
        70.39999999999998
      ],
      [
        0.17727725207805634,
        51.35740231722593,
        76.39999999999998
      ],
      [
        0.17740859650075436,
        51.35744674131274,
        75.79999999999995
      ],
      [
        0.17744279466569424,
        51.3574661873281,
        75.60000000000002
      ],
      [
        0.17746249213814735,
        51.35747641324997,
        75.60000000000002
      ],
      [
        0.17749442718923092,
        51.357494266703725,
        75.39999999999998
      ],
      [
        0.17755326814949512,
        51.35756350122392,
        73.60000000000002
      ],
      [
        0.1775841973721981,
        51.35759552009404,
        72.60000000000002
      ],
      [
        0.17759308218955994,
        51.35760675184429,
        72.20000000000005
      ],
      [
        0.17766952514648438,
        51.3576942589134,
        69.39999999999998
      ],
      [
        0.17771637998521328,
        51.35786474682391,
        64.79999999999995
      ],
      [
        0.17772761173546314,
        51.35787648148835,
        64.79999999999995
      ],
      [
        0.17836807295680046,
        51.35797664523125,
        63.799999999999955
      ],
      [
        0.17889529466629028,
        51.35795569047332,
        62.39999999999998
      ],
      [
        0.17959685996174812,
        51.357847563922405,
        60.200000000000045
      ],
      [
        0.1802822481840849,
        51.35770859196782,
        59.39999999999998
      ],
      [
        0.18044955097138882,
        51.35770716704428,
        58.799999999999955
      ],
      [
        0.18063537776470184,
        51.357720997184515,
        59.39999999999998
      ],
      [
        0.18079848960042,
        51.35773398913443,
        61
      ],
      [
        0.18123619258403778,
        51.357817724347115,
        69.20000000000005
      ],
      [
        0.18149351701140404,
        51.357839768752456,
        71.39999999999998
      ],
      [
        0.1822109241038561,
        51.35781562887132,
        75
      ],
      [
        0.18251007422804832,
        51.35776709765196,
        75.20000000000005
      ],
      [
        0.18255265429615974,
        51.35776030831039,
        75
      ],
      [
        0.18255265429615974,
        51.35776030831039,
        75
      ],
      [
        0.18257520161569118,
        51.357759134843946,
        75.20000000000005
      ],
      [
        0.1826341263949871,
        51.35775527916849,
        75.20000000000005
      ],
      [
        0.1826536562293768,
        51.35775561444461,
        75.39999999999998
      ],
      [
        0.18275197595357895,
        51.357746394351125,
        74.79999999999995
      ],
      [
        0.18283311277627945,
        51.35773298330605,
        74.39999999999998
      ],
      [
        0.18306118436157703,
        51.35769392363727,
        74.39999999999998
      ],
      [
        0.18371027894318104,
        51.357501558959484,
        73.20000000000005
      ],
      [
        0.18386844545602798,
        51.35742796584964,
        72.60000000000002
      ],
      [
        0.18392435275018215,
        51.35740466415882,
        72.20000000000005
      ],
      [
        0.1839615684002638,
        51.357391169294715,
        72
      ],
      [
        0.18400389701128006,
        51.35738111101091,
        72
      ],
      [
        0.18404354341328144,
        51.35737147182226,
        71.60000000000002
      ],
      [
        0.18404354341328144,
        51.35737147182226,
        71.60000000000002
      ],
      [
        0.18406265415251255,
        51.35736753232777,
        71.79999999999995
      ],
      [
        0.18410674296319485,
        51.357361832633615,
        71.20000000000005
      ],
      [
        0.18410674296319485,
        51.357361832633615,
        71.20000000000005
      ],
      [
        0.1841277815401554,
        51.357359401881695,
        71
      ],
      [
        0.18439818173646927,
        51.35732696391642,
        70
      ],
      [
        0.18444428220391273,
        51.35732344351709,
        69.60000000000002
      ],
      [
        0.18446414731442928,
        51.357323192059994,
        69.39999999999998
      ],
      [
        0.18483974039554596,
        51.35735563002527,
        68
      ],
      [
        0.1850844919681549,
        51.35737080127001,
        67
      ],
      [
        0.18539395183324814,
        51.3573694601655,
        64.79999999999995
      ],
      [
        0.18575269728899002,
        51.35736652649939,
        63
      ],
      [
        0.18622233532369137,
        51.35736736468971,
        62
      ],
      [
        0.18651042133569717,
        51.357380440458655,
        62.200000000000045
      ],
      [
        0.18651536665856838,
        51.35737733915448,
        62.200000000000045
      ],
      [
        0.186561718583107,
        51.357378512620926,
        62.200000000000045
      ],
      [
        0.18658057786524296,
        51.357380859553814,
        62.200000000000045
      ],
      [
        0.18702590838074684,
        51.3574299775064,
        59.799999999999955
      ],
      [
        0.18713378347456455,
        51.3574352581054,
        56.200000000000045
      ],
      [
        0.187168400734663,
        51.3574352581054,
        56.200000000000045
      ],
      [
        0.18759269267320633,
        51.357463002204895,
        53.39999999999998
      ],
      [
        0.18803441897034645,
        51.35750273242593,
        50
      ],
      [
        0.1883766520768404,
        51.35752888396382,
        52.39999999999998
      ],
      [
        0.18888325430452824,
        51.35759778320789,
        48.799999999999955
      ],
      [
        0.18892684020102024,
        51.35760700330138,
        48.60000000000002
      ],
      [
        0.18892684020102024,
        51.35760700330138,
        48.60000000000002
      ],
      [
        0.18894921988248825,
        51.357612535357475,
        48.60000000000002
      ],
      [
        0.18901308998465538,
        51.35763089172542,
        48.60000000000002
      ],
      [
        0.18909498117864132,
        51.357658384367824,
        48.799999999999955
      ],
      [
        0.18913915380835533,
        51.35766961611807,
        49
      ],
      [
        0.18965606577694416,
        51.35769920423627,
        49.60000000000002
      ],
      [
        0.1898315828293562,
        51.35765084065497,
        53.60000000000002
      ],
      [
        0.18983099609613419,
        51.357650170102715,
        54.200000000000045
      ],
      [
        0.18982496112585068,
        51.3576543610543,
        55.200000000000045
      ],
      [
        0.18983510322868824,
        51.357655450701714,
        55.200000000000045
      ],
      [
        0.18988296389579773,
        51.35764195583761,
        55.60000000000002
      ],
      [
        0.18990115262567997,
        51.35763918980956,
        55.799999999999955
      ],
      [
        0.18994356505572796,
        51.3576387707144,
        55
      ],
      [
        0.18996535800397396,
        51.35763927362859,
        55
      ],
      [
        0.19000978209078312,
        51.357641285285354,
        54.60000000000002
      ],
      [
        0.19005445763468742,
        51.35764111764729,
        54
      ],
      [
        0.1901158131659031,
        51.35763097554445,
        54
      ],
      [
        0.19029736518859863,
        51.357579762116075,
        54.799999999999955
      ],
      [
        0.19038470461964607,
        51.35753164999187,
        53.799999999999955
      ],
      [
        0.19038277678191662,
        51.357526537030935,
        52.799999999999955
      ],
      [
        0.19040272571146488,
        51.357523100450635,
        53.39999999999998
      ],
      [
        0.1904196571558714,
        51.35751128196716,
        54
      ],
      [
        0.19046500325202942,
        51.357500134035945,
        53.799999999999955
      ],
      [
        0.1904811803251505,
        51.35749342851341,
        54
      ],
      [
        0.19053700380027294,
        51.35745881125331,
        51.799999999999955
      ],
      [
        0.1906038075685501,
        51.35743701830506,
        52
      ],
      [
        0.1906075794249773,
        51.35737826116383,
        49.200000000000045
      ],
      [
        0.19068150781095028,
        51.35726200416684,
        46.60000000000002
      ],
      [
        0.1906870398670435,
        51.35724825784564,
        47.60000000000002
      ],
      [
        0.1907763909548521,
        51.35721263475716,
        50
      ],
      [
        0.19078603014349937,
        51.35721615515649,
        50
      ],
      [
        0.19078921526670456,
        51.357217747718096,
        50.200000000000045
      ],
      [
        0.1907882932573557,
        51.35721556842327,
        49.799999999999955
      ],
      [
        0.19079315476119518,
        51.3572156522423,
        49.60000000000002
      ],
      [
        0.19079315476119518,
        51.3572156522423,
        49.60000000000002
      ],
      [
        0.19079365767538548,
        51.357215736061335,
        49.799999999999955
      ],
      [
        0.1907970942556858,
        51.35721489787102,
        49.799999999999955
      ],
      [
        0.19079885445535183,
        51.35721439495683,
        50
      ],
      [
        0.1908024586737156,
        51.35721439495683,
        50.60000000000002
      ],
      [
        0.19080069847404957,
        51.357215316966176,
        50.799999999999955
      ],
      [
        0.19080664962530136,
        51.35721305385232,
        51
      ],
      [
        0.19080824218690395,
        51.357210874557495,
        51
      ],
      [
        0.19080732017755508,
        51.35720869526267,
        50.799999999999955
      ],
      [
        0.19080396741628647,
        51.357208862900734,
        50.799999999999955
      ],
      [
        0.19079902209341526,
        51.357208443805575,
        50.39999999999998
      ],
      [
        0.19079885445535183,
        51.357204504311085,
        49.60000000000002
      ],
      [
        0.1907970942556858,
        51.35719402693212,
        48.39999999999998
      ],
      [
        0.19079457968473434,
        51.357197128236294,
        48.200000000000045
      ],
      [
        0.19079617224633694,
        51.35719838552177,
        48.200000000000045
      ],
      [
        0.19079659134149551,
        51.35719779878855,
        48
      ],
      [
        0.1907970942556858,
        51.35719788260758,
        48
      ],
      [
        0.19079742953181267,
        51.3571984693408,
        48
      ],
      [
        0.1907997764647007,
        51.357198720797896,
        48
      ],
      [
        0.1908025424927473,
        51.35719939135015,
        48
      ],
      [
        0.1908025424927473,
        51.35719737969339,
        48.200000000000045
      ],
      [
        0.190801452845335,
        51.357197128236294,
        48.200000000000045
      ],
      [
        0.19080338068306446,
        51.35719796642661,
        48.200000000000045
      ],
      [
        0.19080271013081074,
        51.35719855315983,
        48.200000000000045
      ],
      [
        0.19080153666436672,
        51.357200145721436,
        48.200000000000045
      ],
      [
        0.1907970942556858,
        51.35720442049205,
        48.39999999999998
      ],
      [
        0.19080430269241333,
        51.357207940891385,
        48.60000000000002
      ],
      [
        0.19080832600593567,
        51.357207437977195,
        48.60000000000002
      ],
      [
        0.19082089886069298,
        51.357206013053656,
        49
      ],
      [
        0.19082835875451565,
        51.35720316320658,
        49.60000000000002
      ],
      [
        0.19082852639257908,
        51.35720576159656,
        50
      ],
      [
        0.19082785584032536,
        51.35720576159656,
        50
      ],
      [
        0.19082785584032536,
        51.35720576159656,
        50
      ],
      [
        0.19082768820226192,
        51.35720626451075,
        50.200000000000045
      ],
      [
        0.19082743674516678,
        51.35720852762461,
        50.39999999999998
      ],
      [
        0.19082877784967422,
        51.35721439495683,
        50.799999999999955
      ],
      [
        0.1908324658870697,
        51.3572193402797,
        51.39999999999998
      ],
      [
        0.19085828214883804,
        51.35723602026701,
        50.60000000000002
      ],
      [
        0.19085576757788658,
        51.35723451152444,
        50.60000000000002
      ],
      [
        0.19085166044533253,
        51.357237277552485,
        50.799999999999955
      ],
      [
        0.1908499002456665,
        51.35723694227636,
        50.60000000000002
      ],
      [
        0.19085107371211052,
        51.35724188759923,
        50.60000000000002
      ],
      [
        0.1908487267792225,
        51.35720173828304,
        49.60000000000002
      ],
      [
        0.19078058190643787,
        51.35721892118454,
        50.200000000000045
      ],
      [
        0.19077681005001068,
        51.35723073966801,
        51
      ],
      [
        0.19077890552580357,
        51.35722973383963,
        51.39999999999998
      ],
      [
        0.19078200682997704,
        51.3572296500206,
        51.799999999999955
      ],
      [
        0.1907824259251356,
        51.357229482382536,
        51.799999999999955
      ],
      [
        0.19079935736954212,
        51.35722327977419,
        54.200000000000045
      ],
      [
        0.19080866128206253,
        51.35721950791776,
        55
      ],
      [
        0.19081385806202888,
        51.35721514932811,
        55.39999999999998
      ],
      [
        0.19081385806202888,
        51.35721514932811,
        55.39999999999998
      ],
      [
        0.19082282669842243,
        51.357217244803905,
        56
      ],
      [
        0.19087404012680054,
        51.357230404391885,
        56.39999999999998
      ],
      [
        0.19088988192379475,
        51.357235768809915,
        56.60000000000002
      ],
      [
        0.191072104498744,
        51.35738261975348,
        56.60000000000002
      ],
      [
        0.19109892658889294,
        51.35740868747234,
        56.200000000000045
      ],
      [
        0.19113287329673767,
        51.35742955841124,
        55.799999999999955
      ],
      [
        0.19159195013344288,
        51.357789393514395,
        47.39999999999998
      ],
      [
        0.19187928177416325,
        51.35788167826831,
        47.799999999999955
      ],
      [
        0.1925814338028431,
        51.35789567604661,
        45.60000000000002
      ],
      [
        0.19330328330397606,
        51.357939848676324,
        41
      ],
      [
        0.19339699298143387,
        51.357951164245605,
        40.799999999999955
      ],
      [
        0.19349095411598682,
        51.35795711539686,
        41.200000000000045
      ],
      [
        0.19379069097340107,
        51.357958959415555,
        41.39999999999998
      ],
      [
        0.19452067092061043,
        51.357958456501365,
        36.39999999999998
      ],
      [
        0.19455964677035809,
        51.357965413481,
        36
      ],
      [
        0.19468244165182114,
        51.358071276918054,
        34
      ],
      [
        0.19485636614263058,
        51.358150569722056,
        35.799999999999955
      ],
      [
        0.1949381735175848,
        51.358154341578484,
        35.799999999999955
      ],
      [
        0.19498318433761597,
        51.35814721696079,
        35.799999999999955
      ],
      [
        0.1950198132544756,
        51.35811318643391,
        35.200000000000045
      ],
      [
        0.19501520320773125,
        51.35811276733875,
        35.200000000000045
      ],
      [
        0.19502894952893257,
        51.358118802309036,
        34.60000000000002
      ],
      [
        0.19494890235364437,
        51.35819130577147,
        35
      ],
      [
        0.1949447114020586,
        51.35818577371538,
        36.200000000000045
      ],
      [
        0.1949463039636612,
        51.35818409733474,
        37.39999999999998
      ],
      [
        0.1949436217546463,
        51.35818284004927,
        38
      ],
      [
        0.19493482075631618,
        51.358175883069634,
        39.60000000000002
      ],
      [
        0.19492526538670063,
        51.35817035101354,
        40.39999999999998
      ],
      [
        0.19492518156766891,
        51.35817035101354,
        40.39999999999998
      ],
      [
        0.19492551684379578,
        51.35816800408065,
        40.60000000000002
      ],
      [
        0.19488788209855556,
        51.35816146619618,
        42.39999999999998
      ],
      [
        0.19485938362777233,
        51.358166579157114,
        44.60000000000002
      ],
      [
        0.1948537677526474,
        51.35818434879184,
        45.200000000000045
      ],
      [
        0.1948537677526474,
        51.35818434879184,
        45.200000000000045
      ],
      [
        0.19490950740873814,
        51.35823774151504,
        41.799999999999955
      ],
      [
        0.1949250977486372,
        51.35828032158315,
        41
      ],
      [
        0.19492853432893753,
        51.358293648809195,
        40.799999999999955
      ],
      [
        0.1949903927743435,
        51.35837101377547,
        39
      ],
      [
        0.19499659538269043,
        51.358385011553764,
        39
      ],
      [
        0.19501595757901669,
        51.35841325856745,
        39
      ],
      [
        0.19502350129187107,
        51.358429016545415,
        39.200000000000045
      ],
      [
        0.19503138028085232,
        51.358443684875965,
        39.60000000000002
      ],
      [
        0.195038840174675,
        51.35845768265426,
        39.799999999999955
      ],
      [
        0.19505015574395657,
        51.35848953388631,
        39.39999999999998
      ],
      [
        0.19505652599036694,
        51.358505794778466,
        39.39999999999998
      ],
      [
        0.19506247714161873,
        51.35852155275643,
        39.200000000000045
      ],
      [
        0.1950656622648239,
        51.35853806510568,
        39.39999999999998
      ],
      [
        0.19507069140672684,
        51.35856606066227,
        39.60000000000002
      ],
      [
        0.1951080746948719,
        51.35866773314774,
        38.39999999999998
      ],
      [
        0.19513078965246677,
        51.35872456245124,
        38.200000000000045
      ],
      [
        0.1951352320611477,
        51.35873906314373,
        38.60000000000002
      ],
      [
        0.19515015184879303,
        51.35877636261284,
        38.200000000000045
      ],
      [
        0.1952327974140644,
        51.359088672325015,
        38.39999999999998
      ],
      [
        0.1953541673719883,
        51.35954883880913,
        37.60000000000002
      ],
      [
        0.19555575214326382,
        51.3599909003824,
        36.200000000000045
      ],
      [
        0.19554820843040943,
        51.360045382753015,
        37.200000000000045
      ],
      [
        0.19573059864342213,
        51.360488031059504,
        38
      ],
      [
        0.19596110098063946,
        51.360926404595375,
        34.39999999999998
      ],
      [
        0.1960496138781309,
        51.361309541389346,
        40.200000000000045
      ],
      [
        0.19609554670751095,
        51.3617005571723,
        34.799999999999955
      ],
      [
        0.19612991251051426,
        51.362151419743896,
        25.200000000000045
      ],
      [
        0.19610258750617504,
        51.36260027065873,
        27.200000000000045
      ],
      [
        0.19618531689047813,
        51.36296672746539,
        23.600000000000023
      ],
      [
        0.19622404128313065,
        51.36319421231747,
        20.399999999999977
      ],
      [
        0.1963936910033226,
        51.36342404410243,
        31.399999999999977
      ],
      [
        0.19661279395222664,
        51.36378672905266,
        28.200000000000045
      ],
      [
        0.19671211950480938,
        51.363858729600906,
        30.200000000000045
      ],
      [
        0.19690725021064281,
        51.36397171765566,
        32.60000000000002
      ],
      [
        0.19693993963301182,
        51.3639712985605,
        32.799999999999955
      ],
      [
        0.19695653580129147,
        51.36393274180591,
        36.60000000000002
      ],
      [
        0.19684639759361744,
        51.36373417451978,
        36.200000000000045
      ],
      [
        0.19691294990479946,
        51.36371606960893,
        31.799999999999955
      ],
      [
        0.19691789522767067,
        51.363722858950496,
        31.600000000000023
      ],
      [
        0.19691462628543377,
        51.363723361864686,
        31.600000000000023
      ],
      [
        0.1969049870967865,
        51.36371682398021,
        31.600000000000023
      ],
      [
        0.19690020941197872,
        51.36370601132512,
        31.399999999999977
      ],
      [
        0.19689165987074375,
        51.363692097365856,
        32.39999999999998
      ],
      [
        0.19689165987074375,
        51.363692097365856,
        32.39999999999998
      ],
      [
        0.196975814178586,
        51.36364792473614,
        44.60000000000002
      ],
      [
        0.1970275305211544,
        51.36363158002496,
        46.39999999999998
      ],
      [
        0.19700213335454464,
        51.363628981634974,
        46
      ],
      [
        0.19697514362633228,
        51.36364012956619,
        48.799999999999955
      ],
      [
        0.1969338208436966,
        51.36366996914148,
        41.200000000000045
      ],
      [
        0.1969468966126442,
        51.363689163699746,
        38.799999999999955
      ],
      [
        0.19696366041898727,
        51.36370777152479,
        37.60000000000002
      ],
      [
        0.19703499041497707,
        51.363812796771526,
        34.799999999999955
      ],
      [
        0.19707463681697845,
        51.363842971622944,
        33.39999999999998
      ],
      [
        0.19708972424268723,
        51.36392486281693,
        31.799999999999955
      ],
      [
        0.19696298986673355,
        51.3640230987221,
        32.60000000000002
      ],
      [
        0.1969381794333458,
        51.36404313147068,
        32.39999999999998
      ],
      [
        0.1969381794333458,
        51.36404313147068,
        32.39999999999998
      ],
      [
        0.19671312533318996,
        51.364142624661326,
        36
      ],
      [
        0.19666518084704876,
        51.36420247144997,
        39.60000000000002
      ],
      [
        0.19663341343402863,
        51.36435527354479,
        39.39999999999998
      ],
      [
        0.19663718529045582,
        51.364379581063986,
        39.200000000000045
      ],
      [
        0.19663718529045582,
        51.364379581063986,
        39.200000000000045
      ],
      [
        0.1968108583241701,
        51.364743104204535,
        34.200000000000045
      ],
      [
        0.19703918136656284,
        51.36517217382789,
        20.399999999999977
      ],
      [
        0.19728091545403004,
        51.36559654958546,
        25.799999999999955
      ],
      [
        0.19732198677957058,
        51.365623120218515,
        24.200000000000045
      ],
      [
        0.19732835702598095,
        51.36562840081751,
        24.399999999999977
      ],
      [
        0.19734210334718227,
        51.3656447455287,
        25.200000000000045
      ],
      [
        0.19735140725970268,
        51.365669472143054,
        26.399999999999977
      ],
      [
        0.19735819660127163,
        51.36568925343454,
        26.799999999999955
      ],
      [
        0.19735819660127163,
        51.36568925343454,
        26.799999999999955
      ],
      [
        0.19736138172447681,
        51.36569847352803,
        26.799999999999955
      ],
      [
        0.19736305810511112,
        51.36572102084756,
        27.399999999999977
      ],
      [
        0.19736708141863346,
        51.36572898365557,
        27.600000000000023
      ],
      [
        0.19737948663532734,
        51.36575169861317,
        28
      ],
      [
        0.19738275557756424,
        51.365764355286956,
        28.399999999999977
      ],
      [
        0.19739700481295586,
        51.365793691948056,
        29.399999999999977
      ],
      [
        0.19739700481295586,
        51.365793691948056,
        29.399999999999977
      ],
      [
        0.19744268618524075,
        51.365869883447886,
        32
      ],
      [
        0.19745861180126667,
        51.365896202623844,
        32.200000000000045
      ],
      [
        0.19754712469875813,
        51.36597675271332,
        29.600000000000023
      ],
      [
        0.19757411442697048,
        51.36599611490965,
        28.799999999999955
      ],
      [
        0.19764745607972145,
        51.36605621315539,
        26.799999999999955
      ],
      [
        0.19770369865000248,
        51.36609300971031,
        25
      ],
      [
        0.1977468654513359,
        51.36614170856774,
        23.200000000000045
      ],
      [
        0.19784065894782543,
        51.36623717844486,
        23.600000000000023
      ],
      [
        0.19789505749940872,
        51.36629719287157,
        23
      ],
      [
        0.19822304137051105,
        51.36659508571029,
        27.600000000000023
      ],
      [
        0.1984454970806837,
        51.366777308285236,
        31.200000000000045
      ],
      [
        0.19872025586664677,
        51.367003954946995,
        33.60000000000002
      ],
      [
        0.19894815981388092,
        51.367151560261846,
        23
      ],
      [
        0.199332470074296,
        51.36754224076867,
        35
      ],
      [
        0.19937035627663136,
        51.36756579391658,
        35.39999999999998
      ],
      [
        0.1993945799767971,
        51.36757778003812,
        35.200000000000045
      ],
      [
        0.19946993328630924,
        51.367634776979685,
        33.39999999999998
      ],
      [
        0.20003738813102245,
        51.36790123768151,
        27.799999999999955
      ],
      [
        0.20065044052898884,
        51.36816015467048,
        24.799999999999955
      ],
      [
        0.20119794644415379,
        51.368288565427065,
        30.200000000000045
      ],
      [
        0.2018150221556425,
        51.36851948685944,
        29.399999999999977
      ],
      [
        0.2020388189703226,
        51.3685629889369,
        23
      ],
      [
        0.20205139182507992,
        51.36856701225042,
        23.200000000000045
      ],
      [
        0.20207184366881847,
        51.36857111938298,
        23.600000000000023
      ],
      [
        0.2020779624581337,
        51.368574975058436,
        23.399999999999977
      ],
      [
        0.20209673792123795,
        51.36858159676194,
        23.200000000000045
      ],
      [
        0.2021416649222374,
        51.368602300062776,
        25.200000000000045
      ],
      [
        0.202165050432086,
        51.368617974221706,
        27
      ],
      [
        0.2021781262010336,
        51.3686250988394,
        27.799999999999955
      ],
      [
        0.2022048644721508,
        51.36864420957863,
        29
      ],
      [
        0.2022048644721508,
        51.36864420957863,
        29
      ],
      [
        0.20224710926413536,
        51.368680000305176,
        31.200000000000045
      ],
      [
        0.2023154217749834,
        51.36871134862304,
        32.799999999999955
      ],
      [
        0.20239362493157387,
        51.36874571442604,
        34
      ],
      [
        0.20269587635993958,
        51.36878862977028,
        27.399999999999977
      ],
      [
        0.20281724631786346,
        51.36881201528013,
        27
      ],
      [
        0.2028636820614338,
        51.36885945685208,
        27.600000000000023
      ],
      [
        0.20295001566410065,
        51.36891477741301,
        25.399999999999977
      ],
      [
        0.20310130901634693,
        51.368921315297484,
        27.600000000000023
      ],
      [
        0.20340909250080585,
        51.36895827949047,
        30.799999999999955
      ],
      [
        0.20389205776154995,
        51.36899474076927,
        28.799999999999955
      ],
      [
        0.20460929721593857,
        51.36907730251551,
        29.399999999999977
      ],
      [
        0.2049388736486435,
        51.36911468580365,
        29.799999999999955
      ],
      [
        0.20565141923725605,
        51.36920948512852,
        30.399999999999977
      ],
      [
        0.20627268590033054,
        51.369453482329845,
        26
      ],
      [
        0.20649430342018604,
        51.369542917236686,
        28.600000000000023
      ],
      [
        0.20680812187492847,
        51.369525231420994,
        26.200000000000045
      ],
      [
        0.20712646655738354,
        51.369287855923176,
        22.399999999999977
      ],
      [
        0.20747833885252476,
        51.36908417567611,
        30
      ],
      [
        0.2074997965246439,
        51.36906615458429,
        30.200000000000045
      ],
      [
        0.20754908211529255,
        51.36903505772352,
        30
      ],
      [
        0.20779031328856945,
        51.36894218623638,
        28.799999999999955
      ],
      [
        0.20847603678703308,
        51.36878510937095,
        28.399999999999977
      ],
      [
        0.20902102813124657,
        51.36851211078465,
        29.399999999999977
      ],
      [
        0.2096528559923172,
        51.36829451657832,
        25.600000000000023
      ],
      [
        0.20977556705474854,
        51.36824296787381,
        26.600000000000023
      ],
      [
        0.21010983735322952,
        51.36814950965345,
        28
      ],
      [
        0.21071819588541985,
        51.36811480857432,
        27
      ],
      [
        0.21082992665469646,
        51.36806468479335,
        27.399999999999977
      ],
      [
        0.21117987111210823,
        51.36778355576098,
        29
      ],
      [
        0.21122915670275688,
        51.367709543555975,
        30.200000000000045
      ],
      [
        0.2112227026373148,
        51.36770501732826,
        30.200000000000045
      ],
      [
        0.21121046505868435,
        51.367699317634106,
        31.200000000000045
      ],
      [
        0.21129311062395573,
        51.3676823861897,
        32.60000000000002
      ],
      [
        0.21141976118087769,
        51.367661682888865,
        33.200000000000045
      ],
      [
        0.21192762069404125,
        51.367776431143284,
        29.200000000000045
      ],
      [
        0.21235057152807713,
        51.36794960126281,
        28
      ],
      [
        0.21291643381118774,
        51.36823642998934,
        27
      ],
      [
        0.21351389586925507,
        51.36849543079734,
        27.600000000000023
      ],
      [
        0.21352973766624928,
        51.368553936481476,
        26.799999999999955
      ],
      [
        0.2138391975313425,
        51.368965739384294,
        31.200000000000045
      ],
      [
        0.2143128588795662,
        51.36930017732084,
        28
      ],
      [
        0.21425636485219002,
        51.369314678013325,
        27.799999999999955
      ],
      [
        0.21383131854236126,
        51.36895375326276,
        29.399999999999977
      ],
      [
        0.2135494351387024,
        51.36861277744174,
        33.200000000000045
      ],
      [
        0.21341649815440178,
        51.368508506566286,
        33.39999999999998
      ],
      [
        0.21287737414240837,
        51.36819904670119,
        33
      ],
      [
        0.21229675970971584,
        51.3679173309356,
        30.399999999999977
      ],
      [
        0.2116545382887125,
        51.367711052298546,
        30.799999999999955
      ],
      [
        0.211021201685071,
        51.36748591437936,
        28
      ],
      [
        0.2104648109525442,
        51.36719036847353,
        28.600000000000023
      ],
      [
        0.2101048082113266,
        51.36693983338773,
        31.399999999999977
      ],
      [
        0.20997405052185059,
        51.36685408651829,
        29.600000000000023
      ],
      [
        0.2092917636036873,
        51.36669483035803,
        35.60000000000002
      ],
      [
        0.20882229320704937,
        51.36654538102448,
        38.39999999999998
      ],
      [
        0.2082337997853756,
        51.36630875989795,
        37.60000000000002
      ],
      [
        0.20771889947354794,
        51.36599955148995,
        37.60000000000002
      ],
      [
        0.20724783651530743,
        51.36574440635741,
        38
      ],
      [
        0.20671969279646873,
        51.365415416657925,
        41.39999999999998
      ],
      [
        0.20621191710233688,
        51.365088522434235,
        44.799999999999955
      ],
      [
        0.2057736273854971,
        51.36471997015178,
        43.39999999999998
      ],
      [
        0.2056555263698101,
        51.36461980640888,
        43
      ],
      [
        0.20562308840453625,
        51.36459331959486,
        43.200000000000045
      ],
      [
        0.20560665987432003,
        51.36457948945463,
        43.39999999999998
      ],
      [
        0.20556550472974777,
        51.36454093270004,
        44.60000000000002
      ],
      [
        0.20523257553577423,
        51.36413952335715,
        45.799999999999955
      ],
      [
        0.20499628968536854,
        51.36371833272278,
        46
      ],
      [
        0.20487056113779545,
        51.363263446837664,
        46.799999999999955
      ],
      [
        0.20462480373680592,
        51.36284586042166,
        48.39999999999998
      ],
      [
        0.20464835688471794,
        51.3624965865165,
        49.60000000000002
      ],
      [
        0.20457375794649124,
        51.3624913059175,
        46.60000000000002
      ],
      [
        0.20451080985367298,
        51.36255919933319,
        46.60000000000002
      ],
      [
        0.20446269772946835,
        51.36250547133386,
        49
      ],
      [
        0.2044461853802204,
        51.36241259984672,
        52.39999999999998
      ],
      [
        0.20420679822564125,
        51.362372701987624,
        56.200000000000045
      ],
      [
        0.20418995060026646,
        51.36238183826208,
        56.200000000000045
      ],
      [
        0.20417972467839718,
        51.36239893734455,
        56.60000000000002
      ],
      [
        0.20417804829776287,
        51.36240664869547,
        56.799999999999955
      ],
      [
        0.20417737774550915,
        51.36242466978729,
        56.799999999999955
      ],
      [
        0.20417863503098488,
        51.36243497952819,
        56.60000000000002
      ],
      [
        0.2042082231491804,
        51.36251318268478,
        54.200000000000045
      ],
      [
        0.20423244684934616,
        51.36255240999162,
        52.799999999999955
      ],
      [
        0.20424233749508858,
        51.36256850324571,
        52.39999999999998
      ],
      [
        0.20425650291144848,
        51.36259373277426,
        51.60000000000002
      ],
      [
        0.20425641909241676,
        51.362606808543205,
        51.200000000000045
      ],
      [
        0.20425641909241676,
        51.362606808543205,
        51.200000000000045
      ],
      [
        0.20426874049007893,
        51.36265005916357,
        50.799999999999955
      ],
      [
        0.20429573021829128,
        51.362650226801634,
        49.39999999999998
      ]
    ]
  }
}
